{
 "random_seed": 1879036610, 
 "PARAMETERS": {
  "RADIUS1": 758803.754, 
  "QUADS": 2, 
  "RADIUS2": 749151.463, 
  "DIST": 541009.232, 
  "F_PTS": 4, 
  "K_PTS": 6, 
  "EPSILON": 2.522, 
  "LENGTH1": 478236.944, 
  "G_PTS": 4, 
  "Q_PTS": 7, 
  "N_PTS": 6, 
  "C_PTS": 4, 
  "AREA2": 912434.711, 
  "LENGTH2": 874.641, 
  "B_PTS": 9, 
  "D_PTS": 7, 
  "AREA1": 680856.79, 
  "A_PTS": 2, 
  "E_PTS": 4
 }, 
 "NUMPOINTS": 19, 
 "points": [
  [
   -242422.098, 
   255393.759
  ], 
  [
   -593206.42, 
   851949.286
  ], 
  [
   439389.809, 
   -747422.718
  ], 
  [
   923576.426, 
   295869.523
  ], 
  [
   941864.113, 
   -558177.675
  ], 
  [
   -708992.07, 
   -119396.325
  ], 
  [
   207687.497, 
   169891.942
  ], 
  [
   343294.954, 
   36944.046
  ], 
  [
   572908.239, 
   -454377.184
  ], 
  [
   613280.673, 
   -286021.56
  ], 
  [
   272243.781, 
   412030.655
  ], 
  [
   864182.328, 
   -160121.526
  ], 
  [
   -547645.166, 
   903821.053
  ], 
  [
   983130.004, 
   -324844.148
  ], 
  [
   -250269.772, 
   746598.974
  ], 
  [
   348165.281, 
   885772.331
  ], 
  [
   635979.985, 
   -267347.135
  ], 
  [
   370856.365, 
   -659485.231
  ], 
  [
   -517846.141, 
   984361.209
  ]
 ], 
 "PUV": [
  false, 
  false, 
  false, 
  true, 
  false, 
  false, 
  true, 
  false, 
  true, 
  false, 
  true, 
  true, 
  false, 
  false, 
  false
 ], 
 "LCM": {
  "11": [
   "ORR", 
   "ORR", 
   "NOTUSED", 
   "ORR", 
   "ORR", 
   "NOTUSED", 
   "ORR", 
   "ANDD", 
   "ANDD", 
   "NOTUSED", 
   "ORR", 
   "NOTUSED", 
   "ANDD", 
   "NOTUSED", 
   "ORR"
  ], 
  "10": [
   "ORR", 
   "ANDD", 
   "NOTUSED", 
   "NOTUSED", 
   "ANDD", 
   "ANDD", 
   "NOTUSED", 
   "ORR", 
   "ANDD", 
   "ANDD", 
   "ANDD", 
   "ORR", 
   "NOTUSED", 
   "ANDD", 
   "NOTUSED"
  ], 
  "13": [
   "ORR", 
   "NOTUSED", 
   "ORR", 
   "ANDD", 
   "NOTUSED", 
   "ANDD", 
   "ANDD", 
   "ORR", 
   "ORR", 
   "ORR", 
   "ANDD", 
   "NOTUSED", 
   "ORR", 
   "NOTUSED", 
   "ORR"
  ], 
  "12": [
   "ANDD", 
   "ORR", 
   "ORR", 
   "ORR", 
   "NOTUSED", 
   "ANDD", 
   "ORR", 
   "ANDD", 
   "ORR", 
   "ORR", 
   "NOTUSED", 
   "ANDD", 
   "NOTUSED", 
   "ORR", 
   "NOTUSED"
  ], 
  "14": [
   "ORR", 
   "ANDD", 
   "ORR", 
   "ORR", 
   "ORR", 
   "ANDD", 
   "ANDD", 
   "NOTUSED", 
   "ORR", 
   "NOTUSED", 
   "NOTUSED", 
   "ORR", 
   "NOTUSED", 
   "ORR", 
   "ORR"
  ], 
  "1": [
   "NOTUSED", 
   "NOTUSED", 
   "ORR", 
   "ORR", 
   "ORR", 
   "ORR", 
   "ANDD", 
   "NOTUSED", 
   "ANDD", 
   "ANDD", 
   "ANDD", 
   "ORR", 
   "ORR", 
   "NOTUSED", 
   "ANDD"
  ], 
  "0": [
   "NOTUSED", 
   "NOTUSED", 
   "ANDD", 
   "ORR", 
   "ORR", 
   "NOTUSED", 
   "NOTUSED", 
   "NOTUSED", 
   "ANDD", 
   "ANDD", 
   "ORR", 
   "ORR", 
   "ANDD", 
   "ORR", 
   "ORR"
  ], 
  "3": [
   "ORR", 
   "ORR", 
   "NOTUSED", 
   "ORR", 
   "ORR", 
   "ANDD", 
   "ORR", 
   "NOTUSED", 
   "ANDD", 
   "ORR", 
   "NOTUSED", 
   "ORR", 
   "ORR", 
   "ANDD", 
   "ORR"
  ], 
  "2": [
   "ANDD", 
   "ORR", 
   "ORR", 
   "NOTUSED", 
   "NOTUSED", 
   "NOTUSED", 
   "ORR", 
   "NOTUSED", 
   "NOTUSED", 
   "ANDD", 
   "NOTUSED", 
   "NOTUSED", 
   "ORR", 
   "ORR", 
   "ORR"
  ], 
  "5": [
   "NOTUSED", 
   "ORR", 
   "NOTUSED", 
   "ANDD", 
   "NOTUSED", 
   "ORR", 
   "ORR", 
   "ANDD", 
   "ORR", 
   "ORR", 
   "ANDD", 
   "NOTUSED", 
   "ANDD", 
   "ANDD", 
   "ANDD"
  ], 
  "4": [
   "ORR", 
   "ORR", 
   "NOTUSED", 
   "ORR", 
   "NOTUSED", 
   "NOTUSED", 
   "ANDD", 
   "ANDD", 
   "ANDD", 
   "NOTUSED", 
   "ANDD", 
   "ORR", 
   "NOTUSED", 
   "NOTUSED", 
   "ORR"
  ], 
  "7": [
   "NOTUSED", 
   "NOTUSED", 
   "NOTUSED", 
   "NOTUSED", 
   "ANDD", 
   "ANDD", 
   "ANDD", 
   "ORR", 
   "NOTUSED", 
   "ANDD", 
   "ORR", 
   "ANDD", 
   "ANDD", 
   "ORR", 
   "NOTUSED"
  ], 
  "6": [
   "NOTUSED", 
   "ANDD", 
   "ORR", 
   "ORR", 
   "ANDD", 
   "ORR", 
   "ORR", 
   "ANDD", 
   "ANDD", 
   "NOTUSED", 
   "NOTUSED", 
   "ORR", 
   "ORR", 
   "ANDD", 
   "ANDD"
  ], 
  "9": [
   "ANDD", 
   "ANDD", 
   "ANDD", 
   "ORR", 
   "NOTUSED", 
   "ORR", 
   "NOTUSED", 
   "ANDD", 
   "ORR", 
   "ANDD", 
   "ANDD", 
   "NOTUSED", 
   "ORR", 
   "ORR", 
   "NOTUSED"
  ], 
  "8": [
   "ANDD", 
   "ANDD", 
   "NOTUSED", 
   "ANDD", 
   "ANDD", 
   "ORR", 
   "ANDD", 
   "NOTUSED", 
   "ANDD", 
   "ORR", 
   "ANDD", 
   "ANDD", 
   "ORR", 
   "ORR", 
   "ORR"
  ]
 }
}