{
 "random_seed": 3706568212, 
 "PARAMETERS": {
  "RADIUS1": 955429.49, 
  "QUADS": 2, 
  "RADIUS2": 398454.298, 
  "DIST": 540095.395, 
  "F_PTS": 23, 
  "K_PTS": 5, 
  "EPSILON": 2.407, 
  "LENGTH1": 984515.435, 
  "G_PTS": 4, 
  "Q_PTS": 56, 
  "N_PTS": 6, 
  "C_PTS": 23, 
  "AREA2": 884994.722, 
  "LENGTH2": 496863.605, 
  "B_PTS": 21, 
  "D_PTS": 16, 
  "AREA1": 365639.263, 
  "A_PTS": 45, 
  "E_PTS": 3
 }, 
 "NUMPOINTS": 69, 
 "points": [
  [
   950727.367, 
   216840.191
  ], 
  [
   -172017.902, 
   768037.359
  ], 
  [
   -954763.264, 
   743830.653
  ], 
  [
   -560557.155, 
   -738824.109
  ], 
  [
   933402.659, 
   760355.437
  ], 
  [
   432735.397, 
   744233.278
  ], 
  [
   520085.468, 
   998663.288
  ], 
  [
   250525.553, 
   991101.969
  ], 
  [
   -216931.084, 
   698780.012
  ], 
  [
   -655798.391, 
   913672.662
  ], 
  [
   620108.877, 
   -361072.332
  ], 
  [
   463157.48, 
   -671628.747
  ], 
  [
   -557714.239, 
   -972351.414
  ], 
  [
   823070.862, 
   -175364.599
  ], 
  [
   -559451.78, 
   -872201.937
  ], 
  [
   328595.642, 
   100189.529
  ], 
  [
   -78320.3, 
   -641671.612
  ], 
  [
   -6125.987, 
   -174260.327
  ], 
  [
   619839.663, 
   811250.678
  ], 
  [
   776859.734, 
   -232513.838
  ], 
  [
   -22121.906, 
   -824647.09
  ], 
  [
   -532237.669, 
   -718710.406
  ], 
  [
   985958.294, 
   820803.695
  ], 
  [
   236526.024, 
   -632717.917
  ], 
  [
   -320063.618, 
   109164.656
  ], 
  [
   -644396.592, 
   -856388.206
  ], 
  [
   833820.251, 
   13091.949
  ], 
  [
   93398.97, 
   952073.684
  ], 
  [
   -198029.578, 
   676763.091
  ], 
  [
   -92724.726, 
   -936423.091
  ], 
  [
   103624.816, 
   -800416.068
  ], 
  [
   73303.868, 
   791182.445
  ], 
  [
   881200.53, 
   499760.09
  ], 
  [
   651061.182, 
   575814.902
  ], 
  [
   119286.582, 
   121488.182
  ], 
  [
   -300011.959, 
   -190825.163
  ], 
  [
   -351681.614, 
   99028.121
  ], 
  [
   -708634.794, 
   -754585.488
  ], 
  [
   -189161.024, 
   -160136.706
  ], 
  [
   -935266.372, 
   -960376.602
  ], 
  [
   -245040.886, 
   -158754.703
  ], 
  [
   -555391.805, 
   -56682.657
  ], 
  [
   447595.254, 
   361488.247
  ], 
  [
   79333.305, 
   -206853.111
  ], 
  [
   -327434.689, 
   306348.244
  ], 
  [
   292645.38, 
   480640.297
  ], 
  [
   285124.608, 
   371431.497
  ], 
  [
   -700628.162, 
   -226575.819
  ], 
  [
   960531.695, 
   -319151.909
  ], 
  [
   715803.967, 
   -487039.946
  ], 
  [
   733804.517, 
   58496.19
  ], 
  [
   -356251.654, 
   -151276.017
  ], 
  [
   -16251.878, 
   -566871.11
  ], 
  [
   -221022.669, 
   -770946.545
  ], 
  [
   148590.615, 
   -810089.093
  ], 
  [
   -209316.185, 
   -469762.963
  ], 
  [
   -971092.155, 
   844203.379
  ], 
  [
   -503521.722, 
   378182.725
  ], 
  [
   970121.573, 
   -670920.858
  ], 
  [
   455162.286, 
   368147.149
  ], 
  [
   -328975.483, 
   15561.596
  ], 
  [
   -290822.819, 
   809722.401
  ], 
  [
   -65806.018, 
   -126706.898
  ], 
  [
   819437.118, 
   317829.411
  ], 
  [
   115319.272, 
   -862793.677
  ], 
  [
   -463474.105, 
   -525721.11
  ], 
  [
   333171.438, 
   -515789.271
  ], 
  [
   530865.394, 
   -584557.245
  ], 
  [
   -680436.634, 
   645215.672
  ]
 ], 
 "PUV": [
  true, 
  false, 
  true, 
  true, 
  true, 
  true, 
  false, 
  false, 
  false, 
  false, 
  false, 
  false, 
  true, 
  false, 
  false
 ], 
 "LCM": {
  "11": [
   "ORR", 
   "NOTUSED", 
   "ANDD", 
   "NOTUSED", 
   "NOTUSED", 
   "ANDD", 
   "ORR", 
   "NOTUSED", 
   "ORR", 
   "ANDD", 
   "ANDD", 
   "ANDD", 
   "ANDD", 
   "NOTUSED", 
   "ORR"
  ], 
  "10": [
   "NOTUSED", 
   "ANDD", 
   "ORR", 
   "ORR", 
   "NOTUSED", 
   "NOTUSED", 
   "NOTUSED", 
   "ORR", 
   "NOTUSED", 
   "ANDD", 
   "ANDD", 
   "ANDD", 
   "ANDD", 
   "ORR", 
   "NOTUSED"
  ], 
  "13": [
   "NOTUSED", 
   "ORR", 
   "NOTUSED", 
   "ORR", 
   "ORR", 
   "ANDD", 
   "NOTUSED", 
   "ANDD", 
   "NOTUSED", 
   "ANDD", 
   "ORR", 
   "NOTUSED", 
   "NOTUSED", 
   "ANDD", 
   "NOTUSED"
  ], 
  "12": [
   "ANDD", 
   "ANDD", 
   "ORR", 
   "ANDD", 
   "NOTUSED", 
   "ANDD", 
   "ANDD", 
   "ORR", 
   "ORR", 
   "ORR", 
   "ANDD", 
   "ANDD", 
   "ANDD", 
   "NOTUSED", 
   "ORR"
  ], 
  "14": [
   "NOTUSED", 
   "ANDD", 
   "NOTUSED", 
   "NOTUSED", 
   "ANDD", 
   "NOTUSED", 
   "ANDD", 
   "ORR", 
   "ORR", 
   "ORR", 
   "NOTUSED", 
   "ORR", 
   "ORR", 
   "NOTUSED", 
   "ANDD"
  ], 
  "1": [
   "ANDD", 
   "NOTUSED", 
   "NOTUSED", 
   "ORR", 
   "ANDD", 
   "ANDD", 
   "NOTUSED", 
   "ANDD", 
   "NOTUSED", 
   "NOTUSED", 
   "ANDD", 
   "NOTUSED", 
   "ANDD", 
   "ORR", 
   "ANDD"
  ], 
  "0": [
   "ORR", 
   "ANDD", 
   "ORR", 
   "ORR", 
   "ANDD", 
   "ANDD", 
   "ANDD", 
   "ANDD", 
   "ORR", 
   "ORR", 
   "NOTUSED", 
   "ORR", 
   "ANDD", 
   "NOTUSED", 
   "NOTUSED"
  ], 
  "3": [
   "ORR", 
   "ORR", 
   "ORR", 
   "NOTUSED", 
   "NOTUSED", 
   "ORR", 
   "ANDD", 
   "NOTUSED", 
   "ORR", 
   "ANDD", 
   "ORR", 
   "NOTUSED", 
   "ANDD", 
   "ORR", 
   "NOTUSED"
  ], 
  "2": [
   "ORR", 
   "NOTUSED", 
   "ANDD", 
   "ORR", 
   "NOTUSED", 
   "ORR", 
   "NOTUSED", 
   "ANDD", 
   "ORR", 
   "NOTUSED", 
   "ORR", 
   "ANDD", 
   "ORR", 
   "NOTUSED", 
   "NOTUSED"
  ], 
  "5": [
   "ANDD", 
   "ANDD", 
   "ORR", 
   "ORR", 
   "ORR", 
   "ORR", 
   "ANDD", 
   "ORR", 
   "NOTUSED", 
   "NOTUSED", 
   "NOTUSED", 
   "ANDD", 
   "ANDD", 
   "ANDD", 
   "NOTUSED"
  ], 
  "4": [
   "ANDD", 
   "ANDD", 
   "NOTUSED", 
   "NOTUSED", 
   "ANDD", 
   "ORR", 
   "NOTUSED", 
   "ORR", 
   "NOTUSED", 
   "ANDD", 
   "NOTUSED", 
   "NOTUSED", 
   "NOTUSED", 
   "ORR", 
   "ANDD"
  ], 
  "7": [
   "ANDD", 
   "ANDD", 
   "ANDD", 
   "NOTUSED", 
   "ORR", 
   "ORR", 
   "ANDD", 
   "ANDD", 
   "ANDD", 
   "NOTUSED", 
   "ORR", 
   "NOTUSED", 
   "ORR", 
   "ANDD", 
   "ORR"
  ], 
  "6": [
   "ANDD", 
   "NOTUSED", 
   "NOTUSED", 
   "ANDD", 
   "NOTUSED", 
   "ANDD", 
   "ORR", 
   "ANDD", 
   "ORR", 
   "NOTUSED", 
   "NOTUSED", 
   "ORR", 
   "ANDD", 
   "NOTUSED", 
   "ANDD"
  ], 
  "9": [
   "ORR", 
   "NOTUSED", 
   "NOTUSED", 
   "ANDD", 
   "ANDD", 
   "NOTUSED", 
   "NOTUSED", 
   "NOTUSED", 
   "ANDD", 
   "NOTUSED", 
   "ANDD", 
   "ANDD", 
   "ORR", 
   "ANDD", 
   "ORR"
  ], 
  "8": [
   "ORR", 
   "NOTUSED", 
   "ORR", 
   "ORR", 
   "NOTUSED", 
   "NOTUSED", 
   "ORR", 
   "ANDD", 
   "ORR", 
   "ANDD", 
   "NOTUSED", 
   "ORR", 
   "ORR", 
   "NOTUSED", 
   "ORR"
  ]
 }
}