{
 "random_seed": 669250680, 
 "PARAMETERS": {
  "RADIUS1": 305725.766, 
  "QUADS": 3, 
  "RADIUS2": 89619.883, 
  "DIST": 251418.274, 
  "F_PTS": 5, 
  "K_PTS": 5, 
  "EPSILON": 1.379, 
  "LENGTH1": 641898.769, 
  "G_PTS": 16, 
  "Q_PTS": 35, 
  "N_PTS": 30, 
  "C_PTS": 11, 
  "AREA2": 545333.32, 
  "LENGTH2": 27301.06, 
  "B_PTS": 3, 
  "D_PTS": 2, 
  "AREA1": 917222.747, 
  "A_PTS": 31, 
  "E_PTS": 23
 }, 
 "NUMPOINTS": 42, 
 "points": [
  [
   779052.855, 
   -728539.287
  ], 
  [
   -92534.804, 
   213068.363
  ], 
  [
   868867.211, 
   133164.483
  ], 
  [
   827124.11, 
   522455.763
  ], 
  [
   -824606.331, 
   540694.849
  ], 
  [
   -188993.353, 
   92046.006
  ], 
  [
   -761792.881, 
   186385.501
  ], 
  [
   -191980.369, 
   488516.366
  ], 
  [
   -92803.922, 
   781221.292
  ], 
  [
   -190119.392, 
   -68036.37
  ], 
  [
   747356.567, 
   189887.6
  ], 
  [
   -931826.763, 
   122830.911
  ], 
  [
   -873088.291, 
   -673005.419
  ], 
  [
   105892.193, 
   -323180.582
  ], 
  [
   -703444.125, 
   -369501.839
  ], 
  [
   -762933.207, 
   -393940.022
  ], 
  [
   -908595.8, 
   220361.677
  ], 
  [
   -561573.324, 
   -241793.921
  ], 
  [
   19985.032, 
   -770715.814
  ], 
  [
   752984.072, 
   -960559.623
  ], 
  [
   -733010.508, 
   73871.146
  ], 
  [
   -569155.486, 
   585683.992
  ], 
  [
   -483139.277, 
   373023.882
  ], 
  [
   -920191.506, 
   -235272.574
  ], 
  [
   859643.982, 
   -528372.991
  ], 
  [
   -802617.574, 
   -643897.746
  ], 
  [
   145656.037, 
   -864858.339
  ], 
  [
   98124.801, 
   -143142.557
  ], 
  [
   408627.631, 
   -242878.483
  ], 
  [
   -263316.198, 
   -543767.964
  ], 
  [
   939557.18, 
   195161.549
  ], 
  [
   -393407.364, 
   933645.381
  ], 
  [
   -852901.441, 
   78361.647
  ], 
  [
   456843.033, 
   795194.123
  ], 
  [
   634099.803, 
   286685.315
  ], 
  [
   798884.485, 
   -659900.588
  ], 
  [
   991862.972, 
   100788.978
  ], 
  [
   -739049.327, 
   -348861.959
  ], 
  [
   -646931.845, 
   707531.649
  ], 
  [
   736190.803, 
   177079.924
  ], 
  [
   -599662.292, 
   -948157.884
  ], 
  [
   952913.891, 
   215621.637
  ]
 ], 
 "PUV": [
  false, 
  false, 
  false, 
  false, 
  true, 
  false, 
  false, 
  true, 
  false, 
  false, 
  true, 
  true, 
  true, 
  false, 
  true
 ], 
 "LCM": {
  "11": [
   "NOTUSED", 
   "ORR", 
   "ORR", 
   "ANDD", 
   "NOTUSED", 
   "ANDD", 
   "ANDD", 
   "NOTUSED", 
   "NOTUSED", 
   "ORR", 
   "ANDD", 
   "ANDD", 
   "ANDD", 
   "NOTUSED", 
   "NOTUSED"
  ], 
  "10": [
   "ORR", 
   "NOTUSED", 
   "NOTUSED", 
   "NOTUSED", 
   "ANDD", 
   "ORR", 
   "ORR", 
   "ORR", 
   "NOTUSED", 
   "ANDD", 
   "ANDD", 
   "ANDD", 
   "ANDD", 
   "NOTUSED", 
   "ORR"
  ], 
  "13": [
   "ANDD", 
   "NOTUSED", 
   "ORR", 
   "ANDD", 
   "NOTUSED", 
   "NOTUSED", 
   "NOTUSED", 
   "ORR", 
   "ANDD", 
   "NOTUSED", 
   "NOTUSED", 
   "NOTUSED", 
   "ANDD", 
   "ANDD", 
   "ORR"
  ], 
  "12": [
   "NOTUSED", 
   "ORR", 
   "NOTUSED", 
   "NOTUSED", 
   "NOTUSED", 
   "NOTUSED", 
   "ANDD", 
   "ANDD", 
   "ANDD", 
   "ANDD", 
   "ANDD", 
   "ANDD", 
   "ORR", 
   "ANDD", 
   "ANDD"
  ], 
  "14": [
   "NOTUSED", 
   "ORR", 
   "NOTUSED", 
   "ANDD", 
   "ORR", 
   "NOTUSED", 
   "ORR", 
   "ORR", 
   "ANDD", 
   "NOTUSED", 
   "ORR", 
   "NOTUSED", 
   "ANDD", 
   "ORR", 
   "ANDD"
  ], 
  "1": [
   "ANDD", 
   "ANDD", 
   "ANDD", 
   "NOTUSED", 
   "NOTUSED", 
   "ANDD", 
   "ANDD", 
   "NOTUSED", 
   "ORR", 
   "NOTUSED", 
   "NOTUSED", 
   "ORR", 
   "ORR", 
   "NOTUSED", 
   "ORR"
  ], 
  "0": [
   "NOTUSED", 
   "ANDD", 
   "NOTUSED", 
   "NOTUSED", 
   "ORR", 
   "NOTUSED", 
   "ORR", 
   "ORR", 
   "ANDD", 
   "ORR", 
   "ORR", 
   "NOTUSED", 
   "NOTUSED", 
   "ANDD", 
   "NOTUSED"
  ], 
  "3": [
   "NOTUSED", 
   "NOTUSED", 
   "ORR", 
   "NOTUSED", 
   "NOTUSED", 
   "NOTUSED", 
   "ORR", 
   "ORR", 
   "ORR", 
   "ANDD", 
   "NOTUSED", 
   "ANDD", 
   "NOTUSED", 
   "ANDD", 
   "ANDD"
  ], 
  "2": [
   "NOTUSED", 
   "ANDD", 
   "ORR", 
   "ORR", 
   "ANDD", 
   "ANDD", 
   "NOTUSED", 
   "ORR", 
   "ORR", 
   "ANDD", 
   "NOTUSED", 
   "ORR", 
   "NOTUSED", 
   "ORR", 
   "NOTUSED"
  ], 
  "5": [
   "NOTUSED", 
   "ANDD", 
   "ANDD", 
   "NOTUSED", 
   "ANDD", 
   "ANDD", 
   "NOTUSED", 
   "NOTUSED", 
   "ANDD", 
   "ORR", 
   "ORR", 
   "ANDD", 
   "NOTUSED", 
   "NOTUSED", 
   "NOTUSED"
  ], 
  "4": [
   "ORR", 
   "NOTUSED", 
   "ANDD", 
   "NOTUSED", 
   "ANDD", 
   "ANDD", 
   "ORR", 
   "NOTUSED", 
   "ORR", 
   "ANDD", 
   "ANDD", 
   "NOTUSED", 
   "NOTUSED", 
   "NOTUSED", 
   "ORR"
  ], 
  "7": [
   "ORR", 
   "NOTUSED", 
   "ORR", 
   "ORR", 
   "NOTUSED", 
   "NOTUSED", 
   "ORR", 
   "ANDD", 
   "ORR", 
   "NOTUSED", 
   "ORR", 
   "NOTUSED", 
   "ANDD", 
   "ORR", 
   "ORR"
  ], 
  "6": [
   "ORR", 
   "ANDD", 
   "NOTUSED", 
   "ORR", 
   "ORR", 
   "NOTUSED", 
   "ANDD", 
   "ORR", 
   "NOTUSED", 
   "ANDD", 
   "ORR", 
   "ANDD", 
   "ANDD", 
   "NOTUSED", 
   "ORR"
  ], 
  "9": [
   "ORR", 
   "NOTUSED", 
   "ANDD", 
   "ANDD", 
   "ANDD", 
   "ORR", 
   "ANDD", 
   "NOTUSED", 
   "NOTUSED", 
   "NOTUSED", 
   "ANDD", 
   "ORR", 
   "ANDD", 
   "NOTUSED", 
   "NOTUSED"
  ], 
  "8": [
   "ANDD", 
   "ORR", 
   "ORR", 
   "ORR", 
   "ORR", 
   "ANDD", 
   "NOTUSED", 
   "ORR", 
   "ORR", 
   "NOTUSED", 
   "NOTUSED", 
   "NOTUSED", 
   "ANDD", 
   "ANDD", 
   "ANDD"
  ]
 }
}