{
 "random_seed": 3598432350, 
 "PARAMETERS": {
  "RADIUS1": 263857.772, 
  "QUADS": 1, 
  "RADIUS2": 29305.536, 
  "DIST": 56998.242, 
  "F_PTS": 45, 
  "K_PTS": 18, 
  "EPSILON": 2.194, 
  "LENGTH1": 83890.829, 
  "G_PTS": 14, 
  "Q_PTS": 84, 
  "N_PTS": 45, 
  "C_PTS": 58, 
  "AREA2": 581146.927, 
  "LENGTH2": 999575.985, 
  "B_PTS": 29, 
  "D_PTS": 21, 
  "AREA1": 148559.76, 
  "A_PTS": 20, 
  "E_PTS": 29
 }, 
 "NUMPOINTS": 87, 
 "points": [
  [
   983850.54, 
   -337467.112
  ], 
  [
   -148067.375, 
   -721361.514
  ], 
  [
   247471.299, 
   566338.486
  ], 
  [
   -497413.161, 
   -23271.836
  ], 
  [
   -173424.165, 
   -937342.669
  ], 
  [
   956973.217, 
   -454047.071
  ], 
  [
   -306094.691, 
   -347283.689
  ], 
  [
   -144506.305, 
   968104.842
  ], 
  [
   -867691.243, 
   -845534.646
  ], 
  [
   159057.717, 
   -314398.173
  ], 
  [
   -754460.365, 
   390421.883
  ], 
  [
   416791.139, 
   969298.252
  ], 
  [
   -592044.835, 
   401097.938
  ], 
  [
   572331.657, 
   -607759.079
  ], 
  [
   -158206.641, 
   -267428.325
  ], 
  [
   -906111.052, 
   -467405.368
  ], 
  [
   647837.45, 
   -570318.258
  ], 
  [
   845922.635, 
   927795.726
  ], 
  [
   781275.869, 
   -527242.211
  ], 
  [
   -647846.165, 
   -637802.836
  ], 
  [
   741327.223, 
   -305181.191
  ], 
  [
   -794980.234, 
   793825.365
  ], 
  [
   85574.164, 
   897076.551
  ], 
  [
   51581.059, 
   673983.68
  ], 
  [
   -610338.508, 
   -37915.303
  ], 
  [
   760533.666, 
   -164097.78
  ], 
  [
   20917.29, 
   562100.729
  ], 
  [
   968082.186, 
   -50528.95
  ], 
  [
   -72788.787, 
   -158155.329
  ], 
  [
   611238.406, 
   -861006.033
  ], 
  [
   802785.8, 
   -614013.435
  ], 
  [
   -800402.87, 
   -624407.12
  ], 
  [
   13893.055, 
   -622006.656
  ], 
  [
   408119.691, 
   86241.761
  ], 
  [
   29790.801, 
   920041.797
  ], 
  [
   444357.326, 
   88070.285
  ], 
  [
   -744789.136, 
   -686115.132
  ], 
  [
   -471165.735, 
   -784775.408
  ], 
  [
   130109.235, 
   16107.774
  ], 
  [
   -644179.199, 
   -348551.181
  ], 
  [
   -838602.231, 
   -703968.915
  ], 
  [
   204588.57, 
   930323.729
  ], 
  [
   195325.796, 
   637543.785
  ], 
  [
   -721830.664, 
   459114.989
  ], 
  [
   -207499.593, 
   592959.073
  ], 
  [
   30272.113, 
   634305.711
  ], 
  [
   74379.616, 
   -274359.989
  ], 
  [
   666563.112, 
   -738687.232
  ], 
  [
   -706882.558, 
   -693078.856
  ], 
  [
   -906706.385, 
   305496.795
  ], 
  [
   155447.037, 
   -663314.875
  ], 
  [
   -246751.497, 
   101889.312
  ], 
  [
   50094.661, 
   238648.748
  ], 
  [
   -895512.522, 
   805038.892
  ], 
  [
   -699078.531, 
   -32442.945
  ], 
  [
   890561.481, 
   -465461.605
  ], 
  [
   -974276.422, 
   806462.021
  ], 
  [
   583990.618, 
   -526338.177
  ], 
  [
   -173052.361, 
   -454828.451
  ], 
  [
   -112342.947, 
   54601.284
  ], 
  [
   -357581.045, 
   -321828.208
  ], 
  [
   -827275.153, 
   -598940.224
  ], 
  [
   466540.488, 
   935204.299
  ], 
  [
   -146682.558, 
   65180.62
  ], 
  [
   -26650.348, 
   946664.274
  ], 
  [
   452456.012, 
   -661475.231
  ], 
  [
   167002.377, 
   713091.138
  ], 
  [
   342078.889, 
   -162253.854
  ], 
  [
   377413.93, 
   188616.842
  ], 
  [
   653201.174, 
   -676315.478
  ], 
  [
   463120.76, 
   -772331.092
  ], 
  [
   -488044.588, 
   555343.788
  ], 
  [
   -896037.033, 
   -812369.114
  ], 
  [
   -586185.009, 
   42654.902
  ], 
  [
   -762110.051, 
   516423.688
  ], 
  [
   -395973.307, 
   -25898.65
  ], 
  [
   266795.414, 
   454078.777
  ], 
  [
   621947.538, 
   -997964.561
  ], 
  [
   -82944.23, 
   40231.147
  ], 
  [
   219237.651, 
   -961187.132
  ], 
  [
   387400.443, 
   107305.614
  ], 
  [
   -326474.134, 
   717347.279
  ], 
  [
   542394.043, 
   -573764.41
  ], 
  [
   -567013.564, 
   885564.852
  ], 
  [
   99945.868, 
   147338.086
  ], 
  [
   -21440.336, 
   -138464.297
  ], 
  [
   -736558.793, 
   484609.645
  ]
 ], 
 "PUV": [
  false, 
  false, 
  true, 
  true, 
  false, 
  false, 
  false, 
  true, 
  false, 
  true, 
  true, 
  false, 
  true, 
  true, 
  true
 ], 
 "LCM": {
  "11": [
   "NOTUSED", 
   "ORR", 
   "ORR", 
   "ORR", 
   "ORR", 
   "ANDD", 
   "ANDD", 
   "ANDD", 
   "ORR", 
   "NOTUSED", 
   "ORR", 
   "ORR", 
   "ANDD", 
   "NOTUSED", 
   "NOTUSED"
  ], 
  "10": [
   "ORR", 
   "ANDD", 
   "ORR", 
   "ANDD", 
   "ORR", 
   "ORR", 
   "NOTUSED", 
   "ORR", 
   "ORR", 
   "ANDD", 
   "ORR", 
   "ORR", 
   "ANDD", 
   "NOTUSED", 
   "ANDD"
  ], 
  "13": [
   "NOTUSED", 
   "ANDD", 
   "NOTUSED", 
   "ORR", 
   "ANDD", 
   "ANDD", 
   "NOTUSED", 
   "ORR", 
   "NOTUSED", 
   "ANDD", 
   "NOTUSED", 
   "NOTUSED", 
   "ANDD", 
   "ANDD", 
   "ORR"
  ], 
  "12": [
   "NOTUSED", 
   "NOTUSED", 
   "ORR", 
   "ORR", 
   "ANDD", 
   "ORR", 
   "ANDD", 
   "ORR", 
   "NOTUSED", 
   "ORR", 
   "ANDD", 
   "ANDD", 
   "ANDD", 
   "ANDD", 
   "ANDD"
  ], 
  "14": [
   "NOTUSED", 
   "ANDD", 
   "NOTUSED", 
   "ANDD", 
   "ORR", 
   "ORR", 
   "NOTUSED", 
   "NOTUSED", 
   "NOTUSED", 
   "NOTUSED", 
   "ANDD", 
   "NOTUSED", 
   "ANDD", 
   "ORR", 
   "ANDD"
  ], 
  "1": [
   "NOTUSED", 
   "NOTUSED", 
   "ORR", 
   "NOTUSED", 
   "ORR", 
   "ANDD", 
   "ORR", 
   "NOTUSED", 
   "ORR", 
   "NOTUSED", 
   "ANDD", 
   "ORR", 
   "NOTUSED", 
   "ANDD", 
   "ANDD"
  ], 
  "0": [
   "ORR", 
   "NOTUSED", 
   "ANDD", 
   "NOTUSED", 
   "ANDD", 
   "NOTUSED", 
   "ANDD", 
   "ANDD", 
   "NOTUSED", 
   "ANDD", 
   "ORR", 
   "NOTUSED", 
   "NOTUSED", 
   "NOTUSED", 
   "NOTUSED"
  ], 
  "3": [
   "NOTUSED", 
   "NOTUSED", 
   "ORR", 
   "ORR", 
   "ORR", 
   "ORR", 
   "ANDD", 
   "ORR", 
   "ORR", 
   "ORR", 
   "ANDD", 
   "ORR", 
   "ORR", 
   "ORR", 
   "ANDD"
  ], 
  "2": [
   "ANDD", 
   "ORR", 
   "ANDD", 
   "ORR", 
   "ANDD", 
   "ANDD", 
   "NOTUSED", 
   "ORR", 
   "ORR", 
   "ANDD", 
   "ORR", 
   "ORR", 
   "ORR", 
   "NOTUSED", 
   "NOTUSED"
  ], 
  "5": [
   "NOTUSED", 
   "ANDD", 
   "ANDD", 
   "ORR", 
   "ORR", 
   "NOTUSED", 
   "NOTUSED", 
   "NOTUSED", 
   "ORR", 
   "ANDD", 
   "ORR", 
   "ANDD", 
   "ORR", 
   "ANDD", 
   "ORR"
  ], 
  "4": [
   "ANDD", 
   "ORR", 
   "ANDD", 
   "ORR", 
   "ANDD", 
   "ORR", 
   "NOTUSED", 
   "NOTUSED", 
   "ANDD", 
   "ORR", 
   "ORR", 
   "ORR", 
   "ANDD", 
   "ANDD", 
   "ORR"
  ], 
  "7": [
   "ANDD", 
   "NOTUSED", 
   "ORR", 
   "ORR", 
   "NOTUSED", 
   "NOTUSED", 
   "NOTUSED", 
   "ORR", 
   "NOTUSED", 
   "ANDD", 
   "ORR", 
   "ANDD", 
   "ORR", 
   "ORR", 
   "NOTUSED"
  ], 
  "6": [
   "ANDD", 
   "ORR", 
   "NOTUSED", 
   "ANDD", 
   "NOTUSED", 
   "NOTUSED", 
   "ANDD", 
   "NOTUSED", 
   "ANDD", 
   "ANDD", 
   "NOTUSED", 
   "ANDD", 
   "ANDD", 
   "NOTUSED", 
   "NOTUSED"
  ], 
  "9": [
   "ANDD", 
   "NOTUSED", 
   "ANDD", 
   "ORR", 
   "ORR", 
   "ANDD", 
   "ANDD", 
   "ANDD", 
   "NOTUSED", 
   "ANDD", 
   "ANDD", 
   "NOTUSED", 
   "ORR", 
   "ANDD", 
   "NOTUSED"
  ], 
  "8": [
   "NOTUSED", 
   "ORR", 
   "ORR", 
   "ORR", 
   "ANDD", 
   "ORR", 
   "ANDD", 
   "NOTUSED", 
   "NOTUSED", 
   "NOTUSED", 
   "ORR", 
   "ORR", 
   "NOTUSED", 
   "NOTUSED", 
   "NOTUSED"
  ]
 }
}