{
 "random_seed": 2808754050, 
 "PARAMETERS": {
  "RADIUS1": 319266.306, 
  "QUADS": 3, 
  "RADIUS2": 364463.054, 
  "DIST": 996912.866, 
  "F_PTS": 22, 
  "K_PTS": 84, 
  "EPSILON": 0.29, 
  "LENGTH1": 17579.203, 
  "G_PTS": 28, 
  "Q_PTS": 43, 
  "N_PTS": 13, 
  "C_PTS": 22, 
  "AREA2": 106424.117, 
  "LENGTH2": 976354.012, 
  "B_PTS": 6, 
  "D_PTS": 38, 
  "AREA1": 575882.303, 
  "A_PTS": 14, 
  "E_PTS": 53
 }, 
 "NUMPOINTS": 87, 
 "points": [
  [
   503821.47, 
   -762308.605
  ], 
  [
   -178405.778, 
   504096.682
  ], 
  [
   -157567.329, 
   71323.942
  ], 
  [
   -470906.854, 
   177474.528
  ], 
  [
   -9448.559, 
   667374.033
  ], 
  [
   376188.025, 
   700066.806
  ], 
  [
   -820177.885, 
   -103294.402
  ], 
  [
   -2006.025, 
   255085.404
  ], 
  [
   769381.782, 
   862700.228
  ], 
  [
   612480.338, 
   389887.357
  ], 
  [
   806369.529, 
   825575.463
  ], 
  [
   10622.25, 
   332816.664
  ], 
  [
   990694.858, 
   -951284.697
  ], 
  [
   603592.754, 
   491617.757
  ], 
  [
   -285765.334, 
   111673.064
  ], 
  [
   263281.98, 
   -330064.433
  ], 
  [
   -663982.232, 
   -206951.188
  ], 
  [
   -274232.851, 
   -962505.39
  ], 
  [
   104341.087, 
   -645833.114
  ], 
  [
   -914054.6, 
   -99573.266
  ], 
  [
   146458.853, 
   435466.314
  ], 
  [
   829335.09, 
   -875510.256
  ], 
  [
   609081.936, 
   -566563.217
  ], 
  [
   360620.528, 
   -345993.571
  ], 
  [
   -275311.493, 
   -587511.21
  ], 
  [
   100747.29, 
   509279.922
  ], 
  [
   333165.369, 
   -811461.308
  ], 
  [
   -464799.227, 
   -539820.167
  ], 
  [
   481427.899, 
   135118.19
  ], 
  [
   -438476.748, 
   296239.74
  ], 
  [
   107340.48, 
   -861382.105
  ], 
  [
   7637.572, 
   -128304.454
  ], 
  [
   -366288.062, 
   299024.054
  ], 
  [
   564710.648, 
   -678399.511
  ], 
  [
   629395.778, 
   520987.848
  ], 
  [
   951815.746, 
   -433387.308
  ], 
  [
   -592007.39, 
   -875310.861
  ], 
  [
   206558.788, 
   199286.939
  ], 
  [
   -481134.081, 
   -798618.856
  ], 
  [
   -423884.229, 
   -297289.052
  ], 
  [
   639683.282, 
   -67886.824
  ], 
  [
   611194.164, 
   -858676.564
  ], 
  [
   -676737.876, 
   49646.704
  ], 
  [
   -319178.752, 
   -512019.273
  ], 
  [
   -448472.509, 
   765348.849
  ], 
  [
   520764.804, 
   -541820.674
  ], 
  [
   27309.377, 
   -792746.15
  ], 
  [
   202127.867, 
   -167149.535
  ], 
  [
   -728460.993, 
   -715941.967
  ], 
  [
   -110904.952, 
   -413016.5
  ], 
  [
   949552.873, 
   -607640.161
  ], 
  [
   382607.774, 
   714204.188
  ], 
  [
   104234.514, 
   -840814.454
  ], 
  [
   456166.792, 
   -658242.244
  ], 
  [
   239194.713, 
   49225.341
  ], 
  [
   752898.727, 
   908612.654
  ], 
  [
   862139.43, 
   -221812.683
  ], 
  [
   554230.746, 
   -17441.823
  ], 
  [
   861316.769, 
   357169.025
  ], 
  [
   917693.725, 
   114069.897
  ], 
  [
   923834.715, 
   898301.927
  ], 
  [
   270565.868, 
   -427706.568
  ], 
  [
   741488.546, 
   -432994.885
  ], 
  [
   -941837.976, 
   -426661.15
  ], 
  [
   -687473.856, 
   451423.102
  ], 
  [
   697755.624, 
   97554.908
  ], 
  [
   -198387.074, 
   361480.347
  ], 
  [
   -812051.081, 
   804732.891
  ], 
  [
   -971574.709, 
   94095.668
  ], 
  [
   -689808.158, 
   -589609.008
  ], 
  [
   -827097.197, 
   339107.06
  ], 
  [
   -84866.787, 
   192347.277
  ], 
  [
   478078.685, 
   -754275.709
  ], 
  [
   -899156.176, 
   -367032.489
  ], 
  [
   695986.812, 
   -312570.274
  ], 
  [
   -458647.337, 
   313965.412
  ], 
  [
   855602.686, 
   115046.462
  ], 
  [
   765561.041, 
   -99720.227
  ], 
  [
   -774872.42, 
   248469.541
  ], 
  [
   113402.099, 
   315852.628
  ], 
  [
   -450991.434, 
   538262.069
  ], 
  [
   40906.995, 
   607570.328
  ], 
  [
   -915849.839, 
   -413775.645
  ], 
  [
   -584198.974, 
   -892635.234
  ], 
  [
   -625295.915, 
   243442.615
  ], 
  [
   54419.148, 
   316230.707
  ], 
  [
   997092.755, 
   -994046.681
  ]
 ], 
 "PUV": [
  true, 
  true, 
  true, 
  false, 
  true, 
  true, 
  false, 
  false, 
  true, 
  true, 
  false, 
  true, 
  true, 
  true, 
  true
 ], 
 "LCM": {
  "11": [
   "NOTUSED", 
   "NOTUSED", 
   "ORR", 
   "ORR", 
   "ORR", 
   "ORR", 
   "NOTUSED", 
   "NOTUSED", 
   "ANDD", 
   "NOTUSED", 
   "NOTUSED", 
   "ANDD", 
   "ORR", 
   "ANDD", 
   "ANDD"
  ], 
  "10": [
   "NOTUSED", 
   "ANDD", 
   "ANDD", 
   "NOTUSED", 
   "NOTUSED", 
   "ANDD", 
   "ORR", 
   "ORR", 
   "ANDD", 
   "ANDD", 
   "NOTUSED", 
   "NOTUSED", 
   "NOTUSED", 
   "ORR", 
   "ANDD"
  ], 
  "13": [
   "ANDD", 
   "NOTUSED", 
   "ANDD", 
   "ORR", 
   "ORR", 
   "NOTUSED", 
   "ORR", 
   "ORR", 
   "NOTUSED", 
   "ANDD", 
   "ORR", 
   "ANDD", 
   "NOTUSED", 
   "NOTUSED", 
   "ORR"
  ], 
  "12": [
   "NOTUSED", 
   "ANDD", 
   "ORR", 
   "ORR", 
   "ANDD", 
   "ANDD", 
   "ANDD", 
   "ANDD", 
   "ANDD", 
   "NOTUSED", 
   "NOTUSED", 
   "ORR", 
   "ANDD", 
   "NOTUSED", 
   "NOTUSED"
  ], 
  "14": [
   "NOTUSED", 
   "NOTUSED", 
   "ANDD", 
   "NOTUSED", 
   "NOTUSED", 
   "ANDD", 
   "NOTUSED", 
   "ANDD", 
   "ANDD", 
   "ORR", 
   "ANDD", 
   "ANDD", 
   "NOTUSED", 
   "ORR", 
   "NOTUSED"
  ], 
  "1": [
   "ORR", 
   "ANDD", 
   "NOTUSED", 
   "NOTUSED", 
   "ANDD", 
   "ORR", 
   "NOTUSED", 
   "ANDD", 
   "ANDD", 
   "NOTUSED", 
   "ANDD", 
   "NOTUSED", 
   "ANDD", 
   "NOTUSED", 
   "NOTUSED"
  ], 
  "0": [
   "ORR", 
   "ORR", 
   "NOTUSED", 
   "ANDD", 
   "NOTUSED", 
   "NOTUSED", 
   "ANDD", 
   "ORR", 
   "NOTUSED", 
   "ORR", 
   "NOTUSED", 
   "NOTUSED", 
   "NOTUSED", 
   "ANDD", 
   "NOTUSED"
  ], 
  "3": [
   "ANDD", 
   "NOTUSED", 
   "NOTUSED", 
   "ANDD", 
   "NOTUSED", 
   "ORR", 
   "ORR", 
   "ANDD", 
   "ORR", 
   "NOTUSED", 
   "NOTUSED", 
   "ORR", 
   "ORR", 
   "ORR", 
   "NOTUSED"
  ], 
  "2": [
   "NOTUSED", 
   "NOTUSED", 
   "ANDD", 
   "NOTUSED", 
   "ANDD", 
   "ANDD", 
   "ORR", 
   "ORR", 
   "ORR", 
   "ORR", 
   "ANDD", 
   "ORR", 
   "ORR", 
   "ANDD", 
   "ANDD"
  ], 
  "5": [
   "NOTUSED", 
   "ORR", 
   "ANDD", 
   "ORR", 
   "ORR", 
   "ANDD", 
   "ORR", 
   "ANDD", 
   "ORR", 
   "ORR", 
   "ANDD", 
   "ORR", 
   "ANDD", 
   "NOTUSED", 
   "ANDD"
  ], 
  "4": [
   "NOTUSED", 
   "ANDD", 
   "ANDD", 
   "NOTUSED", 
   "ORR", 
   "ORR", 
   "ORR", 
   "ORR", 
   "ORR", 
   "ORR", 
   "NOTUSED", 
   "ORR", 
   "ANDD", 
   "ORR", 
   "NOTUSED"
  ], 
  "7": [
   "ORR", 
   "ANDD", 
   "ORR", 
   "ANDD", 
   "ORR", 
   "ANDD", 
   "ORR", 
   "NOTUSED", 
   "NOTUSED", 
   "ORR", 
   "ORR", 
   "NOTUSED", 
   "ANDD", 
   "ORR", 
   "ANDD"
  ], 
  "6": [
   "ANDD", 
   "NOTUSED", 
   "ORR", 
   "ORR", 
   "ORR", 
   "ORR", 
   "ANDD", 
   "ORR", 
   "ANDD", 
   "NOTUSED", 
   "ORR", 
   "NOTUSED", 
   "ANDD", 
   "ORR", 
   "NOTUSED"
  ], 
  "9": [
   "ORR", 
   "NOTUSED", 
   "ORR", 
   "NOTUSED", 
   "ORR", 
   "ORR", 
   "NOTUSED", 
   "ORR", 
   "ORR", 
   "ORR", 
   "ANDD", 
   "NOTUSED", 
   "NOTUSED", 
   "ANDD", 
   "ORR"
  ], 
  "8": [
   "NOTUSED", 
   "ANDD", 
   "ORR", 
   "ORR", 
   "ORR", 
   "ORR", 
   "ANDD", 
   "NOTUSED", 
   "NOTUSED", 
   "ORR", 
   "ANDD", 
   "ANDD", 
   "ANDD", 
   "NOTUSED", 
   "ANDD"
  ]
 }
}