{
 "random_seed": 3305519232, 
 "PARAMETERS": {
  "RADIUS1": 134407.015, 
  "QUADS": 2, 
  "RADIUS2": 933134.588, 
  "DIST": 912219.972, 
  "F_PTS": 20, 
  "K_PTS": 20, 
  "EPSILON": 0.365, 
  "LENGTH1": 853734.181, 
  "G_PTS": 26, 
  "Q_PTS": 23, 
  "N_PTS": 7, 
  "C_PTS": 16, 
  "AREA2": 747799.896, 
  "LENGTH2": 680509.765, 
  "B_PTS": 13, 
  "D_PTS": 16, 
  "AREA1": 570620.795, 
  "A_PTS": 20, 
  "E_PTS": 3
 }, 
 "NUMPOINTS": 37, 
 "points": [
  [
   71696.265, 
   -411452.95
  ], 
  [
   -703811.531, 
   -103480.441
  ], 
  [
   824426.809, 
   522444.702
  ], 
  [
   -531133.785, 
   876958.294
  ], 
  [
   706479.583, 
   -738415.002
  ], 
  [
   -77067.625, 
   -953056.899
  ], 
  [
   -134753.452, 
   -441248.765
  ], 
  [
   213428.113, 
   -896253.577
  ], 
  [
   70214.756, 
   680381.106
  ], 
  [
   471908.249, 
   -174834.882
  ], 
  [
   -490740.15, 
   741578.053
  ], 
  [
   -456615.901, 
   179365.422
  ], 
  [
   613660.443, 
   333250.308
  ], 
  [
   507480.968, 
   36180.437
  ], 
  [
   545695.555, 
   -714039.748
  ], 
  [
   -626870.551, 
   -167758.363
  ], 
  [
   -253045.644, 
   -999126.813
  ], 
  [
   237874.378, 
   -622414.426
  ], 
  [
   554809.786, 
   230294.746
  ], 
  [
   344710.11, 
   -808241.473
  ], 
  [
   -106832.306, 
   375585.32
  ], 
  [
   220830.615, 
   687134.694
  ], 
  [
   108420.423, 
   -173231.977
  ], 
  [
   652162.006, 
   -618425.74
  ], 
  [
   -203880.206, 
   283646.408
  ], 
  [
   -220651.151, 
   737455.041
  ], 
  [
   -519852.819, 
   343436.484
  ], 
  [
   895858.033, 
   -363599.062
  ], 
  [
   -197676.383, 
   86623.194
  ], 
  [
   -52883.753, 
   -39458.012
  ], 
  [
   -191197.695, 
   724339.274
  ], 
  [
   511632.961, 
   -414608.231
  ], 
  [
   -936897.172, 
   -817750.31
  ], 
  [
   -198902.583, 
   207688.354
  ], 
  [
   138668.47, 
   -391811.592
  ], 
  [
   431546.324, 
   714545.728
  ], 
  [
   -647500.857, 
   -98489.046
  ]
 ], 
 "PUV": [
  false, 
  true, 
  true, 
  false, 
  false, 
  false, 
  true, 
  false, 
  false, 
  false, 
  false, 
  true, 
  false, 
  false, 
  true
 ], 
 "LCM": {
  "11": [
   "ANDD", 
   "NOTUSED", 
   "NOTUSED", 
   "NOTUSED", 
   "ORR", 
   "ORR", 
   "ANDD", 
   "NOTUSED", 
   "NOTUSED", 
   "NOTUSED", 
   "ORR", 
   "NOTUSED", 
   "NOTUSED", 
   "ORR", 
   "NOTUSED"
  ], 
  "10": [
   "ORR", 
   "NOTUSED", 
   "ORR", 
   "NOTUSED", 
   "ORR", 
   "ANDD", 
   "ORR", 
   "ORR", 
   "NOTUSED", 
   "NOTUSED", 
   "ORR", 
   "ORR", 
   "ORR", 
   "ORR", 
   "ANDD"
  ], 
  "13": [
   "ANDD", 
   "NOTUSED", 
   "ANDD", 
   "NOTUSED", 
   "ANDD", 
   "ORR", 
   "ORR", 
   "NOTUSED", 
   "ANDD", 
   "ANDD", 
   "ORR", 
   "ORR", 
   "ANDD", 
   "ANDD", 
   "NOTUSED"
  ], 
  "12": [
   "NOTUSED", 
   "NOTUSED", 
   "NOTUSED", 
   "ANDD", 
   "NOTUSED", 
   "ANDD", 
   "ORR", 
   "ORR", 
   "NOTUSED", 
   "NOTUSED", 
   "ORR", 
   "NOTUSED", 
   "ORR", 
   "ANDD", 
   "ANDD"
  ], 
  "14": [
   "NOTUSED", 
   "ORR", 
   "ANDD", 
   "ORR", 
   "ORR", 
   "ORR", 
   "ANDD", 
   "ANDD", 
   "ANDD", 
   "NOTUSED", 
   "ANDD", 
   "NOTUSED", 
   "ANDD", 
   "NOTUSED", 
   "ORR"
  ], 
  "1": [
   "NOTUSED", 
   "ANDD", 
   "NOTUSED", 
   "ANDD", 
   "NOTUSED", 
   "ANDD", 
   "NOTUSED", 
   "ANDD", 
   "NOTUSED", 
   "ORR", 
   "NOTUSED", 
   "NOTUSED", 
   "NOTUSED", 
   "NOTUSED", 
   "ORR"
  ], 
  "0": [
   "NOTUSED", 
   "NOTUSED", 
   "ANDD", 
   "ORR", 
   "NOTUSED", 
   "ANDD", 
   "ORR", 
   "ORR", 
   "NOTUSED", 
   "ANDD", 
   "ORR", 
   "ANDD", 
   "NOTUSED", 
   "ANDD", 
   "NOTUSED"
  ], 
  "3": [
   "ORR", 
   "ANDD", 
   "ANDD", 
   "ORR", 
   "ANDD", 
   "ORR", 
   "ORR", 
   "NOTUSED", 
   "NOTUSED", 
   "NOTUSED", 
   "NOTUSED", 
   "NOTUSED", 
   "ANDD", 
   "NOTUSED", 
   "ORR"
  ], 
  "2": [
   "ANDD", 
   "NOTUSED", 
   "ANDD", 
   "ANDD", 
   "ORR", 
   "ORR", 
   "ORR", 
   "ANDD", 
   "ORR", 
   "ORR", 
   "ORR", 
   "NOTUSED", 
   "NOTUSED", 
   "ANDD", 
   "ANDD"
  ], 
  "5": [
   "ANDD", 
   "ANDD", 
   "ORR", 
   "ORR", 
   "ORR", 
   "NOTUSED", 
   "ANDD", 
   "ANDD", 
   "ORR", 
   "NOTUSED", 
   "ANDD", 
   "ORR", 
   "ANDD", 
   "ORR", 
   "ORR"
  ], 
  "4": [
   "NOTUSED", 
   "NOTUSED", 
   "ORR", 
   "ANDD", 
   "ORR", 
   "ORR", 
   "ANDD", 
   "ORR", 
   "ANDD", 
   "ORR", 
   "ORR", 
   "ORR", 
   "NOTUSED", 
   "ANDD", 
   "ORR"
  ], 
  "7": [
   "ORR", 
   "ANDD", 
   "ANDD", 
   "NOTUSED", 
   "ORR", 
   "ANDD", 
   "ORR", 
   "NOTUSED", 
   "ANDD", 
   "NOTUSED", 
   "ORR", 
   "NOTUSED", 
   "ORR", 
   "NOTUSED", 
   "ANDD"
  ], 
  "6": [
   "ORR", 
   "NOTUSED", 
   "ORR", 
   "ORR", 
   "ANDD", 
   "ANDD", 
   "ANDD", 
   "ORR", 
   "NOTUSED", 
   "ORR", 
   "ORR", 
   "ANDD", 
   "ORR", 
   "ORR", 
   "ANDD"
  ], 
  "9": [
   "ANDD", 
   "ORR", 
   "ORR", 
   "NOTUSED", 
   "ORR", 
   "NOTUSED", 
   "ORR", 
   "NOTUSED", 
   "ORR", 
   "ANDD", 
   "NOTUSED", 
   "NOTUSED", 
   "NOTUSED", 
   "ANDD", 
   "NOTUSED"
  ], 
  "8": [
   "NOTUSED", 
   "NOTUSED", 
   "ORR", 
   "NOTUSED", 
   "ANDD", 
   "ORR", 
   "NOTUSED", 
   "ANDD", 
   "ORR", 
   "ORR", 
   "NOTUSED", 
   "NOTUSED", 
   "NOTUSED", 
   "ANDD", 
   "ANDD"
  ]
 }
}