{
 "random_seed": 1688031512, 
 "PARAMETERS": {
  "RADIUS1": 565573.601, 
  "QUADS": 2, 
  "RADIUS2": 975309.817, 
  "DIST": 407520.192, 
  "F_PTS": 25, 
  "K_PTS": 45, 
  "EPSILON": 0.135, 
  "LENGTH1": 190069.164, 
  "G_PTS": 36, 
  "Q_PTS": 75, 
  "N_PTS": 51, 
  "C_PTS": 21, 
  "AREA2": 333375.291, 
  "LENGTH2": 111143.183, 
  "B_PTS": 46, 
  "D_PTS": 53, 
  "AREA1": 367001.588, 
  "A_PTS": 29, 
  "E_PTS": 21
 }, 
 "NUMPOINTS": 80, 
 "points": [
  [
   -951967.461, 
   -931461.662
  ], 
  [
   -56267.182, 
   -981362.587
  ], 
  [
   -982910.558, 
   -668059.107
  ], 
  [
   -89490.991, 
   669156.153
  ], 
  [
   -157768.727, 
   360438.463
  ], 
  [
   -399107.995, 
   874733.778
  ], 
  [
   908137.159, 
   -693372.955
  ], 
  [
   -464955.79, 
   256015.563
  ], 
  [
   785143.731, 
   -303220.844
  ], 
  [
   357848.552, 
   382732.254
  ], 
  [
   -101959.835, 
   -11161.354
  ], 
  [
   -643665.05, 
   356289.397
  ], 
  [
   -857212.5, 
   75321.941
  ], 
  [
   846422.145, 
   277774.209
  ], 
  [
   41847.482, 
   -266903.973
  ], 
  [
   -75071.376, 
   -262201.823
  ], 
  [
   403000.529, 
   575813.236
  ], 
  [
   795037.368, 
   105082.765
  ], 
  [
   9578.303, 
   -390933.653
  ], 
  [
   588000.969, 
   193352.667
  ], 
  [
   840708.729, 
   478388.615
  ], 
  [
   -517294.466, 
   584423.381
  ], 
  [
   -449913.652, 
   -116667.011
  ], 
  [
   590336.549, 
   -160371.24
  ], 
  [
   -205154.39, 
   640476.613
  ], 
  [
   -868880.416, 
   -470537.594
  ], 
  [
   626304.302, 
   -652711.966
  ], 
  [
   239311.263, 
   -31626.018
  ], 
  [
   -886129.281, 
   96692.776
  ], 
  [
   821412.144, 
   -745045.934
  ], 
  [
   -255969.12, 
   359644.14
  ], 
  [
   407725.421, 
   534091.155
  ], 
  [
   -979129.812, 
   766012.631
  ], 
  [
   -391509.413, 
   -68534.457
  ], 
  [
   -870839.009, 
   536154.909
  ], 
  [
   224214.499, 
   194267.072
  ], 
  [
   603146.887, 
   -283704.241
  ], 
  [
   421203.728, 
   262891.163
  ], 
  [
   -7161.202, 
   865384.865
  ], 
  [
   620442.378, 
   -116894.442
  ], 
  [
   25989.145, 
   723434.035
  ], 
  [
   -51953.664, 
   982486.029
  ], 
  [
   207602.92, 
   881689.029
  ], 
  [
   189429.38, 
   -46544.624
  ], 
  [
   -224544.406, 
   -448262.816
  ], 
  [
   -632865.431, 
   -14671.497
  ], 
  [
   117190.488, 
   222123.701
  ], 
  [
   -896737.449, 
   -875919.143
  ], 
  [
   -167169.732, 
   986893.586
  ], 
  [
   595604.512, 
   -168877.456
  ], 
  [
   135414.276, 
   -208916.716
  ], 
  [
   214859.51, 
   -370120.231
  ], 
  [
   766308.905, 
   -861008.032
  ], 
  [
   -922400.151, 
   636612.714
  ], 
  [
   904417.659, 
   660943.505
  ], 
  [
   -120730.171, 
   -471357.351
  ], 
  [
   87021.195, 
   225564.619
  ], 
  [
   -576697.609, 
   304627.395
  ], 
  [
   869126.706, 
   -885835.21
  ], 
  [
   199787.691, 
   -820320.003
  ], 
  [
   699009.199, 
   -500084.236
  ], 
  [
   -51420.523, 
   -343303.524
  ], 
  [
   -571977.339, 
   938583.115
  ], 
  [
   -539318.408, 
   312925.985
  ], 
  [
   -688331.282, 
   239682.075
  ], 
  [
   329117.142, 
   625950.039
  ], 
  [
   331284.105, 
   393676.473
  ], 
  [
   -553206.327, 
   494525.093
  ], 
  [
   635280.601, 
   -553392.965
  ], 
  [
   232115.643, 
   250815.267
  ], 
  [
   -484538.749, 
   150096.089
  ], 
  [
   -727986.439, 
   -355861.86
  ], 
  [
   -916901.699, 
   -555181.769
  ], 
  [
   -237148.958, 
   -292879.407
  ], 
  [
   -651976.803, 
   -88209.616
  ], 
  [
   -659816.123, 
   240069.801
  ], 
  [
   362627.721, 
   358084.38
  ], 
  [
   695751.235, 
   72508.528
  ], 
  [
   859648.115, 
   -387506.976
  ], 
  [
   553440.324, 
   -389738.68
  ]
 ], 
 "PUV": [
  true, 
  true, 
  true, 
  true, 
  false, 
  true, 
  false, 
  false, 
  false, 
  false, 
  true, 
  false, 
  false, 
  false, 
  true
 ], 
 "LCM": {
  "11": [
   "NOTUSED", 
   "NOTUSED", 
   "ANDD", 
   "ANDD", 
   "ORR", 
   "ORR", 
   "NOTUSED", 
   "ORR", 
   "NOTUSED", 
   "ORR", 
   "ORR", 
   "NOTUSED", 
   "NOTUSED", 
   "ANDD", 
   "ANDD"
  ], 
  "10": [
   "NOTUSED", 
   "ORR", 
   "ORR", 
   "ORR", 
   "ANDD", 
   "ANDD", 
   "ORR", 
   "NOTUSED", 
   "ANDD", 
   "NOTUSED", 
   "NOTUSED", 
   "ORR", 
   "ORR", 
   "ORR", 
   "ORR"
  ], 
  "13": [
   "ORR", 
   "NOTUSED", 
   "ORR", 
   "ANDD", 
   "ANDD", 
   "ANDD", 
   "ORR", 
   "ORR", 
   "NOTUSED", 
   "ANDD", 
   "ORR", 
   "ANDD", 
   "ORR", 
   "NOTUSED", 
   "ANDD"
  ], 
  "12": [
   "ANDD", 
   "NOTUSED", 
   "ORR", 
   "ORR", 
   "ANDD", 
   "ORR", 
   "ANDD", 
   "ANDD", 
   "ORR", 
   "ANDD", 
   "ORR", 
   "NOTUSED", 
   "NOTUSED", 
   "ORR", 
   "NOTUSED"
  ], 
  "14": [
   "ORR", 
   "NOTUSED", 
   "ORR", 
   "NOTUSED", 
   "ANDD", 
   "ORR", 
   "NOTUSED", 
   "ORR", 
   "ANDD", 
   "ANDD", 
   "ORR", 
   "ANDD", 
   "NOTUSED", 
   "ANDD", 
   "ORR"
  ], 
  "1": [
   "ORR", 
   "ANDD", 
   "NOTUSED", 
   "ANDD", 
   "NOTUSED", 
   "ORR", 
   "ORR", 
   "NOTUSED", 
   "ANDD", 
   "ANDD", 
   "ORR", 
   "NOTUSED", 
   "NOTUSED", 
   "NOTUSED", 
   "NOTUSED"
  ], 
  "0": [
   "ANDD", 
   "ORR", 
   "ORR", 
   "ANDD", 
   "NOTUSED", 
   "ANDD", 
   "NOTUSED", 
   "ORR", 
   "ORR", 
   "ORR", 
   "NOTUSED", 
   "NOTUSED", 
   "ANDD", 
   "ORR", 
   "ORR"
  ], 
  "3": [
   "ANDD", 
   "ANDD", 
   "ANDD", 
   "NOTUSED", 
   "ORR", 
   "ORR", 
   "NOTUSED", 
   "ANDD", 
   "NOTUSED", 
   "ANDD", 
   "ORR", 
   "ANDD", 
   "ORR", 
   "ANDD", 
   "NOTUSED"
  ], 
  "2": [
   "ORR", 
   "NOTUSED", 
   "ANDD", 
   "ANDD", 
   "NOTUSED", 
   "ORR", 
   "ANDD", 
   "ANDD", 
   "ANDD", 
   "ORR", 
   "ORR", 
   "ANDD", 
   "ORR", 
   "ORR", 
   "ORR"
  ], 
  "5": [
   "ANDD", 
   "ORR", 
   "ORR", 
   "ORR", 
   "ANDD", 
   "ORR", 
   "NOTUSED", 
   "ORR", 
   "NOTUSED", 
   "NOTUSED", 
   "ANDD", 
   "ORR", 
   "ORR", 
   "ANDD", 
   "ORR"
  ], 
  "4": [
   "NOTUSED", 
   "NOTUSED", 
   "NOTUSED", 
   "ORR", 
   "NOTUSED", 
   "ANDD", 
   "ORR", 
   "ANDD", 
   "ORR", 
   "ORR", 
   "ANDD", 
   "ORR", 
   "ANDD", 
   "ANDD", 
   "ANDD"
  ], 
  "7": [
   "ORR", 
   "NOTUSED", 
   "ANDD", 
   "ANDD", 
   "ANDD", 
   "ORR", 
   "ORR", 
   "ANDD", 
   "ANDD", 
   "ORR", 
   "NOTUSED", 
   "ORR", 
   "ANDD", 
   "ORR", 
   "ORR"
  ], 
  "6": [
   "NOTUSED", 
   "ORR", 
   "ANDD", 
   "NOTUSED", 
   "ORR", 
   "NOTUSED", 
   "ORR", 
   "ORR", 
   "NOTUSED", 
   "ANDD", 
   "ORR", 
   "NOTUSED", 
   "ANDD", 
   "ORR", 
   "NOTUSED"
  ], 
  "9": [
   "ORR", 
   "ANDD", 
   "ORR", 
   "ANDD", 
   "ORR", 
   "NOTUSED", 
   "ANDD", 
   "ORR", 
   "NOTUSED", 
   "ANDD", 
   "NOTUSED", 
   "ORR", 
   "ANDD", 
   "ANDD", 
   "ANDD"
  ], 
  "8": [
   "ORR", 
   "ANDD", 
   "ANDD", 
   "NOTUSED", 
   "ORR", 
   "NOTUSED", 
   "NOTUSED", 
   "ANDD", 
   "ORR", 
   "NOTUSED", 
   "ANDD", 
   "NOTUSED", 
   "ORR", 
   "NOTUSED", 
   "ANDD"
  ]
 }
}