{
 "random_seed": 3273613184, 
 "PARAMETERS": {
  "RADIUS1": 924363.042, 
  "QUADS": 2, 
  "RADIUS2": 598165.665, 
  "DIST": 55308.219, 
  "F_PTS": 48, 
  "K_PTS": 75, 
  "EPSILON": 2.061, 
  "LENGTH1": 661610.163, 
  "G_PTS": 50, 
  "Q_PTS": 58, 
  "N_PTS": 6, 
  "C_PTS": 17, 
  "AREA2": 990401.241, 
  "LENGTH2": 29132.824, 
  "B_PTS": 21, 
  "D_PTS": 15, 
  "AREA1": 117752.313, 
  "A_PTS": 23, 
  "E_PTS": 5
 }, 
 "NUMPOINTS": 82, 
 "points": [
  [
   -110046.42, 
   -59086.744
  ], 
  [
   -951194.225, 
   -400040.067
  ], 
  [
   274180.411, 
   366806.813
  ], 
  [
   319536.966, 
   183219.819
  ], 
  [
   390131.006, 
   935943.487
  ], 
  [
   351700.915, 
   -258151.867
  ], 
  [
   388533.626, 
   -194539.466
  ], 
  [
   -105165.111, 
   933772.126
  ], 
  [
   629462.29, 
   30724.291
  ], 
  [
   475150.026, 
   -476579.653
  ], 
  [
   689526.133, 
   659216.973
  ], 
  [
   -616895.769, 
   738016.157
  ], 
  [
   78441.122, 
   -185660.683
  ], 
  [
   -420927.773, 
   -72881.569
  ], 
  [
   188520.744, 
   332430.61
  ], 
  [
   -993121.905, 
   997631.196
  ], 
  [
   665667.991, 
   -818117.092
  ], 
  [
   871558.116, 
   -351553.386
  ], 
  [
   -100087.234, 
   -678805.082
  ], 
  [
   -247487.487, 
   27415.497
  ], 
  [
   566182.05, 
   996311.264
  ], 
  [
   111197.927, 
   324245.196
  ], 
  [
   -982426.737, 
   -494546.19
  ], 
  [
   -667658.02, 
   -955697.063
  ], 
  [
   859435.213, 
   -452247.028
  ], 
  [
   -994800.963, 
   858093.239
  ], 
  [
   706997.409, 
   -969446.477
  ], 
  [
   -318299.8, 
   607223.487
  ], 
  [
   990322.263, 
   633406.148
  ], 
  [
   684175.2, 
   -469754.396
  ], 
  [
   499759.188, 
   99857.752
  ], 
  [
   -959990.097, 
   -68189.277
  ], 
  [
   316513.625, 
   446464.585
  ], 
  [
   397648.491, 
   -853709.565
  ], 
  [
   13964.649, 
   900786.276
  ], 
  [
   -801504.803, 
   874564.855
  ], 
  [
   221421.783, 
   -855344.711
  ], 
  [
   612556.609, 
   773150.814
  ], 
  [
   309892.247, 
   378457.964
  ], 
  [
   -28451.55, 
   864712.569
  ], 
  [
   -208802.967, 
   -132030.502
  ], 
  [
   725365.358, 
   -645880.083
  ], 
  [
   -544538.284, 
   -316172.772
  ], 
  [
   -513369.934, 
   622655.473
  ], 
  [
   -427290.538, 
   -240202.46
  ], 
  [
   215358.277, 
   -322156.276
  ], 
  [
   740891.426, 
   -433686.021
  ], 
  [
   980077.086, 
   489845.125
  ], 
  [
   657955.175, 
   -36396.57
  ], 
  [
   -405180.877, 
   -971974.823
  ], 
  [
   648918.449, 
   -364973.092
  ], 
  [
   -778844.657, 
   926774.364
  ], 
  [
   318287.293, 
   -786490.277
  ], 
  [
   702033.072, 
   111089.859
  ], 
  [
   571341.567, 
   643386.684
  ], 
  [
   151738.862, 
   -389465.993
  ], 
  [
   960805.978, 
   761921.087
  ], 
  [
   361687.869, 
   664542.954
  ], 
  [
   640477.555, 
   -334812.478
  ], 
  [
   -615101.24, 
   958301.913
  ], 
  [
   -88962.682, 
   -260578.308
  ], 
  [
   -135165.272, 
   -308544.691
  ], 
  [
   -331267.703, 
   -206858.612
  ], 
  [
   667892.119, 
   -93535.111
  ], 
  [
   -72158.138, 
   512323.996
  ], 
  [
   989586.822, 
   -356600.164
  ], 
  [
   50969.829, 
   -18864.754
  ], 
  [
   716633.829, 
   219912.721
  ], 
  [
   809072.856, 
   380532.625
  ], 
  [
   37127.246, 
   211571.524
  ], 
  [
   -779473.317, 
   519053.1
  ], 
  [
   -424611.651, 
   848191.128
  ], 
  [
   -880642.113, 
   -907201.043
  ], 
  [
   125133.197, 
   8510.23
  ], 
  [
   606911.426, 
   559889.851
  ], 
  [
   -218671.494, 
   393341.259
  ], 
  [
   352393.453, 
   29778.305
  ], 
  [
   -967494.754, 
   -917631.539
  ], 
  [
   466062.822, 
   -170482.347
  ], 
  [
   -873530.148, 
   -408027.185
  ], 
  [
   -232221.897, 
   -138770.594
  ], 
  [
   -45168.512, 
   -923956.925
  ]
 ], 
 "PUV": [
  false, 
  true, 
  false, 
  false, 
  true, 
  true, 
  false, 
  false, 
  true, 
  false, 
  true, 
  true, 
  false, 
  false, 
  false
 ], 
 "LCM": {
  "11": [
   "NOTUSED", 
   "ORR", 
   "ANDD", 
   "NOTUSED", 
   "NOTUSED", 
   "NOTUSED", 
   "ANDD", 
   "ORR", 
   "NOTUSED", 
   "ANDD", 
   "ANDD", 
   "ANDD", 
   "NOTUSED", 
   "ORR", 
   "ANDD"
  ], 
  "10": [
   "ANDD", 
   "ANDD", 
   "ANDD", 
   "ANDD", 
   "ANDD", 
   "ORR", 
   "ORR", 
   "ORR", 
   "ORR", 
   "ANDD", 
   "NOTUSED", 
   "ANDD", 
   "ANDD", 
   "NOTUSED", 
   "ORR"
  ], 
  "13": [
   "NOTUSED", 
   "ANDD", 
   "NOTUSED", 
   "ANDD", 
   "NOTUSED", 
   "NOTUSED", 
   "NOTUSED", 
   "NOTUSED", 
   "ORR", 
   "NOTUSED", 
   "NOTUSED", 
   "ORR", 
   "NOTUSED", 
   "ANDD", 
   "ORR"
  ], 
  "12": [
   "NOTUSED", 
   "ANDD", 
   "ANDD", 
   "ANDD", 
   "ORR", 
   "ORR", 
   "ANDD", 
   "NOTUSED", 
   "NOTUSED", 
   "NOTUSED", 
   "ANDD", 
   "NOTUSED", 
   "ORR", 
   "NOTUSED", 
   "NOTUSED"
  ], 
  "14": [
   "ANDD", 
   "ORR", 
   "NOTUSED", 
   "ORR", 
   "ANDD", 
   "ANDD", 
   "ORR", 
   "ORR", 
   "NOTUSED", 
   "NOTUSED", 
   "ORR", 
   "ANDD", 
   "NOTUSED", 
   "ORR", 
   "NOTUSED"
  ], 
  "1": [
   "ANDD", 
   "ANDD", 
   "ORR", 
   "NOTUSED", 
   "ORR", 
   "NOTUSED", 
   "ANDD", 
   "NOTUSED", 
   "ANDD", 
   "ANDD", 
   "ANDD", 
   "ORR", 
   "ANDD", 
   "ANDD", 
   "ORR"
  ], 
  "0": [
   "ANDD", 
   "ANDD", 
   "NOTUSED", 
   "ANDD", 
   "NOTUSED", 
   "ORR", 
   "ORR", 
   "ORR", 
   "ORR", 
   "ANDD", 
   "ANDD", 
   "NOTUSED", 
   "NOTUSED", 
   "NOTUSED", 
   "ANDD"
  ], 
  "3": [
   "ANDD", 
   "NOTUSED", 
   "ORR", 
   "ANDD", 
   "ORR", 
   "ORR", 
   "ORR", 
   "ANDD", 
   "ANDD", 
   "ANDD", 
   "ANDD", 
   "NOTUSED", 
   "ANDD", 
   "ANDD", 
   "ORR"
  ], 
  "2": [
   "NOTUSED", 
   "ORR", 
   "ANDD", 
   "ORR", 
   "ANDD", 
   "ORR", 
   "NOTUSED", 
   "NOTUSED", 
   "ANDD", 
   "NOTUSED", 
   "ANDD", 
   "ANDD", 
   "ANDD", 
   "NOTUSED", 
   "NOTUSED"
  ], 
  "5": [
   "ORR", 
   "NOTUSED", 
   "ORR", 
   "ORR", 
   "NOTUSED", 
   "NOTUSED", 
   "ANDD", 
   "ANDD", 
   "NOTUSED", 
   "ANDD", 
   "ORR", 
   "NOTUSED", 
   "ORR", 
   "NOTUSED", 
   "ANDD"
  ], 
  "4": [
   "NOTUSED", 
   "ORR", 
   "ANDD", 
   "ORR", 
   "ANDD", 
   "NOTUSED", 
   "NOTUSED", 
   "NOTUSED", 
   "ORR", 
   "ANDD", 
   "ANDD", 
   "NOTUSED", 
   "ORR", 
   "NOTUSED", 
   "ANDD"
  ], 
  "7": [
   "ORR", 
   "NOTUSED", 
   "NOTUSED", 
   "ANDD", 
   "NOTUSED", 
   "ANDD", 
   "ORR", 
   "NOTUSED", 
   "ANDD", 
   "ORR", 
   "ORR", 
   "ORR", 
   "NOTUSED", 
   "NOTUSED", 
   "ORR"
  ], 
  "6": [
   "ORR", 
   "ANDD", 
   "NOTUSED", 
   "ORR", 
   "NOTUSED", 
   "ANDD", 
   "NOTUSED", 
   "ORR", 
   "ORR", 
   "ORR", 
   "ORR", 
   "ANDD", 
   "ANDD", 
   "NOTUSED", 
   "ORR"
  ], 
  "9": [
   "ANDD", 
   "ANDD", 
   "NOTUSED", 
   "ANDD", 
   "ANDD", 
   "ANDD", 
   "ORR", 
   "ORR", 
   "ANDD", 
   "ANDD", 
   "ANDD", 
   "ANDD", 
   "NOTUSED", 
   "NOTUSED", 
   "NOTUSED"
  ], 
  "8": [
   "ORR", 
   "ANDD", 
   "ANDD", 
   "ANDD", 
   "ORR", 
   "NOTUSED", 
   "ORR", 
   "ANDD", 
   "ORR", 
   "ANDD", 
   "ORR", 
   "NOTUSED", 
   "NOTUSED", 
   "ORR", 
   "NOTUSED"
  ]
 }
}