{
 "random_seed": 3047607528, 
 "PARAMETERS": {
  "RADIUS1": 911034.775, 
  "QUADS": 3, 
  "RADIUS2": 653031.614, 
  "DIST": 968358.482, 
  "F_PTS": 45, 
  "K_PTS": 16, 
  "EPSILON": 2.298, 
  "LENGTH1": 360312.375, 
  "G_PTS": 44, 
  "Q_PTS": 62, 
  "N_PTS": 14, 
  "C_PTS": 23, 
  "AREA2": 864569.765, 
  "LENGTH2": 35052.857, 
  "B_PTS": 4, 
  "D_PTS": 9, 
  "AREA1": 550179.056, 
  "A_PTS": 28, 
  "E_PTS": 33
 }, 
 "NUMPOINTS": 85, 
 "points": [
  [
   -110713.806, 
   -888861.274
  ], 
  [
   -832799.43, 
   -49047.747
  ], 
  [
   -169462.841, 
   849463.579
  ], 
  [
   481999.856, 
   -305200.268
  ], 
  [
   -283131.423, 
   -282644.164
  ], 
  [
   13852.277, 
   398939.193
  ], 
  [
   -867188.674, 
   -937668.581
  ], 
  [
   -140926.655, 
   441454.212
  ], 
  [
   936560.555, 
   -421165.41
  ], 
  [
   492085.654, 
   -315758.886
  ], 
  [
   484535.933, 
   181132.708
  ], 
  [
   -399037.612, 
   76787.0
  ], 
  [
   722984.887, 
   -700838.526
  ], 
  [
   394387.775, 
   851641.636
  ], 
  [
   -96125.575, 
   -521629.783
  ], 
  [
   -406307.931, 
   -191545.908
  ], 
  [
   -509179.72, 
   -158967.243
  ], 
  [
   -16189.226, 
   983811.627
  ], 
  [
   739432.063, 
   857267.768
  ], 
  [
   67352.497, 
   -43140.167
  ], 
  [
   -902320.055, 
   -151975.382
  ], 
  [
   104314.746, 
   633040.247
  ], 
  [
   169499.83, 
   51015.321
  ], 
  [
   309217.377, 
   -624149.243
  ], 
  [
   -78720.664, 
   -913375.789
  ], 
  [
   68867.869, 
   253064.394
  ], 
  [
   452178.187, 
   -639776.084
  ], 
  [
   -776913.341, 
   -899854.051
  ], 
  [
   987784.597, 
   -219698.706
  ], 
  [
   570480.158, 
   92926.007
  ], 
  [
   -889138.109, 
   -144974.388
  ], 
  [
   -868469.574, 
   -145581.178
  ], 
  [
   821909.975, 
   -235069.537
  ], 
  [
   331834.926, 
   234289.787
  ], 
  [
   -766419.693, 
   -78914.662
  ], 
  [
   120218.869, 
   -405804.626
  ], 
  [
   -678190.134, 
   320382.062
  ], 
  [
   82240.259, 
   849971.139
  ], 
  [
   874293.417, 
   -635939.039
  ], 
  [
   -280777.298, 
   524089.793
  ], 
  [
   -239057.156, 
   -959611.039
  ], 
  [
   995121.246, 
   538823.786
  ], 
  [
   -707116.64, 
   656729.704
  ], 
  [
   -875065.776, 
   -606581.384
  ], 
  [
   -771250.786, 
   541104.052
  ], 
  [
   408495.713, 
   116662.902
  ], 
  [
   885357.416, 
   902815.492
  ], 
  [
   -944233.78, 
   -213405.818
  ], 
  [
   -108513.068, 
   565216.759
  ], 
  [
   141863.637, 
   339886.509
  ], 
  [
   180025.203, 
   864027.928
  ], 
  [
   946156.158, 
   -901990.394
  ], 
  [
   -699193.92, 
   -378279.58
  ], 
  [
   141032.163, 
   -656615.452
  ], 
  [
   201416.531, 
   473050.811
  ], 
  [
   973213.457, 
   -203272.778
  ], 
  [
   -743652.984, 
   412644.181
  ], 
  [
   109395.951, 
   597051.435
  ], 
  [
   208630.58, 
   -953324.249
  ], 
  [
   30582.547, 
   155173.705
  ], 
  [
   -922827.075, 
   -411929.768
  ], 
  [
   1993.307, 
   -268909.214
  ], 
  [
   -125945.037, 
   692710.7
  ], 
  [
   -19653.448, 
   418187.571
  ], 
  [
   505339.214, 
   -506767.577
  ], 
  [
   -964037.76, 
   -12872.468
  ], 
  [
   -846454.157, 
   -550371.66
  ], 
  [
   -82766.312, 
   496241.488
  ], 
  [
   704912.108, 
   -312451.098
  ], 
  [
   39802.223, 
   -356308.545
  ], 
  [
   -314637.81, 
   -525170.81
  ], 
  [
   -957380.054, 
   579531.069
  ], 
  [
   -2097.848, 
   -454402.357
  ], 
  [
   481401.912, 
   -186133.693
  ], 
  [
   603154.214, 
   279188.903
  ], 
  [
   665156.763, 
   167895.825
  ], 
  [
   136694.239, 
   -85393.074
  ], 
  [
   -47951.542, 
   -651871.5
  ], 
  [
   756760.777, 
   -312798.875
  ], 
  [
   -161737.325, 
   922954.243
  ], 
  [
   246084.277, 
   94596.984
  ], 
  [
   -15442.06, 
   -873992.563
  ], 
  [
   -966989.623, 
   -428027.326
  ], 
  [
   346552.162, 
   -256198.1
  ], 
  [
   946592.347, 
   739984.716
  ]
 ], 
 "PUV": [
  true, 
  false, 
  true, 
  true, 
  true, 
  false, 
  true, 
  true, 
  true, 
  true, 
  true, 
  true, 
  true, 
  true, 
  false
 ], 
 "LCM": {
  "11": [
   "ORR", 
   "ANDD", 
   "ORR", 
   "NOTUSED", 
   "ORR", 
   "ORR", 
   "ORR", 
   "ANDD", 
   "ANDD", 
   "ORR", 
   "NOTUSED", 
   "ORR", 
   "NOTUSED", 
   "ORR", 
   "NOTUSED"
  ], 
  "10": [
   "NOTUSED", 
   "ANDD", 
   "NOTUSED", 
   "ORR", 
   "ORR", 
   "ORR", 
   "ANDD", 
   "NOTUSED", 
   "NOTUSED", 
   "ORR", 
   "ORR", 
   "NOTUSED", 
   "ANDD", 
   "ORR", 
   "ORR"
  ], 
  "13": [
   "ANDD", 
   "ORR", 
   "ANDD", 
   "ORR", 
   "NOTUSED", 
   "ANDD", 
   "NOTUSED", 
   "ANDD", 
   "ORR", 
   "NOTUSED", 
   "ORR", 
   "ORR", 
   "ORR", 
   "ORR", 
   "ORR"
  ], 
  "12": [
   "NOTUSED", 
   "NOTUSED", 
   "ANDD", 
   "ORR", 
   "ANDD", 
   "NOTUSED", 
   "ANDD", 
   "ANDD", 
   "ORR", 
   "ORR", 
   "ANDD", 
   "NOTUSED", 
   "ORR", 
   "ORR", 
   "NOTUSED"
  ], 
  "14": [
   "ANDD", 
   "ORR", 
   "ANDD", 
   "ANDD", 
   "ORR", 
   "ANDD", 
   "ANDD", 
   "NOTUSED", 
   "ORR", 
   "ORR", 
   "ORR", 
   "NOTUSED", 
   "NOTUSED", 
   "ORR", 
   "ORR"
  ], 
  "1": [
   "NOTUSED", 
   "ANDD", 
   "ANDD", 
   "ANDD", 
   "NOTUSED", 
   "ORR", 
   "ORR", 
   "ORR", 
   "NOTUSED", 
   "ORR", 
   "ANDD", 
   "ANDD", 
   "NOTUSED", 
   "ORR", 
   "ORR"
  ], 
  "0": [
   "ANDD", 
   "NOTUSED", 
   "ORR", 
   "ORR", 
   "ORR", 
   "NOTUSED", 
   "ANDD", 
   "ANDD", 
   "ORR", 
   "NOTUSED", 
   "NOTUSED", 
   "ORR", 
   "NOTUSED", 
   "ANDD", 
   "ANDD"
  ], 
  "3": [
   "ORR", 
   "ANDD", 
   "ANDD", 
   "NOTUSED", 
   "NOTUSED", 
   "NOTUSED", 
   "ORR", 
   "ORR", 
   "ORR", 
   "ANDD", 
   "ORR", 
   "NOTUSED", 
   "ORR", 
   "ORR", 
   "ANDD"
  ], 
  "2": [
   "ORR", 
   "ANDD", 
   "ANDD", 
   "ANDD", 
   "ANDD", 
   "NOTUSED", 
   "NOTUSED", 
   "NOTUSED", 
   "ORR", 
   "ORR", 
   "NOTUSED", 
   "ORR", 
   "ANDD", 
   "ANDD", 
   "ANDD"
  ], 
  "5": [
   "NOTUSED", 
   "ORR", 
   "NOTUSED", 
   "NOTUSED", 
   "ORR", 
   "NOTUSED", 
   "ORR", 
   "NOTUSED", 
   "NOTUSED", 
   "ORR", 
   "ORR", 
   "ORR", 
   "NOTUSED", 
   "ANDD", 
   "ANDD"
  ], 
  "4": [
   "ORR", 
   "NOTUSED", 
   "ANDD", 
   "NOTUSED", 
   "ANDD", 
   "ORR", 
   "ANDD", 
   "ORR", 
   "NOTUSED", 
   "ANDD", 
   "ORR", 
   "ORR", 
   "ANDD", 
   "NOTUSED", 
   "ORR"
  ], 
  "7": [
   "ANDD", 
   "ORR", 
   "NOTUSED", 
   "ORR", 
   "ORR", 
   "NOTUSED", 
   "ANDD", 
   "NOTUSED", 
   "NOTUSED", 
   "NOTUSED", 
   "NOTUSED", 
   "ANDD", 
   "ANDD", 
   "ANDD", 
   "NOTUSED"
  ], 
  "6": [
   "ANDD", 
   "ORR", 
   "NOTUSED", 
   "ORR", 
   "ANDD", 
   "ORR", 
   "ANDD", 
   "ANDD", 
   "ORR", 
   "ANDD", 
   "ANDD", 
   "ORR", 
   "ANDD", 
   "NOTUSED", 
   "ANDD"
  ], 
  "9": [
   "NOTUSED", 
   "ORR", 
   "ORR", 
   "ANDD", 
   "ANDD", 
   "ORR", 
   "ANDD", 
   "NOTUSED", 
   "NOTUSED", 
   "NOTUSED", 
   "ORR", 
   "ORR", 
   "ORR", 
   "NOTUSED", 
   "ORR"
  ], 
  "8": [
   "ORR", 
   "NOTUSED", 
   "ORR", 
   "ORR", 
   "NOTUSED", 
   "NOTUSED", 
   "ORR", 
   "NOTUSED", 
   "ORR", 
   "NOTUSED", 
   "NOTUSED", 
   "ANDD", 
   "ORR", 
   "ORR", 
   "ORR"
  ]
 }
}