{
 "random_seed": 2066925758, 
 "PARAMETERS": {
  "RADIUS1": 876833.169, 
  "QUADS": 1, 
  "RADIUS2": 195119.184, 
  "DIST": 866702.063, 
  "F_PTS": 32, 
  "K_PTS": 50, 
  "EPSILON": 1.614, 
  "LENGTH1": 38023.911, 
  "G_PTS": 1, 
  "Q_PTS": 21, 
  "N_PTS": 37, 
  "C_PTS": 13, 
  "AREA2": 867922.325, 
  "LENGTH2": 445046.633, 
  "B_PTS": 51, 
  "D_PTS": 41, 
  "AREA1": 848622.96, 
  "A_PTS": 20, 
  "E_PTS": 44
 }, 
 "NUMPOINTS": 91, 
 "points": [
  [
   436188.695, 
   -544279.126
  ], 
  [
   -514159.804, 
   -324930.306
  ], 
  [
   243394.92, 
   27952.365
  ], 
  [
   768494.846, 
   -386618.405
  ], 
  [
   -421728.669, 
   -638189.952
  ], 
  [
   -224768.042, 
   -299452.581
  ], 
  [
   612844.433, 
   375496.354
  ], 
  [
   -240624.0, 
   730087.748
  ], 
  [
   74990.172, 
   47712.731
  ], 
  [
   393002.614, 
   -430237.908
  ], 
  [
   801750.262, 
   253106.142
  ], 
  [
   -741723.098, 
   -365012.324
  ], 
  [
   504208.59, 
   -910147.87
  ], 
  [
   -707659.091, 
   -600611.736
  ], 
  [
   -210012.977, 
   92873.144
  ], 
  [
   937358.379, 
   995096.293
  ], 
  [
   383006.933, 
   -921610.131
  ], 
  [
   879429.759, 
   450442.826
  ], 
  [
   -785072.934, 
   290765.721
  ], 
  [
   582870.389, 
   921863.931
  ], 
  [
   942613.89, 
   -200904.301
  ], 
  [
   -502018.379, 
   -710851.071
  ], 
  [
   373146.347, 
   974765.843
  ], 
  [
   -226155.669, 
   -142451.137
  ], 
  [
   -555678.403, 
   -729155.521
  ], 
  [
   566322.089, 
   -404496.603
  ], 
  [
   -258705.357, 
   675417.886
  ], 
  [
   -504120.09, 
   464043.786
  ], 
  [
   437487.811, 
   -121869.483
  ], 
  [
   58913.871, 
   520662.961
  ], 
  [
   -831456.449, 
   560234.312
  ], 
  [
   676579.614, 
   -705651.604
  ], 
  [
   905694.241, 
   257848.313
  ], 
  [
   -576089.548, 
   924261.066
  ], 
  [
   314361.969, 
   -356660.398
  ], 
  [
   -29853.481, 
   906033.62
  ], 
  [
   -577309.586, 
   -261961.785
  ], 
  [
   577926.988, 
   -567305.613
  ], 
  [
   383850.755, 
   -452401.353
  ], 
  [
   -28858.364, 
   312777.239
  ], 
  [
   -714418.416, 
   429252.459
  ], 
  [
   -988051.612, 
   663125.242
  ], 
  [
   -238726.744, 
   -372038.561
  ], 
  [
   523676.448, 
   159106.322
  ], 
  [
   751906.263, 
   -390825.737
  ], 
  [
   912789.891, 
   -389338.412
  ], 
  [
   497480.858, 
   608238.491
  ], 
  [
   460131.071, 
   -570250.296
  ], 
  [
   857896.029, 
   482431.778
  ], 
  [
   124639.611, 
   -333481.846
  ], 
  [
   -523257.64, 
   18442.902
  ], 
  [
   532706.021, 
   -78872.838
  ], 
  [
   -353429.899, 
   -228245.025
  ], 
  [
   -965292.554, 
   -456070.094
  ], 
  [
   907103.844, 
   -106844.463
  ], 
  [
   -759150.862, 
   -568770.656
  ], 
  [
   -173551.466, 
   -648214.114
  ], 
  [
   -79208.853, 
   195881.805
  ], 
  [
   10247.367, 
   -645577.277
  ], 
  [
   -802526.56, 
   -83457.104
  ], 
  [
   -369549.993, 
   697016.353
  ], 
  [
   120376.242, 
   436198.919
  ], 
  [
   -109613.651, 
   -978311.152
  ], 
  [
   724634.708, 
   -853541.374
  ], 
  [
   869561.027, 
   -994179.544
  ], 
  [
   -393402.658, 
   524215.643
  ], 
  [
   -488517.077, 
   -330304.925
  ], 
  [
   196554.305, 
   -152307.637
  ], 
  [
   -231360.938, 
   -881118.579
  ], 
  [
   967181.337, 
   515196.427
  ], 
  [
   764473.291, 
   472125.735
  ], 
  [
   -85371.82, 
   496933.155
  ], 
  [
   246975.402, 
   67329.014
  ], 
  [
   -237262.859, 
   110828.751
  ], 
  [
   -309343.189, 
   966477.671
  ], 
  [
   -902534.571, 
   -99707.376
  ], 
  [
   -679499.944, 
   938930.0
  ], 
  [
   -303262.331, 
   -488992.897
  ], 
  [
   -313543.881, 
   166704.626
  ], 
  [
   -750281.546, 
   -263780.47
  ], 
  [
   644939.958, 
   229465.865
  ], 
  [
   696182.576, 
   835169.025
  ], 
  [
   896957.785, 
   -546239.747
  ], 
  [
   -313612.409, 
   999943.776
  ], 
  [
   736987.24, 
   -27326.231
  ], 
  [
   -999862.56, 
   -65987.619
  ], 
  [
   -820849.926, 
   743261.759
  ], 
  [
   593597.791, 
   945219.857
  ], 
  [
   672343.614, 
   935641.174
  ], 
  [
   715674.008, 
   809295.959
  ], 
  [
   434305.193, 
   156748.887
  ]
 ], 
 "PUV": [
  true, 
  true, 
  false, 
  true, 
  true, 
  true, 
  true, 
  false, 
  false, 
  false, 
  false, 
  false, 
  true, 
  false, 
  true
 ], 
 "LCM": {
  "11": [
   "NOTUSED", 
   "NOTUSED", 
   "ORR", 
   "NOTUSED", 
   "ANDD", 
   "NOTUSED", 
   "NOTUSED", 
   "ANDD", 
   "NOTUSED", 
   "ANDD", 
   "ANDD", 
   "ANDD", 
   "ANDD", 
   "NOTUSED", 
   "ANDD"
  ], 
  "10": [
   "NOTUSED", 
   "NOTUSED", 
   "NOTUSED", 
   "ORR", 
   "ANDD", 
   "ANDD", 
   "NOTUSED", 
   "NOTUSED", 
   "NOTUSED", 
   "NOTUSED", 
   "NOTUSED", 
   "ANDD", 
   "ORR", 
   "ORR", 
   "ORR"
  ], 
  "13": [
   "NOTUSED", 
   "NOTUSED", 
   "NOTUSED", 
   "ANDD", 
   "ORR", 
   "NOTUSED", 
   "NOTUSED", 
   "ORR", 
   "NOTUSED", 
   "ANDD", 
   "ORR", 
   "NOTUSED", 
   "ORR", 
   "ORR", 
   "NOTUSED"
  ], 
  "12": [
   "NOTUSED", 
   "ANDD", 
   "ANDD", 
   "NOTUSED", 
   "ANDD", 
   "ORR", 
   "ORR", 
   "ANDD", 
   "ANDD", 
   "ORR", 
   "ORR", 
   "ANDD", 
   "NOTUSED", 
   "ORR", 
   "ORR"
  ], 
  "14": [
   "ORR", 
   "NOTUSED", 
   "NOTUSED", 
   "NOTUSED", 
   "ORR", 
   "ANDD", 
   "ANDD", 
   "ORR", 
   "ORR", 
   "ORR", 
   "ORR", 
   "ANDD", 
   "ORR", 
   "NOTUSED", 
   "ORR"
  ], 
  "1": [
   "ORR", 
   "ORR", 
   "ANDD", 
   "ORR", 
   "ANDD", 
   "NOTUSED", 
   "ORR", 
   "NOTUSED", 
   "ORR", 
   "NOTUSED", 
   "NOTUSED", 
   "NOTUSED", 
   "ANDD", 
   "NOTUSED", 
   "NOTUSED"
  ], 
  "0": [
   "ANDD", 
   "ORR", 
   "ORR", 
   "ORR", 
   "NOTUSED", 
   "ANDD", 
   "ANDD", 
   "NOTUSED", 
   "NOTUSED", 
   "ANDD", 
   "NOTUSED", 
   "NOTUSED", 
   "NOTUSED", 
   "NOTUSED", 
   "ORR"
  ], 
  "3": [
   "ORR", 
   "ORR", 
   "ORR", 
   "ORR", 
   "ANDD", 
   "NOTUSED", 
   "ANDD", 
   "NOTUSED", 
   "ANDD", 
   "ORR", 
   "ORR", 
   "NOTUSED", 
   "NOTUSED", 
   "ANDD", 
   "NOTUSED"
  ], 
  "2": [
   "ORR", 
   "ANDD", 
   "ORR", 
   "ORR", 
   "ANDD", 
   "ANDD", 
   "NOTUSED", 
   "NOTUSED", 
   "NOTUSED", 
   "ANDD", 
   "NOTUSED", 
   "ORR", 
   "ANDD", 
   "NOTUSED", 
   "NOTUSED"
  ], 
  "5": [
   "ANDD", 
   "NOTUSED", 
   "ANDD", 
   "NOTUSED", 
   "ANDD", 
   "NOTUSED", 
   "ANDD", 
   "ANDD", 
   "ORR", 
   "ORR", 
   "ANDD", 
   "NOTUSED", 
   "ORR", 
   "NOTUSED", 
   "ANDD"
  ], 
  "4": [
   "NOTUSED", 
   "ANDD", 
   "ANDD", 
   "ANDD", 
   "ANDD", 
   "ANDD", 
   "ANDD", 
   "ORR", 
   "NOTUSED", 
   "NOTUSED", 
   "ANDD", 
   "ANDD", 
   "ANDD", 
   "ORR", 
   "ORR"
  ], 
  "7": [
   "NOTUSED", 
   "NOTUSED", 
   "NOTUSED", 
   "NOTUSED", 
   "ORR", 
   "ANDD", 
   "ORR", 
   "ORR", 
   "ANDD", 
   "ANDD", 
   "NOTUSED", 
   "ANDD", 
   "ANDD", 
   "ORR", 
   "ORR"
  ], 
  "6": [
   "ANDD", 
   "ORR", 
   "NOTUSED", 
   "ANDD", 
   "ANDD", 
   "ANDD", 
   "NOTUSED", 
   "ORR", 
   "ANDD", 
   "ANDD", 
   "NOTUSED", 
   "NOTUSED", 
   "ORR", 
   "NOTUSED", 
   "ANDD"
  ], 
  "9": [
   "ANDD", 
   "NOTUSED", 
   "ANDD", 
   "ORR", 
   "NOTUSED", 
   "ORR", 
   "ANDD", 
   "ANDD", 
   "NOTUSED", 
   "ANDD", 
   "NOTUSED", 
   "ANDD", 
   "ORR", 
   "ANDD", 
   "ORR"
  ], 
  "8": [
   "NOTUSED", 
   "ORR", 
   "NOTUSED", 
   "ANDD", 
   "NOTUSED", 
   "ORR", 
   "ANDD", 
   "ANDD", 
   "ORR", 
   "NOTUSED", 
   "NOTUSED", 
   "NOTUSED", 
   "ANDD", 
   "NOTUSED", 
   "ORR"
  ]
 }
}