{
 "random_seed": 373224946, 
 "PARAMETERS": {
  "RADIUS1": 81563.549, 
  "QUADS": 1, 
  "RADIUS2": 248326.168, 
  "DIST": 10947.694, 
  "F_PTS": 24, 
  "K_PTS": 19, 
  "EPSILON": 1.565, 
  "LENGTH1": 392478.314, 
  "G_PTS": 53, 
  "Q_PTS": 55, 
  "N_PTS": 45, 
  "C_PTS": 8, 
  "AREA2": 153931.725, 
  "LENGTH2": 649686.492, 
  "B_PTS": 13, 
  "D_PTS": 48, 
  "AREA1": 270300.206, 
  "A_PTS": 16, 
  "E_PTS": 26
 }, 
 "NUMPOINTS": 60, 
 "points": [
  [
   751198.571, 
   959784.59
  ], 
  [
   440195.261, 
   921404.999
  ], 
  [
   412356.697, 
   154557.899
  ], 
  [
   326497.625, 
   842258.825
  ], 
  [
   -762625.384, 
   -787493.639
  ], 
  [
   38936.19, 
   -494783.622
  ], 
  [
   -118114.927, 
   486457.945
  ], 
  [
   630751.784, 
   772433.278
  ], 
  [
   -731217.204, 
   820317.65
  ], 
  [
   -853748.09, 
   101705.946
  ], 
  [
   -553548.135, 
   341372.462
  ], 
  [
   189364.61, 
   232478.525
  ], 
  [
   153282.128, 
   -818762.121
  ], 
  [
   407532.861, 
   -952754.832
  ], 
  [
   414756.72, 
   182579.875
  ], 
  [
   -870121.719, 
   -16244.623
  ], 
  [
   -638847.071, 
   -533136.953
  ], 
  [
   342937.711, 
   -498861.196
  ], 
  [
   860115.508, 
   -916655.433
  ], 
  [
   -192890.922, 
   -726249.807
  ], 
  [
   -982393.773, 
   -872676.49
  ], 
  [
   -168278.639, 
   84072.259
  ], 
  [
   526965.902, 
   678586.005
  ], 
  [
   963816.404, 
   944803.653
  ], 
  [
   -561457.85, 
   -100314.996
  ], 
  [
   -217183.24, 
   -452085.218
  ], 
  [
   195518.228, 
   725192.591
  ], 
  [
   681920.673, 
   -86770.509
  ], 
  [
   362822.134, 
   129747.336
  ], 
  [
   -177225.637, 
   403017.903
  ], 
  [
   -730877.511, 
   40913.416
  ], 
  [
   -346911.91, 
   -940244.235
  ], 
  [
   77433.227, 
   -486290.214
  ], 
  [
   54162.127, 
   -793334.983
  ], 
  [
   -637854.292, 
   -75645.27
  ], 
  [
   695680.565, 
   -42969.453
  ], 
  [
   -371240.928, 
   867073.28
  ], 
  [
   -954302.458, 
   605604.301
  ], 
  [
   -910905.448, 
   -56918.799
  ], 
  [
   507408.419, 
   -752577.17
  ], 
  [
   536506.248, 
   -101396.556
  ], 
  [
   692745.515, 
   322634.763
  ], 
  [
   168727.913, 
   -653705.96
  ], 
  [
   -881229.011, 
   224009.37
  ], 
  [
   613223.547, 
   -687721.121
  ], 
  [
   -660242.596, 
   -608386.279
  ], 
  [
   -820918.934, 
   59021.851
  ], 
  [
   235110.323, 
   269765.787
  ], 
  [
   -937482.914, 
   484900.808
  ], 
  [
   428011.959, 
   -600868.279
  ], 
  [
   -924586.307, 
   -226698.695
  ], 
  [
   -462087.437, 
   680225.806
  ], 
  [
   -198735.153, 
   -166446.568
  ], 
  [
   -56065.95, 
   -759597.331
  ], 
  [
   -77083.701, 
   -177744.813
  ], 
  [
   -69299.097, 
   896515.481
  ], 
  [
   29025.276, 
   980489.23
  ], 
  [
   -687599.414, 
   -538826.887
  ], 
  [
   -58629.59, 
   -410893.677
  ], 
  [
   -866281.365, 
   -172835.814
  ]
 ], 
 "PUV": [
  false, 
  false, 
  true, 
  false, 
  false, 
  false, 
  true, 
  true, 
  true, 
  false, 
  true, 
  true, 
  true, 
  false, 
  true
 ], 
 "LCM": {
  "11": [
   "ANDD", 
   "NOTUSED", 
   "ORR", 
   "ANDD", 
   "NOTUSED", 
   "ANDD", 
   "ORR", 
   "ORR", 
   "NOTUSED", 
   "NOTUSED", 
   "NOTUSED", 
   "NOTUSED", 
   "ORR", 
   "NOTUSED", 
   "ANDD"
  ], 
  "10": [
   "ORR", 
   "ANDD", 
   "ANDD", 
   "ANDD", 
   "ORR", 
   "NOTUSED", 
   "ORR", 
   "ANDD", 
   "ANDD", 
   "ANDD", 
   "NOTUSED", 
   "NOTUSED", 
   "ORR", 
   "ANDD", 
   "NOTUSED"
  ], 
  "13": [
   "NOTUSED", 
   "ORR", 
   "NOTUSED", 
   "ORR", 
   "ORR", 
   "ORR", 
   "ANDD", 
   "ORR", 
   "ANDD", 
   "ORR", 
   "ANDD", 
   "NOTUSED", 
   "ANDD", 
   "ORR", 
   "NOTUSED"
  ], 
  "12": [
   "NOTUSED", 
   "ORR", 
   "ORR", 
   "ANDD", 
   "ANDD", 
   "NOTUSED", 
   "ORR", 
   "NOTUSED", 
   "NOTUSED", 
   "ANDD", 
   "ORR", 
   "ORR", 
   "ANDD", 
   "ANDD", 
   "ORR"
  ], 
  "14": [
   "ANDD", 
   "ANDD", 
   "NOTUSED", 
   "ANDD", 
   "ORR", 
   "ANDD", 
   "ANDD", 
   "ORR", 
   "ANDD", 
   "ORR", 
   "NOTUSED", 
   "ANDD", 
   "ORR", 
   "NOTUSED", 
   "ANDD"
  ], 
  "1": [
   "ANDD", 
   "ORR", 
   "ANDD", 
   "ORR", 
   "NOTUSED", 
   "ANDD", 
   "ORR", 
   "ANDD", 
   "NOTUSED", 
   "NOTUSED", 
   "ANDD", 
   "NOTUSED", 
   "ORR", 
   "ORR", 
   "ANDD"
  ], 
  "0": [
   "ANDD", 
   "ANDD", 
   "ORR", 
   "ANDD", 
   "ANDD", 
   "NOTUSED", 
   "NOTUSED", 
   "ORR", 
   "NOTUSED", 
   "ORR", 
   "ORR", 
   "ANDD", 
   "NOTUSED", 
   "NOTUSED", 
   "ANDD"
  ], 
  "3": [
   "ANDD", 
   "ORR", 
   "NOTUSED", 
   "NOTUSED", 
   "ANDD", 
   "NOTUSED", 
   "NOTUSED", 
   "NOTUSED", 
   "ORR", 
   "ANDD", 
   "ANDD", 
   "ANDD", 
   "ANDD", 
   "ORR", 
   "ANDD"
  ], 
  "2": [
   "ORR", 
   "ANDD", 
   "NOTUSED", 
   "NOTUSED", 
   "ANDD", 
   "ANDD", 
   "ANDD", 
   "ORR", 
   "ORR", 
   "NOTUSED", 
   "ANDD", 
   "ORR", 
   "ORR", 
   "NOTUSED", 
   "NOTUSED"
  ], 
  "5": [
   "NOTUSED", 
   "ANDD", 
   "ANDD", 
   "NOTUSED", 
   "ORR", 
   "ORR", 
   "NOTUSED", 
   "ORR", 
   "ANDD", 
   "NOTUSED", 
   "NOTUSED", 
   "ANDD", 
   "NOTUSED", 
   "ORR", 
   "ANDD"
  ], 
  "4": [
   "ANDD", 
   "NOTUSED", 
   "ANDD", 
   "ANDD", 
   "ANDD", 
   "ORR", 
   "ANDD", 
   "ORR", 
   "ORR", 
   "ANDD", 
   "ORR", 
   "NOTUSED", 
   "ANDD", 
   "ORR", 
   "ORR"
  ], 
  "7": [
   "ORR", 
   "ANDD", 
   "ORR", 
   "NOTUSED", 
   "ORR", 
   "ORR", 
   "ANDD", 
   "ORR", 
   "ORR", 
   "ORR", 
   "ANDD", 
   "ORR", 
   "NOTUSED", 
   "ORR", 
   "ORR"
  ], 
  "6": [
   "NOTUSED", 
   "ORR", 
   "ANDD", 
   "NOTUSED", 
   "ANDD", 
   "NOTUSED", 
   "NOTUSED", 
   "ANDD", 
   "ORR", 
   "ORR", 
   "ORR", 
   "ORR", 
   "ORR", 
   "ANDD", 
   "ANDD"
  ], 
  "9": [
   "ORR", 
   "NOTUSED", 
   "NOTUSED", 
   "ANDD", 
   "ANDD", 
   "NOTUSED", 
   "ORR", 
   "ORR", 
   "ANDD", 
   "NOTUSED", 
   "ANDD", 
   "NOTUSED", 
   "ANDD", 
   "ORR", 
   "ORR"
  ], 
  "8": [
   "NOTUSED", 
   "NOTUSED", 
   "ORR", 
   "ORR", 
   "ORR", 
   "ANDD", 
   "ORR", 
   "ORR", 
   "ANDD", 
   "ANDD", 
   "ANDD", 
   "NOTUSED", 
   "NOTUSED", 
   "ANDD", 
   "ANDD"
  ]
 }
}