{
 "random_seed": 1824975448, 
 "PARAMETERS": {
  "RADIUS1": 475913.917, 
  "QUADS": 3, 
  "RADIUS2": 89291.084, 
  "DIST": 747970.367, 
  "F_PTS": 9, 
  "K_PTS": 24, 
  "EPSILON": 2.34, 
  "LENGTH1": 848677.183, 
  "G_PTS": 11, 
  "Q_PTS": 13, 
  "N_PTS": 4, 
  "C_PTS": 5, 
  "AREA2": 529440.57, 
  "LENGTH2": 848570.881, 
  "B_PTS": 10, 
  "D_PTS": 17, 
  "AREA1": 260801.237, 
  "A_PTS": 8, 
  "E_PTS": 22
 }, 
 "NUMPOINTS": 39, 
 "points": [
  [
   976276.82, 
   -890395.581
  ], 
  [
   -241931.32, 
   685527.539
  ], 
  [
   -49085.188, 
   135295.06
  ], 
  [
   276270.191, 
   315848.56
  ], 
  [
   -473492.011, 
   -203936.73
  ], 
  [
   185832.173, 
   966186.702
  ], 
  [
   -728.223, 
   -509095.636
  ], 
  [
   386917.981, 
   -333184.185
  ], 
  [
   31371.062, 
   830863.373
  ], 
  [
   926629.958, 
   773456.654
  ], 
  [
   784986.568, 
   -663732.207
  ], 
  [
   -264952.442, 
   -991477.96
  ], 
  [
   904330.946, 
   -806107.264
  ], 
  [
   -54564.099, 
   -968361.971
  ], 
  [
   -474491.077, 
   -788994.02
  ], 
  [
   -814851.213, 
   302190.9
  ], 
  [
   132013.49, 
   -311863.082
  ], 
  [
   885818.032, 
   -834878.176
  ], 
  [
   -575265.747, 
   609005.702
  ], 
  [
   208075.893, 
   872745.967
  ], 
  [
   -992634.443, 
   -445723.219
  ], 
  [
   -562553.738, 
   826080.564
  ], 
  [
   386752.119, 
   -25429.228
  ], 
  [
   -169497.084, 
   -55660.322
  ], 
  [
   938344.285, 
   146761.349
  ], 
  [
   -753076.9, 
   303639.215
  ], 
  [
   -499084.393, 
   41592.855
  ], 
  [
   994043.142, 
   11935.186
  ], 
  [
   173774.19, 
   79772.065
  ], 
  [
   528045.514, 
   452179.276
  ], 
  [
   -877322.146, 
   195351.598
  ], 
  [
   4094.846, 
   -838749.476
  ], 
  [
   -909401.132, 
   373556.343
  ], 
  [
   -777088.92, 
   -335064.411
  ], 
  [
   173540.548, 
   527881.389
  ], 
  [
   -404941.216, 
   -802364.162
  ], 
  [
   -603145.731, 
   735117.375
  ], 
  [
   68038.364, 
   374269.973
  ], 
  [
   404331.336, 
   947276.622
  ]
 ], 
 "PUV": [
  true, 
  false, 
  false, 
  false, 
  true, 
  true, 
  true, 
  true, 
  true, 
  false, 
  false, 
  false, 
  false, 
  false, 
  true
 ], 
 "LCM": {
  "11": [
   "ORR", 
   "NOTUSED", 
   "NOTUSED", 
   "NOTUSED", 
   "ANDD", 
   "NOTUSED", 
   "ANDD", 
   "NOTUSED", 
   "ORR", 
   "NOTUSED", 
   "ANDD", 
   "ANDD", 
   "ANDD", 
   "ORR", 
   "ANDD"
  ], 
  "10": [
   "ANDD", 
   "ANDD", 
   "ANDD", 
   "ORR", 
   "ORR", 
   "NOTUSED", 
   "ANDD", 
   "ORR", 
   "ANDD", 
   "NOTUSED", 
   "NOTUSED", 
   "ANDD", 
   "ORR", 
   "ANDD", 
   "NOTUSED"
  ], 
  "13": [
   "ORR", 
   "ANDD", 
   "NOTUSED", 
   "ORR", 
   "ANDD", 
   "NOTUSED", 
   "ANDD", 
   "ORR", 
   "ORR", 
   "NOTUSED", 
   "ANDD", 
   "ORR", 
   "ANDD", 
   "ANDD", 
   "ORR"
  ], 
  "12": [
   "ANDD", 
   "ANDD", 
   "ORR", 
   "ORR", 
   "NOTUSED", 
   "ORR", 
   "ANDD", 
   "NOTUSED", 
   "ORR", 
   "ANDD", 
   "ORR", 
   "ANDD", 
   "NOTUSED", 
   "ANDD", 
   "ORR"
  ], 
  "14": [
   "NOTUSED", 
   "ORR", 
   "ORR", 
   "NOTUSED", 
   "NOTUSED", 
   "ORR", 
   "ORR", 
   "ANDD", 
   "ORR", 
   "ANDD", 
   "NOTUSED", 
   "ANDD", 
   "ORR", 
   "ORR", 
   "ORR"
  ], 
  "1": [
   "ANDD", 
   "ORR", 
   "ANDD", 
   "NOTUSED", 
   "ANDD", 
   "ORR", 
   "ORR", 
   "ANDD", 
   "ORR", 
   "NOTUSED", 
   "ANDD", 
   "NOTUSED", 
   "ANDD", 
   "ANDD", 
   "ORR"
  ], 
  "0": [
   "NOTUSED", 
   "ANDD", 
   "ORR", 
   "ORR", 
   "ORR", 
   "NOTUSED", 
   "ORR", 
   "ORR", 
   "ANDD", 
   "ANDD", 
   "ANDD", 
   "ORR", 
   "ANDD", 
   "ORR", 
   "NOTUSED"
  ], 
  "3": [
   "ORR", 
   "NOTUSED", 
   "ANDD", 
   "NOTUSED", 
   "ORR", 
   "NOTUSED", 
   "ORR", 
   "ORR", 
   "ORR", 
   "ORR", 
   "ORR", 
   "NOTUSED", 
   "ORR", 
   "ORR", 
   "NOTUSED"
  ], 
  "2": [
   "ORR", 
   "ANDD", 
   "NOTUSED", 
   "ANDD", 
   "NOTUSED", 
   "ANDD", 
   "NOTUSED", 
   "NOTUSED", 
   "ANDD", 
   "NOTUSED", 
   "ANDD", 
   "NOTUSED", 
   "ORR", 
   "NOTUSED", 
   "ORR"
  ], 
  "5": [
   "NOTUSED", 
   "ORR", 
   "ANDD", 
   "NOTUSED", 
   "ORR", 
   "ANDD", 
   "NOTUSED", 
   "NOTUSED", 
   "ORR", 
   "ORR", 
   "NOTUSED", 
   "NOTUSED", 
   "ORR", 
   "NOTUSED", 
   "ORR"
  ], 
  "4": [
   "ORR", 
   "ANDD", 
   "NOTUSED", 
   "ORR", 
   "ANDD", 
   "ORR", 
   "ANDD", 
   "ANDD", 
   "ANDD", 
   "ORR", 
   "ORR", 
   "ANDD", 
   "NOTUSED", 
   "ANDD", 
   "NOTUSED"
  ], 
  "7": [
   "ORR", 
   "ANDD", 
   "NOTUSED", 
   "ORR", 
   "ANDD", 
   "NOTUSED", 
   "ORR", 
   "NOTUSED", 
   "ORR", 
   "ANDD", 
   "ORR", 
   "NOTUSED", 
   "NOTUSED", 
   "ORR", 
   "ANDD"
  ], 
  "6": [
   "ORR", 
   "ORR", 
   "NOTUSED", 
   "ORR", 
   "ANDD", 
   "NOTUSED", 
   "ORR", 
   "ORR", 
   "NOTUSED", 
   "NOTUSED", 
   "ANDD", 
   "ANDD", 
   "ANDD", 
   "ANDD", 
   "ORR"
  ], 
  "9": [
   "ANDD", 
   "NOTUSED", 
   "NOTUSED", 
   "ORR", 
   "ORR", 
   "ORR", 
   "NOTUSED", 
   "ANDD", 
   "NOTUSED", 
   "NOTUSED", 
   "NOTUSED", 
   "NOTUSED", 
   "ANDD", 
   "NOTUSED", 
   "ANDD"
  ], 
  "8": [
   "ANDD", 
   "ORR", 
   "ANDD", 
   "ORR", 
   "ANDD", 
   "ORR", 
   "NOTUSED", 
   "ORR", 
   "ANDD", 
   "NOTUSED", 
   "ANDD", 
   "ORR", 
   "ORR", 
   "ORR", 
   "ORR"
  ]
 }
}