{
 "random_seed": 2512727556, 
 "PARAMETERS": {
  "RADIUS1": 438747.441, 
  "QUADS": 3, 
  "RADIUS2": 224180.022, 
  "DIST": 847752.627, 
  "F_PTS": 21, 
  "K_PTS": 13, 
  "EPSILON": 1.515, 
  "LENGTH1": 476670.439, 
  "G_PTS": 13, 
  "Q_PTS": 2, 
  "N_PTS": 34, 
  "C_PTS": 35, 
  "AREA2": 611030.692, 
  "LENGTH2": 525913.364, 
  "B_PTS": 18, 
  "D_PTS": 4, 
  "AREA1": 586556.742, 
  "A_PTS": 14, 
  "E_PTS": 18
 }, 
 "NUMPOINTS": 42, 
 "points": [
  [
   379106.136, 
   -592921.123
  ], 
  [
   125820.379, 
   993050.801
  ], 
  [
   100632.116, 
   743452.779
  ], 
  [
   -435545.509, 
   326912.457
  ], 
  [
   480043.699, 
   612657.448
  ], 
  [
   -544202.517, 
   -980271.758
  ], 
  [
   -331995.336, 
   -897987.924
  ], 
  [
   -502536.627, 
   -820819.529
  ], 
  [
   -812064.347, 
   210612.893
  ], 
  [
   -612493.822, 
   -561803.876
  ], 
  [
   745926.268, 
   509977.158
  ], 
  [
   975541.063, 
   899761.76
  ], 
  [
   562771.247, 
   736637.716
  ], 
  [
   74920.39, 
   -342615.499
  ], 
  [
   -895192.605, 
   -466003.484
  ], 
  [
   377356.997, 
   570337.069
  ], 
  [
   300657.385, 
   940390.323
  ], 
  [
   456098.075, 
   -347631.782
  ], 
  [
   -283528.449, 
   -778724.489
  ], 
  [
   23253.525, 
   -625192.986
  ], 
  [
   -761674.191, 
   -731123.834
  ], 
  [
   978364.523, 
   532927.239
  ], 
  [
   -710319.145, 
   199264.676
  ], 
  [
   -105789.912, 
   288900.046
  ], 
  [
   -608619.409, 
   105245.357
  ], 
  [
   638298.381, 
   -211553.299
  ], 
  [
   366822.663, 
   118352.627
  ], 
  [
   850988.682, 
   -585409.254
  ], 
  [
   -719814.015, 
   -930901.443
  ], 
  [
   807280.381, 
   124918.228
  ], 
  [
   -731632.572, 
   29931.455
  ], 
  [
   -332737.11, 
   797291.315
  ], 
  [
   325550.723, 
   377847.788
  ], 
  [
   796328.073, 
   -486133.927
  ], 
  [
   -60369.011, 
   -184352.985
  ], 
  [
   -526834.88, 
   -39160.505
  ], 
  [
   210883.468, 
   763577.603
  ], 
  [
   -342263.574, 
   -308496.845
  ], 
  [
   74500.748, 
   955917.959
  ], 
  [
   815522.174, 
   481707.49
  ], 
  [
   -775479.121, 
   389628.7
  ], 
  [
   992889.556, 
   -605255.318
  ]
 ], 
 "PUV": [
  true, 
  true, 
  true, 
  true, 
  false, 
  false, 
  true, 
  false, 
  true, 
  false, 
  true, 
  false, 
  false, 
  false, 
  true
 ], 
 "LCM": {
  "11": [
   "ORR", 
   "NOTUSED", 
   "ANDD", 
   "ORR", 
   "NOTUSED", 
   "ORR", 
   "NOTUSED", 
   "ORR", 
   "ANDD", 
   "ORR", 
   "ORR", 
   "NOTUSED", 
   "NOTUSED", 
   "ANDD", 
   "NOTUSED"
  ], 
  "10": [
   "ANDD", 
   "ANDD", 
   "NOTUSED", 
   "ORR", 
   "ORR", 
   "ANDD", 
   "ANDD", 
   "ORR", 
   "NOTUSED", 
   "ANDD", 
   "ANDD", 
   "ORR", 
   "ANDD", 
   "ANDD", 
   "ANDD"
  ], 
  "13": [
   "NOTUSED", 
   "ORR", 
   "ORR", 
   "ANDD", 
   "NOTUSED", 
   "ANDD", 
   "NOTUSED", 
   "ANDD", 
   "ORR", 
   "ANDD", 
   "ANDD", 
   "ANDD", 
   "ORR", 
   "ANDD", 
   "NOTUSED"
  ], 
  "12": [
   "NOTUSED", 
   "NOTUSED", 
   "ANDD", 
   "ANDD", 
   "ANDD", 
   "ORR", 
   "NOTUSED", 
   "ANDD", 
   "ORR", 
   "NOTUSED", 
   "ANDD", 
   "NOTUSED", 
   "ORR", 
   "ORR", 
   "ANDD"
  ], 
  "14": [
   "ANDD", 
   "NOTUSED", 
   "ANDD", 
   "ANDD", 
   "ANDD", 
   "ANDD", 
   "ORR", 
   "ORR", 
   "NOTUSED", 
   "ORR", 
   "ANDD", 
   "NOTUSED", 
   "ANDD", 
   "NOTUSED", 
   "NOTUSED"
  ], 
  "1": [
   "NOTUSED", 
   "ORR", 
   "ORR", 
   "ANDD", 
   "ANDD", 
   "ORR", 
   "ANDD", 
   "NOTUSED", 
   "ORR", 
   "ANDD", 
   "ANDD", 
   "NOTUSED", 
   "NOTUSED", 
   "ORR", 
   "NOTUSED"
  ], 
  "0": [
   "ORR", 
   "NOTUSED", 
   "ORR", 
   "ANDD", 
   "ORR", 
   "ORR", 
   "ANDD", 
   "ANDD", 
   "NOTUSED", 
   "ORR", 
   "ANDD", 
   "ORR", 
   "NOTUSED", 
   "NOTUSED", 
   "ANDD"
  ], 
  "3": [
   "ANDD", 
   "ANDD", 
   "ANDD", 
   "NOTUSED", 
   "NOTUSED", 
   "ORR", 
   "NOTUSED", 
   "NOTUSED", 
   "ANDD", 
   "ORR", 
   "ORR", 
   "ORR", 
   "ANDD", 
   "ANDD", 
   "ANDD"
  ], 
  "2": [
   "ORR", 
   "ORR", 
   "ORR", 
   "ANDD", 
   "ANDD", 
   "NOTUSED", 
   "ANDD", 
   "ORR", 
   "ANDD", 
   "ORR", 
   "NOTUSED", 
   "ANDD", 
   "ANDD", 
   "ORR", 
   "ANDD"
  ], 
  "5": [
   "ORR", 
   "ORR", 
   "NOTUSED", 
   "ORR", 
   "NOTUSED", 
   "NOTUSED", 
   "ANDD", 
   "ANDD", 
   "ORR", 
   "NOTUSED", 
   "ANDD", 
   "ORR", 
   "ORR", 
   "ANDD", 
   "ANDD"
  ], 
  "4": [
   "ORR", 
   "ANDD", 
   "ANDD", 
   "NOTUSED", 
   "ORR", 
   "NOTUSED", 
   "ORR", 
   "NOTUSED", 
   "NOTUSED", 
   "NOTUSED", 
   "ORR", 
   "NOTUSED", 
   "ANDD", 
   "NOTUSED", 
   "ANDD"
  ], 
  "7": [
   "ANDD", 
   "NOTUSED", 
   "ORR", 
   "NOTUSED", 
   "NOTUSED", 
   "ANDD", 
   "ORR", 
   "NOTUSED", 
   "ORR", 
   "ORR", 
   "ORR", 
   "ORR", 
   "ANDD", 
   "ANDD", 
   "ORR"
  ], 
  "6": [
   "ANDD", 
   "ANDD", 
   "ANDD", 
   "NOTUSED", 
   "ORR", 
   "ANDD", 
   "ORR", 
   "ORR", 
   "ORR", 
   "ANDD", 
   "ANDD", 
   "NOTUSED", 
   "NOTUSED", 
   "NOTUSED", 
   "ORR"
  ], 
  "9": [
   "ORR", 
   "ANDD", 
   "ORR", 
   "ORR", 
   "NOTUSED", 
   "NOTUSED", 
   "ANDD", 
   "ORR", 
   "NOTUSED", 
   "ANDD", 
   "ANDD", 
   "ORR", 
   "NOTUSED", 
   "ANDD", 
   "ORR"
  ], 
  "8": [
   "NOTUSED", 
   "ORR", 
   "ANDD", 
   "ANDD", 
   "NOTUSED", 
   "ORR", 
   "ORR", 
   "ORR", 
   "ANDD", 
   "NOTUSED", 
   "NOTUSED", 
   "ANDD", 
   "ORR", 
   "ORR", 
   "NOTUSED"
  ]
 }
}