{
 "random_seed": 1172227332, 
 "PARAMETERS": {
  "RADIUS1": 505868.111, 
  "QUADS": 3, 
  "RADIUS2": 447410.821, 
  "DIST": 361410.762, 
  "F_PTS": 57, 
  "K_PTS": 66, 
  "EPSILON": 2.813, 
  "LENGTH1": 292295.817, 
  "G_PTS": 37, 
  "Q_PTS": 21, 
  "N_PTS": 74, 
  "C_PTS": 4, 
  "AREA2": 590794.612, 
  "LENGTH2": 760826.089, 
  "B_PTS": 54, 
  "D_PTS": 24, 
  "AREA1": 993424.806, 
  "A_PTS": 16, 
  "E_PTS": 21
 }, 
 "NUMPOINTS": 84, 
 "points": [
  [
   393948.764, 
   587220.424
  ], 
  [
   -962584.333, 
   -399283.633
  ], 
  [
   -549348.718, 
   617768.696
  ], 
  [
   -403569.615, 
   -972254.122
  ], 
  [
   508559.027, 
   -805394.742
  ], 
  [
   -4855.622, 
   344525.276
  ], 
  [
   -766396.073, 
   559303.777
  ], 
  [
   -453132.981, 
   800555.608
  ], 
  [
   823468.893, 
   -823525.58
  ], 
  [
   947749.097, 
   -974976.438
  ], 
  [
   -391297.963, 
   -827816.224
  ], 
  [
   145595.834, 
   229403.287
  ], 
  [
   -730864.616, 
   297749.881
  ], 
  [
   443648.824, 
   71390.096
  ], 
  [
   -281245.739, 
   141648.908
  ], 
  [
   -236857.991, 
   666382.669
  ], 
  [
   -702027.614, 
   247925.683
  ], 
  [
   -20811.215, 
   84510.402
  ], 
  [
   -891515.526, 
   -404622.095
  ], 
  [
   763844.918, 
   -702744.106
  ], 
  [
   88376.65, 
   641213.709
  ], 
  [
   125025.074, 
   -628982.235
  ], 
  [
   59561.285, 
   834696.406
  ], 
  [
   926841.007, 
   459452.833
  ], 
  [
   857562.376, 
   -783030.977
  ], 
  [
   805503.381, 
   183872.385
  ], 
  [
   267569.122, 
   -707436.935
  ], 
  [
   -214752.611, 
   -458020.783
  ], 
  [
   152175.871, 
   -321968.98
  ], 
  [
   -102018.227, 
   -241385.673
  ], 
  [
   109511.812, 
   -675690.948
  ], 
  [
   929649.612, 
   942721.502
  ], 
  [
   -294188.142, 
   -245251.653
  ], 
  [
   -380521.941, 
   782108.645
  ], 
  [
   957988.25, 
   467435.857
  ], 
  [
   209304.015, 
   -301977.631
  ], 
  [
   -874817.949, 
   608561.678
  ], 
  [
   -703582.065, 
   598158.126
  ], 
  [
   -819909.267, 
   -861732.567
  ], 
  [
   662146.056, 
   948546.61
  ], 
  [
   -923411.848, 
   -431537.582
  ], 
  [
   79864.127, 
   13758.821
  ], 
  [
   896893.771, 
   58771.248
  ], 
  [
   178769.36, 
   -591728.795
  ], 
  [
   224631.629, 
   -578538.62
  ], 
  [
   -42874.459, 
   129996.859
  ], 
  [
   -550574.953, 
   105129.038
  ], 
  [
   149506.573, 
   717427.931
  ], 
  [
   -673588.43, 
   -74265.119
  ], 
  [
   -252430.898, 
   -548647.266
  ], 
  [
   -869404.758, 
   597543.528
  ], 
  [
   -433619.562, 
   399448.313
  ], 
  [
   192955.337, 
   -856005.941
  ], 
  [
   365606.892, 
   -453168.98
  ], 
  [
   -879905.667, 
   577134.44
  ], 
  [
   710418.33, 
   -978447.15
  ], 
  [
   651144.206, 
   -592601.655
  ], 
  [
   250335.651, 
   949398.55
  ], 
  [
   -844992.925, 
   -120214.145
  ], 
  [
   338715.334, 
   483395.317
  ], 
  [
   868813.684, 
   395944.293
  ], 
  [
   119205.086, 
   661891.307
  ], 
  [
   -756668.78, 
   -768.94
  ], 
  [
   -198584.462, 
   -432854.13
  ], 
  [
   896327.195, 
   312777.184
  ], 
  [
   -126007.851, 
   924668.055
  ], 
  [
   -975389.11, 
   -951745.133
  ], 
  [
   292581.212, 
   -432449.716
  ], 
  [
   356277.725, 
   -580725.18
  ], 
  [
   582017.865, 
   372342.614
  ], 
  [
   977445.958, 
   -543193.557
  ], 
  [
   -485294.149, 
   -566113.722
  ], 
  [
   -581540.269, 
   -755501.445
  ], 
  [
   -515865.111, 
   303298.771
  ], 
  [
   350722.42, 
   443793.012
  ], 
  [
   -95242.435, 
   -899935.214
  ], 
  [
   -967988.624, 
   786565.671
  ], 
  [
   217025.035, 
   -185073.841
  ], 
  [
   -206549.453, 
   769789.206
  ], 
  [
   -99419.194, 
   -516784.674
  ], 
  [
   -515334.278, 
   77320.11
  ], 
  [
   777520.273, 
   905214.268
  ], 
  [
   -853920.804, 
   -213126.679
  ], 
  [
   -827522.847, 
   477511.033
  ]
 ], 
 "PUV": [
  true, 
  true, 
  false, 
  false, 
  false, 
  true, 
  true, 
  true, 
  false, 
  false, 
  true, 
  true, 
  false, 
  false, 
  false
 ], 
 "LCM": {
  "11": [
   "NOTUSED", 
   "ANDD", 
   "NOTUSED", 
   "ANDD", 
   "ORR", 
   "ANDD", 
   "ORR", 
   "NOTUSED", 
   "ORR", 
   "NOTUSED", 
   "NOTUSED", 
   "ORR", 
   "ANDD", 
   "NOTUSED", 
   "NOTUSED"
  ], 
  "10": [
   "ANDD", 
   "NOTUSED", 
   "ORR", 
   "ANDD", 
   "NOTUSED", 
   "ANDD", 
   "ORR", 
   "ORR", 
   "ORR", 
   "ANDD", 
   "ORR", 
   "NOTUSED", 
   "NOTUSED", 
   "ANDD", 
   "ORR"
  ], 
  "13": [
   "NOTUSED", 
   "ANDD", 
   "ANDD", 
   "ORR", 
   "ORR", 
   "ANDD", 
   "ORR", 
   "NOTUSED", 
   "ANDD", 
   "ORR", 
   "ANDD", 
   "NOTUSED", 
   "NOTUSED", 
   "ORR", 
   "NOTUSED"
  ], 
  "12": [
   "ORR", 
   "ORR", 
   "ANDD", 
   "ANDD", 
   "NOTUSED", 
   "ORR", 
   "ORR", 
   "ANDD", 
   "ORR", 
   "ANDD", 
   "NOTUSED", 
   "ANDD", 
   "ANDD", 
   "NOTUSED", 
   "ANDD"
  ], 
  "14": [
   "ANDD", 
   "NOTUSED", 
   "ORR", 
   "ORR", 
   "ANDD", 
   "NOTUSED", 
   "ORR", 
   "ORR", 
   "ANDD", 
   "ORR", 
   "ORR", 
   "NOTUSED", 
   "ANDD", 
   "NOTUSED", 
   "NOTUSED"
  ], 
  "1": [
   "ORR", 
   "ANDD", 
   "ANDD", 
   "ANDD", 
   "ORR", 
   "ANDD", 
   "NOTUSED", 
   "NOTUSED", 
   "ANDD", 
   "ANDD", 
   "NOTUSED", 
   "ANDD", 
   "ORR", 
   "ANDD", 
   "NOTUSED"
  ], 
  "0": [
   "ORR", 
   "ORR", 
   "ANDD", 
   "ANDD", 
   "NOTUSED", 
   "ORR", 
   "ORR", 
   "ANDD", 
   "ORR", 
   "ANDD", 
   "ANDD", 
   "NOTUSED", 
   "ORR", 
   "NOTUSED", 
   "ANDD"
  ], 
  "3": [
   "ANDD", 
   "ANDD", 
   "ORR", 
   "ANDD", 
   "ANDD", 
   "ORR", 
   "ANDD", 
   "ANDD", 
   "ANDD", 
   "ANDD", 
   "ANDD", 
   "ANDD", 
   "ANDD", 
   "ORR", 
   "ORR"
  ], 
  "2": [
   "ANDD", 
   "ANDD", 
   "ORR", 
   "ORR", 
   "NOTUSED", 
   "NOTUSED", 
   "NOTUSED", 
   "ANDD", 
   "ANDD", 
   "NOTUSED", 
   "ORR", 
   "NOTUSED", 
   "ANDD", 
   "ANDD", 
   "ORR"
  ], 
  "5": [
   "ORR", 
   "ANDD", 
   "NOTUSED", 
   "ORR", 
   "NOTUSED", 
   "ORR", 
   "NOTUSED", 
   "ORR", 
   "ANDD", 
   "ORR", 
   "ANDD", 
   "ANDD", 
   "ORR", 
   "ANDD", 
   "NOTUSED"
  ], 
  "4": [
   "NOTUSED", 
   "ORR", 
   "NOTUSED", 
   "ANDD", 
   "ANDD", 
   "NOTUSED", 
   "NOTUSED", 
   "ANDD", 
   "NOTUSED", 
   "ORR", 
   "NOTUSED", 
   "ORR", 
   "NOTUSED", 
   "ORR", 
   "ANDD"
  ], 
  "7": [
   "ANDD", 
   "NOTUSED", 
   "ANDD", 
   "ANDD", 
   "ANDD", 
   "ORR", 
   "ANDD", 
   "ORR", 
   "ORR", 
   "ANDD", 
   "ORR", 
   "NOTUSED", 
   "ANDD", 
   "NOTUSED", 
   "ORR"
  ], 
  "6": [
   "ORR", 
   "NOTUSED", 
   "NOTUSED", 
   "ANDD", 
   "NOTUSED", 
   "NOTUSED", 
   "NOTUSED", 
   "ANDD", 
   "NOTUSED", 
   "NOTUSED", 
   "ORR", 
   "ORR", 
   "ORR", 
   "ORR", 
   "ORR"
  ], 
  "9": [
   "ANDD", 
   "ANDD", 
   "NOTUSED", 
   "ANDD", 
   "ORR", 
   "ORR", 
   "NOTUSED", 
   "ANDD", 
   "ANDD", 
   "ANDD", 
   "ANDD", 
   "NOTUSED", 
   "ANDD", 
   "ORR", 
   "ORR"
  ], 
  "8": [
   "ORR", 
   "ANDD", 
   "ANDD", 
   "ANDD", 
   "NOTUSED", 
   "ANDD", 
   "NOTUSED", 
   "ORR", 
   "NOTUSED", 
   "ANDD", 
   "ORR", 
   "ORR", 
   "ORR", 
   "ANDD", 
   "ANDD"
  ]
 }
}