{
 "random_seed": 3566526152, 
 "PARAMETERS": {
  "RADIUS1": 870774.446, 
  "QUADS": 2, 
  "RADIUS2": 751277.162, 
  "DIST": 115125.852, 
  "F_PTS": 7, 
  "K_PTS": 35, 
  "EPSILON": 1.263, 
  "LENGTH1": 312096.505, 
  "G_PTS": 7, 
  "Q_PTS": 33, 
  "N_PTS": 45, 
  "C_PTS": 47, 
  "AREA2": 743212.267, 
  "LENGTH2": 88982.156, 
  "B_PTS": 5, 
  "D_PTS": 3, 
  "AREA1": 762123.272, 
  "A_PTS": 29, 
  "E_PTS": 59
 }, 
 "NUMPOINTS": 75, 
 "points": [
  [
   -377496.232, 
   -921798.315
  ], 
  [
   -736095.422, 
   -942395.987
  ], 
  [
   -96671.49, 
   544950.289
  ], 
  [
   -888600.467, 
   287131.757
  ], 
  [
   -74272.354, 
   922440.185
  ], 
  [
   119918.468, 
   -933235.69
  ], 
  [
   -477490.582, 
   403317.852
  ], 
  [
   -656016.055, 
   -54604.155
  ], 
  [
   -45310.112, 
   192220.6
  ], 
  [
   -844659.28, 
   -938950.392
  ], 
  [
   704698.075, 
   139653.66
  ], 
  [
   -189479.83, 
   -484599.776
  ], 
  [
   755565.623, 
   -86144.506
  ], 
  [
   410785.464, 
   -263091.706
  ], 
  [
   -866507.798, 
   -468487.916
  ], 
  [
   270178.949, 
   -106644.605
  ], 
  [
   -789216.446, 
   304144.021
  ], 
  [
   119919.832, 
   863395.739
  ], 
  [
   634566.457, 
   -428327.656
  ], 
  [
   -460325.783, 
   494257.181
  ], 
  [
   -125481.616, 
   -967608.133
  ], 
  [
   -940955.413, 
   -74660.342
  ], 
  [
   927231.439, 
   927724.382
  ], 
  [
   970665.6, 
   530633.525
  ], 
  [
   43732.02, 
   17983.066
  ], 
  [
   887781.286, 
   -807700.628
  ], 
  [
   268766.667, 
   855756.428
  ], 
  [
   395512.3, 
   668573.248
  ], 
  [
   -160819.662, 
   -928107.954
  ], 
  [
   493629.62, 
   -870885.795
  ], 
  [
   509760.024, 
   73852.141
  ], 
  [
   311573.649, 
   613912.22
  ], 
  [
   -205336.603, 
   998871.362
  ], 
  [
   -452372.808, 
   -800791.799
  ], 
  [
   425270.707, 
   899472.661
  ], 
  [
   338491.14, 
   100201.26
  ], 
  [
   -628571.433, 
   477789.909
  ], 
  [
   -512797.854, 
   104861.761
  ], 
  [
   -753706.106, 
   -35345.843
  ], 
  [
   -750145.418, 
   501524.05
  ], 
  [
   -899464.489, 
   -422774.836
  ], 
  [
   -418698.536, 
   40413.602
  ], 
  [
   -864626.407, 
   -531737.798
  ], 
  [
   954331.015, 
   -665238.303
  ], 
  [
   662187.633, 
   344322.956
  ], 
  [
   399258.478, 
   -519473.008
  ], 
  [
   -987636.752, 
   215869.726
  ], 
  [
   -536526.209, 
   763506.084
  ], 
  [
   -622475.049, 
   -699966.238
  ], 
  [
   813375.514, 
   -481462.46
  ], 
  [
   580061.318, 
   -814072.121
  ], 
  [
   -22870.808, 
   309682.09
  ], 
  [
   -28230.439, 
   -395455.515
  ], 
  [
   -159974.729, 
   620372.819
  ], 
  [
   420036.225, 
   -177269.296
  ], 
  [
   -237799.094, 
   -363191.817
  ], 
  [
   -333166.155, 
   -577325.947
  ], 
  [
   780533.841, 
   774241.106
  ], 
  [
   -203671.624, 
   303202.626
  ], 
  [
   261693.971, 
   -356487.707
  ], 
  [
   505423.794, 
   12349.918
  ], 
  [
   -40720.265, 
   -462564.998
  ], 
  [
   209414.486, 
   324180.358
  ], 
  [
   494315.578, 
   487311.74
  ], 
  [
   787038.582, 
   -392430.362
  ], 
  [
   -887576.481, 
   595956.112
  ], 
  [
   29220.087, 
   -479948.455
  ], 
  [
   231566.688, 
   -888657.742
  ], 
  [
   808524.792, 
   805614.699
  ], 
  [
   -37139.292, 
   -830312.005
  ], 
  [
   -376701.435, 
   -548541.795
  ], 
  [
   444494.074, 
   -179753.529
  ], 
  [
   340704.354, 
   513943.82
  ], 
  [
   -807034.024, 
   -690571.186
  ], 
  [
   251831.637, 
   -594276.235
  ]
 ], 
 "PUV": [
  false, 
  true, 
  false, 
  false, 
  true, 
  true, 
  true, 
  true, 
  true, 
  true, 
  false, 
  false, 
  true, 
  true, 
  false
 ], 
 "LCM": {
  "11": [
   "ORR", 
   "ORR", 
   "ANDD", 
   "ANDD", 
   "NOTUSED", 
   "NOTUSED", 
   "ANDD", 
   "ORR", 
   "NOTUSED", 
   "ORR", 
   "ORR", 
   "ANDD", 
   "ANDD", 
   "NOTUSED", 
   "ANDD"
  ], 
  "10": [
   "NOTUSED", 
   "NOTUSED", 
   "ORR", 
   "ANDD", 
   "ANDD", 
   "ANDD", 
   "ORR", 
   "NOTUSED", 
   "ORR", 
   "ANDD", 
   "ORR", 
   "ORR", 
   "ORR", 
   "NOTUSED", 
   "NOTUSED"
  ], 
  "13": [
   "ORR", 
   "ORR", 
   "ANDD", 
   "NOTUSED", 
   "ORR", 
   "ANDD", 
   "ORR", 
   "ANDD", 
   "ANDD", 
   "NOTUSED", 
   "NOTUSED", 
   "NOTUSED", 
   "ORR", 
   "ANDD", 
   "ANDD"
  ], 
  "12": [
   "ANDD", 
   "NOTUSED", 
   "ORR", 
   "ORR", 
   "ANDD", 
   "NOTUSED", 
   "ANDD", 
   "ORR", 
   "ANDD", 
   "NOTUSED", 
   "ORR", 
   "ANDD", 
   "NOTUSED", 
   "ORR", 
   "ORR"
  ], 
  "14": [
   "ANDD", 
   "ORR", 
   "NOTUSED", 
   "NOTUSED", 
   "ORR", 
   "NOTUSED", 
   "ANDD", 
   "NOTUSED", 
   "ORR", 
   "NOTUSED", 
   "NOTUSED", 
   "ANDD", 
   "ORR", 
   "ANDD", 
   "ANDD"
  ], 
  "1": [
   "NOTUSED", 
   "ANDD", 
   "ORR", 
   "NOTUSED", 
   "NOTUSED", 
   "ANDD", 
   "ANDD", 
   "NOTUSED", 
   "ANDD", 
   "ORR", 
   "NOTUSED", 
   "ORR", 
   "NOTUSED", 
   "ORR", 
   "ORR"
  ], 
  "0": [
   "NOTUSED", 
   "NOTUSED", 
   "ANDD", 
   "ANDD", 
   "ORR", 
   "ANDD", 
   "NOTUSED", 
   "ANDD", 
   "ANDD", 
   "ORR", 
   "NOTUSED", 
   "ORR", 
   "ANDD", 
   "ORR", 
   "ANDD"
  ], 
  "3": [
   "ANDD", 
   "NOTUSED", 
   "NOTUSED", 
   "ORR", 
   "ANDD", 
   "ANDD", 
   "ANDD", 
   "ORR", 
   "ANDD", 
   "NOTUSED", 
   "ANDD", 
   "ANDD", 
   "ORR", 
   "NOTUSED", 
   "NOTUSED"
  ], 
  "2": [
   "ANDD", 
   "ORR", 
   "ORR", 
   "NOTUSED", 
   "ORR", 
   "ORR", 
   "NOTUSED", 
   "ANDD", 
   "NOTUSED", 
   "NOTUSED", 
   "ORR", 
   "ANDD", 
   "ORR", 
   "ANDD", 
   "NOTUSED"
  ], 
  "5": [
   "ANDD", 
   "ANDD", 
   "ORR", 
   "ANDD", 
   "ANDD", 
   "ORR", 
   "NOTUSED", 
   "NOTUSED", 
   "ANDD", 
   "ANDD", 
   "ANDD", 
   "NOTUSED", 
   "NOTUSED", 
   "ANDD", 
   "NOTUSED"
  ], 
  "4": [
   "ORR", 
   "NOTUSED", 
   "ORR", 
   "ANDD", 
   "ORR", 
   "ANDD", 
   "ANDD", 
   "ORR", 
   "NOTUSED", 
   "ORR", 
   "ANDD", 
   "NOTUSED", 
   "ANDD", 
   "ORR", 
   "ORR"
  ], 
  "7": [
   "ANDD", 
   "NOTUSED", 
   "ANDD", 
   "ORR", 
   "ORR", 
   "NOTUSED", 
   "ANDD", 
   "ORR", 
   "ORR", 
   "ANDD", 
   "NOTUSED", 
   "ORR", 
   "ORR", 
   "ANDD", 
   "NOTUSED"
  ], 
  "6": [
   "NOTUSED", 
   "ANDD", 
   "NOTUSED", 
   "ANDD", 
   "ANDD", 
   "NOTUSED", 
   "ORR", 
   "ANDD", 
   "ANDD", 
   "ORR", 
   "ORR", 
   "ANDD", 
   "ANDD", 
   "ORR", 
   "ANDD"
  ], 
  "9": [
   "ORR", 
   "ORR", 
   "NOTUSED", 
   "NOTUSED", 
   "ORR", 
   "ANDD", 
   "ORR", 
   "ANDD", 
   "ANDD", 
   "NOTUSED", 
   "ANDD", 
   "ORR", 
   "NOTUSED", 
   "NOTUSED", 
   "NOTUSED"
  ], 
  "8": [
   "ANDD", 
   "ANDD", 
   "NOTUSED", 
   "ANDD", 
   "NOTUSED", 
   "ANDD", 
   "ANDD", 
   "ORR", 
   "NOTUSED", 
   "ANDD", 
   "ORR", 
   "NOTUSED", 
   "ANDD", 
   "ANDD", 
   "ORR"
  ]
 }
}