{
 "random_seed": 838085184, 
 "PARAMETERS": {
  "RADIUS1": 659002.585, 
  "QUADS": 3, 
  "RADIUS2": 530458.421, 
  "DIST": 904615.104, 
  "F_PTS": 35, 
  "K_PTS": 13, 
  "EPSILON": 0.929, 
  "LENGTH1": 923420.899, 
  "G_PTS": 72, 
  "Q_PTS": 86, 
  "N_PTS": 20, 
  "C_PTS": 33, 
  "AREA2": 529867.279, 
  "LENGTH2": 947458.041, 
  "B_PTS": 22, 
  "D_PTS": 49, 
  "AREA1": 603831.958, 
  "A_PTS": 50, 
  "E_PTS": 3
 }, 
 "NUMPOINTS": 91, 
 "points": [
  [
   -588245.249, 
   948913.978
  ], 
  [
   -319890.248, 
   -847387.893
  ], 
  [
   750911.09, 
   -168354.202
  ], 
  [
   -570046.039, 
   584512.569
  ], 
  [
   570348.444, 
   -601051.614
  ], 
  [
   496154.48, 
   -458638.936
  ], 
  [
   -311551.176, 
   368735.59
  ], 
  [
   -568729.975, 
   -48076.049
  ], 
  [
   598547.449, 
   580786.703
  ], 
  [
   888837.814, 
   784252.523
  ], 
  [
   371089.965, 
   -482052.697
  ], 
  [
   553293.691, 
   72132.559
  ], 
  [
   310086.417, 
   980619.122
  ], 
  [
   998051.072, 
   -137046.207
  ], 
  [
   -686577.394, 
   -128053.787
  ], 
  [
   -244402.271, 
   -6818.734
  ], 
  [
   658682.044, 
   -713935.529
  ], 
  [
   885151.111, 
   -250644.257
  ], 
  [
   403981.518, 
   -329966.121
  ], 
  [
   -75138.626, 
   -988732.848
  ], 
  [
   -382089.522, 
   872862.747
  ], 
  [
   106964.264, 
   366153.339
  ], 
  [
   -157979.767, 
   57214.821
  ], 
  [
   -527134.041, 
   109224.047
  ], 
  [
   -464436.141, 
   -469691.524
  ], 
  [
   698035.488, 
   -156912.173
  ], 
  [
   587848.772, 
   -322659.471
  ], 
  [
   324082.988, 
   -552996.271
  ], 
  [
   -121474.894, 
   -820808.097
  ], 
  [
   90204.463, 
   -426810.01
  ], 
  [
   -243844.076, 
   320583.166
  ], 
  [
   -212668.143, 
   621375.423
  ], 
  [
   -188720.188, 
   -25509.946
  ], 
  [
   -572880.882, 
   -918132.883
  ], 
  [
   -803461.869, 
   671794.507
  ], 
  [
   -597370.738, 
   -149229.498
  ], 
  [
   -250611.368, 
   533569.792
  ], 
  [
   523549.702, 
   -588361.61
  ], 
  [
   -367131.495, 
   677548.374
  ], 
  [
   -683539.243, 
   940429.273
  ], 
  [
   593581.834, 
   -715001.043
  ], 
  [
   -88359.609, 
   145316.018
  ], 
  [
   658279.204, 
   -873900.751
  ], 
  [
   -364449.479, 
   110709.319
  ], 
  [
   -183531.996, 
   350783.963
  ], 
  [
   -388718.261, 
   -822157.345
  ], 
  [
   -481141.112, 
   412014.221
  ], 
  [
   926395.501, 
   -321284.405
  ], 
  [
   -734328.177, 
   -499322.642
  ], 
  [
   -589974.526, 
   463202.237
  ], 
  [
   -252422.612, 
   -649105.455
  ], 
  [
   635462.724, 
   851938.048
  ], 
  [
   -901765.203, 
   -970165.478
  ], 
  [
   -134526.912, 
   -541148.156
  ], 
  [
   867700.375, 
   683247.571
  ], 
  [
   -3911.683, 
   314272.726
  ], 
  [
   -804824.315, 
   850703.143
  ], 
  [
   -96677.281, 
   -334031.322
  ], 
  [
   -614833.613, 
   317140.775
  ], 
  [
   -412975.35, 
   434965.601
  ], 
  [
   965716.104, 
   519653.051
  ], 
  [
   148534.007, 
   -390272.439
  ], 
  [
   -858362.137, 
   -397027.274
  ], 
  [
   -106783.542, 
   556595.31
  ], 
  [
   -50281.951, 
   -356232.183
  ], 
  [
   973970.008, 
   154582.415
  ], 
  [
   660288.797, 
   997402.983
  ], 
  [
   422718.038, 
   -287199.049
  ], 
  [
   -551006.297, 
   921141.171
  ], 
  [
   266022.324, 
   756070.386
  ], 
  [
   416552.376, 
   91269.866
  ], 
  [
   -733296.861, 
   89718.136
  ], 
  [
   -427122.642, 
   584805.708
  ], 
  [
   379712.646, 
   -120671.071
  ], 
  [
   972401.495, 
   -592326.684
  ], 
  [
   -508725.167, 
   68837.272
  ], 
  [
   -490243.235, 
   -537846.829
  ], 
  [
   957616.853, 
   868832.716
  ], 
  [
   -190088.049, 
   -359658.551
  ], 
  [
   336265.494, 
   -904751.926
  ], 
  [
   320675.312, 
   -616027.494
  ], 
  [
   -365697.787, 
   -386569.271
  ], 
  [
   -995733.494, 
   -829379.136
  ], 
  [
   977667.35, 
   -112325.472
  ], 
  [
   -233630.518, 
   -654478.622
  ], 
  [
   382925.488, 
   617073.712
  ], 
  [
   273703.915, 
   867529.246
  ], 
  [
   773503.075, 
   990878.522
  ], 
  [
   777245.815, 
   148659.936
  ], 
  [
   -575442.299, 
   906240.228
  ], 
  [
   820477.212, 
   -515628.244
  ]
 ], 
 "PUV": [
  true, 
  false, 
  true, 
  false, 
  false, 
  true, 
  true, 
  true, 
  false, 
  false, 
  true, 
  false, 
  true, 
  true, 
  false
 ], 
 "LCM": {
  "11": [
   "ORR", 
   "NOTUSED", 
   "ANDD", 
   "ORR", 
   "ANDD", 
   "NOTUSED", 
   "NOTUSED", 
   "ORR", 
   "ANDD", 
   "ORR", 
   "ORR", 
   "ORR", 
   "ANDD", 
   "ORR", 
   "ORR"
  ], 
  "10": [
   "NOTUSED", 
   "ORR", 
   "ORR", 
   "ANDD", 
   "ANDD", 
   "ANDD", 
   "ANDD", 
   "ORR", 
   "ORR", 
   "ANDD", 
   "ORR", 
   "ORR", 
   "ORR", 
   "NOTUSED", 
   "NOTUSED"
  ], 
  "13": [
   "NOTUSED", 
   "NOTUSED", 
   "NOTUSED", 
   "ANDD", 
   "ORR", 
   "ORR", 
   "ORR", 
   "NOTUSED", 
   "ANDD", 
   "ORR", 
   "NOTUSED", 
   "ORR", 
   "ANDD", 
   "NOTUSED", 
   "ANDD"
  ], 
  "12": [
   "NOTUSED", 
   "ORR", 
   "ORR", 
   "NOTUSED", 
   "NOTUSED", 
   "ANDD", 
   "ANDD", 
   "ANDD", 
   "ANDD", 
   "ORR", 
   "ORR", 
   "ANDD", 
   "ANDD", 
   "ANDD", 
   "NOTUSED"
  ], 
  "14": [
   "ANDD", 
   "ORR", 
   "NOTUSED", 
   "ANDD", 
   "ORR", 
   "NOTUSED", 
   "NOTUSED", 
   "ORR", 
   "ANDD", 
   "ORR", 
   "NOTUSED", 
   "ORR", 
   "NOTUSED", 
   "ANDD", 
   "ANDD"
  ], 
  "1": [
   "ANDD", 
   "NOTUSED", 
   "ANDD", 
   "NOTUSED", 
   "ANDD", 
   "ORR", 
   "ORR", 
   "ANDD", 
   "ORR", 
   "ORR", 
   "ORR", 
   "NOTUSED", 
   "ORR", 
   "NOTUSED", 
   "ORR"
  ], 
  "0": [
   "ANDD", 
   "ANDD", 
   "NOTUSED", 
   "ANDD", 
   "ANDD", 
   "ORR", 
   "ANDD", 
   "ORR", 
   "NOTUSED", 
   "NOTUSED", 
   "NOTUSED", 
   "ORR", 
   "NOTUSED", 
   "NOTUSED", 
   "ANDD"
  ], 
  "3": [
   "ANDD", 
   "NOTUSED", 
   "ORR", 
   "NOTUSED", 
   "ANDD", 
   "ANDD", 
   "ORR", 
   "NOTUSED", 
   "NOTUSED", 
   "ORR", 
   "ANDD", 
   "ORR", 
   "NOTUSED", 
   "ANDD", 
   "ANDD"
  ], 
  "2": [
   "NOTUSED", 
   "ANDD", 
   "NOTUSED", 
   "ORR", 
   "NOTUSED", 
   "ANDD", 
   "NOTUSED", 
   "NOTUSED", 
   "ORR", 
   "NOTUSED", 
   "ORR", 
   "ANDD", 
   "ORR", 
   "NOTUSED", 
   "NOTUSED"
  ], 
  "5": [
   "ORR", 
   "ORR", 
   "ANDD", 
   "ANDD", 
   "ORR", 
   "ANDD", 
   "NOTUSED", 
   "ORR", 
   "NOTUSED", 
   "NOTUSED", 
   "ANDD", 
   "NOTUSED", 
   "ANDD", 
   "ORR", 
   "NOTUSED"
  ], 
  "4": [
   "ANDD", 
   "ANDD", 
   "NOTUSED", 
   "ANDD", 
   "ORR", 
   "ORR", 
   "ANDD", 
   "NOTUSED", 
   "ANDD", 
   "NOTUSED", 
   "ANDD", 
   "ANDD", 
   "NOTUSED", 
   "ORR", 
   "ORR"
  ], 
  "7": [
   "ORR", 
   "ANDD", 
   "NOTUSED", 
   "NOTUSED", 
   "NOTUSED", 
   "ORR", 
   "ANDD", 
   "ANDD", 
   "NOTUSED", 
   "ORR", 
   "ORR", 
   "ORR", 
   "ANDD", 
   "NOTUSED", 
   "ORR"
  ], 
  "6": [
   "ANDD", 
   "ORR", 
   "NOTUSED", 
   "ORR", 
   "ANDD", 
   "NOTUSED", 
   "ANDD", 
   "ANDD", 
   "ORR", 
   "NOTUSED", 
   "ANDD", 
   "NOTUSED", 
   "ANDD", 
   "ORR", 
   "NOTUSED"
  ], 
  "9": [
   "NOTUSED", 
   "ORR", 
   "NOTUSED", 
   "ORR", 
   "NOTUSED", 
   "NOTUSED", 
   "NOTUSED", 
   "ORR", 
   "ANDD", 
   "ORR", 
   "ANDD", 
   "ORR", 
   "ORR", 
   "ORR", 
   "ORR"
  ], 
  "8": [
   "NOTUSED", 
   "ORR", 
   "ORR", 
   "NOTUSED", 
   "ANDD", 
   "NOTUSED", 
   "ORR", 
   "NOTUSED", 
   "ORR", 
   "ANDD", 
   "ORR", 
   "ANDD", 
   "ANDD", 
   "ANDD", 
   "ANDD"
  ]
 }
}