{
 "random_seed": 3066664936, 
 "PARAMETERS": {
  "RADIUS1": 412065.53, 
  "QUADS": 2, 
  "RADIUS2": 409671.788, 
  "DIST": 566251.915, 
  "F_PTS": 6, 
  "K_PTS": 28, 
  "EPSILON": 2.877, 
  "LENGTH1": 665216.555, 
  "G_PTS": 13, 
  "Q_PTS": 4, 
  "N_PTS": 56, 
  "C_PTS": 10, 
  "AREA2": 46198.148, 
  "LENGTH2": 751743.764, 
  "B_PTS": 3, 
  "D_PTS": 22, 
  "AREA1": 215150.92, 
  "A_PTS": 2, 
  "E_PTS": 33
 }, 
 "NUMPOINTS": 57, 
 "points": [
  [
   952029.617, 
   -412491.769
  ], 
  [
   -310670.577, 
   996516.777
  ], 
  [
   -958301.689, 
   -364255.138
  ], 
  [
   -92609.641, 
   96844.262
  ], 
  [
   364465.846, 
   20941.827
  ], 
  [
   914060.726, 
   -20144.138
  ], 
  [
   -706419.847, 
   -108720.844
  ], 
  [
   984476.218, 
   228258.121
  ], 
  [
   -830658.015, 
   387429.276
  ], 
  [
   95409.686, 
   -71721.466
  ], 
  [
   856478.91, 
   -786385.687
  ], 
  [
   157562.309, 
   903093.824
  ], 
  [
   258865.531, 
   -717030.659
  ], 
  [
   602627.625, 
   813684.507
  ], 
  [
   995485.649, 
   23104.684
  ], 
  [
   -575066.534, 
   -902726.066
  ], 
  [
   -615862.57, 
   -238551.925
  ], 
  [
   -344318.094, 
   -735960.935
  ], 
  [
   -193157.88, 
   -922396.004
  ], 
  [
   -211651.168, 
   -661473.732
  ], 
  [
   513556.911, 
   -280468.516
  ], 
  [
   -324877.352, 
   653893.039
  ], 
  [
   -744378.978, 
   -232317.696
  ], 
  [
   -463259.718, 
   73198.359
  ], 
  [
   -967735.051, 
   -220048.559
  ], 
  [
   175783.656, 
   -823067.061
  ], 
  [
   25353.023, 
   -912114.611
  ], 
  [
   -332157.892, 
   157760.071
  ], 
  [
   -528183.419, 
   905312.218
  ], 
  [
   84748.576, 
   -399699.243
  ], 
  [
   454374.748, 
   -166296.167
  ], 
  [
   772237.874, 
   -691629.34
  ], 
  [
   367254.479, 
   788979.231
  ], 
  [
   794240.167, 
   346617.634
  ], 
  [
   351142.566, 
   -755482.265
  ], 
  [
   314461.775, 
   -538323.083
  ], 
  [
   -143976.532, 
   324770.524
  ], 
  [
   97034.523, 
   796648.115
  ], 
  [
   -288198.113, 
   750029.693
  ], 
  [
   -467485.326, 
   306073.095
  ], 
  [
   -750216.967, 
   -113463.282
  ], 
  [
   -612499.41, 
   260873.339
  ], 
  [
   78039.278, 
   413730.929
  ], 
  [
   -792490.215, 
   550891.287
  ], 
  [
   -236105.367, 
   801966.147
  ], 
  [
   -710365.175, 
   -15616.734
  ], 
  [
   130102.258, 
   675478.252
  ], 
  [
   318851.963, 
   83040.719
  ], 
  [
   981013.11, 
   -268596.011
  ], 
  [
   5993.024, 
   385704.583
  ], 
  [
   364286.896, 
   908736.426
  ], 
  [
   858596.134, 
   153343.138
  ], 
  [
   -393079.82, 
   -330255.601
  ], 
  [
   541992.399, 
   -934587.714
  ], 
  [
   -339395.684, 
   350764.134
  ], 
  [
   -954598.729, 
   -79916.203
  ], 
  [
   -966772.231, 
   -259678.591
  ]
 ], 
 "PUV": [
  true, 
  false, 
  true, 
  false, 
  false, 
  false, 
  false, 
  false, 
  true, 
  false, 
  false, 
  true, 
  false, 
  true, 
  false
 ], 
 "LCM": {
  "11": [
   "ANDD", 
   "ANDD", 
   "NOTUSED", 
   "ORR", 
   "ORR", 
   "NOTUSED", 
   "NOTUSED", 
   "NOTUSED", 
   "ANDD", 
   "ANDD", 
   "NOTUSED", 
   "ORR", 
   "NOTUSED", 
   "ORR", 
   "NOTUSED"
  ], 
  "10": [
   "NOTUSED", 
   "NOTUSED", 
   "ORR", 
   "NOTUSED", 
   "ANDD", 
   "NOTUSED", 
   "ORR", 
   "ANDD", 
   "NOTUSED", 
   "NOTUSED", 
   "NOTUSED", 
   "NOTUSED", 
   "ORR", 
   "ORR", 
   "ANDD"
  ], 
  "13": [
   "NOTUSED", 
   "ANDD", 
   "ORR", 
   "ORR", 
   "NOTUSED", 
   "ANDD", 
   "ANDD", 
   "ANDD", 
   "ORR", 
   "ANDD", 
   "ORR", 
   "ORR", 
   "ANDD", 
   "ORR", 
   "ORR"
  ], 
  "12": [
   "NOTUSED", 
   "ANDD", 
   "NOTUSED", 
   "ANDD", 
   "NOTUSED", 
   "ORR", 
   "ANDD", 
   "NOTUSED", 
   "ANDD", 
   "ANDD", 
   "ORR", 
   "NOTUSED", 
   "NOTUSED", 
   "ANDD", 
   "NOTUSED"
  ], 
  "14": [
   "ORR", 
   "NOTUSED", 
   "NOTUSED", 
   "ORR", 
   "ANDD", 
   "ANDD", 
   "ANDD", 
   "ANDD", 
   "NOTUSED", 
   "ORR", 
   "ANDD", 
   "NOTUSED", 
   "NOTUSED", 
   "ORR", 
   "NOTUSED"
  ], 
  "1": [
   "ORR", 
   "ORR", 
   "ANDD", 
   "ORR", 
   "ANDD", 
   "NOTUSED", 
   "NOTUSED", 
   "ORR", 
   "NOTUSED", 
   "NOTUSED", 
   "NOTUSED", 
   "ANDD", 
   "ANDD", 
   "ANDD", 
   "NOTUSED"
  ], 
  "0": [
   "NOTUSED", 
   "ORR", 
   "NOTUSED", 
   "ANDD", 
   "ANDD", 
   "ORR", 
   "ANDD", 
   "NOTUSED", 
   "ORR", 
   "NOTUSED", 
   "NOTUSED", 
   "ANDD", 
   "NOTUSED", 
   "NOTUSED", 
   "ORR"
  ], 
  "3": [
   "ANDD", 
   "ORR", 
   "NOTUSED", 
   "NOTUSED", 
   "NOTUSED", 
   "NOTUSED", 
   "NOTUSED", 
   "NOTUSED", 
   "ANDD", 
   "ANDD", 
   "NOTUSED", 
   "ORR", 
   "ANDD", 
   "ORR", 
   "ORR"
  ], 
  "2": [
   "NOTUSED", 
   "ANDD", 
   "NOTUSED", 
   "NOTUSED", 
   "NOTUSED", 
   "ANDD", 
   "ORR", 
   "NOTUSED", 
   "NOTUSED", 
   "ORR", 
   "ORR", 
   "NOTUSED", 
   "NOTUSED", 
   "ORR", 
   "NOTUSED"
  ], 
  "5": [
   "ORR", 
   "NOTUSED", 
   "ANDD", 
   "NOTUSED", 
   "NOTUSED", 
   "ORR", 
   "ANDD", 
   "ORR", 
   "ANDD", 
   "ORR", 
   "NOTUSED", 
   "NOTUSED", 
   "ORR", 
   "ANDD", 
   "ANDD"
  ], 
  "4": [
   "ANDD", 
   "ANDD", 
   "NOTUSED", 
   "NOTUSED", 
   "ANDD", 
   "NOTUSED", 
   "NOTUSED", 
   "NOTUSED", 
   "NOTUSED", 
   "ORR", 
   "ANDD", 
   "ORR", 
   "NOTUSED", 
   "NOTUSED", 
   "ANDD"
  ], 
  "7": [
   "NOTUSED", 
   "ORR", 
   "NOTUSED", 
   "NOTUSED", 
   "NOTUSED", 
   "ORR", 
   "ANDD", 
   "NOTUSED", 
   "ANDD", 
   "ORR", 
   "ANDD", 
   "NOTUSED", 
   "NOTUSED", 
   "ANDD", 
   "ANDD"
  ], 
  "6": [
   "ANDD", 
   "NOTUSED", 
   "ORR", 
   "NOTUSED", 
   "NOTUSED", 
   "ANDD", 
   "ANDD", 
   "ANDD", 
   "ORR", 
   "ANDD", 
   "ORR", 
   "NOTUSED", 
   "ANDD", 
   "ANDD", 
   "ANDD"
  ], 
  "9": [
   "NOTUSED", 
   "NOTUSED", 
   "ORR", 
   "ANDD", 
   "ORR", 
   "ORR", 
   "ANDD", 
   "ORR", 
   "ORR", 
   "ORR", 
   "NOTUSED", 
   "ANDD", 
   "ANDD", 
   "ANDD", 
   "ORR"
  ], 
  "8": [
   "ORR", 
   "NOTUSED", 
   "NOTUSED", 
   "ANDD", 
   "NOTUSED", 
   "ANDD", 
   "ORR", 
   "ANDD", 
   "ORR", 
   "ORR", 
   "NOTUSED", 
   "ANDD", 
   "ANDD", 
   "ORR", 
   "NOTUSED"
  ]
 }
}