{
 "random_seed": 3168590980, 
 "PARAMETERS": {
  "RADIUS1": 769734.394, 
  "QUADS": 2, 
  "RADIUS2": 857774.86, 
  "DIST": 208901.566, 
  "F_PTS": 18, 
  "K_PTS": 49, 
  "EPSILON": 1.665, 
  "LENGTH1": 972752.427, 
  "G_PTS": 46, 
  "Q_PTS": 53, 
  "N_PTS": 49, 
  "C_PTS": 7, 
  "AREA2": 281509.663, 
  "LENGTH2": 547071.635, 
  "B_PTS": 28, 
  "D_PTS": 9, 
  "AREA1": 182449.092, 
  "A_PTS": 19, 
  "E_PTS": 37
 }, 
 "NUMPOINTS": 59, 
 "points": [
  [
   -800316.253, 
   10788.384
  ], 
  [
   -336191.901, 
   -346719.112
  ], 
  [
   445898.61, 
   -221256.137
  ], 
  [
   504540.04, 
   -132154.28
  ], 
  [
   -20100.656, 
   -708931.267
  ], 
  [
   506611.821, 
   -88158.964
  ], 
  [
   597847.72, 
   -259477.284
  ], 
  [
   236387.283, 
   -584501.679
  ], 
  [
   475118.746, 
   -960348.79
  ], 
  [
   597954.675, 
   -412128.354
  ], 
  [
   -543094.7, 
   690054.466
  ], 
  [
   -393757.278, 
   591070.185
  ], 
  [
   264296.781, 
   -302273.581
  ], 
  [
   761607.229, 
   -171502.949
  ], 
  [
   869237.517, 
   -411421.691
  ], 
  [
   -495501.447, 
   -981343.795
  ], 
  [
   -497037.589, 
   -455664.01
  ], 
  [
   -355214.917, 
   -677524.2
  ], 
  [
   -575103.624, 
   480240.212
  ], 
  [
   274041.853, 
   287525.742
  ], 
  [
   -451970.305, 
   -820168.832
  ], 
  [
   -432097.386, 
   260863.071
  ], 
  [
   -863208.427, 
   580808.105
  ], 
  [
   -603891.433, 
   -850328.32
  ], 
  [
   907388.879, 
   124321.563
  ], 
  [
   -54746.794, 
   716640.205
  ], 
  [
   -70896.472, 
   -425316.183
  ], 
  [
   -148267.247, 
   -945107.638
  ], 
  [
   -715159.275, 
   126232.744
  ], 
  [
   -309992.429, 
   -481605.448
  ], 
  [
   464016.105, 
   785343.423
  ], 
  [
   910759.17, 
   -35605.13
  ], 
  [
   -787771.966, 
   -61066.546
  ], 
  [
   -297685.375, 
   -713911.217
  ], 
  [
   982123.984, 
   -311003.326
  ], 
  [
   179689.003, 
   -110763.166
  ], 
  [
   710149.008, 
   104917.905
  ], 
  [
   -374668.672, 
   -956088.671
  ], 
  [
   289416.173, 
   603228.028
  ], 
  [
   898527.48, 
   986048.68
  ], 
  [
   65645.419, 
   594094.61
  ], 
  [
   1337.891, 
   324906.305
  ], 
  [
   494516.649, 
   -407262.854
  ], 
  [
   -585546.197, 
   531991.919
  ], 
  [
   -398168.612, 
   -413668.788
  ], 
  [
   618267.286, 
   -472143.401
  ], 
  [
   40703.649, 
   671841.055
  ], 
  [
   900316.588, 
   -647225.509
  ], 
  [
   5926.179, 
   295069.703
  ], 
  [
   258870.362, 
   90710.518
  ], 
  [
   790335.314, 
   738037.301
  ], 
  [
   -369460.416, 
   -476969.774
  ], 
  [
   -45671.839, 
   -906146.062
  ], 
  [
   -291225.984, 
   892983.707
  ], 
  [
   556076.328, 
   -184495.783
  ], 
  [
   380457.177, 
   19247.696
  ], 
  [
   720850.016, 
   -237360.284
  ], 
  [
   532924.101, 
   -28073.909
  ], 
  [
   974949.151, 
   738960.987
  ]
 ], 
 "PUV": [
  true, 
  false, 
  false, 
  false, 
  false, 
  false, 
  true, 
  false, 
  false, 
  false, 
  true, 
  true, 
  false, 
  true, 
  false
 ], 
 "LCM": {
  "11": [
   "ORR", 
   "ANDD", 
   "ORR", 
   "ORR", 
   "NOTUSED", 
   "ANDD", 
   "NOTUSED", 
   "ORR", 
   "NOTUSED", 
   "NOTUSED", 
   "ORR", 
   "ANDD", 
   "ANDD", 
   "NOTUSED", 
   "ANDD"
  ], 
  "10": [
   "ORR", 
   "ORR", 
   "ANDD", 
   "ORR", 
   "ANDD", 
   "ANDD", 
   "NOTUSED", 
   "ORR", 
   "NOTUSED", 
   "ANDD", 
   "ANDD", 
   "ORR", 
   "ORR", 
   "ANDD", 
   "ORR"
  ], 
  "13": [
   "ANDD", 
   "ANDD", 
   "ORR", 
   "ANDD", 
   "ANDD", 
   "ANDD", 
   "NOTUSED", 
   "ANDD", 
   "NOTUSED", 
   "ANDD", 
   "ANDD", 
   "NOTUSED", 
   "NOTUSED", 
   "NOTUSED", 
   "ORR"
  ], 
  "12": [
   "NOTUSED", 
   "NOTUSED", 
   "ORR", 
   "NOTUSED", 
   "ORR", 
   "ANDD", 
   "ORR", 
   "ORR", 
   "ORR", 
   "ANDD", 
   "ORR", 
   "ANDD", 
   "ORR", 
   "NOTUSED", 
   "NOTUSED"
  ], 
  "14": [
   "ORR", 
   "ANDD", 
   "ORR", 
   "ANDD", 
   "ANDD", 
   "NOTUSED", 
   "ORR", 
   "ORR", 
   "ANDD", 
   "NOTUSED", 
   "ORR", 
   "ANDD", 
   "NOTUSED", 
   "ORR", 
   "ORR"
  ], 
  "1": [
   "NOTUSED", 
   "ANDD", 
   "ORR", 
   "ANDD", 
   "NOTUSED", 
   "NOTUSED", 
   "ORR", 
   "ANDD", 
   "ANDD", 
   "NOTUSED", 
   "ORR", 
   "ANDD", 
   "NOTUSED", 
   "ANDD", 
   "ANDD"
  ], 
  "0": [
   "NOTUSED", 
   "NOTUSED", 
   "ANDD", 
   "ORR", 
   "ORR", 
   "ANDD", 
   "NOTUSED", 
   "ORR", 
   "ORR", 
   "NOTUSED", 
   "ORR", 
   "ORR", 
   "NOTUSED", 
   "ANDD", 
   "ORR"
  ], 
  "3": [
   "ORR", 
   "ANDD", 
   "ANDD", 
   "NOTUSED", 
   "ANDD", 
   "ANDD", 
   "ORR", 
   "ANDD", 
   "ANDD", 
   "NOTUSED", 
   "ORR", 
   "ORR", 
   "NOTUSED", 
   "ANDD", 
   "ANDD"
  ], 
  "2": [
   "ANDD", 
   "ORR", 
   "ORR", 
   "ANDD", 
   "NOTUSED", 
   "ORR", 
   "ORR", 
   "NOTUSED", 
   "ANDD", 
   "NOTUSED", 
   "ANDD", 
   "ORR", 
   "ORR", 
   "ORR", 
   "ORR"
  ], 
  "5": [
   "ANDD", 
   "NOTUSED", 
   "ORR", 
   "ANDD", 
   "NOTUSED", 
   "ANDD", 
   "ANDD", 
   "ANDD", 
   "NOTUSED", 
   "ORR", 
   "ANDD", 
   "ANDD", 
   "ANDD", 
   "ANDD", 
   "NOTUSED"
  ], 
  "4": [
   "ORR", 
   "NOTUSED", 
   "NOTUSED", 
   "ANDD", 
   "NOTUSED", 
   "NOTUSED", 
   "ORR", 
   "ANDD", 
   "ANDD", 
   "NOTUSED", 
   "ANDD", 
   "NOTUSED", 
   "ORR", 
   "ANDD", 
   "ANDD"
  ], 
  "7": [
   "ORR", 
   "ANDD", 
   "NOTUSED", 
   "ANDD", 
   "ANDD", 
   "ANDD", 
   "ANDD", 
   "NOTUSED", 
   "ORR", 
   "ANDD", 
   "ORR", 
   "ORR", 
   "ORR", 
   "ANDD", 
   "ORR"
  ], 
  "6": [
   "NOTUSED", 
   "ORR", 
   "ORR", 
   "ORR", 
   "ORR", 
   "ANDD", 
   "ORR", 
   "ANDD", 
   "NOTUSED", 
   "ORR", 
   "NOTUSED", 
   "NOTUSED", 
   "ORR", 
   "NOTUSED", 
   "ORR"
  ], 
  "9": [
   "NOTUSED", 
   "NOTUSED", 
   "NOTUSED", 
   "NOTUSED", 
   "NOTUSED", 
   "ORR", 
   "ORR", 
   "ANDD", 
   "NOTUSED", 
   "ANDD", 
   "ANDD", 
   "NOTUSED", 
   "ANDD", 
   "ANDD", 
   "NOTUSED"
  ], 
  "8": [
   "ORR", 
   "ANDD", 
   "ANDD", 
   "ANDD", 
   "ANDD", 
   "NOTUSED", 
   "NOTUSED", 
   "ORR", 
   "NOTUSED", 
   "NOTUSED", 
   "NOTUSED", 
   "NOTUSED", 
   "ORR", 
   "NOTUSED", 
   "ANDD"
  ]
 }
}