{
 "random_seed": 3996384020, 
 "PARAMETERS": {
  "RADIUS1": 213391.903, 
  "QUADS": 2, 
  "RADIUS2": 298749.534, 
  "DIST": 777336.695, 
  "F_PTS": 31, 
  "K_PTS": 18, 
  "EPSILON": 2.007, 
  "LENGTH1": 12507.097, 
  "G_PTS": 53, 
  "Q_PTS": 25, 
  "N_PTS": 4, 
  "C_PTS": 8, 
  "AREA2": 328402.377, 
  "LENGTH2": 88758.573, 
  "B_PTS": 7, 
  "D_PTS": 28, 
  "AREA1": 207595.859, 
  "A_PTS": 24, 
  "E_PTS": 19
 }, 
 "NUMPOINTS": 57, 
 "points": [
  [
   484989.19, 
   -117531.747
  ], 
  [
   607985.925, 
   354444.477
  ], 
  [
   -440031.741, 
   -359085.729
  ], 
  [
   305572.675, 
   492957.055
  ], 
  [
   490533.18, 
   678539.724
  ], 
  [
   45785.83, 
   603970.945
  ], 
  [
   -506500.0, 
   849100.429
  ], 
  [
   -863225.078, 
   981987.81
  ], 
  [
   -8806.328, 
   379677.987
  ], 
  [
   -89682.682, 
   253301.28
  ], 
  [
   150851.931, 
   4521.871
  ], 
  [
   -740475.772, 
   -751871.245
  ], 
  [
   -587753.913, 
   -6074.281
  ], 
  [
   -792562.569, 
   -501032.831
  ], 
  [
   -57426.805, 
   -519562.985
  ], 
  [
   581788.643, 
   330301.559
  ], 
  [
   -800870.16, 
   -343878.838
  ], 
  [
   171584.763, 
   709954.233
  ], 
  [
   -105612.07, 
   -687689.576
  ], 
  [
   881591.084, 
   -35605.363
  ], 
  [
   -793203.555, 
   -733156.816
  ], 
  [
   950559.899, 
   -569332.679
  ], 
  [
   801599.544, 
   -438804.74
  ], 
  [
   691771.042, 
   165721.511
  ], 
  [
   -995074.363, 
   -796804.677
  ], 
  [
   200999.429, 
   -755246.056
  ], 
  [
   -168610.6, 
   -647814.551
  ], 
  [
   957985.058, 
   -302368.062
  ], 
  [
   256543.431, 
   -380621.859
  ], 
  [
   263308.964, 
   -76234.318
  ], 
  [
   392230.562, 
   889218.833
  ], 
  [
   -691040.463, 
   -328807.92
  ], 
  [
   647626.841, 
   -896430.33
  ], 
  [
   -714300.285, 
   -891101.764
  ], 
  [
   557440.89, 
   196277.387
  ], 
  [
   325202.146, 
   -482593.333
  ], 
  [
   -964918.438, 
   -544992.164
  ], 
  [
   64682.273, 
   -381955.346
  ], 
  [
   82501.161, 
   808039.124
  ], 
  [
   853753.135, 
   -615215.238
  ], 
  [
   724901.477, 
   24507.028
  ], 
  [
   -437829.419, 
   784696.067
  ], 
  [
   790363.365, 
   -94564.035
  ], 
  [
   -899561.527, 
   -538937.305
  ], 
  [
   -991991.157, 
   -211364.169
  ], 
  [
   528719.908, 
   -339561.619
  ], 
  [
   295167.13, 
   -239462.44
  ], 
  [
   -755776.212, 
   -282327.274
  ], 
  [
   -182257.925, 
   -760900.333
  ], 
  [
   537355.671, 
   850648.759
  ], 
  [
   610183.84, 
   -77584.841
  ], 
  [
   144427.638, 
   -320920.89
  ], 
  [
   345059.601, 
   -864826.13
  ], 
  [
   573807.435, 
   977555.167
  ], 
  [
   606556.858, 
   -111738.603
  ], 
  [
   292172.829, 
   -44888.151
  ], 
  [
   771812.031, 
   -333969.567
  ]
 ], 
 "PUV": [
  false, 
  false, 
  false, 
  true, 
  true, 
  true, 
  true, 
  false, 
  false, 
  true, 
  true, 
  false, 
  true, 
  true, 
  true
 ], 
 "LCM": {
  "11": [
   "ORR", 
   "ANDD", 
   "ANDD", 
   "NOTUSED", 
   "ANDD", 
   "ORR", 
   "NOTUSED", 
   "NOTUSED", 
   "NOTUSED", 
   "ANDD", 
   "ORR", 
   "NOTUSED", 
   "NOTUSED", 
   "ORR", 
   "ORR"
  ], 
  "10": [
   "NOTUSED", 
   "ORR", 
   "ORR", 
   "ORR", 
   "ANDD", 
   "ANDD", 
   "NOTUSED", 
   "ANDD", 
   "ANDD", 
   "ANDD", 
   "ORR", 
   "ORR", 
   "ORR", 
   "ORR", 
   "ANDD"
  ], 
  "13": [
   "ORR", 
   "ORR", 
   "ANDD", 
   "NOTUSED", 
   "ORR", 
   "NOTUSED", 
   "NOTUSED", 
   "ORR", 
   "ANDD", 
   "ANDD", 
   "ORR", 
   "ORR", 
   "ORR", 
   "ANDD", 
   "ORR"
  ], 
  "12": [
   "ORR", 
   "ANDD", 
   "NOTUSED", 
   "ANDD", 
   "ORR", 
   "ORR", 
   "ANDD", 
   "ANDD", 
   "ORR", 
   "NOTUSED", 
   "ORR", 
   "NOTUSED", 
   "ANDD", 
   "ORR", 
   "ANDD"
  ], 
  "14": [
   "ORR", 
   "ORR", 
   "ORR", 
   "NOTUSED", 
   "ANDD", 
   "NOTUSED", 
   "ANDD", 
   "NOTUSED", 
   "ORR", 
   "NOTUSED", 
   "ANDD", 
   "ORR", 
   "ANDD", 
   "ORR", 
   "ANDD"
  ], 
  "1": [
   "ANDD", 
   "ORR", 
   "NOTUSED", 
   "ANDD", 
   "NOTUSED", 
   "ORR", 
   "NOTUSED", 
   "ORR", 
   "ANDD", 
   "ORR", 
   "ORR", 
   "ANDD", 
   "ANDD", 
   "ORR", 
   "ORR"
  ], 
  "0": [
   "NOTUSED", 
   "ANDD", 
   "ANDD", 
   "NOTUSED", 
   "NOTUSED", 
   "NOTUSED", 
   "NOTUSED", 
   "ANDD", 
   "NOTUSED", 
   "ORR", 
   "NOTUSED", 
   "ORR", 
   "ORR", 
   "ORR", 
   "ORR"
  ], 
  "3": [
   "NOTUSED", 
   "ANDD", 
   "ORR", 
   "ORR", 
   "NOTUSED", 
   "ORR", 
   "NOTUSED", 
   "NOTUSED", 
   "ORR", 
   "NOTUSED", 
   "ORR", 
   "NOTUSED", 
   "ANDD", 
   "NOTUSED", 
   "NOTUSED"
  ], 
  "2": [
   "ANDD", 
   "NOTUSED", 
   "NOTUSED", 
   "ORR", 
   "NOTUSED", 
   "ANDD", 
   "NOTUSED", 
   "ORR", 
   "NOTUSED", 
   "ANDD", 
   "ORR", 
   "ANDD", 
   "NOTUSED", 
   "ANDD", 
   "ORR"
  ], 
  "5": [
   "NOTUSED", 
   "ORR", 
   "ANDD", 
   "ORR", 
   "NOTUSED", 
   "ANDD", 
   "ORR", 
   "NOTUSED", 
   "ORR", 
   "ANDD", 
   "ANDD", 
   "ORR", 
   "ORR", 
   "NOTUSED", 
   "NOTUSED"
  ], 
  "4": [
   "NOTUSED", 
   "NOTUSED", 
   "NOTUSED", 
   "NOTUSED", 
   "NOTUSED", 
   "NOTUSED", 
   "ORR", 
   "ORR", 
   "NOTUSED", 
   "ANDD", 
   "ANDD", 
   "ANDD", 
   "ORR", 
   "ORR", 
   "ANDD"
  ], 
  "7": [
   "ANDD", 
   "ORR", 
   "ORR", 
   "NOTUSED", 
   "ORR", 
   "NOTUSED", 
   "ANDD", 
   "ANDD", 
   "ORR", 
   "ANDD", 
   "ANDD", 
   "NOTUSED", 
   "ANDD", 
   "ORR", 
   "NOTUSED"
  ], 
  "6": [
   "NOTUSED", 
   "NOTUSED", 
   "NOTUSED", 
   "NOTUSED", 
   "ORR", 
   "ORR", 
   "ORR", 
   "ANDD", 
   "NOTUSED", 
   "ANDD", 
   "NOTUSED", 
   "NOTUSED", 
   "ANDD", 
   "NOTUSED", 
   "ANDD"
  ], 
  "9": [
   "ORR", 
   "ORR", 
   "ANDD", 
   "NOTUSED", 
   "ANDD", 
   "ANDD", 
   "ANDD", 
   "ANDD", 
   "NOTUSED", 
   "NOTUSED", 
   "ANDD", 
   "ANDD", 
   "NOTUSED", 
   "ANDD", 
   "NOTUSED"
  ], 
  "8": [
   "NOTUSED", 
   "ANDD", 
   "NOTUSED", 
   "ORR", 
   "NOTUSED", 
   "ORR", 
   "NOTUSED", 
   "ORR", 
   "ANDD", 
   "NOTUSED", 
   "ANDD", 
   "NOTUSED", 
   "ORR", 
   "ANDD", 
   "ORR"
  ]
 }
}