{
 "random_seed": 83408014, 
 "PARAMETERS": {
  "RADIUS1": 823713.129, 
  "QUADS": 1, 
  "RADIUS2": 456989.438, 
  "DIST": 649556.288, 
  "F_PTS": 2, 
  "K_PTS": 39, 
  "EPSILON": 2.746, 
  "LENGTH1": 998991.447, 
  "G_PTS": 18, 
  "Q_PTS": 74, 
  "N_PTS": 43, 
  "C_PTS": 5, 
  "AREA2": 391736.346, 
  "LENGTH2": 684099.551, 
  "B_PTS": 62, 
  "D_PTS": 43, 
  "AREA1": 870435.829, 
  "A_PTS": 28, 
  "E_PTS": 94
 }, 
 "NUMPOINTS": 99, 
 "points": [
  [
   -105826.969, 
   402043.32
  ], 
  [
   219757.879, 
   711692.652
  ], 
  [
   823167.042, 
   217900.37
  ], 
  [
   -395109.615, 
   498131.032
  ], 
  [
   114155.885, 
   692232.065
  ], 
  [
   645359.964, 
   642301.626
  ], 
  [
   802588.024, 
   125891.144
  ], 
  [
   -360862.211, 
   337561.25
  ], 
  [
   235261.477, 
   -907262.931
  ], 
  [
   804447.186, 
   252045.093
  ], 
  [
   977469.825, 
   -336871.387
  ], 
  [
   -61759.727, 
   -94047.657
  ], 
  [
   146154.322, 
   -141062.678
  ], 
  [
   -361886.613, 
   475099.317
  ], 
  [
   934563.653, 
   -345495.114
  ], 
  [
   -688173.829, 
   966300.161
  ], 
  [
   -237395.335, 
   -377684.246
  ], 
  [
   736779.6, 
   -339986.947
  ], 
  [
   726411.208, 
   713149.067
  ], 
  [
   720294.037, 
   782253.869
  ], 
  [
   -456949.298, 
   -946134.369
  ], 
  [
   572149.833, 
   527423.057
  ], 
  [
   230180.524, 
   -290152.816
  ], 
  [
   -334957.187, 
   617037.044
  ], 
  [
   -106949.356, 
   -661023.736
  ], 
  [
   -791921.517, 
   -624810.015
  ], 
  [
   629210.303, 
   -544338.719
  ], 
  [
   -204189.2, 
   316282.625
  ], 
  [
   -151172.512, 
   -337680.408
  ], 
  [
   585493.522, 
   732497.155
  ], 
  [
   505075.816, 
   783879.018
  ], 
  [
   35295.994, 
   -762050.637
  ], 
  [
   -385409.928, 
   -190776.993
  ], 
  [
   94144.684, 
   975505.604
  ], 
  [
   -346165.572, 
   605104.757
  ], 
  [
   -929385.191, 
   611771.403
  ], 
  [
   613837.985, 
   -68921.01
  ], 
  [
   588751.254, 
   537155.148
  ], 
  [
   -472921.918, 
   337580.425
  ], 
  [
   -303572.065, 
   861906.677
  ], 
  [
   -93143.6, 
   96572.864
  ], 
  [
   -592713.028, 
   186005.652
  ], 
  [
   259428.69, 
   947257.059
  ], 
  [
   983400.342, 
   -216100.158
  ], 
  [
   -746054.516, 
   -620064.876
  ], 
  [
   475849.466, 
   -478242.468
  ], 
  [
   713851.465, 
   42381.127
  ], 
  [
   -994868.155, 
   -912626.876
  ], 
  [
   367776.455, 
   -727339.593
  ], 
  [
   549475.175, 
   -107599.432
  ], 
  [
   533989.028, 
   552783.452
  ], 
  [
   -448901.211, 
   332017.386
  ], 
  [
   -109743.755, 
   880116.347
  ], 
  [
   181193.089, 
   551651.783
  ], 
  [
   -524652.863, 
   833318.473
  ], 
  [
   285239.794, 
   927300.631
  ], 
  [
   983621.176, 
   -478790.622
  ], 
  [
   819929.282, 
   293650.549
  ], 
  [
   -166849.853, 
   731472.749
  ], 
  [
   -906132.928, 
   -233127.564
  ], 
  [
   -620412.346, 
   406449.852
  ], 
  [
   914598.761, 
   -958610.284
  ], 
  [
   -228332.781, 
   678863.857
  ], 
  [
   870694.728, 
   160840.646
  ], 
  [
   -490677.859, 
   -230159.435
  ], 
  [
   797336.315, 
   102455.662
  ], 
  [
   79148.883, 
   -371681.026
  ], 
  [
   842960.096, 
   -961528.607
  ], 
  [
   950836.143, 
   441248.59
  ], 
  [
   -492609.882, 
   -189624.868
  ], 
  [
   -749480.86, 
   401129.003
  ], 
  [
   -437811.971, 
   501462.576
  ], 
  [
   389044.735, 
   -443613.95
  ], 
  [
   833182.286, 
   -714988.36
  ], 
  [
   -94277.508, 
   466169.777
  ], 
  [
   851673.392, 
   -730679.405
  ], 
  [
   -7304.562, 
   -132407.477
  ], 
  [
   242644.474, 
   -422446.988
  ], 
  [
   -823167.521, 
   813756.102
  ], 
  [
   248150.486, 
   -405398.984
  ], 
  [
   654989.796, 
   545986.745
  ], 
  [
   562439.927, 
   -286142.751
  ], 
  [
   431797.13, 
   -258478.002
  ], 
  [
   -477831.922, 
   -379506.365
  ], 
  [
   -135294.179, 
   -616564.616
  ], 
  [
   330573.092, 
   -225708.374
  ], 
  [
   -837992.949, 
   -509131.701
  ], 
  [
   -494498.387, 
   -17688.521
  ], 
  [
   -554013.482, 
   -131955.713
  ], 
  [
   738994.495, 
   532075.18
  ], 
  [
   -889553.444, 
   -855821.028
  ], 
  [
   -56754.609, 
   657664.447
  ], 
  [
   -296821.696, 
   -593979.665
  ], 
  [
   -219631.433, 
   -44215.603
  ], 
  [
   -27668.723, 
   -675499.131
  ], 
  [
   -437051.839, 
   -334321.962
  ], 
  [
   550023.941, 
   462396.758
  ], 
  [
   -261126.14, 
   350696.946
  ], 
  [
   377913.237, 
   611558.538
  ]
 ], 
 "PUV": [
  false, 
  false, 
  false, 
  true, 
  false, 
  false, 
  true, 
  true, 
  false, 
  false, 
  true, 
  true, 
  false, 
  true, 
  true
 ], 
 "LCM": {
  "11": [
   "ORR", 
   "ORR", 
   "NOTUSED", 
   "ORR", 
   "ORR", 
   "ORR", 
   "ANDD", 
   "NOTUSED", 
   "ANDD", 
   "ANDD", 
   "ORR", 
   "ORR", 
   "NOTUSED", 
   "ANDD", 
   "NOTUSED"
  ], 
  "10": [
   "NOTUSED", 
   "ANDD", 
   "ANDD", 
   "ANDD", 
   "NOTUSED", 
   "ORR", 
   "ORR", 
   "ANDD", 
   "NOTUSED", 
   "ORR", 
   "ANDD", 
   "ORR", 
   "ORR", 
   "NOTUSED", 
   "ANDD"
  ], 
  "13": [
   "NOTUSED", 
   "NOTUSED", 
   "ANDD", 
   "NOTUSED", 
   "NOTUSED", 
   "ORR", 
   "ORR", 
   "ANDD", 
   "ORR", 
   "NOTUSED", 
   "NOTUSED", 
   "ANDD", 
   "ANDD", 
   "ANDD", 
   "NOTUSED"
  ], 
  "12": [
   "ORR", 
   "ORR", 
   "ORR", 
   "ANDD", 
   "NOTUSED", 
   "ANDD", 
   "ANDD", 
   "ORR", 
   "ORR", 
   "NOTUSED", 
   "ORR", 
   "NOTUSED", 
   "ORR", 
   "ANDD", 
   "NOTUSED"
  ], 
  "14": [
   "NOTUSED", 
   "ANDD", 
   "ORR", 
   "ORR", 
   "NOTUSED", 
   "ANDD", 
   "NOTUSED", 
   "ANDD", 
   "ANDD", 
   "ORR", 
   "ANDD", 
   "NOTUSED", 
   "NOTUSED", 
   "NOTUSED", 
   "NOTUSED"
  ], 
  "1": [
   "ORR", 
   "ANDD", 
   "ANDD", 
   "ANDD", 
   "NOTUSED", 
   "ANDD", 
   "NOTUSED", 
   "NOTUSED", 
   "ORR", 
   "ANDD", 
   "ANDD", 
   "ORR", 
   "ORR", 
   "NOTUSED", 
   "ANDD"
  ], 
  "0": [
   "ANDD", 
   "ORR", 
   "ANDD", 
   "ANDD", 
   "ORR", 
   "NOTUSED", 
   "NOTUSED", 
   "ANDD", 
   "ANDD", 
   "NOTUSED", 
   "NOTUSED", 
   "ORR", 
   "ORR", 
   "NOTUSED", 
   "NOTUSED"
  ], 
  "3": [
   "ANDD", 
   "ANDD", 
   "ANDD", 
   "ORR", 
   "NOTUSED", 
   "NOTUSED", 
   "NOTUSED", 
   "ORR", 
   "ANDD", 
   "ORR", 
   "ANDD", 
   "ORR", 
   "ANDD", 
   "NOTUSED", 
   "ORR"
  ], 
  "2": [
   "ANDD", 
   "ANDD", 
   "NOTUSED", 
   "ANDD", 
   "ORR", 
   "ORR", 
   "ANDD", 
   "ORR", 
   "NOTUSED", 
   "ANDD", 
   "ANDD", 
   "NOTUSED", 
   "ORR", 
   "ANDD", 
   "ORR"
  ], 
  "5": [
   "NOTUSED", 
   "ANDD", 
   "ORR", 
   "NOTUSED", 
   "ORR", 
   "ANDD", 
   "ANDD", 
   "ANDD", 
   "ORR", 
   "ANDD", 
   "ORR", 
   "ORR", 
   "ANDD", 
   "ORR", 
   "ANDD"
  ], 
  "4": [
   "ORR", 
   "NOTUSED", 
   "ORR", 
   "NOTUSED", 
   "ORR", 
   "ORR", 
   "ORR", 
   "NOTUSED", 
   "ORR", 
   "NOTUSED", 
   "NOTUSED", 
   "ORR", 
   "NOTUSED", 
   "NOTUSED", 
   "NOTUSED"
  ], 
  "7": [
   "ANDD", 
   "NOTUSED", 
   "ORR", 
   "ORR", 
   "NOTUSED", 
   "ANDD", 
   "NOTUSED", 
   "ANDD", 
   "ORR", 
   "ANDD", 
   "ANDD", 
   "NOTUSED", 
   "ORR", 
   "ANDD", 
   "ANDD"
  ], 
  "6": [
   "NOTUSED", 
   "NOTUSED", 
   "ANDD", 
   "NOTUSED", 
   "ORR", 
   "ANDD", 
   "NOTUSED", 
   "NOTUSED", 
   "ANDD", 
   "NOTUSED", 
   "ORR", 
   "ANDD", 
   "ANDD", 
   "ORR", 
   "NOTUSED"
  ], 
  "9": [
   "NOTUSED", 
   "ANDD", 
   "ANDD", 
   "ORR", 
   "NOTUSED", 
   "ANDD", 
   "NOTUSED", 
   "ANDD", 
   "ORR", 
   "ANDD", 
   "ORR", 
   "ANDD", 
   "NOTUSED", 
   "NOTUSED", 
   "ORR"
  ], 
  "8": [
   "ANDD", 
   "ORR", 
   "NOTUSED", 
   "ANDD", 
   "ORR", 
   "ORR", 
   "ANDD", 
   "ORR", 
   "ORR", 
   "ORR", 
   "NOTUSED", 
   "ANDD", 
   "ORR", 
   "ORR", 
   "ANDD"
  ]
 }
}