{
 "random_seed": 3789435760, 
 "PARAMETERS": {
  "RADIUS1": 192803.633, 
  "QUADS": 3, 
  "RADIUS2": 391124.63, 
  "DIST": 148084.57, 
  "F_PTS": 7, 
  "K_PTS": 3, 
  "EPSILON": 2.549, 
  "LENGTH1": 949514.75, 
  "G_PTS": 33, 
  "Q_PTS": 17, 
  "N_PTS": 40, 
  "C_PTS": 19, 
  "AREA2": 787141.831, 
  "LENGTH2": 690595.655, 
  "B_PTS": 4, 
  "D_PTS": 16, 
  "AREA1": 145324.024, 
  "A_PTS": 12, 
  "E_PTS": 39
 }, 
 "NUMPOINTS": 53, 
 "points": [
  [
   440772.368, 
   291904.683
  ], 
  [
   -453296.352, 
   506886.405
  ], 
  [
   346.895, 
   227679.467
  ], 
  [
   919819.866, 
   -571214.991
  ], 
  [
   -192283.167, 
   659108.429
  ], 
  [
   253064.304, 
   -227793.825
  ], 
  [
   110655.253, 
   -843985.654
  ], 
  [
   -215128.383, 
   284998.406
  ], 
  [
   194035.749, 
   898928.339
  ], 
  [
   -647368.782, 
   -585084.896
  ], 
  [
   775132.088, 
   563133.632
  ], 
  [
   539706.442, 
   -406784.217
  ], 
  [
   -725899.961, 
   -370142.012
  ], 
  [
   -725197.979, 
   -771709.743
  ], 
  [
   -261453.282, 
   710708.978
  ], 
  [
   -746364.431, 
   591695.765
  ], 
  [
   -968552.198, 
   330382.651
  ], 
  [
   -432131.986, 
   273137.285
  ], 
  [
   511284.419, 
   206523.058
  ], 
  [
   -169032.15, 
   239959.703
  ], 
  [
   517023.948, 
   744469.375
  ], 
  [
   367018.712, 
   -281655.203
  ], 
  [
   563799.623, 
   941290.355
  ], 
  [
   535203.873, 
   652369.408
  ], 
  [
   -426379.021, 
   -19976.202
  ], 
  [
   620665.224, 
   267888.787
  ], 
  [
   -656910.206, 
   203852.73
  ], 
  [
   -785751.564, 
   844774.371
  ], 
  [
   288386.853, 
   306880.489
  ], 
  [
   539068.016, 
   132382.973
  ], 
  [
   40394.522, 
   231146.475
  ], 
  [
   484300.36, 
   129662.989
  ], 
  [
   -940481.811, 
   491425.501
  ], 
  [
   644258.296, 
   97158.293
  ], 
  [
   -55712.157, 
   899398.224
  ], 
  [
   145961.742, 
   788987.838
  ], 
  [
   158585.001, 
   756856.646
  ], 
  [
   -79794.864, 
   864232.037
  ], 
  [
   -953551.45, 
   -387863.489
  ], 
  [
   -88773.048, 
   135183.082
  ], 
  [
   121449.218, 
   435761.391
  ], 
  [
   640772.917, 
   -509244.82
  ], 
  [
   -755841.918, 
   22173.009
  ], 
  [
   478845.559, 
   -418930.24
  ], 
  [
   -506063.069, 
   -347100.204
  ], 
  [
   981034.66, 
   678425.245
  ], 
  [
   261472.575, 
   332421.563
  ], 
  [
   844592.63, 
   -96259.493
  ], 
  [
   -757353.902, 
   -974983.508
  ], 
  [
   351749.696, 
   174363.953
  ], 
  [
   -297644.93, 
   -927134.782
  ], 
  [
   -639171.055, 
   -514728.451
  ], 
  [
   6679.609, 
   46617.21
  ]
 ], 
 "PUV": [
  false, 
  true, 
  false, 
  true, 
  false, 
  true, 
  true, 
  true, 
  false, 
  true, 
  false, 
  true, 
  true, 
  true, 
  false
 ], 
 "LCM": {
  "11": [
   "ANDD", 
   "NOTUSED", 
   "NOTUSED", 
   "ORR", 
   "ANDD", 
   "NOTUSED", 
   "ORR", 
   "ANDD", 
   "ANDD", 
   "ANDD", 
   "ORR", 
   "ANDD", 
   "ORR", 
   "NOTUSED", 
   "ORR"
  ], 
  "10": [
   "NOTUSED", 
   "NOTUSED", 
   "NOTUSED", 
   "ORR", 
   "ORR", 
   "NOTUSED", 
   "ANDD", 
   "ORR", 
   "ORR", 
   "NOTUSED", 
   "ANDD", 
   "ORR", 
   "ORR", 
   "NOTUSED", 
   "NOTUSED"
  ], 
  "13": [
   "ORR", 
   "NOTUSED", 
   "ANDD", 
   "ORR", 
   "ORR", 
   "ORR", 
   "NOTUSED", 
   "ORR", 
   "ORR", 
   "NOTUSED", 
   "NOTUSED", 
   "NOTUSED", 
   "ANDD", 
   "NOTUSED", 
   "ORR"
  ], 
  "12": [
   "ANDD", 
   "ANDD", 
   "ANDD", 
   "ORR", 
   "NOTUSED", 
   "ORR", 
   "NOTUSED", 
   "ORR", 
   "NOTUSED", 
   "ANDD", 
   "ORR", 
   "ORR", 
   "NOTUSED", 
   "ANDD", 
   "NOTUSED"
  ], 
  "14": [
   "NOTUSED", 
   "ANDD", 
   "ORR", 
   "ORR", 
   "ANDD", 
   "ORR", 
   "NOTUSED", 
   "ANDD", 
   "ORR", 
   "ANDD", 
   "NOTUSED", 
   "ORR", 
   "NOTUSED", 
   "ORR", 
   "ANDD"
  ], 
  "1": [
   "ORR", 
   "ANDD", 
   "ANDD", 
   "ORR", 
   "ORR", 
   "ORR", 
   "ORR", 
   "ORR", 
   "NOTUSED", 
   "ORR", 
   "NOTUSED", 
   "NOTUSED", 
   "ANDD", 
   "NOTUSED", 
   "ANDD"
  ], 
  "0": [
   "NOTUSED", 
   "ORR", 
   "ANDD", 
   "ORR", 
   "NOTUSED", 
   "ORR", 
   "NOTUSED", 
   "ORR", 
   "ANDD", 
   "NOTUSED", 
   "NOTUSED", 
   "ANDD", 
   "ANDD", 
   "ORR", 
   "NOTUSED"
  ], 
  "3": [
   "ORR", 
   "ORR", 
   "NOTUSED", 
   "ORR", 
   "ANDD", 
   "NOTUSED", 
   "NOTUSED", 
   "ANDD", 
   "ANDD", 
   "NOTUSED", 
   "ORR", 
   "ORR", 
   "ORR", 
   "ORR", 
   "ORR"
  ], 
  "2": [
   "ANDD", 
   "ANDD", 
   "ORR", 
   "NOTUSED", 
   "ORR", 
   "ANDD", 
   "ORR", 
   "NOTUSED", 
   "ANDD", 
   "ORR", 
   "NOTUSED", 
   "NOTUSED", 
   "ANDD", 
   "ANDD", 
   "ORR"
  ], 
  "5": [
   "ORR", 
   "ORR", 
   "ANDD", 
   "NOTUSED", 
   "ANDD", 
   "NOTUSED", 
   "ANDD", 
   "ANDD", 
   "NOTUSED", 
   "ORR", 
   "NOTUSED", 
   "NOTUSED", 
   "ORR", 
   "ORR", 
   "ORR"
  ], 
  "4": [
   "NOTUSED", 
   "ORR", 
   "ORR", 
   "ANDD", 
   "ORR", 
   "ANDD", 
   "NOTUSED", 
   "ANDD", 
   "ORR", 
   "ORR", 
   "ORR", 
   "ANDD", 
   "NOTUSED", 
   "ORR", 
   "ANDD"
  ], 
  "7": [
   "ORR", 
   "ORR", 
   "NOTUSED", 
   "ANDD", 
   "ANDD", 
   "ANDD", 
   "ANDD", 
   "ANDD", 
   "ORR", 
   "NOTUSED", 
   "ORR", 
   "ANDD", 
   "ORR", 
   "ORR", 
   "ANDD"
  ], 
  "6": [
   "NOTUSED", 
   "ORR", 
   "ORR", 
   "NOTUSED", 
   "NOTUSED", 
   "ANDD", 
   "ORR", 
   "ANDD", 
   "NOTUSED", 
   "NOTUSED", 
   "ANDD", 
   "ORR", 
   "NOTUSED", 
   "NOTUSED", 
   "NOTUSED"
  ], 
  "9": [
   "NOTUSED", 
   "ORR", 
   "ORR", 
   "NOTUSED", 
   "ORR", 
   "ORR", 
   "NOTUSED", 
   "NOTUSED", 
   "NOTUSED", 
   "ORR", 
   "NOTUSED", 
   "ANDD", 
   "ANDD", 
   "NOTUSED", 
   "ANDD"
  ], 
  "8": [
   "ANDD", 
   "NOTUSED", 
   "ANDD", 
   "ANDD", 
   "ORR", 
   "NOTUSED", 
   "NOTUSED", 
   "ORR", 
   "ANDD", 
   "NOTUSED", 
   "ORR", 
   "ANDD", 
   "NOTUSED", 
   "ORR", 
   "ORR"
  ]
 }
}