{
 "random_seed": 1185056094, 
 "PARAMETERS": {
  "RADIUS1": 970958.611, 
  "QUADS": 3, 
  "RADIUS2": 798221.12, 
  "DIST": 274581.674, 
  "F_PTS": 35, 
  "K_PTS": 77, 
  "EPSILON": 1.38, 
  "LENGTH1": 359527.073, 
  "G_PTS": 24, 
  "Q_PTS": 72, 
  "N_PTS": 41, 
  "C_PTS": 1, 
  "AREA2": 286315.398, 
  "LENGTH2": 615339.77, 
  "B_PTS": 22, 
  "D_PTS": 4, 
  "AREA1": 872470.015, 
  "A_PTS": 3, 
  "E_PTS": 36
 }, 
 "NUMPOINTS": 93, 
 "points": [
  [
   -939376.43, 
   98911.243
  ], 
  [
   -241549.654, 
   823555.274
  ], 
  [
   -969783.059, 
   155957.204
  ], 
  [
   -339147.035, 
   -305440.038
  ], 
  [
   -108363.478, 
   838471.135
  ], 
  [
   769171.137, 
   -954358.117
  ], 
  [
   -319685.714, 
   -278875.3
  ], 
  [
   203054.114, 
   -73992.971
  ], 
  [
   748880.116, 
   291308.819
  ], 
  [
   -761457.266, 
   991710.062
  ], 
  [
   950149.284, 
   -328627.99
  ], 
  [
   836121.245, 
   647870.852
  ], 
  [
   901414.026, 
   -401797.596
  ], 
  [
   784097.338, 
   424076.167
  ], 
  [
   481472.801, 
   355110.737
  ], 
  [
   592552.892, 
   -26753.586
  ], 
  [
   -180469.816, 
   -164486.054
  ], 
  [
   555563.529, 
   -22340.708
  ], 
  [
   -888355.802, 
   -563196.622
  ], 
  [
   556354.39, 
   -902589.918
  ], 
  [
   332487.033, 
   647459.717
  ], 
  [
   -659384.752, 
   570236.173
  ], 
  [
   -900388.226, 
   -930697.632
  ], 
  [
   -338320.688, 
   -204128.387
  ], 
  [
   566499.443, 
   -214867.379
  ], 
  [
   220376.137, 
   -746369.075
  ], 
  [
   89301.459, 
   -740944.772
  ], 
  [
   -642360.302, 
   -477662.686
  ], 
  [
   188664.02, 
   -724363.15
  ], 
  [
   237357.316, 
   389552.98
  ], 
  [
   748061.916, 
   495323.47
  ], 
  [
   54040.848, 
   498559.084
  ], 
  [
   -798626.22, 
   -250319.364
  ], 
  [
   -487659.621, 
   -453770.723
  ], 
  [
   -438477.154, 
   -163438.907
  ], 
  [
   -368703.74, 
   -751089.542
  ], 
  [
   -857403.493, 
   799376.695
  ], 
  [
   -353631.381, 
   432402.351
  ], 
  [
   -151916.47, 
   9962.404
  ], 
  [
   715243.554, 
   -34556.652
  ], 
  [
   -935838.353, 
   -84407.063
  ], 
  [
   271487.96, 
   152073.643
  ], 
  [
   -528847.285, 
   939644.163
  ], 
  [
   -799943.947, 
   -673568.644
  ], 
  [
   992963.077, 
   832601.179
  ], 
  [
   -470589.978, 
   -751245.407
  ], 
  [
   920379.347, 
   663830.274
  ], 
  [
   -476688.617, 
   -725282.785
  ], 
  [
   766125.983, 
   -767339.879
  ], 
  [
   -415501.343, 
   -343310.165
  ], 
  [
   544585.268, 
   129253.794
  ], 
  [
   -976831.201, 
   -398630.557
  ], 
  [
   375762.657, 
   982114.997
  ], 
  [
   -80937.426, 
   836924.247
  ], 
  [
   -179389.672, 
   451354.159
  ], 
  [
   -789726.976, 
   -361928.073
  ], 
  [
   -490691.783, 
   -704840.952
  ], 
  [
   -821273.354, 
   -549129.505
  ], 
  [
   -245528.677, 
   245890.704
  ], 
  [
   -942196.769, 
   464680.36
  ], 
  [
   664750.971, 
   -677325.903
  ], 
  [
   -940936.302, 
   917776.42
  ], 
  [
   -938154.147, 
   -972493.36
  ], 
  [
   118702.739, 
   -539549.788
  ], 
  [
   -651564.366, 
   308773.727
  ], 
  [
   843608.876, 
   -221263.03
  ], 
  [
   -633137.409, 
   -68403.721
  ], 
  [
   -174039.545, 
   -73271.331
  ], 
  [
   -68286.809, 
   -567964.413
  ], 
  [
   338735.585, 
   653821.539
  ], 
  [
   -3536.422, 
   806183.697
  ], 
  [
   -385508.063, 
   261361.171
  ], 
  [
   -566914.764, 
   708846.972
  ], 
  [
   538006.619, 
   -886379.453
  ], 
  [
   217562.682, 
   -646844.783
  ], 
  [
   226567.516, 
   964630.234
  ], 
  [
   -730274.14, 
   -944953.316
  ], 
  [
   -621016.363, 
   780596.201
  ], 
  [
   -24298.412, 
   -486456.627
  ], 
  [
   -695697.236, 
   -782040.807
  ], 
  [
   -270039.51, 
   341311.836
  ], 
  [
   984903.016, 
   870324.567
  ], 
  [
   -624933.533, 
   347237.489
  ], 
  [
   -815479.983, 
   -667794.439
  ], 
  [
   -763767.506, 
   -159317.188
  ], 
  [
   447715.213, 
   866473.614
  ], 
  [
   48705.778, 
   -18994.741
  ], 
  [
   133857.758, 
   -274676.697
  ], 
  [
   398603.098, 
   859277.866
  ], 
  [
   537266.047, 
   664649.589
  ], 
  [
   264117.965, 
   604262.848
  ], 
  [
   858596.93, 
   464146.885
  ], 
  [
   -846743.714, 
   -376232.876
  ]
 ], 
 "PUV": [
  false, 
  true, 
  false, 
  true, 
  true, 
  false, 
  false, 
  false, 
  true, 
  true, 
  true, 
  false, 
  true, 
  true, 
  true
 ], 
 "LCM": {
  "11": [
   "NOTUSED", 
   "NOTUSED", 
   "NOTUSED", 
   "NOTUSED", 
   "NOTUSED", 
   "ANDD", 
   "ORR", 
   "ORR", 
   "NOTUSED", 
   "ANDD", 
   "ANDD", 
   "ORR", 
   "ORR", 
   "NOTUSED", 
   "NOTUSED"
  ], 
  "10": [
   "ANDD", 
   "NOTUSED", 
   "NOTUSED", 
   "ANDD", 
   "NOTUSED", 
   "ANDD", 
   "ORR", 
   "ANDD", 
   "ANDD", 
   "ORR", 
   "NOTUSED", 
   "ANDD", 
   "ANDD", 
   "ORR", 
   "ANDD"
  ], 
  "13": [
   "ANDD", 
   "ORR", 
   "NOTUSED", 
   "ANDD", 
   "ANDD", 
   "ANDD", 
   "ANDD", 
   "ANDD", 
   "ANDD", 
   "ORR", 
   "ORR", 
   "NOTUSED", 
   "NOTUSED", 
   "ORR", 
   "NOTUSED"
  ], 
  "12": [
   "ANDD", 
   "ORR", 
   "NOTUSED", 
   "ANDD", 
   "ORR", 
   "ORR", 
   "ORR", 
   "ORR", 
   "NOTUSED", 
   "ANDD", 
   "ANDD", 
   "ORR", 
   "ORR", 
   "NOTUSED", 
   "NOTUSED"
  ], 
  "14": [
   "NOTUSED", 
   "ANDD", 
   "ORR", 
   "ANDD", 
   "NOTUSED", 
   "ORR", 
   "ORR", 
   "NOTUSED", 
   "ORR", 
   "ORR", 
   "ANDD", 
   "NOTUSED", 
   "NOTUSED", 
   "NOTUSED", 
   "NOTUSED"
  ], 
  "1": [
   "ORR", 
   "ORR", 
   "ANDD", 
   "NOTUSED", 
   "ANDD", 
   "NOTUSED", 
   "NOTUSED", 
   "ANDD", 
   "NOTUSED", 
   "ORR", 
   "NOTUSED", 
   "NOTUSED", 
   "ORR", 
   "ORR", 
   "ANDD"
  ], 
  "0": [
   "ANDD", 
   "ORR", 
   "ANDD", 
   "NOTUSED", 
   "NOTUSED", 
   "ANDD", 
   "ORR", 
   "ANDD", 
   "ORR", 
   "NOTUSED", 
   "ANDD", 
   "NOTUSED", 
   "ANDD", 
   "ANDD", 
   "NOTUSED"
  ], 
  "3": [
   "NOTUSED", 
   "NOTUSED", 
   "ORR", 
   "ORR", 
   "NOTUSED", 
   "NOTUSED", 
   "NOTUSED", 
   "NOTUSED", 
   "ANDD", 
   "NOTUSED", 
   "ANDD", 
   "NOTUSED", 
   "ANDD", 
   "ANDD", 
   "ANDD"
  ], 
  "2": [
   "ANDD", 
   "ANDD", 
   "ORR", 
   "ORR", 
   "NOTUSED", 
   "NOTUSED", 
   "ORR", 
   "NOTUSED", 
   "ORR", 
   "ANDD", 
   "NOTUSED", 
   "NOTUSED", 
   "NOTUSED", 
   "NOTUSED", 
   "ORR"
  ], 
  "5": [
   "ANDD", 
   "NOTUSED", 
   "NOTUSED", 
   "NOTUSED", 
   "NOTUSED", 
   "ANDD", 
   "ANDD", 
   "NOTUSED", 
   "NOTUSED", 
   "ANDD", 
   "ANDD", 
   "ANDD", 
   "ORR", 
   "ANDD", 
   "ORR"
  ], 
  "4": [
   "NOTUSED", 
   "ANDD", 
   "NOTUSED", 
   "NOTUSED", 
   "ANDD", 
   "NOTUSED", 
   "NOTUSED", 
   "ANDD", 
   "NOTUSED", 
   "NOTUSED", 
   "NOTUSED", 
   "NOTUSED", 
   "ORR", 
   "ANDD", 
   "NOTUSED"
  ], 
  "7": [
   "ANDD", 
   "ANDD", 
   "NOTUSED", 
   "NOTUSED", 
   "ANDD", 
   "NOTUSED", 
   "ANDD", 
   "ANDD", 
   "ORR", 
   "NOTUSED", 
   "ANDD", 
   "ORR", 
   "ORR", 
   "ANDD", 
   "NOTUSED"
  ], 
  "6": [
   "ORR", 
   "NOTUSED", 
   "ORR", 
   "NOTUSED", 
   "NOTUSED", 
   "ANDD", 
   "NOTUSED", 
   "ANDD", 
   "ANDD", 
   "ANDD", 
   "ORR", 
   "ORR", 
   "ORR", 
   "ANDD", 
   "ORR"
  ], 
  "9": [
   "NOTUSED", 
   "ORR", 
   "ANDD", 
   "NOTUSED", 
   "NOTUSED", 
   "ANDD", 
   "ANDD", 
   "NOTUSED", 
   "NOTUSED", 
   "NOTUSED", 
   "ORR", 
   "ANDD", 
   "ANDD", 
   "ORR", 
   "ORR"
  ], 
  "8": [
   "ORR", 
   "NOTUSED", 
   "ORR", 
   "ANDD", 
   "NOTUSED", 
   "NOTUSED", 
   "ANDD", 
   "ORR", 
   "ORR", 
   "NOTUSED", 
   "ANDD", 
   "NOTUSED", 
   "NOTUSED", 
   "ANDD", 
   "ORR"
  ]
 }
}