{
 "random_seed": 1372947714, 
 "PARAMETERS": {
  "RADIUS1": 892279.652, 
  "QUADS": 1, 
  "RADIUS2": 59816.611, 
  "DIST": 649105.578, 
  "F_PTS": 12, 
  "K_PTS": 30, 
  "EPSILON": 1.314, 
  "LENGTH1": 408780.648, 
  "G_PTS": 20, 
  "Q_PTS": 34, 
  "N_PTS": 26, 
  "C_PTS": 12, 
  "AREA2": 562656.539, 
  "LENGTH2": 170254.014, 
  "B_PTS": 8, 
  "D_PTS": 8, 
  "AREA1": 515772.021, 
  "A_PTS": 27, 
  "E_PTS": 11
 }, 
 "NUMPOINTS": 38, 
 "points": [
  [
   -302527.37, 
   572159.481
  ], 
  [
   -506235.887, 
   -511802.561
  ], 
  [
   298260.885, 
   834285.396
  ], 
  [
   643964.892, 
   -926501.12
  ], 
  [
   -943227.815, 
   -167261.832
  ], 
  [
   -201815.149, 
   -415842.76
  ], 
  [
   504526.707, 
   -334577.081
  ], 
  [
   437687.259, 
   -415969.518
  ], 
  [
   -420065.743, 
   -607458.266
  ], 
  [
   -488140.348, 
   -333993.66
  ], 
  [
   -464704.539, 
   637670.982
  ], 
  [
   -739105.898, 
   -633309.088
  ], 
  [
   -516100.232, 
   -118673.123
  ], 
  [
   -989130.86, 
   -142175.154
  ], 
  [
   -285695.609, 
   -71005.414
  ], 
  [
   847885.544, 
   262371.492
  ], 
  [
   962278.976, 
   -332458.605
  ], 
  [
   458565.884, 
   -915548.705
  ], 
  [
   614779.537, 
   -376168.634
  ], 
  [
   183964.553, 
   364514.45
  ], 
  [
   -692102.419, 
   -944692.256
  ], 
  [
   639020.232, 
   868054.434
  ], 
  [
   528093.115, 
   416112.919
  ], 
  [
   -300874.685, 
   -979330.163
  ], 
  [
   -290653.83, 
   -280409.552
  ], 
  [
   737958.233, 
   375016.056
  ], 
  [
   -260954.851, 
   -772421.922
  ], 
  [
   -479617.803, 
   -88977.139
  ], 
  [
   666603.685, 
   978308.397
  ], 
  [
   -787445.038, 
   -963672.512
  ], 
  [
   107377.024, 
   -474082.54
  ], 
  [
   -835976.803, 
   -370147.765
  ], 
  [
   -884860.567, 
   497226.23
  ], 
  [
   312190.698, 
   -445816.539
  ], 
  [
   -906657.868, 
   -499235.936
  ], 
  [
   -787599.184, 
   -628979.013
  ], 
  [
   -947718.499, 
   279361.35
  ], 
  [
   -434248.912, 
   519038.984
  ]
 ], 
 "PUV": [
  true, 
  true, 
  false, 
  false, 
  false, 
  false, 
  true, 
  true, 
  false, 
  false, 
  false, 
  true, 
  false, 
  true, 
  true
 ], 
 "LCM": {
  "11": [
   "ORR", 
   "ANDD", 
   "ANDD", 
   "ANDD", 
   "ORR", 
   "ANDD", 
   "NOTUSED", 
   "ORR", 
   "NOTUSED", 
   "ORR", 
   "NOTUSED", 
   "ANDD", 
   "NOTUSED", 
   "ORR", 
   "ORR"
  ], 
  "10": [
   "NOTUSED", 
   "ANDD", 
   "ORR", 
   "NOTUSED", 
   "NOTUSED", 
   "NOTUSED", 
   "NOTUSED", 
   "ANDD", 
   "NOTUSED", 
   "ORR", 
   "NOTUSED", 
   "NOTUSED", 
   "ORR", 
   "ANDD", 
   "ORR"
  ], 
  "13": [
   "ORR", 
   "ORR", 
   "NOTUSED", 
   "ANDD", 
   "ORR", 
   "ORR", 
   "ORR", 
   "ORR", 
   "NOTUSED", 
   "ANDD", 
   "ANDD", 
   "ORR", 
   "ANDD", 
   "ORR", 
   "NOTUSED"
  ], 
  "12": [
   "NOTUSED", 
   "NOTUSED", 
   "NOTUSED", 
   "ORR", 
   "ANDD", 
   "ORR", 
   "ANDD", 
   "ANDD", 
   "ANDD", 
   "ANDD", 
   "ORR", 
   "NOTUSED", 
   "ANDD", 
   "ANDD", 
   "NOTUSED"
  ], 
  "14": [
   "ORR", 
   "ORR", 
   "ANDD", 
   "NOTUSED", 
   "ANDD", 
   "ORR", 
   "ANDD", 
   "NOTUSED", 
   "ORR", 
   "ORR", 
   "ORR", 
   "ORR", 
   "NOTUSED", 
   "NOTUSED", 
   "ANDD"
  ], 
  "1": [
   "ANDD", 
   "ANDD", 
   "ANDD", 
   "NOTUSED", 
   "ORR", 
   "ORR", 
   "NOTUSED", 
   "ANDD", 
   "ORR", 
   "ORR", 
   "ANDD", 
   "ANDD", 
   "NOTUSED", 
   "ORR", 
   "ORR"
  ], 
  "0": [
   "NOTUSED", 
   "ANDD", 
   "ORR", 
   "NOTUSED", 
   "ANDD", 
   "NOTUSED", 
   "ORR", 
   "ANDD", 
   "ANDD", 
   "NOTUSED", 
   "NOTUSED", 
   "ORR", 
   "NOTUSED", 
   "ORR", 
   "ORR"
  ], 
  "3": [
   "NOTUSED", 
   "NOTUSED", 
   "ORR", 
   "NOTUSED", 
   "NOTUSED", 
   "NOTUSED", 
   "NOTUSED", 
   "ANDD", 
   "ANDD", 
   "NOTUSED", 
   "NOTUSED", 
   "ANDD", 
   "ORR", 
   "ANDD", 
   "NOTUSED"
  ], 
  "2": [
   "ORR", 
   "ANDD", 
   "ORR", 
   "ORR", 
   "ORR", 
   "NOTUSED", 
   "NOTUSED", 
   "ANDD", 
   "ORR", 
   "ANDD", 
   "ORR", 
   "ANDD", 
   "NOTUSED", 
   "NOTUSED", 
   "ANDD"
  ], 
  "5": [
   "NOTUSED", 
   "ORR", 
   "NOTUSED", 
   "NOTUSED", 
   "ANDD", 
   "ANDD", 
   "NOTUSED", 
   "ORR", 
   "NOTUSED", 
   "ORR", 
   "NOTUSED", 
   "ANDD", 
   "ORR", 
   "ORR", 
   "ORR"
  ], 
  "4": [
   "ANDD", 
   "ORR", 
   "ORR", 
   "NOTUSED", 
   "ORR", 
   "ANDD", 
   "NOTUSED", 
   "ANDD", 
   "ANDD", 
   "NOTUSED", 
   "NOTUSED", 
   "ORR", 
   "ANDD", 
   "ORR", 
   "ANDD"
  ], 
  "7": [
   "ANDD", 
   "ANDD", 
   "ANDD", 
   "ANDD", 
   "ANDD", 
   "ORR", 
   "ANDD", 
   "ANDD", 
   "ORR", 
   "ORR", 
   "ANDD", 
   "ORR", 
   "ANDD", 
   "ORR", 
   "NOTUSED"
  ], 
  "6": [
   "ORR", 
   "NOTUSED", 
   "NOTUSED", 
   "NOTUSED", 
   "NOTUSED", 
   "NOTUSED", 
   "ANDD", 
   "ANDD", 
   "ANDD", 
   "NOTUSED", 
   "NOTUSED", 
   "NOTUSED", 
   "ANDD", 
   "ORR", 
   "ANDD"
  ], 
  "9": [
   "NOTUSED", 
   "ORR", 
   "ANDD", 
   "NOTUSED", 
   "NOTUSED", 
   "ORR", 
   "NOTUSED", 
   "ORR", 
   "NOTUSED", 
   "ANDD", 
   "ORR", 
   "ORR", 
   "ANDD", 
   "ANDD", 
   "ORR"
  ], 
  "8": [
   "ANDD", 
   "ORR", 
   "ORR", 
   "ANDD", 
   "ANDD", 
   "NOTUSED", 
   "ANDD", 
   "ORR", 
   "ANDD", 
   "NOTUSED", 
   "NOTUSED", 
   "NOTUSED", 
   "ANDD", 
   "NOTUSED", 
   "ORR"
  ]
 }
}