{
 "random_seed": 45293266, 
 "PARAMETERS": {
  "RADIUS1": 819246.218, 
  "QUADS": 2, 
  "RADIUS2": 795185.453, 
  "DIST": 838054.753, 
  "F_PTS": 11, 
  "K_PTS": 8, 
  "EPSILON": 2.433, 
  "LENGTH1": 183626.494, 
  "G_PTS": 19, 
  "Q_PTS": 16, 
  "N_PTS": 35, 
  "C_PTS": 10, 
  "AREA2": 672602.626, 
  "LENGTH2": 175321.074, 
  "B_PTS": 14, 
  "D_PTS": 1, 
  "AREA1": 656537.79, 
  "A_PTS": 12, 
  "E_PTS": 14
 }, 
 "NUMPOINTS": 38, 
 "points": [
  [
   -997651.858, 
   -75593.258
  ], 
  [
   276192.303, 
   -783761.369
  ], 
  [
   -494643.275, 
   -51242.538
  ], 
  [
   -177919.393, 
   324129.364
  ], 
  [
   462799.483, 
   428180.594
  ], 
  [
   -780056.225, 
   -857491.201
  ], 
  [
   -752323.348, 
   728304.263
  ], 
  [
   157225.669, 
   149331.164
  ], 
  [
   -720546.488, 
   669685.738
  ], 
  [
   992064.21, 
   -609775.855
  ], 
  [
   -956475.693, 
   -173253.122
  ], 
  [
   -313401.048, 
   272509.824
  ], 
  [
   -58290.85, 
   777496.846
  ], 
  [
   -271687.528, 
   37904.866
  ], 
  [
   706356.614, 
   863576.388
  ], 
  [
   -750023.77, 
   339927.296
  ], 
  [
   719606.81, 
   73537.641
  ], 
  [
   113284.466, 
   -591810.485
  ], 
  [
   -155466.716, 
   532701.805
  ], 
  [
   684699.368, 
   599964.334
  ], 
  [
   931411.891, 
   -278529.437
  ], 
  [
   -349752.013, 
   -225264.238
  ], 
  [
   -573007.994, 
   -57472.91
  ], 
  [
   -987936.238, 
   585903.84
  ], 
  [
   677285.178, 
   248396.186
  ], 
  [
   -505464.382, 
   -19933.794
  ], 
  [
   -123773.241, 
   -790612.737
  ], 
  [
   401745.213, 
   698469.543
  ], 
  [
   57620.714, 
   -377038.085
  ], 
  [
   -811819.771, 
   623171.096
  ], 
  [
   725216.31, 
   -895669.198
  ], 
  [
   -934406.949, 
   -26415.293
  ], 
  [
   -287770.113, 
   71893.664
  ], 
  [
   125165.834, 
   674893.983
  ], 
  [
   -206030.746, 
   -326605.084
  ], 
  [
   925578.371, 
   484838.698
  ], 
  [
   216309.186, 
   152990.393
  ], 
  [
   813334.197, 
   -50165.356
  ]
 ], 
 "PUV": [
  true, 
  false, 
  true, 
  false, 
  false, 
  false, 
  true, 
  true, 
  false, 
  true, 
  true, 
  true, 
  false, 
  false, 
  false
 ], 
 "LCM": {
  "11": [
   "ANDD", 
   "ANDD", 
   "NOTUSED", 
   "ORR", 
   "ANDD", 
   "ANDD", 
   "NOTUSED", 
   "ORR", 
   "NOTUSED", 
   "ANDD", 
   "ANDD", 
   "NOTUSED", 
   "NOTUSED", 
   "NOTUSED", 
   "ORR"
  ], 
  "10": [
   "ANDD", 
   "NOTUSED", 
   "ANDD", 
   "NOTUSED", 
   "NOTUSED", 
   "ORR", 
   "NOTUSED", 
   "NOTUSED", 
   "ANDD", 
   "ANDD", 
   "NOTUSED", 
   "ANDD", 
   "NOTUSED", 
   "ANDD", 
   "ORR"
  ], 
  "13": [
   "NOTUSED", 
   "ORR", 
   "ORR", 
   "ORR", 
   "ANDD", 
   "NOTUSED", 
   "ANDD", 
   "ANDD", 
   "ANDD", 
   "ORR", 
   "ANDD", 
   "NOTUSED", 
   "ANDD", 
   "NOTUSED", 
   "ANDD"
  ], 
  "12": [
   "ORR", 
   "NOTUSED", 
   "ORR", 
   "ANDD", 
   "NOTUSED", 
   "ANDD", 
   "ANDD", 
   "ANDD", 
   "ANDD", 
   "NOTUSED", 
   "NOTUSED", 
   "NOTUSED", 
   "NOTUSED", 
   "ANDD", 
   "ORR"
  ], 
  "14": [
   "ANDD", 
   "NOTUSED", 
   "NOTUSED", 
   "ANDD", 
   "ORR", 
   "NOTUSED", 
   "ANDD", 
   "NOTUSED", 
   "ORR", 
   "NOTUSED", 
   "ORR", 
   "ORR", 
   "ORR", 
   "ANDD", 
   "ORR"
  ], 
  "1": [
   "NOTUSED", 
   "NOTUSED", 
   "NOTUSED", 
   "ORR", 
   "ORR", 
   "NOTUSED", 
   "ANDD", 
   "ORR", 
   "NOTUSED", 
   "ANDD", 
   "NOTUSED", 
   "ANDD", 
   "NOTUSED", 
   "ORR", 
   "NOTUSED"
  ], 
  "0": [
   "NOTUSED", 
   "NOTUSED", 
   "ORR", 
   "ORR", 
   "ANDD", 
   "ANDD", 
   "NOTUSED", 
   "ORR", 
   "NOTUSED", 
   "NOTUSED", 
   "ANDD", 
   "ANDD", 
   "ORR", 
   "NOTUSED", 
   "ANDD"
  ], 
  "3": [
   "ORR", 
   "ORR", 
   "ORR", 
   "ANDD", 
   "ANDD", 
   "ORR", 
   "NOTUSED", 
   "NOTUSED", 
   "ORR", 
   "ORR", 
   "NOTUSED", 
   "ORR", 
   "ANDD", 
   "ORR", 
   "ANDD"
  ], 
  "2": [
   "ORR", 
   "NOTUSED", 
   "NOTUSED", 
   "ORR", 
   "ANDD", 
   "ORR", 
   "ANDD", 
   "NOTUSED", 
   "ANDD", 
   "NOTUSED", 
   "ANDD", 
   "NOTUSED", 
   "ORR", 
   "ORR", 
   "NOTUSED"
  ], 
  "5": [
   "ANDD", 
   "NOTUSED", 
   "ORR", 
   "ORR", 
   "ORR", 
   "ANDD", 
   "ORR", 
   "ANDD", 
   "ANDD", 
   "NOTUSED", 
   "ORR", 
   "ANDD", 
   "ANDD", 
   "NOTUSED", 
   "NOTUSED"
  ], 
  "4": [
   "ANDD", 
   "ORR", 
   "ANDD", 
   "ANDD", 
   "ANDD", 
   "ORR", 
   "ORR", 
   "ORR", 
   "ANDD", 
   "ORR", 
   "NOTUSED", 
   "ANDD", 
   "NOTUSED", 
   "ANDD", 
   "ORR"
  ], 
  "7": [
   "ORR", 
   "ORR", 
   "NOTUSED", 
   "NOTUSED", 
   "ORR", 
   "ANDD", 
   "ANDD", 
   "NOTUSED", 
   "NOTUSED", 
   "ANDD", 
   "NOTUSED", 
   "ORR", 
   "ANDD", 
   "ANDD", 
   "NOTUSED"
  ], 
  "6": [
   "NOTUSED", 
   "ANDD", 
   "ANDD", 
   "NOTUSED", 
   "ORR", 
   "ORR", 
   "ANDD", 
   "ANDD", 
   "ORR", 
   "ANDD", 
   "NOTUSED", 
   "NOTUSED", 
   "ANDD", 
   "ANDD", 
   "ANDD"
  ], 
  "9": [
   "NOTUSED", 
   "ANDD", 
   "NOTUSED", 
   "ORR", 
   "ORR", 
   "NOTUSED", 
   "ANDD", 
   "ANDD", 
   "ORR", 
   "NOTUSED", 
   "ANDD", 
   "ANDD", 
   "NOTUSED", 
   "ORR", 
   "NOTUSED"
  ], 
  "8": [
   "NOTUSED", 
   "NOTUSED", 
   "ANDD", 
   "ORR", 
   "ANDD", 
   "ANDD", 
   "ORR", 
   "NOTUSED", 
   "NOTUSED", 
   "ORR", 
   "ANDD", 
   "NOTUSED", 
   "ANDD", 
   "ANDD", 
   "ORR"
  ]
 }
}