{
 "random_seed": 2929737616, 
 "PARAMETERS": {
  "RADIUS1": 214334.352, 
  "QUADS": 3, 
  "RADIUS2": 279433.757, 
  "DIST": 945472.525, 
  "F_PTS": 13, 
  "K_PTS": 11, 
  "EPSILON": 2.796, 
  "LENGTH1": 342957.926, 
  "G_PTS": 32, 
  "Q_PTS": 46, 
  "N_PTS": 28, 
  "C_PTS": 38, 
  "AREA2": 334750.328, 
  "LENGTH2": 662431.14, 
  "B_PTS": 13, 
  "D_PTS": 9, 
  "AREA1": 87099.824, 
  "A_PTS": 13, 
  "E_PTS": 11
 }, 
 "NUMPOINTS": 52, 
 "points": [
  [
   -661881.84, 
   -549583.05
  ], 
  [
   371699.567, 
   -460502.577
  ], 
  [
   -56186.467, 
   130008.25
  ], 
  [
   -167582.39, 
   399804.004
  ], 
  [
   -285091.969, 
   -904353.236
  ], 
  [
   -402640.469, 
   557969.695
  ], 
  [
   511453.839, 
   -759534.442
  ], 
  [
   971634.099, 
   755740.695
  ], 
  [
   688096.161, 
   -627192.687
  ], 
  [
   -373031.15, 
   780342.083
  ], 
  [
   -386515.041, 
   564432.689
  ], 
  [
   -734983.536, 
   402770.334
  ], 
  [
   -172165.853, 
   399452.849
  ], 
  [
   427044.371, 
   -566897.052
  ], 
  [
   -219572.298, 
   270556.158
  ], 
  [
   599732.719, 
   591438.483
  ], 
  [
   676947.022, 
   132293.357
  ], 
  [
   -44624.41, 
   245759.99
  ], 
  [
   285011.796, 
   373610.187
  ], 
  [
   178009.7, 
   997044.608
  ], 
  [
   -586296.326, 
   -984083.709
  ], 
  [
   -634382.134, 
   665876.284
  ], 
  [
   178143.891, 
   -246202.78
  ], 
  [
   130660.606, 
   853077.718
  ], 
  [
   -14629.805, 
   -974851.161
  ], 
  [
   -809612.274, 
   578666.263
  ], 
  [
   -931732.893, 
   327494.452
  ], 
  [
   44239.324, 
   50382.142
  ], 
  [
   701027.74, 
   -941548.707
  ], 
  [
   -855127.459, 
   251057.324
  ], 
  [
   971476.18, 
   370418.843
  ], 
  [
   -27746.803, 
   -119266.518
  ], 
  [
   -533958.832, 
   -129851.907
  ], 
  [
   -33888.374, 
   875209.205
  ], 
  [
   -284287.787, 
   461540.371
  ], 
  [
   -9248.668, 
   392139.203
  ], 
  [
   128428.355, 
   332193.306
  ], 
  [
   265377.11, 
   -779022.431
  ], 
  [
   784320.879, 
   935302.205
  ], 
  [
   -374454.088, 
   -652345.975
  ], 
  [
   -903951.328, 
   287562.999
  ], 
  [
   -859242.537, 
   -898946.692
  ], 
  [
   847522.448, 
   -916015.809
  ], 
  [
   -666340.312, 
   864487.001
  ], 
  [
   328714.441, 
   -929707.377
  ], 
  [
   391023.914, 
   514207.379
  ], 
  [
   -933892.996, 
   889252.893
  ], 
  [
   78674.255, 
   -743253.19
  ], 
  [
   -781081.978, 
   930706.221
  ], 
  [
   724303.603, 
   905611.693
  ], 
  [
   617989.319, 
   -702514.206
  ], 
  [
   -731692.3, 
   534406.878
  ]
 ], 
 "PUV": [
  false, 
  false, 
  false, 
  false, 
  false, 
  false, 
  false, 
  false, 
  false, 
  false, 
  true, 
  false, 
  false, 
  true, 
  false
 ], 
 "LCM": {
  "11": [
   "ANDD", 
   "ANDD", 
   "ORR", 
   "ANDD", 
   "NOTUSED", 
   "NOTUSED", 
   "NOTUSED", 
   "ANDD", 
   "NOTUSED", 
   "ANDD", 
   "NOTUSED", 
   "ORR", 
   "NOTUSED", 
   "ORR", 
   "NOTUSED"
  ], 
  "10": [
   "NOTUSED", 
   "ANDD", 
   "NOTUSED", 
   "ORR", 
   "ANDD", 
   "ANDD", 
   "ANDD", 
   "ORR", 
   "ORR", 
   "ORR", 
   "ANDD", 
   "NOTUSED", 
   "NOTUSED", 
   "ORR", 
   "ORR"
  ], 
  "13": [
   "ANDD", 
   "ORR", 
   "NOTUSED", 
   "ORR", 
   "ANDD", 
   "ORR", 
   "NOTUSED", 
   "ANDD", 
   "ORR", 
   "ANDD", 
   "ORR", 
   "ORR", 
   "NOTUSED", 
   "ORR", 
   "NOTUSED"
  ], 
  "12": [
   "ORR", 
   "NOTUSED", 
   "ANDD", 
   "ORR", 
   "ORR", 
   "ORR", 
   "ANDD", 
   "ANDD", 
   "NOTUSED", 
   "ANDD", 
   "NOTUSED", 
   "NOTUSED", 
   "ANDD", 
   "NOTUSED", 
   "NOTUSED"
  ], 
  "14": [
   "ORR", 
   "NOTUSED", 
   "ANDD", 
   "NOTUSED", 
   "NOTUSED", 
   "ORR", 
   "NOTUSED", 
   "ORR", 
   "NOTUSED", 
   "NOTUSED", 
   "ORR", 
   "NOTUSED", 
   "NOTUSED", 
   "NOTUSED", 
   "ORR"
  ], 
  "1": [
   "NOTUSED", 
   "ANDD", 
   "NOTUSED", 
   "NOTUSED", 
   "ANDD", 
   "NOTUSED", 
   "ANDD", 
   "ANDD", 
   "NOTUSED", 
   "NOTUSED", 
   "ANDD", 
   "ANDD", 
   "NOTUSED", 
   "ORR", 
   "NOTUSED"
  ], 
  "0": [
   "NOTUSED", 
   "NOTUSED", 
   "ORR", 
   "ORR", 
   "NOTUSED", 
   "NOTUSED", 
   "ORR", 
   "ORR", 
   "NOTUSED", 
   "ANDD", 
   "NOTUSED", 
   "ANDD", 
   "ORR", 
   "ANDD", 
   "ORR"
  ], 
  "3": [
   "ORR", 
   "NOTUSED", 
   "ORR", 
   "ANDD", 
   "ORR", 
   "ORR", 
   "NOTUSED", 
   "ANDD", 
   "ORR", 
   "ANDD", 
   "ORR", 
   "ANDD", 
   "ORR", 
   "ORR", 
   "NOTUSED"
  ], 
  "2": [
   "ORR", 
   "NOTUSED", 
   "NOTUSED", 
   "ORR", 
   "ORR", 
   "NOTUSED", 
   "NOTUSED", 
   "NOTUSED", 
   "ANDD", 
   "NOTUSED", 
   "NOTUSED", 
   "ORR", 
   "ANDD", 
   "NOTUSED", 
   "ANDD"
  ], 
  "5": [
   "NOTUSED", 
   "NOTUSED", 
   "NOTUSED", 
   "ORR", 
   "ORR", 
   "ANDD", 
   "NOTUSED", 
   "ANDD", 
   "NOTUSED", 
   "ORR", 
   "ANDD", 
   "NOTUSED", 
   "ORR", 
   "ORR", 
   "ORR"
  ], 
  "4": [
   "NOTUSED", 
   "ANDD", 
   "ORR", 
   "ORR", 
   "ORR", 
   "ORR", 
   "ORR", 
   "ANDD", 
   "ORR", 
   "ANDD", 
   "ANDD", 
   "NOTUSED", 
   "ORR", 
   "ANDD", 
   "NOTUSED"
  ], 
  "7": [
   "ORR", 
   "ANDD", 
   "NOTUSED", 
   "ANDD", 
   "ANDD", 
   "ANDD", 
   "ANDD", 
   "ANDD", 
   "ANDD", 
   "ORR", 
   "ORR", 
   "ANDD", 
   "ANDD", 
   "ANDD", 
   "ORR"
  ], 
  "6": [
   "ORR", 
   "ANDD", 
   "NOTUSED", 
   "NOTUSED", 
   "ORR", 
   "NOTUSED", 
   "ANDD", 
   "ANDD", 
   "ANDD", 
   "ORR", 
   "ANDD", 
   "NOTUSED", 
   "ANDD", 
   "NOTUSED", 
   "NOTUSED"
  ], 
  "9": [
   "ANDD", 
   "NOTUSED", 
   "NOTUSED", 
   "ANDD", 
   "ANDD", 
   "ORR", 
   "ORR", 
   "ORR", 
   "ORR", 
   "ANDD", 
   "ORR", 
   "ANDD", 
   "ANDD", 
   "ANDD", 
   "NOTUSED"
  ], 
  "8": [
   "NOTUSED", 
   "NOTUSED", 
   "ANDD", 
   "ORR", 
   "ORR", 
   "NOTUSED", 
   "ANDD", 
   "ANDD", 
   "ORR", 
   "ORR", 
   "ORR", 
   "NOTUSED", 
   "NOTUSED", 
   "ORR", 
   "NOTUSED"
  ]
 }
}