{
 "random_seed": 2082869608, 
 "PARAMETERS": {
  "RADIUS1": 97194.995, 
  "QUADS": 3, 
  "RADIUS2": 284770.842, 
  "DIST": 745494.458, 
  "F_PTS": 56, 
  "K_PTS": 66, 
  "EPSILON": 2.686, 
  "LENGTH1": 329922.136, 
  "G_PTS": 78, 
  "Q_PTS": 17, 
  "N_PTS": 27, 
  "C_PTS": 18, 
  "AREA2": 417887.181, 
  "LENGTH2": 413210.941, 
  "B_PTS": 4, 
  "D_PTS": 11, 
  "AREA1": 23711.855, 
  "A_PTS": 35, 
  "E_PTS": 5
 }, 
 "NUMPOINTS": 97, 
 "points": [
  [
   654338.237, 
   292247.506
  ], 
  [
   848929.516, 
   490759.898
  ], 
  [
   -667773.588, 
   -315556.543
  ], 
  [
   -333529.596, 
   -750501.279
  ], 
  [
   -423186.458, 
   4391.341
  ], 
  [
   -403848.176, 
   -310940.371
  ], 
  [
   723163.747, 
   873806.892
  ], 
  [
   -174566.804, 
   790477.978
  ], 
  [
   453273.929, 
   290561.52
  ], 
  [
   308674.193, 
   -874695.844
  ], 
  [
   948890.857, 
   -997394.953
  ], 
  [
   777182.163, 
   591902.731
  ], 
  [
   970858.666, 
   -753004.394
  ], 
  [
   505693.68, 
   -685670.972
  ], 
  [
   451302.083, 
   735513.07
  ], 
  [
   908743.076, 
   -960533.095
  ], 
  [
   -18038.804, 
   231738.781
  ], 
  [
   95027.922, 
   24547.73
  ], 
  [
   -996696.298, 
   23027.491
  ], 
  [
   -51552.133, 
   549651.155
  ], 
  [
   -163998.245, 
   -799765.65
  ], 
  [
   388114.405, 
   492071.16
  ], 
  [
   -876724.535, 
   -77537.736
  ], 
  [
   -510707.379, 
   -557757.42
  ], 
  [
   745997.289, 
   381338.305
  ], 
  [
   -519483.004, 
   248386.632
  ], 
  [
   219680.721, 
   217352.182
  ], 
  [
   283524.504, 
   778011.856
  ], 
  [
   -551809.253, 
   -233200.213
  ], 
  [
   952410.59, 
   -379222.544
  ], 
  [
   548634.195, 
   463022.944
  ], 
  [
   -967611.707, 
   168416.938
  ], 
  [
   -754272.955, 
   258586.349
  ], 
  [
   23921.548, 
   354680.63
  ], 
  [
   778283.695, 
   415362.73
  ], 
  [
   698976.896, 
   778411.167
  ], 
  [
   98177.076, 
   -584851.804
  ], 
  [
   -456378.115, 
   129197.775
  ], 
  [
   856203.052, 
   -734068.978
  ], 
  [
   -310896.638, 
   432427.044
  ], 
  [
   612973.955, 
   287343.597
  ], 
  [
   346239.426, 
   344185.019
  ], 
  [
   411448.281, 
   450586.014
  ], 
  [
   -233976.31, 
   304761.721
  ], 
  [
   458591.819, 
   427988.354
  ], 
  [
   -198143.195, 
   964428.216
  ], 
  [
   94033.149, 
   -501009.641
  ], 
  [
   408817.21, 
   467147.267
  ], 
  [
   526697.698, 
   318064.97
  ], 
  [
   471925.686, 
   673106.912
  ], 
  [
   -672711.033, 
   -136696.116
  ], 
  [
   364552.045, 
   585590.37
  ], 
  [
   -691550.925, 
   299667.339
  ], 
  [
   -364345.492, 
   -51493.559
  ], 
  [
   98724.17, 
   -399016.155
  ], 
  [
   -534533.507, 
   141082.183
  ], 
  [
   -97142.515, 
   888915.035
  ], 
  [
   -629430.365, 
   383693.784
  ], 
  [
   602097.132, 
   -789439.708
  ], 
  [
   -512972.391, 
   -372742.606
  ], 
  [
   678642.839, 
   -716943.219
  ], 
  [
   -253332.497, 
   -729210.816
  ], 
  [
   -754370.925, 
   850645.666
  ], 
  [
   237604.051, 
   -458863.047
  ], 
  [
   -420965.827, 
   -235593.379
  ], 
  [
   987741.937, 
   494639.489
  ], 
  [
   430140.014, 
   302061.447
  ], 
  [
   863706.833, 
   -667199.415
  ], 
  [
   716794.074, 
   -701988.699
  ], 
  [
   349410.282, 
   13905.293
  ], 
  [
   -340394.437, 
   781484.094
  ], 
  [
   -165921.17, 
   354052.393
  ], 
  [
   -746974.766, 
   -751498.913
  ], 
  [
   -559545.163, 
   -396392.633
  ], 
  [
   -825691.557, 
   -835687.526
  ], 
  [
   -601685.245, 
   122326.114
  ], 
  [
   633213.681, 
   278700.163
  ], 
  [
   538222.545, 
   54474.244
  ], 
  [
   468533.475, 
   -203529.068
  ], 
  [
   -2250.023, 
   609641.225
  ], 
  [
   -319920.165, 
   876168.244
  ], 
  [
   621553.465, 
   -911291.827
  ], 
  [
   992286.433, 
   794287.508
  ], 
  [
   672383.831, 
   -968849.488
  ], 
  [
   974233.662, 
   -473162.946
  ], 
  [
   -321110.765, 
   427684.21
  ], 
  [
   112754.088, 
   768202.973
  ], 
  [
   97328.895, 
   -254530.553
  ], 
  [
   -41963.625, 
   -272619.182
  ], 
  [
   -932958.347, 
   -213932.313
  ], 
  [
   -87572.998, 
   448279.762
  ], 
  [
   -883581.451, 
   -406643.46
  ], 
  [
   654932.28, 
   -467327.103
  ], 
  [
   436701.114, 
   557195.848
  ], 
  [
   881025.617, 
   403958.69
  ], 
  [
   509209.303, 
   -649509.997
  ], 
  [
   488250.37, 
   -317593.553
  ]
 ], 
 "PUV": [
  true, 
  false, 
  false, 
  false, 
  false, 
  true, 
  true, 
  false, 
  true, 
  true, 
  true, 
  false, 
  false, 
  false, 
  true
 ], 
 "LCM": {
  "11": [
   "ANDD", 
   "ANDD", 
   "ORR", 
   "ORR", 
   "ORR", 
   "ANDD", 
   "ANDD", 
   "ORR", 
   "ANDD", 
   "ORR", 
   "NOTUSED", 
   "ORR", 
   "ORR", 
   "ORR", 
   "ANDD"
  ], 
  "10": [
   "NOTUSED", 
   "NOTUSED", 
   "ANDD", 
   "ORR", 
   "NOTUSED", 
   "NOTUSED", 
   "ANDD", 
   "ANDD", 
   "ANDD", 
   "ORR", 
   "NOTUSED", 
   "NOTUSED", 
   "ORR", 
   "NOTUSED", 
   "ANDD"
  ], 
  "13": [
   "ORR", 
   "ORR", 
   "ANDD", 
   "NOTUSED", 
   "NOTUSED", 
   "NOTUSED", 
   "ORR", 
   "NOTUSED", 
   "ORR", 
   "NOTUSED", 
   "NOTUSED", 
   "ORR", 
   "NOTUSED", 
   "NOTUSED", 
   "ORR"
  ], 
  "12": [
   "ORR", 
   "ANDD", 
   "ORR", 
   "ORR", 
   "ORR", 
   "NOTUSED", 
   "ORR", 
   "NOTUSED", 
   "ANDD", 
   "NOTUSED", 
   "ORR", 
   "ORR", 
   "ORR", 
   "NOTUSED", 
   "ANDD"
  ], 
  "14": [
   "ANDD", 
   "ORR", 
   "ORR", 
   "NOTUSED", 
   "ANDD", 
   "ANDD", 
   "ANDD", 
   "ANDD", 
   "ANDD", 
   "ORR", 
   "ANDD", 
   "ANDD", 
   "ANDD", 
   "ORR", 
   "ORR"
  ], 
  "1": [
   "ORR", 
   "ORR", 
   "ORR", 
   "NOTUSED", 
   "ANDD", 
   "NOTUSED", 
   "ANDD", 
   "ANDD", 
   "NOTUSED", 
   "NOTUSED", 
   "NOTUSED", 
   "ANDD", 
   "ANDD", 
   "ORR", 
   "ORR"
  ], 
  "0": [
   "NOTUSED", 
   "ORR", 
   "ORR", 
   "ANDD", 
   "ANDD", 
   "ANDD", 
   "ANDD", 
   "ANDD", 
   "ANDD", 
   "ANDD", 
   "NOTUSED", 
   "ANDD", 
   "ORR", 
   "ORR", 
   "ANDD"
  ], 
  "3": [
   "ANDD", 
   "NOTUSED", 
   "ORR", 
   "ANDD", 
   "ORR", 
   "ANDD", 
   "ANDD", 
   "ANDD", 
   "ORR", 
   "ORR", 
   "ORR", 
   "ORR", 
   "ORR", 
   "NOTUSED", 
   "NOTUSED"
  ], 
  "2": [
   "ORR", 
   "ORR", 
   "NOTUSED", 
   "ORR", 
   "NOTUSED", 
   "NOTUSED", 
   "ORR", 
   "ORR", 
   "ORR", 
   "ANDD", 
   "ANDD", 
   "ORR", 
   "ORR", 
   "ANDD", 
   "ORR"
  ], 
  "5": [
   "ANDD", 
   "NOTUSED", 
   "NOTUSED", 
   "ANDD", 
   "ANDD", 
   "ORR", 
   "ANDD", 
   "NOTUSED", 
   "ANDD", 
   "ORR", 
   "NOTUSED", 
   "ANDD", 
   "NOTUSED", 
   "NOTUSED", 
   "ANDD"
  ], 
  "4": [
   "ANDD", 
   "ANDD", 
   "NOTUSED", 
   "ORR", 
   "ANDD", 
   "ANDD", 
   "ORR", 
   "ORR", 
   "ANDD", 
   "ORR", 
   "NOTUSED", 
   "ORR", 
   "ORR", 
   "NOTUSED", 
   "ANDD"
  ], 
  "7": [
   "ANDD", 
   "ANDD", 
   "ORR", 
   "ANDD", 
   "ORR", 
   "NOTUSED", 
   "ANDD", 
   "ORR", 
   "ORR", 
   "ORR", 
   "ANDD", 
   "ORR", 
   "NOTUSED", 
   "NOTUSED", 
   "ANDD"
  ], 
  "6": [
   "ANDD", 
   "ANDD", 
   "ORR", 
   "ANDD", 
   "ORR", 
   "ANDD", 
   "NOTUSED", 
   "ANDD", 
   "ORR", 
   "ORR", 
   "ANDD", 
   "ANDD", 
   "ORR", 
   "ORR", 
   "ANDD"
  ], 
  "9": [
   "ANDD", 
   "NOTUSED", 
   "ANDD", 
   "ORR", 
   "ORR", 
   "ORR", 
   "ORR", 
   "ORR", 
   "ANDD", 
   "NOTUSED", 
   "ORR", 
   "ORR", 
   "NOTUSED", 
   "NOTUSED", 
   "ORR"
  ], 
  "8": [
   "ANDD", 
   "NOTUSED", 
   "ORR", 
   "ORR", 
   "ANDD", 
   "ANDD", 
   "ORR", 
   "ORR", 
   "ORR", 
   "ANDD", 
   "ANDD", 
   "ANDD", 
   "ANDD", 
   "ORR", 
   "ANDD"
  ]
 }
}