{
 "random_seed": 360377464, 
 "PARAMETERS": {
  "RADIUS1": 631292.086, 
  "QUADS": 1, 
  "RADIUS2": 90013.24, 
  "DIST": 382003.591, 
  "F_PTS": 11, 
  "K_PTS": 41, 
  "EPSILON": 0.147, 
  "LENGTH1": 392937.119, 
  "G_PTS": 21, 
  "Q_PTS": 13, 
  "N_PTS": 4, 
  "C_PTS": 7, 
  "AREA2": 465786.013, 
  "LENGTH2": 361203.694, 
  "B_PTS": 4, 
  "D_PTS": 32, 
  "AREA1": 457742.479, 
  "A_PTS": 25, 
  "E_PTS": 3
 }, 
 "NUMPOINTS": 47, 
 "points": [
  [
   -533998.479, 
   -523074.761
  ], 
  [
   525558.501, 
   -129628.472
  ], 
  [
   -64918.564, 
   367381.263
  ], 
  [
   949365.968, 
   141698.528
  ], 
  [
   329435.361, 
   -598224.613
  ], 
  [
   -283615.778, 
   -45295.049
  ], 
  [
   -632262.646, 
   332766.488
  ], 
  [
   8293.611, 
   -976302.598
  ], 
  [
   -990092.033, 
   175262.895
  ], 
  [
   827616.618, 
   134751.278
  ], 
  [
   -423506.299, 
   731864.331
  ], 
  [
   1246.818, 
   -677750.037
  ], 
  [
   663783.119, 
   115973.66
  ], 
  [
   -981049.428, 
   511242.731
  ], 
  [
   -363671.978, 
   -320373.499
  ], 
  [
   419145.424, 
   325457.604
  ], 
  [
   909860.077, 
   192154.619
  ], 
  [
   347059.235, 
   -331163.378
  ], 
  [
   -92346.041, 
   876321.65
  ], 
  [
   -710411.645, 
   628705.558
  ], 
  [
   369350.693, 
   895359.141
  ], 
  [
   -882540.798, 
   793794.42
  ], 
  [
   -946157.623, 
   -928928.497
  ], 
  [
   -376772.507, 
   -805710.522
  ], 
  [
   678806.675, 
   278760.432
  ], 
  [
   92159.261, 
   -285322.218
  ], 
  [
   648960.377, 
   -135185.819
  ], 
  [
   -555019.125, 
   558164.602
  ], 
  [
   142727.34, 
   -522699.507
  ], 
  [
   797203.485, 
   303957.346
  ], 
  [
   773175.897, 
   659909.524
  ], 
  [
   -105873.2, 
   16474.394
  ], 
  [
   887227.706, 
   -474378.017
  ], 
  [
   774254.996, 
   -893330.999
  ], 
  [
   608395.912, 
   134743.278
  ], 
  [
   346128.957, 
   611225.819
  ], 
  [
   -51398.02, 
   -188869.003
  ], 
  [
   300737.168, 
   601721.728
  ], 
  [
   27158.323, 
   591462.856
  ], 
  [
   874076.911, 
   662732.98
  ], 
  [
   145854.273, 
   662830.024
  ], 
  [
   105831.516, 
   635521.904
  ], 
  [
   743453.149, 
   121387.859
  ], 
  [
   57243.598, 
   -49564.712
  ], 
  [
   -419127.861, 
   121358.506
  ], 
  [
   -680522.456, 
   525857.282
  ], 
  [
   -37216.56, 
   383837.344
  ]
 ], 
 "PUV": [
  false, 
  false, 
  false, 
  false, 
  false, 
  true, 
  true, 
  false, 
  false, 
  true, 
  false, 
  false, 
  false, 
  false, 
  false
 ], 
 "LCM": {
  "11": [
   "ANDD", 
   "NOTUSED", 
   "NOTUSED", 
   "ANDD", 
   "NOTUSED", 
   "ANDD", 
   "NOTUSED", 
   "ANDD", 
   "NOTUSED", 
   "NOTUSED", 
   "ANDD", 
   "ORR", 
   "ORR", 
   "NOTUSED", 
   "ANDD"
  ], 
  "10": [
   "ORR", 
   "NOTUSED", 
   "ANDD", 
   "ORR", 
   "ANDD", 
   "NOTUSED", 
   "ORR", 
   "ANDD", 
   "ORR", 
   "ORR", 
   "ORR", 
   "ANDD", 
   "NOTUSED", 
   "ANDD", 
   "ORR"
  ], 
  "13": [
   "ANDD", 
   "ANDD", 
   "NOTUSED", 
   "NOTUSED", 
   "ANDD", 
   "NOTUSED", 
   "NOTUSED", 
   "ANDD", 
   "ORR", 
   "NOTUSED", 
   "ANDD", 
   "NOTUSED", 
   "ORR", 
   "NOTUSED", 
   "ORR"
  ], 
  "12": [
   "ORR", 
   "NOTUSED", 
   "ANDD", 
   "NOTUSED", 
   "ORR", 
   "ORR", 
   "ORR", 
   "ANDD", 
   "ANDD", 
   "ANDD", 
   "NOTUSED", 
   "ORR", 
   "NOTUSED", 
   "ORR", 
   "ORR"
  ], 
  "14": [
   "ORR", 
   "ANDD", 
   "ORR", 
   "ANDD", 
   "ORR", 
   "ANDD", 
   "ORR", 
   "NOTUSED", 
   "ANDD", 
   "ANDD", 
   "ORR", 
   "ANDD", 
   "ORR", 
   "ORR", 
   "NOTUSED"
  ], 
  "1": [
   "NOTUSED", 
   "ANDD", 
   "ORR", 
   "ANDD", 
   "ORR", 
   "ANDD", 
   "ANDD", 
   "ORR", 
   "ORR", 
   "ORR", 
   "NOTUSED", 
   "NOTUSED", 
   "NOTUSED", 
   "ANDD", 
   "ANDD"
  ], 
  "0": [
   "ANDD", 
   "NOTUSED", 
   "NOTUSED", 
   "NOTUSED", 
   "NOTUSED", 
   "ANDD", 
   "NOTUSED", 
   "ORR", 
   "NOTUSED", 
   "ORR", 
   "ORR", 
   "ANDD", 
   "ORR", 
   "ANDD", 
   "ORR"
  ], 
  "3": [
   "NOTUSED", 
   "ANDD", 
   "ORR", 
   "NOTUSED", 
   "ORR", 
   "ANDD", 
   "ORR", 
   "ANDD", 
   "NOTUSED", 
   "ANDD", 
   "ORR", 
   "ANDD", 
   "NOTUSED", 
   "NOTUSED", 
   "ANDD"
  ], 
  "2": [
   "NOTUSED", 
   "ORR", 
   "ORR", 
   "ORR", 
   "ANDD", 
   "ANDD", 
   "ORR", 
   "ORR", 
   "ANDD", 
   "ANDD", 
   "ANDD", 
   "NOTUSED", 
   "ANDD", 
   "NOTUSED", 
   "ORR"
  ], 
  "5": [
   "ANDD", 
   "ANDD", 
   "ANDD", 
   "ANDD", 
   "NOTUSED", 
   "ORR", 
   "NOTUSED", 
   "NOTUSED", 
   "NOTUSED", 
   "ANDD", 
   "NOTUSED", 
   "ANDD", 
   "ORR", 
   "NOTUSED", 
   "ANDD"
  ], 
  "4": [
   "NOTUSED", 
   "ORR", 
   "ANDD", 
   "ORR", 
   "ORR", 
   "NOTUSED", 
   "ORR", 
   "ANDD", 
   "ANDD", 
   "ANDD", 
   "ANDD", 
   "NOTUSED", 
   "ORR", 
   "ANDD", 
   "ORR"
  ], 
  "7": [
   "ORR", 
   "ORR", 
   "ORR", 
   "ANDD", 
   "ANDD", 
   "NOTUSED", 
   "ANDD", 
   "NOTUSED", 
   "NOTUSED", 
   "NOTUSED", 
   "ANDD", 
   "ANDD", 
   "ANDD", 
   "ANDD", 
   "NOTUSED"
  ], 
  "6": [
   "NOTUSED", 
   "ANDD", 
   "ORR", 
   "ORR", 
   "ORR", 
   "NOTUSED", 
   "NOTUSED", 
   "ANDD", 
   "NOTUSED", 
   "ANDD", 
   "ORR", 
   "NOTUSED", 
   "ORR", 
   "NOTUSED", 
   "ORR"
  ], 
  "9": [
   "ORR", 
   "ORR", 
   "ANDD", 
   "ANDD", 
   "ANDD", 
   "ANDD", 
   "ANDD", 
   "NOTUSED", 
   "ANDD", 
   "NOTUSED", 
   "ORR", 
   "NOTUSED", 
   "ANDD", 
   "NOTUSED", 
   "ANDD"
  ], 
  "8": [
   "NOTUSED", 
   "ORR", 
   "ANDD", 
   "NOTUSED", 
   "ANDD", 
   "NOTUSED", 
   "NOTUSED", 
   "NOTUSED", 
   "NOTUSED", 
   "ANDD", 
   "ORR", 
   "NOTUSED", 
   "ANDD", 
   "ORR", 
   "ANDD"
  ]
 }
}