{
 "random_seed": 1907827660, 
 "PARAMETERS": {
  "RADIUS1": 633299.903, 
  "QUADS": 2, 
  "RADIUS2": 254663.258, 
  "DIST": 446558.567, 
  "F_PTS": 32, 
  "K_PTS": 59, 
  "EPSILON": 0.059, 
  "LENGTH1": 481915.605, 
  "G_PTS": 65, 
  "Q_PTS": 22, 
  "N_PTS": 10, 
  "C_PTS": 12, 
  "AREA2": 138860.45, 
  "LENGTH2": 661619.356, 
  "B_PTS": 19, 
  "D_PTS": 45, 
  "AREA1": 757712.93, 
  "A_PTS": 37, 
  "E_PTS": 33
 }, 
 "NUMPOINTS": 75, 
 "points": [
  [
   363444.501, 
   568124.469
  ], 
  [
   -144714.442, 
   94595.841
  ], 
  [
   -874208.891, 
   489388.767
  ], 
  [
   -56655.097, 
   -771411.662
  ], 
  [
   582709.464, 
   639826.179
  ], 
  [
   37895.267, 
   235410.592
  ], 
  [
   -897511.292, 
   386431.992
  ], 
  [
   146225.197, 
   -284345.088
  ], 
  [
   873717.551, 
   602942.586
  ], 
  [
   605404.795, 
   -705097.282
  ], 
  [
   -756938.471, 
   -426096.795
  ], 
  [
   933708.511, 
   -519671.401
  ], 
  [
   884397.698, 
   -497270.158
  ], 
  [
   281581.011, 
   729361.19
  ], 
  [
   194534.683, 
   40224.151
  ], 
  [
   277798.341, 
   -213147.461
  ], 
  [
   -126963.852, 
   -989920.246
  ], 
  [
   -419053.649, 
   -476265.157
  ], 
  [
   463827.932, 
   184521.247
  ], 
  [
   -259515.918, 
   -130468.822
  ], 
  [
   771219.17, 
   -628451.69
  ], 
  [
   115202.624, 
   537499.254
  ], 
  [
   403514.256, 
   191864.625
  ], 
  [
   445115.488, 
   -136877.154
  ], 
  [
   32377.8, 
   681697.274
  ], 
  [
   227520.989, 
   -618277.338
  ], 
  [
   -216358.103, 
   115096.814
  ], 
  [
   -104147.802, 
   -343654.174
  ], 
  [
   237048.684, 
   847873.26
  ], 
  [
   169504.22, 
   -807383.271
  ], 
  [
   -828154.227, 
   -591901.832
  ], 
  [
   929501.549, 
   -819788.08
  ], 
  [
   943168.23, 
   -945156.047
  ], 
  [
   819726.332, 
   673268.993
  ], 
  [
   74557.549, 
   955232.671
  ], 
  [
   -819536.193, 
   -401798.223
  ], 
  [
   443226.199, 
   -3063.333
  ], 
  [
   169803.345, 
   660661.187
  ], 
  [
   67096.978, 
   30117.175
  ], 
  [
   256382.381, 
   909424.735
  ], 
  [
   56094.652, 
   22115.287
  ], 
  [
   -362189.781, 
   563667.099
  ], 
  [
   568996.304, 
   54122.7
  ], 
  [
   707653.672, 
   -58375.987
  ], 
  [
   818980.666, 
   235650.697
  ], 
  [
   334715.725, 
   815150.636
  ], 
  [
   382317.708, 
   -929722.437
  ], 
  [
   799839.061, 
   537939.021
  ], 
  [
   -68158.233, 
   -595268.153
  ], 
  [
   -197095.823, 
   -463822.368
  ], 
  [
   -315744.645, 
   -575523.907
  ], 
  [
   624057.852, 
   -168535.099
  ], 
  [
   73947.462, 
   497716.769
  ], 
  [
   -886383.679, 
   368707.69
  ], 
  [
   799197.727, 
   942400.471
  ], 
  [
   -652743.862, 
   352668.128
  ], 
  [
   125380.775, 
   535282.678
  ], 
  [
   -155087.537, 
   -345618.136
  ], 
  [
   -373100.811, 
   664490.951
  ], 
  [
   39188.419, 
   -907884.453
  ], 
  [
   -905028.158, 
   -911603.503
  ], 
  [
   302714.239, 
   543745.027
  ], 
  [
   -362214.505, 
   480735.321
  ], 
  [
   -307755.976, 
   460609.804
  ], 
  [
   -360392.297, 
   845493.475
  ], 
  [
   749097.226, 
   -651565.026
  ], 
  [
   -95989.889, 
   34601.777
  ], 
  [
   -683204.992, 
   -31755.327
  ], 
  [
   -281841.181, 
   922945.142
  ], 
  [
   605843.129, 
   -495388.594
  ], 
  [
   95967.661, 
   832291.851
  ], 
  [
   -691791.219, 
   972178.307
  ], 
  [
   -51030.302, 
   -555643.97
  ], 
  [
   -862989.084, 
   145810.386
  ], 
  [
   -747943.331, 
   -618955.436
  ]
 ], 
 "PUV": [
  false, 
  false, 
  true, 
  true, 
  false, 
  false, 
  false, 
  true, 
  false, 
  false, 
  true, 
  true, 
  true, 
  false, 
  true
 ], 
 "LCM": {
  "11": [
   "ANDD", 
   "NOTUSED", 
   "ORR", 
   "ORR", 
   "ANDD", 
   "ANDD", 
   "ANDD", 
   "NOTUSED", 
   "ORR", 
   "ANDD", 
   "ANDD", 
   "NOTUSED", 
   "ANDD", 
   "ORR", 
   "NOTUSED"
  ], 
  "10": [
   "ORR", 
   "ANDD", 
   "ORR", 
   "NOTUSED", 
   "NOTUSED", 
   "NOTUSED", 
   "ANDD", 
   "ORR", 
   "ORR", 
   "ANDD", 
   "ORR", 
   "ANDD", 
   "NOTUSED", 
   "ORR", 
   "ANDD"
  ], 
  "13": [
   "ANDD", 
   "NOTUSED", 
   "ANDD", 
   "ORR", 
   "NOTUSED", 
   "ORR", 
   "ANDD", 
   "ANDD", 
   "NOTUSED", 
   "ORR", 
   "ORR", 
   "ORR", 
   "ORR", 
   "ORR", 
   "ORR"
  ], 
  "12": [
   "ORR", 
   "ANDD", 
   "NOTUSED", 
   "ANDD", 
   "ANDD", 
   "NOTUSED", 
   "ORR", 
   "ORR", 
   "NOTUSED", 
   "NOTUSED", 
   "NOTUSED", 
   "ANDD", 
   "ORR", 
   "ORR", 
   "NOTUSED"
  ], 
  "14": [
   "NOTUSED", 
   "ANDD", 
   "ANDD", 
   "NOTUSED", 
   "ANDD", 
   "ORR", 
   "ANDD", 
   "NOTUSED", 
   "ANDD", 
   "ANDD", 
   "ANDD", 
   "NOTUSED", 
   "NOTUSED", 
   "ORR", 
   "ANDD"
  ], 
  "1": [
   "NOTUSED", 
   "ANDD", 
   "ANDD", 
   "ANDD", 
   "ORR", 
   "NOTUSED", 
   "ANDD", 
   "ANDD", 
   "ANDD", 
   "ORR", 
   "ANDD", 
   "NOTUSED", 
   "ANDD", 
   "NOTUSED", 
   "ANDD"
  ], 
  "0": [
   "NOTUSED", 
   "NOTUSED", 
   "NOTUSED", 
   "ORR", 
   "NOTUSED", 
   "NOTUSED", 
   "ANDD", 
   "ORR", 
   "NOTUSED", 
   "NOTUSED", 
   "ORR", 
   "ANDD", 
   "ORR", 
   "ANDD", 
   "NOTUSED"
  ], 
  "3": [
   "ORR", 
   "ANDD", 
   "ORR", 
   "ORR", 
   "NOTUSED", 
   "ORR", 
   "ANDD", 
   "NOTUSED", 
   "ANDD", 
   "ANDD", 
   "NOTUSED", 
   "ORR", 
   "ANDD", 
   "ORR", 
   "NOTUSED"
  ], 
  "2": [
   "NOTUSED", 
   "ANDD", 
   "ORR", 
   "ORR", 
   "ANDD", 
   "ORR", 
   "NOTUSED", 
   "ORR", 
   "ORR", 
   "NOTUSED", 
   "ORR", 
   "ORR", 
   "NOTUSED", 
   "ANDD", 
   "ANDD"
  ], 
  "5": [
   "NOTUSED", 
   "NOTUSED", 
   "ORR", 
   "ORR", 
   "ANDD", 
   "ORR", 
   "ORR", 
   "NOTUSED", 
   "NOTUSED", 
   "NOTUSED", 
   "NOTUSED", 
   "ANDD", 
   "NOTUSED", 
   "ORR", 
   "ORR"
  ], 
  "4": [
   "NOTUSED", 
   "ORR", 
   "ANDD", 
   "NOTUSED", 
   "ANDD", 
   "ANDD", 
   "ORR", 
   "NOTUSED", 
   "ANDD", 
   "ORR", 
   "NOTUSED", 
   "ANDD", 
   "ANDD", 
   "NOTUSED", 
   "ANDD"
  ], 
  "7": [
   "ORR", 
   "ANDD", 
   "ORR", 
   "NOTUSED", 
   "NOTUSED", 
   "NOTUSED", 
   "NOTUSED", 
   "ORR", 
   "ORR", 
   "ORR", 
   "ORR", 
   "NOTUSED", 
   "ORR", 
   "ANDD", 
   "NOTUSED"
  ], 
  "6": [
   "ANDD", 
   "ANDD", 
   "NOTUSED", 
   "ANDD", 
   "ORR", 
   "ORR", 
   "ORR", 
   "NOTUSED", 
   "ORR", 
   "NOTUSED", 
   "ANDD", 
   "ANDD", 
   "ORR", 
   "ANDD", 
   "ANDD"
  ], 
  "9": [
   "NOTUSED", 
   "ORR", 
   "NOTUSED", 
   "ANDD", 
   "ORR", 
   "NOTUSED", 
   "NOTUSED", 
   "ORR", 
   "ORR", 
   "ORR", 
   "ANDD", 
   "ANDD", 
   "NOTUSED", 
   "ORR", 
   "ANDD"
  ], 
  "8": [
   "NOTUSED", 
   "ANDD", 
   "ORR", 
   "ANDD", 
   "ANDD", 
   "NOTUSED", 
   "ORR", 
   "ORR", 
   "NOTUSED", 
   "ORR", 
   "ORR", 
   "ORR", 
   "NOTUSED", 
   "NOTUSED", 
   "ANDD"
  ]
 }
}