{
 "random_seed": 962163648, 
 "PARAMETERS": {
  "RADIUS1": 800362.932, 
  "QUADS": 1, 
  "RADIUS2": 558231.849, 
  "DIST": 601032.483, 
  "F_PTS": 18, 
  "K_PTS": 15, 
  "EPSILON": 0.189, 
  "LENGTH1": 220666.661, 
  "G_PTS": 74, 
  "Q_PTS": 39, 
  "N_PTS": 64, 
  "C_PTS": 28, 
  "AREA2": 479540.52, 
  "LENGTH2": 641799.601, 
  "B_PTS": 46, 
  "D_PTS": 49, 
  "AREA1": 406038.085, 
  "A_PTS": 28, 
  "E_PTS": 50
 }, 
 "NUMPOINTS": 83, 
 "points": [
  [
   -373420.2, 
   -353398.573
  ], 
  [
   -494117.944, 
   -185585.312
  ], 
  [
   610079.411, 
   277705.475
  ], 
  [
   -432215.214, 
   -757186.877
  ], 
  [
   37090.413, 
   645031.761
  ], 
  [
   -306001.721, 
   842928.424
  ], 
  [
   270922.732, 
   264448.631
  ], 
  [
   -614754.846, 
   -415543.9
  ], 
  [
   -370133.508, 
   50391.867
  ], 
  [
   167896.009, 
   891126.157
  ], 
  [
   -763879.771, 
   912213.635
  ], 
  [
   -482870.159, 
   -491785.138
  ], 
  [
   927185.564, 
   999158.528
  ], 
  [
   840752.49, 
   685476.581
  ], 
  [
   -74570.577, 
   369537.296
  ], 
  [
   -67087.646, 
   -933972.047
  ], 
  [
   -368586.585, 
   -410224.713
  ], 
  [
   -584512.39, 
   406867.08
  ], 
  [
   182230.884, 
   -334294.192
  ], 
  [
   618436.679, 
   -590925.364
  ], 
  [
   -120812.855, 
   -147916.0
  ], 
  [
   424158.169, 
   462196.097
  ], 
  [
   -230172.708, 
   -447906.435
  ], 
  [
   -461686.625, 
   961727.537
  ], 
  [
   -209647.936, 
   903291.393
  ], 
  [
   620663.747, 
   423943.264
  ], 
  [
   -837691.877, 
   621365.679
  ], 
  [
   -31536.215, 
   -43307.645
  ], 
  [
   -277800.156, 
   974590.151
  ], 
  [
   586926.736, 
   635645.226
  ], 
  [
   26786.671, 
   -642625.301
  ], 
  [
   -839361.039, 
   -199555.738
  ], 
  [
   -345940.076, 
   -923832.91
  ], 
  [
   16662.366, 
   -662054.45
  ], 
  [
   662983.65, 
   -87463.99
  ], 
  [
   -708686.885, 
   -626624.392
  ], 
  [
   29611.67, 
   -709181.746
  ], 
  [
   64186.349, 
   -266448.678
  ], 
  [
   -996502.93, 
   -667386.142
  ], 
  [
   780389.151, 
   655633.661
  ], 
  [
   -62830.88, 
   51546.101
  ], 
  [
   -468074.279, 
   595611.777
  ], 
  [
   -894951.77, 
   274743.227
  ], 
  [
   -405306.793, 
   -812151.725
  ], 
  [
   -940800.351, 
   -325518.843
  ], 
  [
   93887.189, 
   254609.152
  ], 
  [
   -711230.71, 
   -296633.293
  ], 
  [
   -341722.065, 
   -482013.696
  ], 
  [
   -32489.551, 
   576715.946
  ], 
  [
   -355450.828, 
   950900.591
  ], 
  [
   242299.057, 
   -613508.691
  ], 
  [
   -973919.331, 
   564825.105
  ], 
  [
   164163.574, 
   -207756.33
  ], 
  [
   -493222.648, 
   -156996.792
  ], 
  [
   468439.071, 
   -372509.408
  ], 
  [
   509668.423, 
   406656.038
  ], 
  [
   -578920.006, 
   -683135.011
  ], 
  [
   9486.271, 
   -930001.316
  ], 
  [
   -799899.947, 
   -849362.564
  ], 
  [
   -372341.253, 
   491277.323
  ], 
  [
   323872.009, 
   -447708.857
  ], 
  [
   421555.052, 
   842488.36
  ], 
  [
   -405779.126, 
   -521025.466
  ], 
  [
   -383943.42, 
   551103.407
  ], 
  [
   -4334.629, 
   832387.519
  ], 
  [
   -724146.87, 
   -543758.986
  ], 
  [
   -251845.45, 
   -572037.504
  ], 
  [
   -468005.189, 
   269526.741
  ], 
  [
   -538597.397, 
   -287126.078
  ], 
  [
   -109982.933, 
   -746566.5
  ], 
  [
   -20630.54, 
   442216.085
  ], 
  [
   566989.154, 
   294458.871
  ], 
  [
   324570.189, 
   -167508.943
  ], 
  [
   -989443.913, 
   232758.401
  ], 
  [
   -665476.532, 
   434677.842
  ], 
  [
   749907.776, 
   295148.525
  ], 
  [
   975459.561, 
   -388810.346
  ], 
  [
   -656146.893, 
   411979.95
  ], 
  [
   668244.15, 
   412383.47
  ], 
  [
   329107.931, 
   488329.769
  ], 
  [
   528073.983, 
   -81740.572
  ], 
  [
   -125679.576, 
   -973972.146
  ], 
  [
   130342.011, 
   816605.992
  ]
 ], 
 "PUV": [
  true, 
  false, 
  true, 
  true, 
  false, 
  false, 
  true, 
  false, 
  false, 
  false, 
  false, 
  false, 
  true, 
  false, 
  false
 ], 
 "LCM": {
  "11": [
   "ORR", 
   "ORR", 
   "NOTUSED", 
   "ANDD", 
   "ANDD", 
   "ORR", 
   "NOTUSED", 
   "NOTUSED", 
   "ANDD", 
   "NOTUSED", 
   "ORR", 
   "ORR", 
   "ANDD", 
   "ANDD", 
   "ORR"
  ], 
  "10": [
   "ORR", 
   "ORR", 
   "ORR", 
   "ANDD", 
   "ANDD", 
   "NOTUSED", 
   "NOTUSED", 
   "ANDD", 
   "NOTUSED", 
   "NOTUSED", 
   "NOTUSED", 
   "ORR", 
   "ANDD", 
   "ANDD", 
   "ANDD"
  ], 
  "13": [
   "ORR", 
   "NOTUSED", 
   "ORR", 
   "ANDD", 
   "NOTUSED", 
   "NOTUSED", 
   "ANDD", 
   "ANDD", 
   "NOTUSED", 
   "ORR", 
   "ANDD", 
   "ANDD", 
   "NOTUSED", 
   "ANDD", 
   "NOTUSED"
  ], 
  "12": [
   "NOTUSED", 
   "ORR", 
   "ORR", 
   "NOTUSED", 
   "ANDD", 
   "ORR", 
   "ANDD", 
   "NOTUSED", 
   "NOTUSED", 
   "NOTUSED", 
   "ANDD", 
   "ANDD", 
   "NOTUSED", 
   "NOTUSED", 
   "ORR"
  ], 
  "14": [
   "ORR", 
   "ORR", 
   "ORR", 
   "NOTUSED", 
   "ANDD", 
   "ANDD", 
   "ORR", 
   "NOTUSED", 
   "NOTUSED", 
   "NOTUSED", 
   "ANDD", 
   "ORR", 
   "ORR", 
   "NOTUSED", 
   "NOTUSED"
  ], 
  "1": [
   "NOTUSED", 
   "ANDD", 
   "ANDD", 
   "ANDD", 
   "ORR", 
   "ORR", 
   "NOTUSED", 
   "NOTUSED", 
   "NOTUSED", 
   "ORR", 
   "ORR", 
   "ORR", 
   "ORR", 
   "NOTUSED", 
   "ORR"
  ], 
  "0": [
   "ORR", 
   "NOTUSED", 
   "NOTUSED", 
   "ORR", 
   "ANDD", 
   "ANDD", 
   "ANDD", 
   "ANDD", 
   "NOTUSED", 
   "ANDD", 
   "ORR", 
   "ORR", 
   "NOTUSED", 
   "ORR", 
   "ORR"
  ], 
  "3": [
   "ORR", 
   "ANDD", 
   "ANDD", 
   "ORR", 
   "ANDD", 
   "ORR", 
   "ANDD", 
   "NOTUSED", 
   "ORR", 
   "ORR", 
   "ANDD", 
   "ANDD", 
   "NOTUSED", 
   "ANDD", 
   "NOTUSED"
  ], 
  "2": [
   "NOTUSED", 
   "ANDD", 
   "ANDD", 
   "ANDD", 
   "ORR", 
   "ANDD", 
   "NOTUSED", 
   "ANDD", 
   "ORR", 
   "ANDD", 
   "ORR", 
   "NOTUSED", 
   "ORR", 
   "ORR", 
   "ORR"
  ], 
  "5": [
   "ANDD", 
   "ORR", 
   "ANDD", 
   "ORR", 
   "ANDD", 
   "ANDD", 
   "NOTUSED", 
   "ANDD", 
   "NOTUSED", 
   "ORR", 
   "NOTUSED", 
   "ORR", 
   "ORR", 
   "NOTUSED", 
   "ANDD"
  ], 
  "4": [
   "ANDD", 
   "ORR", 
   "ORR", 
   "ANDD", 
   "ANDD", 
   "ANDD", 
   "ANDD", 
   "ANDD", 
   "ORR", 
   "ORR", 
   "ANDD", 
   "ANDD", 
   "ANDD", 
   "NOTUSED", 
   "ANDD"
  ], 
  "7": [
   "ANDD", 
   "NOTUSED", 
   "ANDD", 
   "NOTUSED", 
   "ANDD", 
   "ANDD", 
   "ANDD", 
   "ORR", 
   "NOTUSED", 
   "ORR", 
   "ANDD", 
   "NOTUSED", 
   "NOTUSED", 
   "ANDD", 
   "NOTUSED"
  ], 
  "6": [
   "ANDD", 
   "NOTUSED", 
   "NOTUSED", 
   "ANDD", 
   "ANDD", 
   "NOTUSED", 
   "ORR", 
   "ANDD", 
   "ORR", 
   "ORR", 
   "NOTUSED", 
   "NOTUSED", 
   "ANDD", 
   "ANDD", 
   "ORR"
  ], 
  "9": [
   "ANDD", 
   "ORR", 
   "ANDD", 
   "ORR", 
   "ORR", 
   "ORR", 
   "ORR", 
   "ORR", 
   "ANDD", 
   "ORR", 
   "NOTUSED", 
   "NOTUSED", 
   "NOTUSED", 
   "ORR", 
   "NOTUSED"
  ], 
  "8": [
   "NOTUSED", 
   "NOTUSED", 
   "ORR", 
   "ORR", 
   "ORR", 
   "NOTUSED", 
   "ORR", 
   "NOTUSED", 
   "ANDD", 
   "ANDD", 
   "NOTUSED", 
   "ANDD", 
   "NOTUSED", 
   "NOTUSED", 
   "NOTUSED"
  ]
 }
}