{
 "random_seed": 99351848, 
 "PARAMETERS": {
  "RADIUS1": 171310.667, 
  "QUADS": 1, 
  "RADIUS2": 710988.147, 
  "DIST": 47156.729, 
  "F_PTS": 52, 
  "K_PTS": 14, 
  "EPSILON": 2.308, 
  "LENGTH1": 596392.72, 
  "G_PTS": 84, 
  "Q_PTS": 28, 
  "N_PTS": 63, 
  "C_PTS": 88, 
  "AREA2": 815751.602, 
  "LENGTH2": 806778.688, 
  "B_PTS": 5, 
  "D_PTS": 1, 
  "AREA1": 890670.557, 
  "A_PTS": 44, 
  "E_PTS": 27
 }, 
 "NUMPOINTS": 93, 
 "points": [
  [
   -106076.054, 
   -841932.966
  ], 
  [
   452174.716, 
   163130.224
  ], 
  [
   910057.485, 
   -767395.628
  ], 
  [
   641554.76, 
   2380.031
  ], 
  [
   -10776.152, 
   407120.558
  ], 
  [
   -20321.511, 
   -486026.96
  ], 
  [
   33255.409, 
   638878.673
  ], 
  [
   -380505.043, 
   -837590.698
  ], 
  [
   -918968.138, 
   442227.109
  ], 
  [
   -708391.4, 
   -135099.414
  ], 
  [
   694676.727, 
   -870316.835
  ], 
  [
   530800.489, 
   710800.051
  ], 
  [
   -291145.247, 
   -851954.056
  ], 
  [
   -325544.68, 
   40426.743
  ], 
  [
   926178.625, 
   -832238.271
  ], 
  [
   193607.224, 
   866161.384
  ], 
  [
   870009.56, 
   -48326.132
  ], 
  [
   -724431.733, 
   -18412.257
  ], 
  [
   671653.096, 
   616517.551
  ], 
  [
   -533391.666, 
   878261.033
  ], 
  [
   939992.541, 
   -96983.921
  ], 
  [
   704708.617, 
   -839631.249
  ], 
  [
   451142.614, 
   -775768.741
  ], 
  [
   -36391.716, 
   997574.042
  ], 
  [
   -120924.683, 
   547837.506
  ], 
  [
   116840.852, 
   -308374.07
  ], 
  [
   -961574.37, 
   655098.047
  ], 
  [
   941549.819, 
   -462920.651
  ], 
  [
   929545.811, 
   -27485.79
  ], 
  [
   -307422.378, 
   510515.265
  ], 
  [
   -371201.173, 
   23185.438
  ], 
  [
   -743300.623, 
   -303926.446
  ], 
  [
   989975.417, 
   710772.186
  ], 
  [
   -122930.038, 
   715488.665
  ], 
  [
   449053.267, 
   625416.164
  ], 
  [
   -309463.461, 
   196860.302
  ], 
  [
   330992.159, 
   -177107.985
  ], 
  [
   -280225.436, 
   -627337.269
  ], 
  [
   -634664.808, 
   442206.251
  ], 
  [
   -429683.261, 
   -437973.395
  ], 
  [
   613475.453, 
   712555.472
  ], 
  [
   136617.066, 
   211102.35
  ], 
  [
   -960085.649, 
   471294.524
  ], 
  [
   546233.241, 
   -279848.167
  ], 
  [
   -384248.082, 
   86204.38
  ], 
  [
   -197525.061, 
   -794222.943
  ], 
  [
   -523853.515, 
   -344515.037
  ], 
  [
   -381543.941, 
   -147373.924
  ], 
  [
   -605444.69, 
   862276.205
  ], 
  [
   360842.516, 
   783089.316
  ], 
  [
   -74113.317, 
   -604094.305
  ], 
  [
   310630.051, 
   45825.325
  ], 
  [
   -31094.058, 
   -753579.062
  ], 
  [
   115241.54, 
   679966.414
  ], 
  [
   153686.22, 
   747914.022
  ], 
  [
   -805232.702, 
   454148.831
  ], 
  [
   -609981.624, 
   -962307.712
  ], 
  [
   -2472.383, 
   -451457.6
  ], 
  [
   834834.103, 
   318056.193
  ], 
  [
   -871854.26, 
   -902455.553
  ], 
  [
   635232.41, 
   -560450.816
  ], 
  [
   558643.267, 
   -206364.321
  ], 
  [
   -511466.532, 
   -797330.268
  ], 
  [
   -305157.223, 
   783754.518
  ], 
  [
   32065.88, 
   240311.796
  ], 
  [
   -7730.236, 
   169894.147
  ], 
  [
   -762585.48, 
   -253199.07
  ], 
  [
   775443.822, 
   625141.65
  ], 
  [
   -274751.216, 
   -980762.278
  ], 
  [
   678895.592, 
   -334134.321
  ], 
  [
   914291.283, 
   322175.69
  ], 
  [
   126819.538, 
   -581415.653
  ], 
  [
   685697.29, 
   451300.463
  ], 
  [
   954844.505, 
   -276511.861
  ], 
  [
   -569354.958, 
   -281628.292
  ], 
  [
   -827095.92, 
   -254875.957
  ], 
  [
   -587081.911, 
   -34671.35
  ], 
  [
   17097.916, 
   72697.285
  ], 
  [
   -85306.327, 
   -108207.687
  ], 
  [
   -374174.634, 
   864885.927
  ], 
  [
   -443470.91, 
   930436.136
  ], 
  [
   -901745.003, 
   141736.709
  ], 
  [
   -876666.73, 
   328642.917
  ], 
  [
   102609.267, 
   -402764.548
  ], 
  [
   -523443.723, 
   -696658.846
  ], 
  [
   841815.371, 
   -631593.358
  ], 
  [
   507883.196, 
   -248101.273
  ], 
  [
   -637107.887, 
   -980834.647
  ], 
  [
   -111594.425, 
   250671.756
  ], 
  [
   642875.126, 
   -883100.399
  ], 
  [
   -455331.748, 
   -520300.832
  ], 
  [
   382147.672, 
   465847.879
  ], 
  [
   568397.701, 
   -898555.241
  ]
 ], 
 "PUV": [
  false, 
  true, 
  true, 
  true, 
  true, 
  false, 
  true, 
  false, 
  true, 
  false, 
  false, 
  false, 
  true, 
  true, 
  true
 ], 
 "LCM": {
  "11": [
   "ANDD", 
   "ORR", 
   "ANDD", 
   "ANDD", 
   "NOTUSED", 
   "NOTUSED", 
   "ORR", 
   "ANDD", 
   "ORR", 
   "NOTUSED", 
   "ANDD", 
   "ORR", 
   "NOTUSED", 
   "NOTUSED", 
   "NOTUSED"
  ], 
  "10": [
   "ORR", 
   "ANDD", 
   "NOTUSED", 
   "ORR", 
   "ORR", 
   "ANDD", 
   "ORR", 
   "ANDD", 
   "ANDD", 
   "ORR", 
   "ANDD", 
   "ANDD", 
   "ANDD", 
   "ANDD", 
   "ORR"
  ], 
  "13": [
   "NOTUSED", 
   "ORR", 
   "ORR", 
   "ORR", 
   "ANDD", 
   "ORR", 
   "NOTUSED", 
   "NOTUSED", 
   "ANDD", 
   "NOTUSED", 
   "ANDD", 
   "NOTUSED", 
   "ORR", 
   "NOTUSED", 
   "ORR"
  ], 
  "12": [
   "NOTUSED", 
   "NOTUSED", 
   "NOTUSED", 
   "ANDD", 
   "NOTUSED", 
   "ORR", 
   "ORR", 
   "NOTUSED", 
   "NOTUSED", 
   "ANDD", 
   "ANDD", 
   "NOTUSED", 
   "ANDD", 
   "ORR", 
   "ANDD"
  ], 
  "14": [
   "NOTUSED", 
   "ANDD", 
   "ANDD", 
   "NOTUSED", 
   "ORR", 
   "ORR", 
   "ORR", 
   "ORR", 
   "NOTUSED", 
   "ORR", 
   "ORR", 
   "NOTUSED", 
   "ANDD", 
   "ORR", 
   "NOTUSED"
  ], 
  "1": [
   "ANDD", 
   "ANDD", 
   "ANDD", 
   "ORR", 
   "ANDD", 
   "ANDD", 
   "NOTUSED", 
   "NOTUSED", 
   "ORR", 
   "NOTUSED", 
   "ANDD", 
   "ORR", 
   "NOTUSED", 
   "ORR", 
   "ANDD"
  ], 
  "0": [
   "ANDD", 
   "ANDD", 
   "ORR", 
   "ORR", 
   "NOTUSED", 
   "ANDD", 
   "ORR", 
   "ORR", 
   "ORR", 
   "ORR", 
   "ORR", 
   "ANDD", 
   "NOTUSED", 
   "NOTUSED", 
   "NOTUSED"
  ], 
  "3": [
   "ORR", 
   "ORR", 
   "ANDD", 
   "ORR", 
   "ANDD", 
   "ORR", 
   "NOTUSED", 
   "NOTUSED", 
   "NOTUSED", 
   "NOTUSED", 
   "ORR", 
   "ANDD", 
   "ANDD", 
   "ORR", 
   "NOTUSED"
  ], 
  "2": [
   "ORR", 
   "ANDD", 
   "ORR", 
   "ANDD", 
   "NOTUSED", 
   "ANDD", 
   "ORR", 
   "NOTUSED", 
   "NOTUSED", 
   "NOTUSED", 
   "NOTUSED", 
   "ANDD", 
   "NOTUSED", 
   "ORR", 
   "ANDD"
  ], 
  "5": [
   "ANDD", 
   "ANDD", 
   "ANDD", 
   "ORR", 
   "ORR", 
   "ORR", 
   "ORR", 
   "ORR", 
   "ORR", 
   "NOTUSED", 
   "ANDD", 
   "NOTUSED", 
   "ORR", 
   "ORR", 
   "ORR"
  ], 
  "4": [
   "NOTUSED", 
   "ANDD", 
   "NOTUSED", 
   "ANDD", 
   "NOTUSED", 
   "ORR", 
   "ANDD", 
   "ANDD", 
   "NOTUSED", 
   "NOTUSED", 
   "ORR", 
   "NOTUSED", 
   "NOTUSED", 
   "ANDD", 
   "ORR"
  ], 
  "7": [
   "ORR", 
   "NOTUSED", 
   "NOTUSED", 
   "NOTUSED", 
   "ANDD", 
   "ORR", 
   "ANDD", 
   "ANDD", 
   "ANDD", 
   "ANDD", 
   "ANDD", 
   "ANDD", 
   "NOTUSED", 
   "NOTUSED", 
   "ORR"
  ], 
  "6": [
   "ORR", 
   "NOTUSED", 
   "ORR", 
   "NOTUSED", 
   "ANDD", 
   "ORR", 
   "ANDD", 
   "ANDD", 
   "ANDD", 
   "NOTUSED", 
   "ORR", 
   "ORR", 
   "ORR", 
   "NOTUSED", 
   "ORR"
  ], 
  "9": [
   "ORR", 
   "NOTUSED", 
   "NOTUSED", 
   "NOTUSED", 
   "NOTUSED", 
   "NOTUSED", 
   "NOTUSED", 
   "ANDD", 
   "ORR", 
   "NOTUSED", 
   "ORR", 
   "NOTUSED", 
   "ANDD", 
   "NOTUSED", 
   "ORR"
  ], 
  "8": [
   "ORR", 
   "ORR", 
   "NOTUSED", 
   "NOTUSED", 
   "NOTUSED", 
   "ORR", 
   "ANDD", 
   "ANDD", 
   "NOTUSED", 
   "ORR", 
   "ANDD", 
   "ORR", 
   "NOTUSED", 
   "ANDD", 
   "NOTUSED"
  ]
 }
}