{
 "random_seed": 2878775268, 
 "PARAMETERS": {
  "RADIUS1": 336717.24, 
  "QUADS": 1, 
  "RADIUS2": 917503.895, 
  "DIST": 117060.385, 
  "F_PTS": 54, 
  "K_PTS": 50, 
  "EPSILON": 2.202, 
  "LENGTH1": 762894.135, 
  "G_PTS": 27, 
  "Q_PTS": 56, 
  "N_PTS": 30, 
  "C_PTS": 39, 
  "AREA2": 465754.964, 
  "LENGTH2": 193870.189, 
  "B_PTS": 69, 
  "D_PTS": 46, 
  "AREA1": 697275.635, 
  "A_PTS": 10, 
  "E_PTS": 7
 }, 
 "NUMPOINTS": 88, 
 "points": [
  [
   -10767.428, 
   -789459.75
  ], 
  [
   -362246.157, 
   450888.678
  ], 
  [
   -447283.409, 
   -168413.613
  ], 
  [
   641488.126, 
   -686822.863
  ], 
  [
   178464.804, 
   -264842.434
  ], 
  [
   827535.601, 
   -817455.04
  ], 
  [
   -407902.677, 
   576858.715
  ], 
  [
   707749.559, 
   186744.341
  ], 
  [
   -207787.651, 
   286327.091
  ], 
  [
   915556.356, 
   -136964.796
  ], 
  [
   863586.252, 
   -876300.918
  ], 
  [
   93992.54, 
   753962.695
  ], 
  [
   907838.148, 
   923111.639
  ], 
  [
   306117.09, 
   -48461.974
  ], 
  [
   -995855.786, 
   -856872.718
  ], 
  [
   360062.567, 
   -370977.554
  ], 
  [
   819745.043, 
   -121558.555
  ], 
  [
   509800.704, 
   10442.508
  ], 
  [
   414774.676, 
   -782205.24
  ], 
  [
   -531072.441, 
   -299067.3
  ], 
  [
   -482156.485, 
   -420749.675
  ], 
  [
   129969.295, 
   -357299.266
  ], 
  [
   741473.692, 
   312377.099
  ], 
  [
   -409395.543, 
   -42776.003
  ], 
  [
   -189521.451, 
   274570.947
  ], 
  [
   -832540.614, 
   -721960.517
  ], 
  [
   879475.949, 
   136100.416
  ], 
  [
   -505804.074, 
   686719.322
  ], 
  [
   796066.559, 
   -566024.698
  ], 
  [
   -580371.978, 
   536702.524
  ], 
  [
   -336086.015, 
   -252007.697
  ], 
  [
   241206.004, 
   -84409.821
  ], 
  [
   793617.737, 
   670208.86
  ], 
  [
   826705.068, 
   -647907.949
  ], 
  [
   737612.484, 
   -100184.884
  ], 
  [
   680173.956, 
   47259.268
  ], 
  [
   661931.169, 
   -760067.784
  ], 
  [
   828514.629, 
   -461037.164
  ], 
  [
   796189.132, 
   247405.51
  ], 
  [
   -688867.697, 
   39776.616
  ], 
  [
   740630.638, 
   973796.893
  ], 
  [
   269136.119, 
   -742330.621
  ], 
  [
   -373011.936, 
   688072.306
  ], 
  [
   918947.449, 
   544304.333
  ], 
  [
   960051.167, 
   -317291.644
  ], 
  [
   864950.287, 
   953706.735
  ], 
  [
   -402480.008, 
   -269774.065
  ], 
  [
   -556716.177, 
   -772718.887
  ], 
  [
   -532799.561, 
   -881260.451
  ], 
  [
   273926.125, 
   744142.48
  ], 
  [
   137485.779, 
   11317.741
  ], 
  [
   108233.171, 
   -408011.142
  ], 
  [
   -737469.485, 
   -921892.813
  ], 
  [
   795660.536, 
   -961776.175
  ], 
  [
   432923.401, 
   -564262.559
  ], 
  [
   543606.89, 
   515161.709
  ], 
  [
   -582869.129, 
   398649.387
  ], 
  [
   -552302.608, 
   234965.942
  ], 
  [
   607874.016, 
   965488.006
  ], 
  [
   -96586.463, 
   -964651.191
  ], 
  [
   -740141.729, 
   688795.152
  ], 
  [
   420495.401, 
   957425.596
  ], 
  [
   42985.124, 
   -870485.359
  ], 
  [
   -69583.794, 
   -187976.934
  ], 
  [
   -529627.776, 
   -476985.684
  ], 
  [
   974156.21, 
   897055.745
  ], 
  [
   301010.445, 
   -684785.711
  ], 
  [
   -401933.044, 
   80569.139
  ], 
  [
   -633205.398, 
   -242572.528
  ], 
  [
   -516391.821, 
   713650.807
  ], 
  [
   -742993.545, 
   478961.228
  ], 
  [
   415809.29, 
   -763402.498
  ], 
  [
   258111.613, 
   347113.473
  ], 
  [
   -867102.115, 
   -87722.555
  ], 
  [
   107105.927, 
   591099.761
  ], 
  [
   -152963.893, 
   -73432.753
  ], 
  [
   303318.806, 
   156766.029
  ], 
  [
   806538.89, 
   -724030.828
  ], 
  [
   -23825.68, 
   817909.325
  ], 
  [
   404518.811, 
   715419.109
  ], 
  [
   42305.856, 
   -379062.614
  ], 
  [
   231947.377, 
   -736685.592
  ], 
  [
   -939054.168, 
   -968851.611
  ], 
  [
   303696.703, 
   390498.293
  ], 
  [
   364627.988, 
   -581643.684
  ], 
  [
   298727.409, 
   999940.306
  ], 
  [
   170291.393, 
   -333652.766
  ], 
  [
   552062.113, 
   -428873.13
  ]
 ], 
 "PUV": [
  false, 
  false, 
  true, 
  false, 
  false, 
  false, 
  true, 
  false, 
  false, 
  true, 
  false, 
  true, 
  false, 
  false, 
  true
 ], 
 "LCM": {
  "11": [
   "ORR", 
   "ANDD", 
   "NOTUSED", 
   "ANDD", 
   "ANDD", 
   "ORR", 
   "NOTUSED", 
   "ANDD", 
   "ORR", 
   "ORR", 
   "ANDD", 
   "NOTUSED", 
   "ANDD", 
   "ORR", 
   "ANDD"
  ], 
  "10": [
   "NOTUSED", 
   "ORR", 
   "ORR", 
   "NOTUSED", 
   "ORR", 
   "NOTUSED", 
   "NOTUSED", 
   "NOTUSED", 
   "ANDD", 
   "ORR", 
   "ANDD", 
   "ANDD", 
   "NOTUSED", 
   "ANDD", 
   "ANDD"
  ], 
  "13": [
   "NOTUSED", 
   "ORR", 
   "ANDD", 
   "NOTUSED", 
   "ANDD", 
   "NOTUSED", 
   "NOTUSED", 
   "NOTUSED", 
   "NOTUSED", 
   "ANDD", 
   "ANDD", 
   "ORR", 
   "NOTUSED", 
   "NOTUSED", 
   "ANDD"
  ], 
  "12": [
   "NOTUSED", 
   "ANDD", 
   "NOTUSED", 
   "ANDD", 
   "NOTUSED", 
   "ANDD", 
   "ANDD", 
   "NOTUSED", 
   "NOTUSED", 
   "ANDD", 
   "NOTUSED", 
   "ANDD", 
   "ORR", 
   "NOTUSED", 
   "NOTUSED"
  ], 
  "14": [
   "NOTUSED", 
   "ANDD", 
   "ORR", 
   "ORR", 
   "ORR", 
   "ORR", 
   "ORR", 
   "ANDD", 
   "NOTUSED", 
   "ANDD", 
   "ANDD", 
   "ANDD", 
   "NOTUSED", 
   "ANDD", 
   "NOTUSED"
  ], 
  "1": [
   "NOTUSED", 
   "ORR", 
   "ANDD", 
   "ORR", 
   "ORR", 
   "ORR", 
   "ORR", 
   "NOTUSED", 
   "ORR", 
   "ANDD", 
   "ORR", 
   "ANDD", 
   "ANDD", 
   "ORR", 
   "ANDD"
  ], 
  "0": [
   "NOTUSED", 
   "NOTUSED", 
   "ORR", 
   "NOTUSED", 
   "NOTUSED", 
   "NOTUSED", 
   "NOTUSED", 
   "ORR", 
   "ANDD", 
   "ANDD", 
   "NOTUSED", 
   "ORR", 
   "NOTUSED", 
   "NOTUSED", 
   "NOTUSED"
  ], 
  "3": [
   "NOTUSED", 
   "ORR", 
   "ANDD", 
   "NOTUSED", 
   "ANDD", 
   "ORR", 
   "ANDD", 
   "ORR", 
   "ORR", 
   "ANDD", 
   "NOTUSED", 
   "ANDD", 
   "ANDD", 
   "NOTUSED", 
   "ORR"
  ], 
  "2": [
   "ORR", 
   "ANDD", 
   "ORR", 
   "ANDD", 
   "ANDD", 
   "ANDD", 
   "ORR", 
   "ORR", 
   "ANDD", 
   "ANDD", 
   "ORR", 
   "NOTUSED", 
   "NOTUSED", 
   "ANDD", 
   "ORR"
  ], 
  "5": [
   "NOTUSED", 
   "ORR", 
   "ANDD", 
   "ORR", 
   "ANDD", 
   "ANDD", 
   "NOTUSED", 
   "NOTUSED", 
   "ANDD", 
   "ANDD", 
   "NOTUSED", 
   "ORR", 
   "ANDD", 
   "NOTUSED", 
   "ORR"
  ], 
  "4": [
   "NOTUSED", 
   "ORR", 
   "ANDD", 
   "ANDD", 
   "ORR", 
   "ANDD", 
   "ORR", 
   "NOTUSED", 
   "NOTUSED", 
   "NOTUSED", 
   "ORR", 
   "ANDD", 
   "NOTUSED", 
   "ANDD", 
   "ORR"
  ], 
  "7": [
   "ORR", 
   "NOTUSED", 
   "ORR", 
   "ORR", 
   "NOTUSED", 
   "NOTUSED", 
   "NOTUSED", 
   "ANDD", 
   "ANDD", 
   "NOTUSED", 
   "NOTUSED", 
   "ANDD", 
   "NOTUSED", 
   "NOTUSED", 
   "ANDD"
  ], 
  "6": [
   "NOTUSED", 
   "ORR", 
   "ORR", 
   "ANDD", 
   "ORR", 
   "NOTUSED", 
   "ANDD", 
   "NOTUSED", 
   "ANDD", 
   "ANDD", 
   "NOTUSED", 
   "NOTUSED", 
   "ANDD", 
   "NOTUSED", 
   "ORR"
  ], 
  "9": [
   "ANDD", 
   "ANDD", 
   "ANDD", 
   "ANDD", 
   "NOTUSED", 
   "ANDD", 
   "ANDD", 
   "NOTUSED", 
   "ANDD", 
   "NOTUSED", 
   "ORR", 
   "ORR", 
   "ANDD", 
   "ANDD", 
   "ANDD"
  ], 
  "8": [
   "ANDD", 
   "ORR", 
   "ANDD", 
   "ORR", 
   "NOTUSED", 
   "ANDD", 
   "ANDD", 
   "ANDD", 
   "ORR", 
   "ANDD", 
   "ANDD", 
   "ORR", 
   "NOTUSED", 
   "NOTUSED", 
   "NOTUSED"
  ]
 }
}