{
 "random_seed": 666138064, 
 "PARAMETERS": {
  "RADIUS1": 120297.21, 
  "QUADS": 2, 
  "RADIUS2": 961608.152, 
  "DIST": 718082.881, 
  "F_PTS": 14, 
  "K_PTS": 14, 
  "EPSILON": 2.534, 
  "LENGTH1": 428117.299, 
  "G_PTS": 7, 
  "Q_PTS": 36, 
  "N_PTS": 32, 
  "C_PTS": 11, 
  "AREA2": 947874.112, 
  "LENGTH2": 755845.686, 
  "B_PTS": 18, 
  "D_PTS": 24, 
  "AREA1": 937583.09, 
  "A_PTS": 19, 
  "E_PTS": 10
 }, 
 "NUMPOINTS": 49, 
 "points": [
  [
   25709.597, 
   689972.907
  ], 
  [
   658782.714, 
   -873362.64
  ], 
  [
   663941.921, 
   -128517.865
  ], 
  [
   44922.437, 
   517921.992
  ], 
  [
   315831.223, 
   694445.359
  ], 
  [
   -604737.51, 
   -542223.689
  ], 
  [
   477437.832, 
   857421.855
  ], 
  [
   358815.751, 
   -348025.768
  ], 
  [
   595520.533, 
   -83737.759
  ], 
  [
   -585444.019, 
   -626846.232
  ], 
  [
   681039.605, 
   -261425.21
  ], 
  [
   662730.836, 
   -187404.568
  ], 
  [
   391458.733, 
   387505.367
  ], 
  [
   352201.558, 
   218177.949
  ], 
  [
   -713848.289, 
   344987.714
  ], 
  [
   759122.428, 
   -565091.689
  ], 
  [
   -408173.205, 
   -682050.87
  ], 
  [
   -550902.711, 
   418078.595
  ], 
  [
   -780757.949, 
   412775.794
  ], 
  [
   271260.465, 
   -521984.173
  ], 
  [
   -338578.624, 
   -604088.476
  ], 
  [
   402447.295, 
   -777459.087
  ], 
  [
   -607140.604, 
   550729.685
  ], 
  [
   -999870.596, 
   571048.111
  ], 
  [
   473374.252, 
   -231008.302
  ], 
  [
   122579.028, 
   459902.022
  ], 
  [
   -55989.338, 
   403171.061
  ], 
  [
   -283800.529, 
   545006.415
  ], 
  [
   932352.863, 
   150806.417
  ], 
  [
   -515320.556, 
   322457.66
  ], 
  [
   603066.518, 
   853787.053
  ], 
  [
   -785045.563, 
   141146.426
  ], 
  [
   313602.108, 
   -754880.995
  ], 
  [
   29752.312, 
   443510.119
  ], 
  [
   -425337.425, 
   -780454.825
  ], 
  [
   742897.54, 
   940728.865
  ], 
  [
   -778245.644, 
   5510.594
  ], 
  [
   12081.925, 
   -800222.774
  ], 
  [
   -713134.534, 
   -463043.287
  ], 
  [
   23496.729, 
   747315.712
  ], 
  [
   -672974.435, 
   -101475.436
  ], 
  [
   -705184.373, 
   166376.446
  ], 
  [
   965857.586, 
   352278.128
  ], 
  [
   170298.974, 
   225180.509
  ], 
  [
   -91110.359, 
   -586400.93
  ], 
  [
   749468.771, 
   179347.18
  ], 
  [
   234338.276, 
   644553.607
  ], 
  [
   -799815.358, 
   970456.101
  ], 
  [
   488778.859, 
   863480.625
  ]
 ], 
 "PUV": [
  false, 
  true, 
  false, 
  false, 
  true, 
  true, 
  true, 
  true, 
  true, 
  false, 
  true, 
  false, 
  false, 
  false, 
  false
 ], 
 "LCM": {
  "11": [
   "ANDD", 
   "NOTUSED", 
   "NOTUSED", 
   "NOTUSED", 
   "ANDD", 
   "NOTUSED", 
   "NOTUSED", 
   "ORR", 
   "ANDD", 
   "ORR", 
   "ANDD", 
   "ORR", 
   "ORR", 
   "ANDD", 
   "ANDD"
  ], 
  "10": [
   "NOTUSED", 
   "ANDD", 
   "ANDD", 
   "NOTUSED", 
   "ORR", 
   "ANDD", 
   "ORR", 
   "ANDD", 
   "NOTUSED", 
   "NOTUSED", 
   "ANDD", 
   "ANDD", 
   "NOTUSED", 
   "ANDD", 
   "ORR"
  ], 
  "13": [
   "ORR", 
   "NOTUSED", 
   "ANDD", 
   "NOTUSED", 
   "ORR", 
   "ANDD", 
   "ORR", 
   "ORR", 
   "ANDD", 
   "ORR", 
   "ANDD", 
   "ANDD", 
   "ORR", 
   "NOTUSED", 
   "ORR"
  ], 
  "12": [
   "ANDD", 
   "ANDD", 
   "NOTUSED", 
   "ORR", 
   "ORR", 
   "ANDD", 
   "ORR", 
   "NOTUSED", 
   "NOTUSED", 
   "ORR", 
   "NOTUSED", 
   "ORR", 
   "ANDD", 
   "ORR", 
   "NOTUSED"
  ], 
  "14": [
   "ANDD", 
   "ORR", 
   "ANDD", 
   "ANDD", 
   "ANDD", 
   "ORR", 
   "ANDD", 
   "ANDD", 
   "ANDD", 
   "NOTUSED", 
   "ORR", 
   "ANDD", 
   "NOTUSED", 
   "ORR", 
   "ANDD"
  ], 
  "1": [
   "NOTUSED", 
   "NOTUSED", 
   "NOTUSED", 
   "ORR", 
   "ANDD", 
   "ORR", 
   "ANDD", 
   "NOTUSED", 
   "ORR", 
   "ORR", 
   "ANDD", 
   "NOTUSED", 
   "ANDD", 
   "NOTUSED", 
   "ORR"
  ], 
  "0": [
   "ANDD", 
   "NOTUSED", 
   "ANDD", 
   "ORR", 
   "NOTUSED", 
   "ANDD", 
   "ANDD", 
   "ANDD", 
   "ANDD", 
   "NOTUSED", 
   "NOTUSED", 
   "ANDD", 
   "ANDD", 
   "ORR", 
   "ANDD"
  ], 
  "3": [
   "ORR", 
   "ORR", 
   "ORR", 
   "ORR", 
   "ORR", 
   "ANDD", 
   "ORR", 
   "ORR", 
   "NOTUSED", 
   "ANDD", 
   "NOTUSED", 
   "NOTUSED", 
   "ORR", 
   "NOTUSED", 
   "ANDD"
  ], 
  "2": [
   "ANDD", 
   "NOTUSED", 
   "NOTUSED", 
   "ORR", 
   "NOTUSED", 
   "ORR", 
   "ANDD", 
   "NOTUSED", 
   "ANDD", 
   "NOTUSED", 
   "ANDD", 
   "NOTUSED", 
   "NOTUSED", 
   "ANDD", 
   "ANDD"
  ], 
  "5": [
   "ANDD", 
   "ORR", 
   "ORR", 
   "ANDD", 
   "ORR", 
   "ORR", 
   "NOTUSED", 
   "ANDD", 
   "ORR", 
   "ORR", 
   "ANDD", 
   "NOTUSED", 
   "ANDD", 
   "ANDD", 
   "ORR"
  ], 
  "4": [
   "NOTUSED", 
   "ANDD", 
   "NOTUSED", 
   "ORR", 
   "ORR", 
   "ORR", 
   "ANDD", 
   "ORR", 
   "ANDD", 
   "NOTUSED", 
   "ORR", 
   "ANDD", 
   "ORR", 
   "ORR", 
   "ANDD"
  ], 
  "7": [
   "ANDD", 
   "NOTUSED", 
   "NOTUSED", 
   "ORR", 
   "ORR", 
   "ANDD", 
   "NOTUSED", 
   "NOTUSED", 
   "NOTUSED", 
   "ANDD", 
   "ANDD", 
   "ORR", 
   "NOTUSED", 
   "ORR", 
   "ANDD"
  ], 
  "6": [
   "ANDD", 
   "ANDD", 
   "ANDD", 
   "ORR", 
   "ANDD", 
   "NOTUSED", 
   "ANDD", 
   "NOTUSED", 
   "NOTUSED", 
   "ANDD", 
   "ORR", 
   "NOTUSED", 
   "ORR", 
   "ORR", 
   "ANDD"
  ], 
  "9": [
   "NOTUSED", 
   "ORR", 
   "NOTUSED", 
   "ANDD", 
   "NOTUSED", 
   "ORR", 
   "ANDD", 
   "ANDD", 
   "ANDD", 
   "ORR", 
   "NOTUSED", 
   "ORR", 
   "ORR", 
   "ORR", 
   "NOTUSED"
  ], 
  "8": [
   "ANDD", 
   "ORR", 
   "ANDD", 
   "NOTUSED", 
   "ANDD", 
   "ORR", 
   "NOTUSED", 
   "NOTUSED", 
   "ORR", 
   "ANDD", 
   "NOTUSED", 
   "ANDD", 
   "NOTUSED", 
   "ANDD", 
   "ANDD"
  ]
 }
}