{
 "random_seed": 446342096, 
 "PARAMETERS": {
  "RADIUS1": 302954.956, 
  "QUADS": 2, 
  "RADIUS2": 368552.023, 
  "DIST": 5152.761, 
  "F_PTS": 36, 
  "K_PTS": 28, 
  "EPSILON": 2.649, 
  "LENGTH1": 807059.475, 
  "G_PTS": 42, 
  "Q_PTS": 41, 
  "N_PTS": 69, 
  "C_PTS": 35, 
  "AREA2": 610867.907, 
  "LENGTH2": 830379.378, 
  "B_PTS": 3, 
  "D_PTS": 24, 
  "AREA1": 913886.925, 
  "A_PTS": 60, 
  "E_PTS": 6
 }, 
 "NUMPOINTS": 92, 
 "points": [
  [
   -248603.652, 
   -786754.056
  ], 
  [
   -342261.085, 
   -763538.406
  ], 
  [
   195729.176, 
   -768054.517
  ], 
  [
   -415144.619, 
   363550.375
  ], 
  [
   -794755.469, 
   -419167.713
  ], 
  [
   602893.268, 
   -69102.248
  ], 
  [
   -359932.111, 
   503322.532
  ], 
  [
   710467.55, 
   739419.963
  ], 
  [
   523814.07, 
   -360056.197
  ], 
  [
   -822974.258, 
   -578506.831
  ], 
  [
   752534.741, 
   -884651.732
  ], 
  [
   -240918.363, 
   680080.456
  ], 
  [
   -106342.544, 
   729707.925
  ], 
  [
   432044.898, 
   647241.112
  ], 
  [
   -981444.85, 
   -313487.103
  ], 
  [
   -360851.925, 
   -8560.808
  ], 
  [
   -681648.723, 
   -155986.032
  ], 
  [
   135995.359, 
   416454.062
  ], 
  [
   -698221.942, 
   -784827.692
  ], 
  [
   459020.963, 
   -575145.549
  ], 
  [
   823980.182, 
   904453.179
  ], 
  [
   333247.755, 
   -662873.43
  ], 
  [
   -352205.621, 
   273031.43
  ], 
  [
   130797.917, 
   -928747.062
  ], 
  [
   -81315.686, 
   973795.761
  ], 
  [
   -356574.727, 
   -850469.758
  ], 
  [
   -775412.069, 
   -543940.106
  ], 
  [
   -846824.665, 
   -630494.7
  ], 
  [
   -476471.353, 
   114299.238
  ], 
  [
   -806663.522, 
   -581412.031
  ], 
  [
   -747349.915, 
   607477.549
  ], 
  [
   966733.587, 
   -702462.229
  ], 
  [
   -410126.001, 
   792193.331
  ], 
  [
   220491.526, 
   485954.263
  ], 
  [
   -581903.964, 
   179517.234
  ], 
  [
   -679457.549, 
   357694.768
  ], 
  [
   -271631.706, 
   -525851.642
  ], 
  [
   -833973.068, 
   389041.529
  ], 
  [
   641734.224, 
   204652.758
  ], 
  [
   -636421.514, 
   363905.381
  ], 
  [
   924319.151, 
   -48186.779
  ], 
  [
   218121.774, 
   990315.425
  ], 
  [
   961715.547, 
   -272983.134
  ], 
  [
   654653.924, 
   -984823.231
  ], 
  [
   464920.487, 
   93403.006
  ], 
  [
   79915.507, 
   684585.046
  ], 
  [
   204801.914, 
   -663633.003
  ], 
  [
   344464.066, 
   575164.727
  ], 
  [
   -993027.595, 
   928395.833
  ], 
  [
   -852751.276, 
   454648.47
  ], 
  [
   -161456.643, 
   -616753.339
  ], 
  [
   -168175.232, 
   284247.015
  ], 
  [
   -503149.957, 
   -828946.562
  ], 
  [
   -49590.026, 
   -219811.926
  ], 
  [
   679284.255, 
   -580723.827
  ], 
  [
   674942.162, 
   92462.644
  ], 
  [
   -927004.5, 
   193892.268
  ], 
  [
   314626.538, 
   82113.492
  ], 
  [
   -545976.35, 
   39450.661
  ], 
  [
   878242.759, 
   876171.117
  ], 
  [
   -60369.195, 
   815412.231
  ], 
  [
   763361.508, 
   -371774.436
  ], 
  [
   433909.256, 
   -284813.1
  ], 
  [
   -404047.359, 
   863481.884
  ], 
  [
   -817657.053, 
   -189688.946
  ], 
  [
   790171.857, 
   740758.939
  ], 
  [
   510689.998, 
   -939434.601
  ], 
  [
   -678330.31, 
   23317.282
  ], 
  [
   665244.379, 
   315837.169
  ], 
  [
   338017.743, 
   -711264.968
  ], 
  [
   -783038.14, 
   -161554.772
  ], 
  [
   50641.056, 
   -802848.993
  ], 
  [
   879277.431, 
   584666.84
  ], 
  [
   -201600.729, 
   -936606.283
  ], 
  [
   -943485.746, 
   -207692.483
  ], 
  [
   36522.881, 
   -650690.382
  ], 
  [
   679992.546, 
   -559136.396
  ], 
  [
   462921.812, 
   -671448.551
  ], 
  [
   926682.884, 
   854323.489
  ], 
  [
   -112626.397, 
   970177.709
  ], 
  [
   232046.238, 
   -877576.704
  ], 
  [
   -589102.528, 
   432711.678
  ], 
  [
   -860041.973, 
   264627.099
  ], 
  [
   -421200.434, 
   239855.239
  ], 
  [
   651613.956, 
   995538.616
  ], 
  [
   482569.622, 
   -278369.132
  ], 
  [
   80241.699, 
   529968.994
  ], 
  [
   624554.798, 
   -778452.548
  ], 
  [
   36399.066, 
   -353422.487
  ], 
  [
   219012.673, 
   995340.884
  ], 
  [
   -526379.473, 
   -501512.048
  ], 
  [
   -293055.682, 
   -411273.524
  ]
 ], 
 "PUV": [
  true, 
  false, 
  false, 
  false, 
  false, 
  true, 
  false, 
  false, 
  true, 
  false, 
  false, 
  true, 
  false, 
  false, 
  false
 ], 
 "LCM": {
  "11": [
   "ORR", 
   "ORR", 
   "NOTUSED", 
   "NOTUSED", 
   "NOTUSED", 
   "ANDD", 
   "ANDD", 
   "ORR", 
   "ANDD", 
   "ORR", 
   "ORR", 
   "ANDD", 
   "ANDD", 
   "ORR", 
   "NOTUSED"
  ], 
  "10": [
   "NOTUSED", 
   "NOTUSED", 
   "NOTUSED", 
   "ORR", 
   "ANDD", 
   "ANDD", 
   "ANDD", 
   "ORR", 
   "ANDD", 
   "NOTUSED", 
   "NOTUSED", 
   "ORR", 
   "ORR", 
   "ANDD", 
   "ANDD"
  ], 
  "13": [
   "ORR", 
   "ORR", 
   "ORR", 
   "ANDD", 
   "ORR", 
   "NOTUSED", 
   "NOTUSED", 
   "NOTUSED", 
   "ANDD", 
   "ORR", 
   "ANDD", 
   "ORR", 
   "NOTUSED", 
   "NOTUSED", 
   "ANDD"
  ], 
  "12": [
   "NOTUSED", 
   "ORR", 
   "NOTUSED", 
   "ANDD", 
   "ORR", 
   "NOTUSED", 
   "ORR", 
   "ORR", 
   "NOTUSED", 
   "ANDD", 
   "ORR", 
   "ANDD", 
   "ORR", 
   "NOTUSED", 
   "ANDD"
  ], 
  "14": [
   "ANDD", 
   "NOTUSED", 
   "NOTUSED", 
   "NOTUSED", 
   "ORR", 
   "ANDD", 
   "ANDD", 
   "ANDD", 
   "ORR", 
   "ORR", 
   "ANDD", 
   "NOTUSED", 
   "ANDD", 
   "ANDD", 
   "ORR"
  ], 
  "1": [
   "NOTUSED", 
   "NOTUSED", 
   "NOTUSED", 
   "NOTUSED", 
   "ORR", 
   "ORR", 
   "NOTUSED", 
   "NOTUSED", 
   "ORR", 
   "ANDD", 
   "NOTUSED", 
   "ORR", 
   "ORR", 
   "ORR", 
   "NOTUSED"
  ], 
  "0": [
   "NOTUSED", 
   "NOTUSED", 
   "ANDD", 
   "NOTUSED", 
   "NOTUSED", 
   "ANDD", 
   "ORR", 
   "ANDD", 
   "ANDD", 
   "ANDD", 
   "NOTUSED", 
   "ORR", 
   "NOTUSED", 
   "ORR", 
   "ANDD"
  ], 
  "3": [
   "NOTUSED", 
   "NOTUSED", 
   "ANDD", 
   "NOTUSED", 
   "ORR", 
   "ORR", 
   "ANDD", 
   "ANDD", 
   "NOTUSED", 
   "ANDD", 
   "ORR", 
   "NOTUSED", 
   "ANDD", 
   "ANDD", 
   "NOTUSED"
  ], 
  "2": [
   "ANDD", 
   "NOTUSED", 
   "ORR", 
   "ANDD", 
   "NOTUSED", 
   "ANDD", 
   "ORR", 
   "ORR", 
   "ORR", 
   "ANDD", 
   "NOTUSED", 
   "NOTUSED", 
   "NOTUSED", 
   "ORR", 
   "NOTUSED"
  ], 
  "5": [
   "ANDD", 
   "ORR", 
   "ANDD", 
   "ORR", 
   "NOTUSED", 
   "ORR", 
   "ANDD", 
   "NOTUSED", 
   "NOTUSED", 
   "ANDD", 
   "ANDD", 
   "ANDD", 
   "NOTUSED", 
   "NOTUSED", 
   "ANDD"
  ], 
  "4": [
   "NOTUSED", 
   "ORR", 
   "NOTUSED", 
   "ORR", 
   "NOTUSED", 
   "NOTUSED", 
   "ORR", 
   "NOTUSED", 
   "NOTUSED", 
   "NOTUSED", 
   "ANDD", 
   "NOTUSED", 
   "ORR", 
   "ORR", 
   "ORR"
  ], 
  "7": [
   "ANDD", 
   "NOTUSED", 
   "ORR", 
   "ANDD", 
   "NOTUSED", 
   "NOTUSED", 
   "ORR", 
   "ORR", 
   "NOTUSED", 
   "ORR", 
   "ORR", 
   "ORR", 
   "ORR", 
   "NOTUSED", 
   "ANDD"
  ], 
  "6": [
   "ORR", 
   "NOTUSED", 
   "ORR", 
   "ANDD", 
   "ORR", 
   "ANDD", 
   "ANDD", 
   "ORR", 
   "NOTUSED", 
   "ORR", 
   "ANDD", 
   "ANDD", 
   "ORR", 
   "NOTUSED", 
   "ANDD"
  ], 
  "9": [
   "ANDD", 
   "ANDD", 
   "ANDD", 
   "ANDD", 
   "NOTUSED", 
   "ANDD", 
   "ORR", 
   "ORR", 
   "NOTUSED", 
   "ANDD", 
   "NOTUSED", 
   "ORR", 
   "ANDD", 
   "ORR", 
   "ORR"
  ], 
  "8": [
   "ANDD", 
   "ORR", 
   "ORR", 
   "NOTUSED", 
   "NOTUSED", 
   "NOTUSED", 
   "NOTUSED", 
   "NOTUSED", 
   "ORR", 
   "NOTUSED", 
   "ANDD", 
   "ANDD", 
   "NOTUSED", 
   "ANDD", 
   "ORR"
  ]
 }
}