{
 "random_seed": 2270760652, 
 "PARAMETERS": {
  "RADIUS1": 147341.859, 
  "QUADS": 3, 
  "RADIUS2": 611300.024, 
  "DIST": 64854.309, 
  "F_PTS": 41, 
  "K_PTS": 33, 
  "EPSILON": 0.437, 
  "LENGTH1": 859572.32, 
  "G_PTS": 52, 
  "Q_PTS": 66, 
  "N_PTS": 27, 
  "C_PTS": 19, 
  "AREA2": 479079.2, 
  "LENGTH2": 264781.389, 
  "B_PTS": 15, 
  "D_PTS": 11, 
  "AREA1": 19369.852, 
  "A_PTS": 71, 
  "E_PTS": 34
 }, 
 "NUMPOINTS": 96, 
 "points": [
  [
   964114.329, 
   624112.443
  ], 
  [
   88288.597, 
   85526.318
  ], 
  [
   -341049.089, 
   508636.481
  ], 
  [
   -581717.834, 
   320480.263
  ], 
  [
   -824292.363, 
   -464529.569
  ], 
  [
   -932336.756, 
   -25294.946
  ], 
  [
   721336.769, 
   -660882.501
  ], 
  [
   -97371.625, 
   -33491.499
  ], 
  [
   -788989.616, 
   -895290.652
  ], 
  [
   587155.153, 
   -357358.879
  ], 
  [
   -237287.915, 
   208253.19
  ], 
  [
   610245.185, 
   764286.121
  ], 
  [
   -6690.616, 
   546414.064
  ], 
  [
   -221442.221, 
   -840194.958
  ], 
  [
   205949.085, 
   -187584.623
  ], 
  [
   -234787.273, 
   928458.307
  ], 
  [
   102247.815, 
   549843.908
  ], 
  [
   -332.757, 
   484149.245
  ], 
  [
   357977.922, 
   -1941.377
  ], 
  [
   73200.907, 
   -190512.808
  ], 
  [
   -796213.536, 
   284296.579
  ], 
  [
   848819.561, 
   -146196.718
  ], 
  [
   -230914.725, 
   910954.865
  ], 
  [
   -541166.159, 
   411304.321
  ], 
  [
   464030.158, 
   658200.532
  ], 
  [
   -173611.234, 
   491369.209
  ], 
  [
   258965.429, 
   529099.347
  ], 
  [
   838463.472, 
   160835.736
  ], 
  [
   385678.436, 
   -754862.166
  ], 
  [
   -494933.612, 
   -851046.425
  ], 
  [
   668229.814, 
   765440.746
  ], 
  [
   79137.17, 
   635931.577
  ], 
  [
   -492719.835, 
   627701.506
  ], 
  [
   -473035.406, 
   -11785.576
  ], 
  [
   720669.972, 
   -141744.824
  ], 
  [
   732604.762, 
   -691237.524
  ], 
  [
   651924.394, 
   831613.936
  ], 
  [
   206583.675, 
   -269144.415
  ], 
  [
   -297047.897, 
   848285.319
  ], 
  [
   645376.09, 
   -927224.042
  ], 
  [
   -585459.108, 
   -90284.026
  ], 
  [
   61049.586, 
   287217.437
  ], 
  [
   -958967.281, 
   412330.071
  ], 
  [
   -689076.882, 
   18670.825
  ], 
  [
   636214.111, 
   -222725.804
  ], 
  [
   774257.881, 
   -125147.642
  ], 
  [
   274743.189, 
   -691026.842
  ], 
  [
   498037.604, 
   320391.714
  ], 
  [
   -966315.338, 
   -906039.39
  ], 
  [
   -282281.934, 
   -677889.503
  ], 
  [
   -129969.299, 
   29806.796
  ], 
  [
   -447070.968, 
   90515.405
  ], 
  [
   -492236.235, 
   -522822.803
  ], 
  [
   908647.892, 
   182556.731
  ], 
  [
   -837059.014, 
   -132042.519
  ], 
  [
   935131.036, 
   -494409.815
  ], 
  [
   -677182.996, 
   -918977.519
  ], 
  [
   68427.345, 
   -544565.573
  ], 
  [
   544740.585, 
   210067.435
  ], 
  [
   337812.486, 
   572013.119
  ], 
  [
   298521.524, 
   625304.705
  ], 
  [
   -470999.973, 
   -257111.671
  ], 
  [
   -324363.375, 
   -625162.874
  ], 
  [
   842974.533, 
   -603995.601
  ], 
  [
   -211908.197, 
   -401473.882
  ], 
  [
   -852206.696, 
   -175136.275
  ], 
  [
   -935313.853, 
   -322939.562
  ], 
  [
   -686279.712, 
   -185518.733
  ], 
  [
   640620.348, 
   -417427.29
  ], 
  [
   -61746.71, 
   -658291.955
  ], 
  [
   828444.529, 
   124109.92
  ], 
  [
   250734.698, 
   -703045.657
  ], 
  [
   602028.203, 
   -834207.621
  ], 
  [
   -551431.655, 
   -770375.005
  ], 
  [
   -765532.876, 
   516216.243
  ], 
  [
   348516.389, 
   661715.356
  ], 
  [
   -406252.223, 
   -517195.266
  ], 
  [
   -78210.035, 
   -587530.249
  ], 
  [
   -212039.88, 
   866334.29
  ], 
  [
   217630.854, 
   329427.351
  ], 
  [
   693314.099, 
   947601.863
  ], 
  [
   -662522.983, 
   55341.031
  ], 
  [
   697555.92, 
   387982.646
  ], 
  [
   185876.723, 
   155513.203
  ], 
  [
   -467376.873, 
   -779204.955
  ], 
  [
   -512178.108, 
   70669.589
  ], 
  [
   268011.44, 
   -502420.686
  ], 
  [
   228544.567, 
   -16598.73
  ], 
  [
   -350373.129, 
   764587.336
  ], 
  [
   -129887.814, 
   495181.741
  ], 
  [
   -296728.606, 
   190651.169
  ], 
  [
   18057.629, 
   903435.69
  ], 
  [
   414717.523, 
   -54764.319
  ], 
  [
   -962224.907, 
   -519025.491
  ], 
  [
   316122.567, 
   577228.122
  ], 
  [
   947470.004, 
   602769.683
  ]
 ], 
 "PUV": [
  false, 
  false, 
  false, 
  true, 
  false, 
  false, 
  false, 
  true, 
  true, 
  false, 
  false, 
  true, 
  false, 
  false, 
  false
 ], 
 "LCM": {
  "11": [
   "ANDD", 
   "NOTUSED", 
   "NOTUSED", 
   "ANDD", 
   "NOTUSED", 
   "NOTUSED", 
   "ANDD", 
   "NOTUSED", 
   "NOTUSED", 
   "NOTUSED", 
   "ORR", 
   "NOTUSED", 
   "ORR", 
   "ANDD", 
   "ORR"
  ], 
  "10": [
   "ORR", 
   "ORR", 
   "NOTUSED", 
   "NOTUSED", 
   "ORR", 
   "NOTUSED", 
   "ORR", 
   "ANDD", 
   "NOTUSED", 
   "ORR", 
   "ANDD", 
   "ORR", 
   "ANDD", 
   "NOTUSED", 
   "NOTUSED"
  ], 
  "13": [
   "ANDD", 
   "NOTUSED", 
   "ANDD", 
   "NOTUSED", 
   "ORR", 
   "NOTUSED", 
   "ORR", 
   "ANDD", 
   "NOTUSED", 
   "ANDD", 
   "NOTUSED", 
   "ANDD", 
   "NOTUSED", 
   "ORR", 
   "NOTUSED"
  ], 
  "12": [
   "ORR", 
   "ORR", 
   "NOTUSED", 
   "ORR", 
   "ORR", 
   "ORR", 
   "NOTUSED", 
   "ANDD", 
   "ANDD", 
   "ANDD", 
   "ANDD", 
   "ORR", 
   "ORR", 
   "NOTUSED", 
   "ANDD"
  ], 
  "14": [
   "ANDD", 
   "ORR", 
   "NOTUSED", 
   "ORR", 
   "ORR", 
   "NOTUSED", 
   "ORR", 
   "ORR", 
   "ANDD", 
   "ORR", 
   "NOTUSED", 
   "ORR", 
   "ANDD", 
   "NOTUSED", 
   "ANDD"
  ], 
  "1": [
   "ORR", 
   "ORR", 
   "ANDD", 
   "NOTUSED", 
   "ANDD", 
   "ORR", 
   "ORR", 
   "NOTUSED", 
   "ANDD", 
   "ANDD", 
   "ORR", 
   "NOTUSED", 
   "ORR", 
   "NOTUSED", 
   "ORR"
  ], 
  "0": [
   "ANDD", 
   "ORR", 
   "ANDD", 
   "ORR", 
   "NOTUSED", 
   "NOTUSED", 
   "ORR", 
   "ORR", 
   "ANDD", 
   "NOTUSED", 
   "ORR", 
   "ANDD", 
   "ORR", 
   "ANDD", 
   "ANDD"
  ], 
  "3": [
   "ORR", 
   "NOTUSED", 
   "ANDD", 
   "ANDD", 
   "NOTUSED", 
   "ORR", 
   "ORR", 
   "ANDD", 
   "ANDD", 
   "ORR", 
   "NOTUSED", 
   "ANDD", 
   "ORR", 
   "NOTUSED", 
   "ORR"
  ], 
  "2": [
   "ANDD", 
   "ANDD", 
   "NOTUSED", 
   "ANDD", 
   "ANDD", 
   "NOTUSED", 
   "NOTUSED", 
   "ANDD", 
   "ANDD", 
   "ANDD", 
   "NOTUSED", 
   "NOTUSED", 
   "NOTUSED", 
   "ANDD", 
   "NOTUSED"
  ], 
  "5": [
   "NOTUSED", 
   "ORR", 
   "NOTUSED", 
   "ORR", 
   "ORR", 
   "ORR", 
   "ORR", 
   "ANDD", 
   "ANDD", 
   "ORR", 
   "NOTUSED", 
   "NOTUSED", 
   "ORR", 
   "NOTUSED", 
   "NOTUSED"
  ], 
  "4": [
   "NOTUSED", 
   "ANDD", 
   "ANDD", 
   "NOTUSED", 
   "NOTUSED", 
   "ORR", 
   "NOTUSED", 
   "ORR", 
   "ANDD", 
   "ANDD", 
   "ORR", 
   "NOTUSED", 
   "ORR", 
   "ORR", 
   "ORR"
  ], 
  "7": [
   "ORR", 
   "NOTUSED", 
   "ANDD", 
   "ANDD", 
   "ORR", 
   "ANDD", 
   "ORR", 
   "NOTUSED", 
   "NOTUSED", 
   "NOTUSED", 
   "ANDD", 
   "NOTUSED", 
   "ANDD", 
   "ANDD", 
   "ORR"
  ], 
  "6": [
   "ORR", 
   "ORR", 
   "NOTUSED", 
   "ORR", 
   "NOTUSED", 
   "ORR", 
   "ANDD", 
   "ORR", 
   "ANDD", 
   "NOTUSED", 
   "ORR", 
   "ANDD", 
   "NOTUSED", 
   "ORR", 
   "ORR"
  ], 
  "9": [
   "NOTUSED", 
   "ANDD", 
   "ANDD", 
   "ORR", 
   "ANDD", 
   "ORR", 
   "NOTUSED", 
   "NOTUSED", 
   "NOTUSED", 
   "ANDD", 
   "ORR", 
   "NOTUSED", 
   "ANDD", 
   "ANDD", 
   "ORR"
  ], 
  "8": [
   "ANDD", 
   "ANDD", 
   "ANDD", 
   "ANDD", 
   "ANDD", 
   "ANDD", 
   "ANDD", 
   "NOTUSED", 
   "ANDD", 
   "NOTUSED", 
   "NOTUSED", 
   "NOTUSED", 
   "ANDD", 
   "NOTUSED", 
   "ANDD"
  ]
 }
}