{
 "random_seed": 322261504, 
 "PARAMETERS": {
  "RADIUS1": 520702.622, 
  "QUADS": 1, 
  "RADIUS2": 284881.309, 
  "DIST": 315684.231, 
  "F_PTS": 16, 
  "K_PTS": 71, 
  "EPSILON": 2.176, 
  "LENGTH1": 654042.163, 
  "G_PTS": 17, 
  "Q_PTS": 11, 
  "N_PTS": 42, 
  "C_PTS": 7, 
  "AREA2": 953374.199, 
  "LENGTH2": 973296.923, 
  "B_PTS": 47, 
  "D_PTS": 50, 
  "AREA1": 866316.916, 
  "A_PTS": 8, 
  "E_PTS": 46
 }, 
 "NUMPOINTS": 75, 
 "points": [
  [
   817228.558, 
   -181116.146
  ], 
  [
   -161450.133, 
   757307.935
  ], 
  [
   -634242.397, 
   209104.837
  ], 
  [
   -884847.462, 
   34757.697
  ], 
  [
   -423221.605, 
   -428143.61
  ], 
  [
   629883.315, 
   972526.53
  ], 
  [
   -918491.599, 
   326044.216
  ], 
  [
   -313606.468, 
   279301.907
  ], 
  [
   703856.337, 
   57777.607
  ], 
  [
   364046.343, 
   -771896.886
  ], 
  [
   -835763.377, 
   234401.512
  ], 
  [
   -915798.485, 
   -147261.633
  ], 
  [
   -975886.587, 
   450466.203
  ], 
  [
   328928.428, 
   -969214.552
  ], 
  [
   954288.392, 
   669858.001
  ], 
  [
   481188.728, 
   -580849.024
  ], 
  [
   -257906.236, 
   389169.343
  ], 
  [
   373598.5, 
   461599.727
  ], 
  [
   524081.552, 
   -246592.643
  ], 
  [
   -324498.818, 
   -744369.148
  ], 
  [
   -21455.014, 
   -967153.601
  ], 
  [
   10032.499, 
   904092.937
  ], 
  [
   238350.385, 
   256166.767
  ], 
  [
   102627.772, 
   24749.388
  ], 
  [
   749461.843, 
   128042.537
  ], 
  [
   570545.613, 
   972794.798
  ], 
  [
   40999.266, 
   272189.35
  ], 
  [
   -310314.535, 
   721660.08
  ], 
  [
   -641182.116, 
   892366.643
  ], 
  [
   917004.312, 
   453152.398
  ], 
  [
   688989.701, 
   525262.677
  ], 
  [
   -642520.318, 
   -6150.687
  ], 
  [
   621687.831, 
   829552.167
  ], 
  [
   80754.035, 
   408593.648
  ], 
  [
   918438.605, 
   196056.907
  ], 
  [
   142255.218, 
   -818149.944
  ], 
  [
   116642.189, 
   -205406.41
  ], 
  [
   383996.58, 
   988700.271
  ], 
  [
   -530060.571, 
   -414325.307
  ], 
  [
   508173.372, 
   597940.593
  ], 
  [
   -285256.273, 
   -230881.797
  ], 
  [
   539578.093, 
   -424257.457
  ], 
  [
   -367430.68, 
   -19952.599
  ], 
  [
   -950318.151, 
   113715.722
  ], 
  [
   -47855.896, 
   -31572.166
  ], 
  [
   -324020.716, 
   -152276.345
  ], 
  [
   -368200.603, 
   965692.811
  ], 
  [
   607234.156, 
   466374.034
  ], 
  [
   -773865.688, 
   -968326.973
  ], 
  [
   -304392.88, 
   684802.656
  ], 
  [
   -310352.901, 
   113672.274
  ], 
  [
   73227.472, 
   -748071.461
  ], 
  [
   907404.059, 
   961857.665
  ], 
  [
   -17229.192, 
   996883.968
  ], 
  [
   -625028.963, 
   723532.112
  ], 
  [
   -120802.537, 
   -259351.804
  ], 
  [
   914358.659, 
   -49665.52
  ], 
  [
   -906009.756, 
   116240.329
  ], 
  [
   44057.889, 
   -546280.904
  ], 
  [
   -513017.642, 
   404479.307
  ], 
  [
   22795.219, 
   733374.741
  ], 
  [
   134858.249, 
   -609584.931
  ], 
  [
   -687592.297, 
   -424484.364
  ], 
  [
   -144913.684, 
   -248780.12
  ], 
  [
   -598805.208, 
   862916.786
  ], 
  [
   -510599.672, 
   129727.91
  ], 
  [
   647610.661, 
   -480504.696
  ], 
  [
   -49123.016, 
   -924772.744
  ], 
  [
   628045.159, 
   -722025.494
  ], 
  [
   -86649.473, 
   813785.907
  ], 
  [
   -248776.333, 
   -920323.693
  ], 
  [
   -129945.032, 
   -771375.308
  ], 
  [
   -446288.395, 
   -983872.911
  ], 
  [
   331797.435, 
   -657668.145
  ], 
  [
   -4739.81, 
   533910.988
  ]
 ], 
 "PUV": [
  true, 
  false, 
  false, 
  true, 
  false, 
  true, 
  true, 
  true, 
  false, 
  false, 
  false, 
  false, 
  true, 
  true, 
  false
 ], 
 "LCM": {
  "11": [
   "ANDD", 
   "NOTUSED", 
   "ANDD", 
   "NOTUSED", 
   "ANDD", 
   "ANDD", 
   "NOTUSED", 
   "ANDD", 
   "ORR", 
   "ANDD", 
   "ORR", 
   "NOTUSED", 
   "ORR", 
   "ANDD", 
   "NOTUSED"
  ], 
  "10": [
   "NOTUSED", 
   "ORR", 
   "NOTUSED", 
   "NOTUSED", 
   "ANDD", 
   "ORR", 
   "NOTUSED", 
   "ANDD", 
   "ORR", 
   "NOTUSED", 
   "NOTUSED", 
   "ORR", 
   "ORR", 
   "ANDD", 
   "ORR"
  ], 
  "13": [
   "ANDD", 
   "NOTUSED", 
   "NOTUSED", 
   "ANDD", 
   "ANDD", 
   "NOTUSED", 
   "ANDD", 
   "ANDD", 
   "ORR", 
   "ORR", 
   "ANDD", 
   "ANDD", 
   "ANDD", 
   "NOTUSED", 
   "ANDD"
  ], 
  "12": [
   "ORR", 
   "NOTUSED", 
   "ORR", 
   "ORR", 
   "NOTUSED", 
   "ORR", 
   "ORR", 
   "ORR", 
   "ANDD", 
   "ANDD", 
   "ORR", 
   "ORR", 
   "ANDD", 
   "ANDD", 
   "ORR"
  ], 
  "14": [
   "NOTUSED", 
   "NOTUSED", 
   "ANDD", 
   "ORR", 
   "ANDD", 
   "ORR", 
   "ANDD", 
   "NOTUSED", 
   "NOTUSED", 
   "ORR", 
   "ORR", 
   "NOTUSED", 
   "ORR", 
   "ANDD", 
   "ANDD"
  ], 
  "1": [
   "ORR", 
   "ORR", 
   "ANDD", 
   "ORR", 
   "ORR", 
   "ANDD", 
   "ORR", 
   "NOTUSED", 
   "ANDD", 
   "ORR", 
   "ORR", 
   "NOTUSED", 
   "NOTUSED", 
   "NOTUSED", 
   "NOTUSED"
  ], 
  "0": [
   "NOTUSED", 
   "ORR", 
   "ORR", 
   "NOTUSED", 
   "NOTUSED", 
   "ANDD", 
   "ORR", 
   "ANDD", 
   "NOTUSED", 
   "NOTUSED", 
   "NOTUSED", 
   "ANDD", 
   "ORR", 
   "ANDD", 
   "NOTUSED"
  ], 
  "3": [
   "NOTUSED", 
   "ORR", 
   "NOTUSED", 
   "ORR", 
   "ANDD", 
   "ORR", 
   "ORR", 
   "ANDD", 
   "NOTUSED", 
   "NOTUSED", 
   "NOTUSED", 
   "NOTUSED", 
   "ORR", 
   "ANDD", 
   "ORR"
  ], 
  "2": [
   "ORR", 
   "ANDD", 
   "NOTUSED", 
   "NOTUSED", 
   "ORR", 
   "ORR", 
   "ORR", 
   "NOTUSED", 
   "ANDD", 
   "NOTUSED", 
   "NOTUSED", 
   "ANDD", 
   "ORR", 
   "NOTUSED", 
   "ANDD"
  ], 
  "5": [
   "ANDD", 
   "ANDD", 
   "ORR", 
   "ORR", 
   "NOTUSED", 
   "ORR", 
   "NOTUSED", 
   "ORR", 
   "ORR", 
   "ORR", 
   "ORR", 
   "ANDD", 
   "ORR", 
   "NOTUSED", 
   "ORR"
  ], 
  "4": [
   "NOTUSED", 
   "ORR", 
   "ORR", 
   "ANDD", 
   "NOTUSED", 
   "NOTUSED", 
   "NOTUSED", 
   "ANDD", 
   "NOTUSED", 
   "NOTUSED", 
   "ANDD", 
   "ANDD", 
   "NOTUSED", 
   "ANDD", 
   "ANDD"
  ], 
  "7": [
   "ANDD", 
   "NOTUSED", 
   "NOTUSED", 
   "ANDD", 
   "ANDD", 
   "ORR", 
   "ORR", 
   "ORR", 
   "ORR", 
   "NOTUSED", 
   "ANDD", 
   "ANDD", 
   "ORR", 
   "ANDD", 
   "NOTUSED"
  ], 
  "6": [
   "ORR", 
   "ORR", 
   "ORR", 
   "ORR", 
   "NOTUSED", 
   "NOTUSED", 
   "ORR", 
   "ORR", 
   "ORR", 
   "ORR", 
   "NOTUSED", 
   "NOTUSED", 
   "ORR", 
   "ANDD", 
   "ANDD"
  ], 
  "9": [
   "NOTUSED", 
   "ORR", 
   "NOTUSED", 
   "NOTUSED", 
   "NOTUSED", 
   "ORR", 
   "ORR", 
   "NOTUSED", 
   "ANDD", 
   "ANDD", 
   "NOTUSED", 
   "ANDD", 
   "ANDD", 
   "ORR", 
   "ORR"
  ], 
  "8": [
   "NOTUSED", 
   "ANDD", 
   "ANDD", 
   "NOTUSED", 
   "NOTUSED", 
   "ORR", 
   "ORR", 
   "ORR", 
   "ANDD", 
   "ANDD", 
   "ORR", 
   "ORR", 
   "ANDD", 
   "ORR", 
   "NOTUSED"
  ]
 }
}