{
 "random_seed": 4241448288, 
 "PARAMETERS": {
  "RADIUS1": 202631.868, 
  "QUADS": 1, 
  "RADIUS2": 460392.313, 
  "DIST": 800526.614, 
  "F_PTS": 62, 
  "K_PTS": 59, 
  "EPSILON": 2.407, 
  "LENGTH1": 422206.356, 
  "G_PTS": 30, 
  "Q_PTS": 17, 
  "N_PTS": 65, 
  "C_PTS": 60, 
  "AREA2": 254188.801, 
  "LENGTH2": 120133.243, 
  "B_PTS": 14, 
  "D_PTS": 5, 
  "AREA1": 906785.891, 
  "A_PTS": 27, 
  "E_PTS": 4
 }, 
 "NUMPOINTS": 69, 
 "points": [
  [
   -769450.046, 
   26440.542
  ], 
  [
   744777.965, 
   1067.791
  ], 
  [
   64650.227, 
   437357.656
  ], 
  [
   -832868.245, 
   -674917.663
  ], 
  [
   -990975.371, 
   958637.039
  ], 
  [
   122931.941, 
   786804.867
  ], 
  [
   -389513.716, 
   2572.472
  ], 
  [
   63291.362, 
   -632764.911
  ], 
  [
   599497.736, 
   -853418.884
  ], 
  [
   -509270.341, 
   -368443.904
  ], 
  [
   834886.923, 
   592538.474
  ], 
  [
   687561.961, 
   841910.493
  ], 
  [
   -805163.921, 
   -175971.093
  ], 
  [
   -316698.104, 
   -187526.114
  ], 
  [
   982225.084, 
   -164703.457
  ], 
  [
   -690018.23, 
   303131.703
  ], 
  [
   227118.339, 
   744676.9
  ], 
  [
   -883318.041, 
   740015.474
  ], 
  [
   -767168.529, 
   254348.641
  ], 
  [
   896793.601, 
   -735082.636
  ], 
  [
   -636526.117, 
   -778453.171
  ], 
  [
   -351515.187, 
   86674.631
  ], 
  [
   117542.696, 
   240260.83
  ], 
  [
   349772.446, 
   -176601.729
  ], 
  [
   -792639.806, 
   -617646.306
  ], 
  [
   -261831.124, 
   -68041.905
  ], 
  [
   7543.628, 
   503701.637
  ], 
  [
   560292.946, 
   -200261.733
  ], 
  [
   -925493.412, 
   -284415.653
  ], 
  [
   -320524.263, 
   368186.847
  ], 
  [
   69411.765, 
   849695.406
  ], 
  [
   638366.428, 
   -163579.438
  ], 
  [
   550813.671, 
   343151.5
  ], 
  [
   879145.138, 
   178612.12
  ], 
  [
   179056.073, 
   67795.886
  ], 
  [
   -665972.87, 
   -999617.417
  ], 
  [
   -391757.266, 
   -638337.219
  ], 
  [
   463092.18, 
   -66732.785
  ], 
  [
   295632.143, 
   723042.837
  ], 
  [
   -622341.906, 
   326720.225
  ], 
  [
   -546908.335, 
   -273715.487
  ], 
  [
   -591575.485, 
   -209857.128
  ], 
  [
   -324296.345, 
   -35575.66
  ], 
  [
   667311.93, 
   840876.523
  ], 
  [
   943601.352, 
   -584261.578
  ], 
  [
   879865.136, 
   -836504.131
  ], 
  [
   691770.877, 
   -822205.956
  ], 
  [
   -94775.165, 
   428030.253
  ], 
  [
   -305324.993, 
   92456.269
  ], 
  [
   -101053.507, 
   974693.838
  ], 
  [
   955287.584, 
   368467.829
  ], 
  [
   -952679.497, 
   468514.682
  ], 
  [
   -414232.699, 
   385743.526
  ], 
  [
   -755398.931, 
   12962.437
  ], 
  [
   -291086.517, 
   -107428.725
  ], 
  [
   -502552.852, 
   -343973.636
  ], 
  [
   -672442.999, 
   975509.098
  ], 
  [
   -605992.137, 
   287704.376
  ], 
  [
   -112902.691, 
   278918.89
  ], 
  [
   228232.442, 
   -132259.262
  ], 
  [
   -415559.472, 
   -170103.32
  ], 
  [
   566507.252, 
   -196923.965
  ], 
  [
   283559.201, 
   594923.528
  ], 
  [
   -999230.815, 
   381452.844
  ], 
  [
   439058.094, 
   -759709.044
  ], 
  [
   613978.873, 
   953320.31
  ], 
  [
   -13506.095, 
   822947.272
  ], 
  [
   -801425.905, 
   62945.431
  ], 
  [
   646026.39, 
   -825652.848
  ]
 ], 
 "PUV": [
  true, 
  true, 
  false, 
  true, 
  false, 
  true, 
  true, 
  false, 
  true, 
  false, 
  true, 
  false, 
  true, 
  false, 
  false
 ], 
 "LCM": {
  "11": [
   "ANDD", 
   "ORR", 
   "ANDD", 
   "ANDD", 
   "NOTUSED", 
   "ORR", 
   "NOTUSED", 
   "ORR", 
   "NOTUSED", 
   "NOTUSED", 
   "ANDD", 
   "ORR", 
   "NOTUSED", 
   "ORR", 
   "ORR"
  ], 
  "10": [
   "ORR", 
   "ORR", 
   "ORR", 
   "NOTUSED", 
   "ORR", 
   "NOTUSED", 
   "ANDD", 
   "ANDD", 
   "ANDD", 
   "ANDD", 
   "NOTUSED", 
   "ANDD", 
   "ANDD", 
   "ANDD", 
   "ANDD"
  ], 
  "13": [
   "ORR", 
   "ORR", 
   "ANDD", 
   "ANDD", 
   "NOTUSED", 
   "NOTUSED", 
   "NOTUSED", 
   "NOTUSED", 
   "ORR", 
   "NOTUSED", 
   "ANDD", 
   "ORR", 
   "NOTUSED", 
   "ANDD", 
   "ORR"
  ], 
  "12": [
   "ORR", 
   "ORR", 
   "ORR", 
   "ORR", 
   "ANDD", 
   "ORR", 
   "NOTUSED", 
   "ORR", 
   "ORR", 
   "NOTUSED", 
   "ANDD", 
   "NOTUSED", 
   "NOTUSED", 
   "NOTUSED", 
   "ANDD"
  ], 
  "14": [
   "ORR", 
   "ORR", 
   "ANDD", 
   "NOTUSED", 
   "NOTUSED", 
   "ANDD", 
   "ANDD", 
   "ORR", 
   "ORR", 
   "ANDD", 
   "ANDD", 
   "ORR", 
   "ANDD", 
   "ORR", 
   "ORR"
  ], 
  "1": [
   "ORR", 
   "ANDD", 
   "NOTUSED", 
   "ORR", 
   "ORR", 
   "ANDD", 
   "ANDD", 
   "ANDD", 
   "NOTUSED", 
   "NOTUSED", 
   "ORR", 
   "ORR", 
   "ORR", 
   "ORR", 
   "ORR"
  ], 
  "0": [
   "ANDD", 
   "ORR", 
   "NOTUSED", 
   "ORR", 
   "NOTUSED", 
   "NOTUSED", 
   "ORR", 
   "NOTUSED", 
   "NOTUSED", 
   "ORR", 
   "ORR", 
   "ANDD", 
   "ORR", 
   "ORR", 
   "ORR"
  ], 
  "3": [
   "ORR", 
   "ORR", 
   "NOTUSED", 
   "ORR", 
   "ORR", 
   "ORR", 
   "ORR", 
   "ANDD", 
   "ORR", 
   "ORR", 
   "NOTUSED", 
   "ANDD", 
   "ORR", 
   "ANDD", 
   "NOTUSED"
  ], 
  "2": [
   "NOTUSED", 
   "NOTUSED", 
   "ORR", 
   "NOTUSED", 
   "ANDD", 
   "ORR", 
   "ANDD", 
   "ORR", 
   "ORR", 
   "ORR", 
   "ORR", 
   "ANDD", 
   "ORR", 
   "ANDD", 
   "ANDD"
  ], 
  "5": [
   "NOTUSED", 
   "ANDD", 
   "ORR", 
   "ORR", 
   "ANDD", 
   "NOTUSED", 
   "NOTUSED", 
   "ORR", 
   "NOTUSED", 
   "ORR", 
   "NOTUSED", 
   "ORR", 
   "ORR", 
   "NOTUSED", 
   "ANDD"
  ], 
  "4": [
   "NOTUSED", 
   "ORR", 
   "ANDD", 
   "ORR", 
   "NOTUSED", 
   "ANDD", 
   "ORR", 
   "ANDD", 
   "ORR", 
   "ANDD", 
   "ORR", 
   "NOTUSED", 
   "ANDD", 
   "NOTUSED", 
   "NOTUSED"
  ], 
  "7": [
   "NOTUSED", 
   "ANDD", 
   "ORR", 
   "ANDD", 
   "ANDD", 
   "ORR", 
   "ANDD", 
   "ANDD", 
   "ANDD", 
   "NOTUSED", 
   "ANDD", 
   "ORR", 
   "ORR", 
   "NOTUSED", 
   "ORR"
  ], 
  "6": [
   "ORR", 
   "ANDD", 
   "ANDD", 
   "ORR", 
   "ORR", 
   "NOTUSED", 
   "ANDD", 
   "ANDD", 
   "ORR", 
   "ORR", 
   "ANDD", 
   "NOTUSED", 
   "NOTUSED", 
   "NOTUSED", 
   "ANDD"
  ], 
  "9": [
   "ORR", 
   "NOTUSED", 
   "ORR", 
   "ORR", 
   "ANDD", 
   "ORR", 
   "ORR", 
   "NOTUSED", 
   "NOTUSED", 
   "ORR", 
   "ANDD", 
   "NOTUSED", 
   "NOTUSED", 
   "NOTUSED", 
   "ANDD"
  ], 
  "8": [
   "NOTUSED", 
   "NOTUSED", 
   "ORR", 
   "ORR", 
   "ORR", 
   "NOTUSED", 
   "ORR", 
   "ANDD", 
   "NOTUSED", 
   "NOTUSED", 
   "ANDD", 
   "NOTUSED", 
   "ORR", 
   "ORR", 
   "ORR"
  ]
 }
}