{
 "random_seed": 3687509680, 
 "PARAMETERS": {
  "RADIUS1": 306211.903, 
  "QUADS": 1, 
  "RADIUS2": 21711.837, 
  "DIST": 704548.988, 
  "F_PTS": 20, 
  "K_PTS": 7, 
  "EPSILON": 0.605, 
  "LENGTH1": 359845.901, 
  "G_PTS": 36, 
  "Q_PTS": 2, 
  "N_PTS": 89, 
  "C_PTS": 65, 
  "AREA2": 791916.238, 
  "LENGTH2": 207897.816, 
  "B_PTS": 38, 
  "D_PTS": 8, 
  "AREA1": 472053.379, 
  "A_PTS": 22, 
  "E_PTS": 53
 }, 
 "NUMPOINTS": 92, 
 "points": [
  [
   -273206.438, 
   -409690.745
  ], 
  [
   -359797.617, 
   377927.489
  ], 
  [
   281538.437, 
   102261.154
  ], 
  [
   320278.524, 
   -873184.62
  ], 
  [
   870333.35, 
   -348727.255
  ], 
  [
   -592890.825, 
   723157.141
  ], 
  [
   -196647.826, 
   -205470.915
  ], 
  [
   -625434.01, 
   45265.825
  ], 
  [
   387479.114, 
   467381.909
  ], 
  [
   -907638.395, 
   -67725.663
  ], 
  [
   814804.66, 
   -99427.39
  ], 
  [
   -71772.464, 
   -230652.794
  ], 
  [
   338145.512, 
   584607.882
  ], 
  [
   -497142.966, 
   -108059.431
  ], 
  [
   199230.165, 
   732362.289
  ], 
  [
   -547058.194, 
   -209684.03
  ], 
  [
   451015.733, 
   529752.83
  ], 
  [
   -307864.267, 
   312865.052
  ], 
  [
   909969.865, 
   830861.259
  ], 
  [
   393.311, 
   -972265.564
  ], 
  [
   780002.242, 
   938546.774
  ], 
  [
   -89259.279, 
   -958743.508
  ], 
  [
   505805.922, 
   -699395.381
  ], 
  [
   -794566.066, 
   -510590.741
  ], 
  [
   -326017.663, 
   -900773.733
  ], 
  [
   682434.236, 
   143533.62
  ], 
  [
   -595785.949, 
   -744668.912
  ], 
  [
   29471.169, 
   838402.87
  ], 
  [
   -654258.396, 
   -323027.069
  ], 
  [
   22290.635, 
   673107.4
  ], 
  [
   886381.802, 
   -955632.942
  ], 
  [
   103281.132, 
   -344331.914
  ], 
  [
   96226.546, 
   -720955.51
  ], 
  [
   724925.569, 
   -350234.22
  ], 
  [
   821223.838, 
   842289.522
  ], 
  [
   -796180.424, 
   -76582.922
  ], 
  [
   -157126.956, 
   88807.655
  ], 
  [
   -642959.881, 
   -975375.176
  ], 
  [
   -112508.916, 
   -149768.497
  ], 
  [
   -974106.558, 
   -692426.494
  ], 
  [
   -27037.547, 
   251812.064
  ], 
  [
   -969583.386, 
   -329644.946
  ], 
  [
   -448564.612, 
   635889.856
  ], 
  [
   420277.223, 
   861934.613
  ], 
  [
   -815657.696, 
   108005.298
  ], 
  [
   -346147.624, 
   -132653.573
  ], 
  [
   303639.453, 
   -366172.639
  ], 
  [
   -28758.032, 
   895243.86
  ], 
  [
   81305.372, 
   885966.601
  ], 
  [
   -874774.024, 
   522920.438
  ], 
  [
   102889.278, 
   813765.979
  ], 
  [
   280792.99, 
   -479370.658
  ], 
  [
   797245.416, 
   -168107.235
  ], 
  [
   695685.329, 
   -826634.474
  ], 
  [
   698559.317, 
   -619691.357
  ], 
  [
   161050.828, 
   596587.446
  ], 
  [
   760889.984, 
   -960649.399
  ], 
  [
   698164.464, 
   757945.909
  ], 
  [
   923804.62, 
   -889164.058
  ], 
  [
   -673567.067, 
   497698.704
  ], 
  [
   207984.252, 
   786428.407
  ], 
  [
   29741.659, 
   -764834.788
  ], 
  [
   -499111.218, 
   734030.436
  ], 
  [
   -216667.599, 
   207792.297
  ], 
  [
   -545586.144, 
   240162.831
  ], 
  [
   -285851.302, 
   -486302.518
  ], 
  [
   -961601.317, 
   -478617.567
  ], 
  [
   98897.179, 
   22679.553
  ], 
  [
   -514613.724, 
   -515838.007
  ], 
  [
   -973934.597, 
   -615276.052
  ], 
  [
   421019.322, 
   737820.367
  ], 
  [
   705847.979, 
   -232418.31
  ], 
  [
   712703.489, 
   782636.077
  ], 
  [
   -584057.347, 
   -859030.413
  ], 
  [
   -771439.835, 
   -813621.844
  ], 
  [
   -872149.204, 
   -989782.274
  ], 
  [
   -855054.288, 
   -118528.697
  ], 
  [
   -805802.317, 
   567990.862
  ], 
  [
   643645.128, 
   793641.642
  ], 
  [
   -813890.364, 
   -998589.054
  ], 
  [
   -95078.678, 
   -242331.3
  ], 
  [
   -195294.924, 
   835681.817
  ], 
  [
   -511622.162, 
   -564349.027
  ], 
  [
   -681942.207, 
   337113.769
  ], 
  [
   228006.29, 
   -225981.812
  ], 
  [
   -529641.474, 
   133778.566
  ], 
  [
   668931.805, 
   -446751.331
  ], 
  [
   -378534.54, 
   -504968.564
  ], 
  [
   751500.374, 
   389959.548
  ], 
  [
   722299.36, 
   -970820.026
  ], 
  [
   600992.213, 
   595185.197
  ], 
  [
   -667628.617, 
   592164.674
  ]
 ], 
 "PUV": [
  true, 
  true, 
  true, 
  false, 
  false, 
  false, 
  true, 
  true, 
  true, 
  true, 
  false, 
  true, 
  false, 
  false, 
  false
 ], 
 "LCM": {
  "11": [
   "ORR", 
   "ANDD", 
   "ANDD", 
   "NOTUSED", 
   "ANDD", 
   "NOTUSED", 
   "ANDD", 
   "NOTUSED", 
   "NOTUSED", 
   "NOTUSED", 
   "ORR", 
   "ANDD", 
   "ORR", 
   "ORR", 
   "NOTUSED"
  ], 
  "10": [
   "NOTUSED", 
   "ANDD", 
   "ANDD", 
   "NOTUSED", 
   "ANDD", 
   "ORR", 
   "ANDD", 
   "ORR", 
   "NOTUSED", 
   "NOTUSED", 
   "ORR", 
   "ORR", 
   "ANDD", 
   "NOTUSED", 
   "ANDD"
  ], 
  "13": [
   "ANDD", 
   "NOTUSED", 
   "NOTUSED", 
   "ANDD", 
   "ORR", 
   "NOTUSED", 
   "ANDD", 
   "ORR", 
   "ORR", 
   "NOTUSED", 
   "NOTUSED", 
   "ORR", 
   "ANDD", 
   "NOTUSED", 
   "NOTUSED"
  ], 
  "12": [
   "ORR", 
   "NOTUSED", 
   "ORR", 
   "ORR", 
   "ORR", 
   "NOTUSED", 
   "NOTUSED", 
   "ANDD", 
   "ANDD", 
   "ORR", 
   "ANDD", 
   "ORR", 
   "NOTUSED", 
   "ANDD", 
   "ORR"
  ], 
  "14": [
   "NOTUSED", 
   "ANDD", 
   "NOTUSED", 
   "ANDD", 
   "ORR", 
   "NOTUSED", 
   "NOTUSED", 
   "ORR", 
   "ORR", 
   "ANDD", 
   "ANDD", 
   "NOTUSED", 
   "ORR", 
   "NOTUSED", 
   "ORR"
  ], 
  "1": [
   "ANDD", 
   "NOTUSED", 
   "ORR", 
   "ORR", 
   "ANDD", 
   "NOTUSED", 
   "NOTUSED", 
   "ANDD", 
   "ANDD", 
   "NOTUSED", 
   "ANDD", 
   "ANDD", 
   "NOTUSED", 
   "NOTUSED", 
   "ANDD"
  ], 
  "0": [
   "NOTUSED", 
   "ANDD", 
   "ORR", 
   "ORR", 
   "NOTUSED", 
   "NOTUSED", 
   "NOTUSED", 
   "ORR", 
   "NOTUSED", 
   "NOTUSED", 
   "NOTUSED", 
   "ORR", 
   "ORR", 
   "ANDD", 
   "NOTUSED"
  ], 
  "3": [
   "ORR", 
   "ORR", 
   "ANDD", 
   "ANDD", 
   "ANDD", 
   "NOTUSED", 
   "ORR", 
   "NOTUSED", 
   "ANDD", 
   "ANDD", 
   "NOTUSED", 
   "NOTUSED", 
   "ORR", 
   "ANDD", 
   "ANDD"
  ], 
  "2": [
   "ORR", 
   "ORR", 
   "ANDD", 
   "ANDD", 
   "ANDD", 
   "ANDD", 
   "ANDD", 
   "ANDD", 
   "ORR", 
   "ORR", 
   "ANDD", 
   "ANDD", 
   "ORR", 
   "NOTUSED", 
   "NOTUSED"
  ], 
  "5": [
   "NOTUSED", 
   "NOTUSED", 
   "ANDD", 
   "NOTUSED", 
   "ANDD", 
   "ANDD", 
   "NOTUSED", 
   "ORR", 
   "NOTUSED", 
   "ANDD", 
   "ORR", 
   "NOTUSED", 
   "NOTUSED", 
   "NOTUSED", 
   "NOTUSED"
  ], 
  "4": [
   "NOTUSED", 
   "ANDD", 
   "ANDD", 
   "ANDD", 
   "NOTUSED", 
   "ANDD", 
   "ORR", 
   "ANDD", 
   "ANDD", 
   "ORR", 
   "ANDD", 
   "ANDD", 
   "ORR", 
   "ORR", 
   "ORR"
  ], 
  "7": [
   "ORR", 
   "ANDD", 
   "ANDD", 
   "NOTUSED", 
   "ANDD", 
   "ORR", 
   "NOTUSED", 
   "NOTUSED", 
   "ORR", 
   "ANDD", 
   "ORR", 
   "NOTUSED", 
   "ANDD", 
   "ORR", 
   "ORR"
  ], 
  "6": [
   "NOTUSED", 
   "NOTUSED", 
   "ANDD", 
   "ORR", 
   "ORR", 
   "NOTUSED", 
   "NOTUSED", 
   "NOTUSED", 
   "ANDD", 
   "NOTUSED", 
   "ANDD", 
   "ANDD", 
   "NOTUSED", 
   "ANDD", 
   "NOTUSED"
  ], 
  "9": [
   "NOTUSED", 
   "NOTUSED", 
   "ORR", 
   "ANDD", 
   "ORR", 
   "ANDD", 
   "NOTUSED", 
   "ANDD", 
   "ORR", 
   "ANDD", 
   "NOTUSED", 
   "NOTUSED", 
   "ORR", 
   "NOTUSED", 
   "ANDD"
  ], 
  "8": [
   "NOTUSED", 
   "ANDD", 
   "ORR", 
   "ANDD", 
   "ANDD", 
   "NOTUSED", 
   "ANDD", 
   "ORR", 
   "NOTUSED", 
   "ORR", 
   "NOTUSED", 
   "NOTUSED", 
   "ANDD", 
   "ORR", 
   "ORR"
  ]
 }
}