{
 "random_seed": 1649915872, 
 "PARAMETERS": {
  "RADIUS1": 610530.818, 
  "QUADS": 1, 
  "RADIUS2": 655701.639, 
  "DIST": 173292.985, 
  "F_PTS": 54, 
  "K_PTS": 39, 
  "EPSILON": 1.779, 
  "LENGTH1": 579902.329, 
  "G_PTS": 11, 
  "Q_PTS": 53, 
  "N_PTS": 59, 
  "C_PTS": 40, 
  "AREA2": 960512.316, 
  "LENGTH2": 946237.94, 
  "B_PTS": 60, 
  "D_PTS": 17, 
  "AREA1": 936996.984, 
  "A_PTS": 23, 
  "E_PTS": 7
 }, 
 "NUMPOINTS": 87, 
 "points": [
  [
   -968704.49, 
   272963.028
  ], 
  [
   490916.324, 
   -140660.509
  ], 
  [
   -812353.546, 
   -88625.603
  ], 
  [
   661043.2, 
   574992.054
  ], 
  [
   619578.692, 
   344821.232
  ], 
  [
   -732195.242, 
   -335669.061
  ], 
  [
   585169.59, 
   -174407.983
  ], 
  [
   -312683.409, 
   705832.274
  ], 
  [
   684617.106, 
   -485155.63
  ], 
  [
   749019.691, 
   -32492.109
  ], 
  [
   157432.555, 
   248851.012
  ], 
  [
   -299107.872, 
   -277712.799
  ], 
  [
   975317.329, 
   -284513.207
  ], 
  [
   737646.489, 
   312761.314
  ], 
  [
   365631.327, 
   -671925.391
  ], 
  [
   -192940.606, 
   687046.159
  ], 
  [
   432264.558, 
   411571.477
  ], 
  [
   -54799.225, 
   -936697.046
  ], 
  [
   -784780.181, 
   -50843.432
  ], 
  [
   749117.688, 
   -269685.661
  ], 
  [
   479975.086, 
   -660406.476
  ], 
  [
   -762002.909, 
   -272260.201
  ], 
  [
   -17103.304, 
   166706.932
  ], 
  [
   -401404.334, 
   943671.341
  ], 
  [
   663433.796, 
   515401.998
  ], 
  [
   -287346.609, 
   -808959.59
  ], 
  [
   -298236.162, 
   428601.426
  ], 
  [
   -120949.984, 
   929983.956
  ], 
  [
   698322.338, 
   -260982.09
  ], 
  [
   -293454.409, 
   525174.164
  ], 
  [
   841272.739, 
   -901675.492
  ], 
  [
   -943858.177, 
   522914.202
  ], 
  [
   -371167.742, 
   524896.209
  ], 
  [
   170337.463, 
   -398042.641
  ], 
  [
   199608.941, 
   -2653.78
  ], 
  [
   940659.532, 
   -287307.773
  ], 
  [
   -825329.406, 
   697047.77
  ], 
  [
   26918.662, 
   33612.518
  ], 
  [
   94917.528, 
   840575.856
  ], 
  [
   -708809.313, 
   -650446.693
  ], 
  [
   -53544.536, 
   680867.821
  ], 
  [
   -834262.636, 
   -90770.957
  ], 
  [
   -102088.616, 
   -995196.196
  ], 
  [
   -965186.504, 
   671760.492
  ], 
  [
   -194183.611, 
   -831418.787
  ], 
  [
   85094.722, 
   -133526.687
  ], 
  [
   784303.832, 
   277483.757
  ], 
  [
   855725.256, 
   619138.876
  ], 
  [
   100085.779, 
   171832.047
  ], 
  [
   -196828.848, 
   155672.955
  ], 
  [
   566497.289, 
   -838445.934
  ], 
  [
   -543029.869, 
   94277.234
  ], 
  [
   752619.131, 
   -293712.232
  ], 
  [
   -564950.313, 
   -265704.085
  ], 
  [
   267043.759, 
   820178.849
  ], 
  [
   -863189.915, 
   -803798.725
  ], 
  [
   -505393.804, 
   -155656.127
  ], 
  [
   534105.854, 
   465482.169
  ], 
  [
   573248.858, 
   539876.436
  ], 
  [
   86635.179, 
   567110.0
  ], 
  [
   -708828.683, 
   -103070.781
  ], 
  [
   -684276.251, 
   -395735.135
  ], 
  [
   492052.609, 
   464705.498
  ], 
  [
   -58797.915, 
   -771018.6
  ], 
  [
   -758755.526, 
   470857.97
  ], 
  [
   -953728.706, 
   509267.244
  ], 
  [
   990607.179, 
   497770.996
  ], 
  [
   470369.549, 
   -562733.622
  ], 
  [
   773910.978, 
   230709.174
  ], 
  [
   337126.41, 
   -374619.68
  ], 
  [
   20155.167, 
   217866.52
  ], 
  [
   831353.591, 
   -77920.906
  ], 
  [
   -986062.217, 
   668688.58
  ], 
  [
   -482472.198, 
   112999.779
  ], 
  [
   524962.321, 
   525066.355
  ], 
  [
   913885.473, 
   -261733.249
  ], 
  [
   -501895.293, 
   333351.434
  ], 
  [
   289151.442, 
   615768.093
  ], 
  [
   607525.651, 
   79152.828
  ], 
  [
   -781861.545, 
   36853.988
  ], 
  [
   660630.727, 
   -938433.038
  ], 
  [
   931618.881, 
   756071.834
  ], 
  [
   457360.742, 
   320298.017
  ], 
  [
   47902.66, 
   -342094.216
  ], 
  [
   -561168.078, 
   -344490.61
  ], 
  [
   -912378.707, 
   45402.861
  ], 
  [
   -591782.149, 
   -199895.555
  ]
 ], 
 "PUV": [
  false, 
  false, 
  false, 
  false, 
  false, 
  false, 
  false, 
  false, 
  false, 
  false, 
  true, 
  true, 
  true, 
  true, 
  true
 ], 
 "LCM": {
  "11": [
   "ANDD", 
   "NOTUSED", 
   "ORR", 
   "NOTUSED", 
   "ANDD", 
   "ORR", 
   "NOTUSED", 
   "NOTUSED", 
   "ANDD", 
   "ANDD", 
   "NOTUSED", 
   "NOTUSED", 
   "ORR", 
   "ORR", 
   "NOTUSED"
  ], 
  "10": [
   "ANDD", 
   "ORR", 
   "ORR", 
   "ORR", 
   "NOTUSED", 
   "ANDD", 
   "NOTUSED", 
   "NOTUSED", 
   "ANDD", 
   "NOTUSED", 
   "ANDD", 
   "NOTUSED", 
   "ANDD", 
   "NOTUSED", 
   "ANDD"
  ], 
  "13": [
   "NOTUSED", 
   "ORR", 
   "ORR", 
   "ORR", 
   "NOTUSED", 
   "ORR", 
   "ORR", 
   "ANDD", 
   "NOTUSED", 
   "ORR", 
   "NOTUSED", 
   "ORR", 
   "ORR", 
   "ORR", 
   "ORR"
  ], 
  "12": [
   "NOTUSED", 
   "ANDD", 
   "ORR", 
   "NOTUSED", 
   "ORR", 
   "ANDD", 
   "ANDD", 
   "NOTUSED", 
   "NOTUSED", 
   "ORR", 
   "ANDD", 
   "ORR", 
   "NOTUSED", 
   "ORR", 
   "NOTUSED"
  ], 
  "14": [
   "NOTUSED", 
   "ANDD", 
   "ANDD", 
   "ANDD", 
   "ANDD", 
   "ANDD", 
   "ANDD", 
   "ANDD", 
   "NOTUSED", 
   "NOTUSED", 
   "ANDD", 
   "NOTUSED", 
   "NOTUSED", 
   "ORR", 
   "ORR"
  ], 
  "1": [
   "ORR", 
   "NOTUSED", 
   "ORR", 
   "NOTUSED", 
   "NOTUSED", 
   "ANDD", 
   "ORR", 
   "NOTUSED", 
   "NOTUSED", 
   "NOTUSED", 
   "ORR", 
   "NOTUSED", 
   "ANDD", 
   "ORR", 
   "ANDD"
  ], 
  "0": [
   "ORR", 
   "ORR", 
   "ANDD", 
   "ANDD", 
   "ORR", 
   "ORR", 
   "ANDD", 
   "ORR", 
   "ORR", 
   "ORR", 
   "ANDD", 
   "ANDD", 
   "NOTUSED", 
   "NOTUSED", 
   "NOTUSED"
  ], 
  "3": [
   "ANDD", 
   "NOTUSED", 
   "ORR", 
   "ANDD", 
   "NOTUSED", 
   "ORR", 
   "NOTUSED", 
   "ORR", 
   "ORR", 
   "ORR", 
   "ORR", 
   "NOTUSED", 
   "NOTUSED", 
   "ORR", 
   "ANDD"
  ], 
  "2": [
   "ANDD", 
   "ORR", 
   "ORR", 
   "ORR", 
   "NOTUSED", 
   "ANDD", 
   "NOTUSED", 
   "NOTUSED", 
   "ANDD", 
   "ANDD", 
   "ORR", 
   "ORR", 
   "ORR", 
   "ORR", 
   "ANDD"
  ], 
  "5": [
   "ORR", 
   "ANDD", 
   "ANDD", 
   "ORR", 
   "NOTUSED", 
   "ANDD", 
   "ORR", 
   "NOTUSED", 
   "ORR", 
   "ANDD", 
   "ANDD", 
   "ORR", 
   "ANDD", 
   "ORR", 
   "ANDD"
  ], 
  "4": [
   "ORR", 
   "NOTUSED", 
   "NOTUSED", 
   "NOTUSED", 
   "ORR", 
   "NOTUSED", 
   "ANDD", 
   "ANDD", 
   "ANDD", 
   "NOTUSED", 
   "NOTUSED", 
   "ANDD", 
   "ORR", 
   "NOTUSED", 
   "ANDD"
  ], 
  "7": [
   "ORR", 
   "NOTUSED", 
   "NOTUSED", 
   "ORR", 
   "ANDD", 
   "NOTUSED", 
   "NOTUSED", 
   "ORR", 
   "ORR", 
   "ORR", 
   "NOTUSED", 
   "NOTUSED", 
   "NOTUSED", 
   "ANDD", 
   "ANDD"
  ], 
  "6": [
   "ANDD", 
   "ORR", 
   "NOTUSED", 
   "NOTUSED", 
   "ANDD", 
   "ORR", 
   "ORR", 
   "NOTUSED", 
   "NOTUSED", 
   "ANDD", 
   "NOTUSED", 
   "NOTUSED", 
   "ANDD", 
   "ORR", 
   "ANDD"
  ], 
  "9": [
   "ORR", 
   "NOTUSED", 
   "ANDD", 
   "ORR", 
   "NOTUSED", 
   "ANDD", 
   "ANDD", 
   "ORR", 
   "NOTUSED", 
   "NOTUSED", 
   "NOTUSED", 
   "ANDD", 
   "ORR", 
   "ORR", 
   "NOTUSED"
  ], 
  "8": [
   "ORR", 
   "NOTUSED", 
   "ANDD", 
   "ORR", 
   "ANDD", 
   "ORR", 
   "NOTUSED", 
   "ORR", 
   "NOTUSED", 
   "NOTUSED", 
   "ANDD", 
   "ANDD", 
   "NOTUSED", 
   "NOTUSED", 
   "NOTUSED"
  ]
 }
}