{
 "random_seed": 4257391744, 
 "PARAMETERS": {
  "RADIUS1": 4563.627, 
  "QUADS": 2, 
  "RADIUS2": 848591.251, 
  "DIST": 263701.975, 
  "F_PTS": 4, 
  "K_PTS": 15, 
  "EPSILON": 2.868, 
  "LENGTH1": 360419.189, 
  "G_PTS": 12, 
  "Q_PTS": 10, 
  "N_PTS": 13, 
  "C_PTS": 7, 
  "AREA2": 153080.45, 
  "LENGTH2": 795516.379, 
  "B_PTS": 4, 
  "D_PTS": 8, 
  "AREA1": 996701.228, 
  "A_PTS": 8, 
  "E_PTS": 9
 }, 
 "NUMPOINTS": 20, 
 "points": [
  [
   725173.546, 
   -564315.75
  ], 
  [
   -313985.657, 
   -969425.673
  ], 
  [
   -143694.992, 
   -795183.136
  ], 
  [
   -814630.992, 
   19889.529
  ], 
  [
   88670.055, 
   765286.466
  ], 
  [
   -158078.937, 
   538804.544
  ], 
  [
   -467274.293, 
   88153.163
  ], 
  [
   267033.952, 
   40348.183
  ], 
  [
   -892518.231, 
   -490914.941
  ], 
  [
   795676.827, 
   -622463.754
  ], 
  [
   -248919.478, 
   720683.039
  ], 
  [
   -383727.511, 
   -884186.164
  ], 
  [
   -523553.026, 
   -971551.969
  ], 
  [
   -651024.391, 
   945952.218
  ], 
  [
   -589156.57, 
   192018.524
  ], 
  [
   -367918.153, 
   200339.752
  ], 
  [
   121768.771, 
   60000.036
  ], 
  [
   34346.714, 
   46545.545
  ], 
  [
   -377670.234, 
   -75789.553
  ], 
  [
   656284.963, 
   885805.575
  ]
 ], 
 "PUV": [
  true, 
  false, 
  false, 
  false, 
  false, 
  true, 
  true, 
  false, 
  true, 
  true, 
  false, 
  true, 
  false, 
  true, 
  true
 ], 
 "LCM": {
  "11": [
   "NOTUSED", 
   "NOTUSED", 
   "NOTUSED", 
   "NOTUSED", 
   "NOTUSED", 
   "ORR", 
   "ORR", 
   "ORR", 
   "ORR", 
   "ORR", 
   "ORR", 
   "ANDD", 
   "NOTUSED", 
   "ORR", 
   "ORR"
  ], 
  "10": [
   "ANDD", 
   "ANDD", 
   "NOTUSED", 
   "ANDD", 
   "NOTUSED", 
   "ANDD", 
   "NOTUSED", 
   "NOTUSED", 
   "ANDD", 
   "ANDD", 
   "ANDD", 
   "ORR", 
   "ANDD", 
   "NOTUSED", 
   "ANDD"
  ], 
  "13": [
   "ORR", 
   "NOTUSED", 
   "ORR", 
   "ANDD", 
   "ORR", 
   "NOTUSED", 
   "NOTUSED", 
   "NOTUSED", 
   "ORR", 
   "NOTUSED", 
   "NOTUSED", 
   "ORR", 
   "ANDD", 
   "ANDD", 
   "ANDD"
  ], 
  "12": [
   "NOTUSED", 
   "ANDD", 
   "ANDD", 
   "ORR", 
   "ANDD", 
   "NOTUSED", 
   "ORR", 
   "ORR", 
   "NOTUSED", 
   "ANDD", 
   "ANDD", 
   "NOTUSED", 
   "NOTUSED", 
   "ANDD", 
   "ANDD"
  ], 
  "14": [
   "ANDD", 
   "ORR", 
   "ANDD", 
   "ANDD", 
   "ORR", 
   "ORR", 
   "ORR", 
   "ORR", 
   "ORR", 
   "ORR", 
   "ANDD", 
   "ORR", 
   "ANDD", 
   "ANDD", 
   "ANDD"
  ], 
  "1": [
   "ORR", 
   "ANDD", 
   "NOTUSED", 
   "ORR", 
   "ORR", 
   "ANDD", 
   "ORR", 
   "ORR", 
   "ORR", 
   "ORR", 
   "ANDD", 
   "NOTUSED", 
   "ANDD", 
   "NOTUSED", 
   "ORR"
  ], 
  "0": [
   "ANDD", 
   "ORR", 
   "ANDD", 
   "NOTUSED", 
   "ANDD", 
   "NOTUSED", 
   "ANDD", 
   "NOTUSED", 
   "ORR", 
   "NOTUSED", 
   "ANDD", 
   "NOTUSED", 
   "NOTUSED", 
   "ORR", 
   "ANDD"
  ], 
  "3": [
   "NOTUSED", 
   "ORR", 
   "ORR", 
   "NOTUSED", 
   "ORR", 
   "ANDD", 
   "ANDD", 
   "ORR", 
   "ANDD", 
   "ORR", 
   "ANDD", 
   "NOTUSED", 
   "ORR", 
   "ANDD", 
   "ANDD"
  ], 
  "2": [
   "ANDD", 
   "NOTUSED", 
   "NOTUSED", 
   "ORR", 
   "ORR", 
   "ORR", 
   "ORR", 
   "ANDD", 
   "ANDD", 
   "NOTUSED", 
   "NOTUSED", 
   "NOTUSED", 
   "ANDD", 
   "ORR", 
   "ANDD"
  ], 
  "5": [
   "NOTUSED", 
   "ANDD", 
   "ORR", 
   "ANDD", 
   "ORR", 
   "ANDD", 
   "NOTUSED", 
   "ORR", 
   "ORR", 
   "NOTUSED", 
   "ANDD", 
   "ORR", 
   "NOTUSED", 
   "NOTUSED", 
   "ORR"
  ], 
  "4": [
   "ANDD", 
   "ORR", 
   "ORR", 
   "ORR", 
   "NOTUSED", 
   "ORR", 
   "ORR", 
   "ORR", 
   "ANDD", 
   "NOTUSED", 
   "NOTUSED", 
   "NOTUSED", 
   "ANDD", 
   "ORR", 
   "ORR"
  ], 
  "7": [
   "NOTUSED", 
   "ORR", 
   "ANDD", 
   "ORR", 
   "ORR", 
   "ORR", 
   "ANDD", 
   "ORR", 
   "NOTUSED", 
   "ORR", 
   "NOTUSED", 
   "ORR", 
   "ORR", 
   "NOTUSED", 
   "ORR"
  ], 
  "6": [
   "ANDD", 
   "ORR", 
   "ORR", 
   "ANDD", 
   "ORR", 
   "NOTUSED", 
   "ORR", 
   "ANDD", 
   "ORR", 
   "NOTUSED", 
   "NOTUSED", 
   "ORR", 
   "ORR", 
   "NOTUSED", 
   "ORR"
  ], 
  "9": [
   "NOTUSED", 
   "ORR", 
   "NOTUSED", 
   "ORR", 
   "NOTUSED", 
   "NOTUSED", 
   "NOTUSED", 
   "ORR", 
   "NOTUSED", 
   "NOTUSED", 
   "ANDD", 
   "ORR", 
   "ANDD", 
   "NOTUSED", 
   "ORR"
  ], 
  "8": [
   "ORR", 
   "ORR", 
   "ANDD", 
   "ANDD", 
   "ANDD", 
   "ORR", 
   "ORR", 
   "NOTUSED", 
   "NOTUSED", 
   "NOTUSED", 
   "ANDD", 
   "ORR", 
   "NOTUSED", 
   "ORR", 
   "ORR"
  ]
 }
}