{
 "random_seed": 1516102248, 
 "PARAMETERS": {
  "RADIUS1": 779729.083, 
  "QUADS": 1, 
  "RADIUS2": 12723.254, 
  "DIST": 563808.018, 
  "F_PTS": 1, 
  "K_PTS": 13, 
  "EPSILON": 1.994, 
  "LENGTH1": 100534.721, 
  "G_PTS": 35, 
  "Q_PTS": 38, 
  "N_PTS": 18, 
  "C_PTS": 13, 
  "AREA2": 787343.47, 
  "LENGTH2": 513785.528, 
  "B_PTS": 29, 
  "D_PTS": 15, 
  "AREA1": 645663.984, 
  "A_PTS": 6, 
  "E_PTS": 31
 }, 
 "NUMPOINTS": 40, 
 "points": [
  [
   -584891.085, 
   429433.78
  ], 
  [
   383955.524, 
   132337.601
  ], 
  [
   713942.239, 
   823059.282
  ], 
  [
   204375.761, 
   40054.351
  ], 
  [
   21561.191, 
   670907.004
  ], 
  [
   470592.668, 
   -801980.18
  ], 
  [
   -868725.797, 
   -530730.821
  ], 
  [
   764662.454, 
   238414.787
  ], 
  [
   21129.607, 
   -425778.831
  ], 
  [
   -398820.034, 
   149201.788
  ], 
  [
   843574.378, 
   942156.077
  ], 
  [
   148252.721, 
   -700206.412
  ], 
  [
   -402939.756, 
   304776.916
  ], 
  [
   312752.267, 
   529871.268
  ], 
  [
   -19361.748, 
   858101.21
  ], 
  [
   -321924.081, 
   572759.581
  ], 
  [
   -474806.111, 
   -319768.153
  ], 
  [
   -464623.035, 
   680421.399
  ], 
  [
   383041.404, 
   -375254.206
  ], 
  [
   959699.096, 
   587516.132
  ], 
  [
   894680.741, 
   -624073.956
  ], 
  [
   -450549.109, 
   952724.244
  ], 
  [
   279235.209, 
   110305.779
  ], 
  [
   -281608.721, 
   -613754.986
  ], 
  [
   804232.314, 
   -887341.616
  ], 
  [
   974255.79, 
   436834.861
  ], 
  [
   469956.501, 
   -922065.851
  ], 
  [
   272430.348, 
   84276.792
  ], 
  [
   675725.968, 
   -150458.897
  ], 
  [
   -505095.667, 
   851286.223
  ], 
  [
   -600971.6, 
   680987.205
  ], 
  [
   717099.206, 
   765046.356
  ], 
  [
   813786.407, 
   382670.477
  ], 
  [
   190791.262, 
   -325855.044
  ], 
  [
   -976007.398, 
   -168991.788
  ], 
  [
   290399.911, 
   -416322.144
  ], 
  [
   -203723.972, 
   -632603.237
  ], 
  [
   -33053.458, 
   453546.908
  ], 
  [
   376979.485, 
   -400365.631
  ], 
  [
   -787416.024, 
   748780.937
  ]
 ], 
 "PUV": [
  false, 
  true, 
  false, 
  true, 
  true, 
  true, 
  true, 
  false, 
  false, 
  false, 
  true, 
  false, 
  false, 
  false, 
  true
 ], 
 "LCM": {
  "11": [
   "ANDD", 
   "ANDD", 
   "ANDD", 
   "NOTUSED", 
   "ORR", 
   "NOTUSED", 
   "ANDD", 
   "NOTUSED", 
   "ANDD", 
   "ANDD", 
   "ORR", 
   "ANDD", 
   "ANDD", 
   "ORR", 
   "ANDD"
  ], 
  "10": [
   "ANDD", 
   "ORR", 
   "ANDD", 
   "ORR", 
   "ANDD", 
   "ANDD", 
   "ORR", 
   "NOTUSED", 
   "ANDD", 
   "ANDD", 
   "NOTUSED", 
   "ORR", 
   "ORR", 
   "ORR", 
   "ANDD"
  ], 
  "13": [
   "ORR", 
   "NOTUSED", 
   "ANDD", 
   "NOTUSED", 
   "NOTUSED", 
   "ORR", 
   "ANDD", 
   "ANDD", 
   "ORR", 
   "ORR", 
   "ORR", 
   "ORR", 
   "ORR", 
   "NOTUSED", 
   "ANDD"
  ], 
  "12": [
   "ORR", 
   "NOTUSED", 
   "ANDD", 
   "NOTUSED", 
   "NOTUSED", 
   "NOTUSED", 
   "ORR", 
   "ORR", 
   "ORR", 
   "ANDD", 
   "ORR", 
   "ANDD", 
   "ORR", 
   "ORR", 
   "ORR"
  ], 
  "14": [
   "ORR", 
   "ORR", 
   "ORR", 
   "ANDD", 
   "ANDD", 
   "ORR", 
   "NOTUSED", 
   "ORR", 
   "NOTUSED", 
   "ANDD", 
   "ANDD", 
   "ANDD", 
   "ORR", 
   "ANDD", 
   "ORR"
  ], 
  "1": [
   "ORR", 
   "NOTUSED", 
   "ANDD", 
   "NOTUSED", 
   "NOTUSED", 
   "ORR", 
   "ORR", 
   "NOTUSED", 
   "NOTUSED", 
   "NOTUSED", 
   "ORR", 
   "ANDD", 
   "NOTUSED", 
   "NOTUSED", 
   "ORR"
  ], 
  "0": [
   "ORR", 
   "ORR", 
   "NOTUSED", 
   "NOTUSED", 
   "ORR", 
   "NOTUSED", 
   "ORR", 
   "ORR", 
   "ANDD", 
   "ORR", 
   "ANDD", 
   "ANDD", 
   "ORR", 
   "ORR", 
   "ORR"
  ], 
  "3": [
   "NOTUSED", 
   "NOTUSED", 
   "ORR", 
   "ANDD", 
   "ANDD", 
   "ANDD", 
   "ANDD", 
   "ORR", 
   "ORR", 
   "ANDD", 
   "ORR", 
   "NOTUSED", 
   "NOTUSED", 
   "NOTUSED", 
   "ANDD"
  ], 
  "2": [
   "NOTUSED", 
   "ANDD", 
   "NOTUSED", 
   "ORR", 
   "ANDD", 
   "ORR", 
   "ORR", 
   "ANDD", 
   "ORR", 
   "ORR", 
   "ANDD", 
   "ANDD", 
   "ANDD", 
   "ANDD", 
   "ORR"
  ], 
  "5": [
   "NOTUSED", 
   "ORR", 
   "ORR", 
   "ANDD", 
   "ANDD", 
   "ANDD", 
   "NOTUSED", 
   "NOTUSED", 
   "ORR", 
   "ORR", 
   "ANDD", 
   "NOTUSED", 
   "NOTUSED", 
   "ORR", 
   "ORR"
  ], 
  "4": [
   "ORR", 
   "NOTUSED", 
   "ANDD", 
   "ANDD", 
   "ORR", 
   "ANDD", 
   "ORR", 
   "NOTUSED", 
   "NOTUSED", 
   "ORR", 
   "ANDD", 
   "ORR", 
   "NOTUSED", 
   "NOTUSED", 
   "ANDD"
  ], 
  "7": [
   "ORR", 
   "NOTUSED", 
   "ANDD", 
   "ORR", 
   "NOTUSED", 
   "NOTUSED", 
   "NOTUSED", 
   "NOTUSED", 
   "NOTUSED", 
   "ORR", 
   "NOTUSED", 
   "NOTUSED", 
   "ORR", 
   "ANDD", 
   "ORR"
  ], 
  "6": [
   "ORR", 
   "ORR", 
   "ORR", 
   "ANDD", 
   "ORR", 
   "NOTUSED", 
   "ANDD", 
   "NOTUSED", 
   "NOTUSED", 
   "NOTUSED", 
   "ORR", 
   "ANDD", 
   "ORR", 
   "ANDD", 
   "NOTUSED"
  ], 
  "9": [
   "ORR", 
   "NOTUSED", 
   "ORR", 
   "ANDD", 
   "ORR", 
   "ORR", 
   "NOTUSED", 
   "ORR", 
   "ANDD", 
   "ORR", 
   "ANDD", 
   "ANDD", 
   "ANDD", 
   "ORR", 
   "ANDD"
  ], 
  "8": [
   "ANDD", 
   "NOTUSED", 
   "ORR", 
   "ORR", 
   "NOTUSED", 
   "ORR", 
   "NOTUSED", 
   "NOTUSED", 
   "NOTUSED", 
   "ANDD", 
   "ANDD", 
   "ANDD", 
   "ORR", 
   "ORR", 
   "NOTUSED"
  ]
 }
}