{
 "random_seed": 3012588884, 
 "PARAMETERS": {
  "RADIUS1": 343401.364, 
  "QUADS": 3, 
  "RADIUS2": 441633.998, 
  "DIST": 33314.523, 
  "F_PTS": 35, 
  "K_PTS": 39, 
  "EPSILON": 0.694, 
  "LENGTH1": 703592.442, 
  "G_PTS": 42, 
  "Q_PTS": 65, 
  "N_PTS": 12, 
  "C_PTS": 35, 
  "AREA2": 16654.419, 
  "LENGTH2": 74485.438, 
  "B_PTS": 24, 
  "D_PTS": 6, 
  "AREA1": 995447.593, 
  "A_PTS": 42, 
  "E_PTS": 4
 }, 
 "NUMPOINTS": 75, 
 "points": [
  [
   -139749.165, 
   993278.677
  ], 
  [
   -620069.474, 
   -693879.76
  ], 
  [
   303965.983, 
   -312971.278
  ], 
  [
   532083.371, 
   604455.845
  ], 
  [
   -956121.339, 
   -860922.687
  ], 
  [
   726944.756, 
   -97183.197
  ], 
  [
   2985.891, 
   -988780.71
  ], 
  [
   698509.819, 
   906194.094
  ], 
  [
   -86365.227, 
   294904.726
  ], 
  [
   -969080.618, 
   523042.652
  ], 
  [
   678486.686, 
   -684257.583
  ], 
  [
   -900277.236, 
   965535.273
  ], 
  [
   -314107.246, 
   699796.561
  ], 
  [
   -369912.622, 
   681850.741
  ], 
  [
   480638.759, 
   -314803.98
  ], 
  [
   258318.594, 
   792726.128
  ], 
  [
   814230.263, 
   -436707.279
  ], 
  [
   118009.542, 
   610853.543
  ], 
  [
   -440954.856, 
   202965.242
  ], 
  [
   -129863.068, 
   -660582.708
  ], 
  [
   -200432.419, 
   458016.384
  ], 
  [
   96248.281, 
   456493.414
  ], 
  [
   -519810.464, 
   -55510.151
  ], 
  [
   -393166.24, 
   869266.848
  ], 
  [
   -283223.559, 
   -844340.498
  ], 
  [
   670201.823, 
   84488.815
  ], 
  [
   -852210.45, 
   540869.329
  ], 
  [
   456841.084, 
   -412279.257
  ], 
  [
   -993238.012, 
   329470.897
  ], 
  [
   -930641.966, 
   872124.063
  ], 
  [
   532948.902, 
   -996795.117
  ], 
  [
   934389.574, 
   848049.638
  ], 
  [
   -142055.586, 
   -650145.941
  ], 
  [
   772498.694, 
   649325.541
  ], 
  [
   939217.558, 
   191486.438
  ], 
  [
   -6999.812, 
   877609.757
  ], 
  [
   -345045.654, 
   680369.32
  ], 
  [
   256892.399, 
   747605.864
  ], 
  [
   -851376.177, 
   -283357.34
  ], 
  [
   -237032.171, 
   887435.783
  ], 
  [
   -249485.288, 
   -978888.523
  ], 
  [
   -545281.339, 
   -777384.364
  ], 
  [
   56002.541, 
   -867836.584
  ], 
  [
   569866.686, 
   530336.011
  ], 
  [
   575531.61, 
   -880943.976
  ], 
  [
   74941.616, 
   -780988.074
  ], 
  [
   438957.544, 
   355135.343
  ], 
  [
   -962627.742, 
   -980816.649
  ], 
  [
   441239.621, 
   157755.857
  ], 
  [
   -223167.403, 
   874380.277
  ], 
  [
   -337551.88, 
   -223510.26
  ], 
  [
   -650504.451, 
   605648.901
  ], 
  [
   930928.078, 
   -167847.402
  ], 
  [
   853969.961, 
   608234.918
  ], 
  [
   -575070.568, 
   -749729.542
  ], 
  [
   -547316.033, 
   -811705.67
  ], 
  [
   -927971.824, 
   -379582.853
  ], 
  [
   -270764.683, 
   -664312.282
  ], 
  [
   293620.817, 
   756734.467
  ], 
  [
   -890912.296, 
   872369.962
  ], 
  [
   -667448.652, 
   -814393.542
  ], 
  [
   277255.11, 
   73855.586
  ], 
  [
   -989429.364, 
   981188.486
  ], 
  [
   -581571.734, 
   -922820.13
  ], 
  [
   480938.017, 
   807692.896
  ], 
  [
   195033.247, 
   -409882.761
  ], 
  [
   773902.438, 
   -527897.977
  ], 
  [
   732819.101, 
   -644406.305
  ], 
  [
   -948231.414, 
   469033.495
  ], 
  [
   241255.07, 
   430188.083
  ], 
  [
   -589225.44, 
   602167.195
  ], 
  [
   960540.564, 
   -203463.889
  ], 
  [
   825214.468, 
   341492.738
  ], 
  [
   144026.669, 
   -180816.975
  ], 
  [
   405749.443, 
   -202410.693
  ]
 ], 
 "PUV": [
  false, 
  true, 
  false, 
  true, 
  true, 
  true, 
  false, 
  true, 
  false, 
  false, 
  false, 
  false, 
  true, 
  true, 
  false
 ], 
 "LCM": {
  "11": [
   "NOTUSED", 
   "ORR", 
   "NOTUSED", 
   "NOTUSED", 
   "NOTUSED", 
   "ORR", 
   "ORR", 
   "ANDD", 
   "ORR", 
   "NOTUSED", 
   "ORR", 
   "ORR", 
   "ANDD", 
   "ORR", 
   "ORR"
  ], 
  "10": [
   "ANDD", 
   "NOTUSED", 
   "ORR", 
   "NOTUSED", 
   "ANDD", 
   "ORR", 
   "ORR", 
   "NOTUSED", 
   "NOTUSED", 
   "ANDD", 
   "ANDD", 
   "ORR", 
   "NOTUSED", 
   "ORR", 
   "ANDD"
  ], 
  "13": [
   "ORR", 
   "ORR", 
   "NOTUSED", 
   "ANDD", 
   "NOTUSED", 
   "ORR", 
   "ANDD", 
   "ANDD", 
   "NOTUSED", 
   "ORR", 
   "ORR", 
   "ORR", 
   "ORR", 
   "ANDD", 
   "NOTUSED"
  ], 
  "12": [
   "NOTUSED", 
   "ORR", 
   "NOTUSED", 
   "ANDD", 
   "NOTUSED", 
   "ANDD", 
   "NOTUSED", 
   "ORR", 
   "ORR", 
   "ANDD", 
   "NOTUSED", 
   "ANDD", 
   "ORR", 
   "ORR", 
   "ORR"
  ], 
  "14": [
   "ORR", 
   "NOTUSED", 
   "NOTUSED", 
   "ORR", 
   "NOTUSED", 
   "ORR", 
   "NOTUSED", 
   "ORR", 
   "ORR", 
   "ORR", 
   "ANDD", 
   "ORR", 
   "ORR", 
   "NOTUSED", 
   "NOTUSED"
  ], 
  "1": [
   "ORR", 
   "ANDD", 
   "NOTUSED", 
   "ANDD", 
   "ANDD", 
   "NOTUSED", 
   "ANDD", 
   "NOTUSED", 
   "ANDD", 
   "ORR", 
   "NOTUSED", 
   "ORR", 
   "ORR", 
   "ORR", 
   "NOTUSED"
  ], 
  "0": [
   "ORR", 
   "ORR", 
   "ORR", 
   "ORR", 
   "ANDD", 
   "ORR", 
   "ORR", 
   "ORR", 
   "NOTUSED", 
   "ANDD", 
   "ANDD", 
   "NOTUSED", 
   "NOTUSED", 
   "ORR", 
   "ORR"
  ], 
  "3": [
   "ORR", 
   "ANDD", 
   "ORR", 
   "NOTUSED", 
   "NOTUSED", 
   "NOTUSED", 
   "ANDD", 
   "ANDD", 
   "ANDD", 
   "ANDD", 
   "NOTUSED", 
   "NOTUSED", 
   "ANDD", 
   "ANDD", 
   "ORR"
  ], 
  "2": [
   "ORR", 
   "NOTUSED", 
   "NOTUSED", 
   "ORR", 
   "ORR", 
   "ANDD", 
   "NOTUSED", 
   "NOTUSED", 
   "ORR", 
   "ANDD", 
   "ORR", 
   "NOTUSED", 
   "NOTUSED", 
   "NOTUSED", 
   "NOTUSED"
  ], 
  "5": [
   "ORR", 
   "NOTUSED", 
   "ANDD", 
   "NOTUSED", 
   "NOTUSED", 
   "ANDD", 
   "NOTUSED", 
   "NOTUSED", 
   "ANDD", 
   "ANDD", 
   "ORR", 
   "ORR", 
   "ANDD", 
   "ORR", 
   "ORR"
  ], 
  "4": [
   "ANDD", 
   "ANDD", 
   "ORR", 
   "NOTUSED", 
   "NOTUSED", 
   "NOTUSED", 
   "ORR", 
   "NOTUSED", 
   "NOTUSED", 
   "NOTUSED", 
   "ANDD", 
   "NOTUSED", 
   "NOTUSED", 
   "NOTUSED", 
   "NOTUSED"
  ], 
  "7": [
   "ORR", 
   "NOTUSED", 
   "NOTUSED", 
   "ANDD", 
   "NOTUSED", 
   "NOTUSED", 
   "ANDD", 
   "ORR", 
   "NOTUSED", 
   "NOTUSED", 
   "NOTUSED", 
   "ANDD", 
   "ORR", 
   "ANDD", 
   "ORR"
  ], 
  "6": [
   "ORR", 
   "ANDD", 
   "NOTUSED", 
   "ANDD", 
   "ORR", 
   "NOTUSED", 
   "NOTUSED", 
   "ANDD", 
   "NOTUSED", 
   "ORR", 
   "ORR", 
   "ORR", 
   "NOTUSED", 
   "ANDD", 
   "NOTUSED"
  ], 
  "9": [
   "ANDD", 
   "ORR", 
   "ANDD", 
   "ANDD", 
   "NOTUSED", 
   "ANDD", 
   "ORR", 
   "NOTUSED", 
   "ORR", 
   "ORR", 
   "ANDD", 
   "NOTUSED", 
   "ANDD", 
   "ORR", 
   "ORR"
  ], 
  "8": [
   "NOTUSED", 
   "ANDD", 
   "ORR", 
   "ANDD", 
   "NOTUSED", 
   "ANDD", 
   "NOTUSED", 
   "NOTUSED", 
   "NOTUSED", 
   "ORR", 
   "NOTUSED", 
   "ORR", 
   "ORR", 
   "NOTUSED", 
   "ORR"
  ]
 }
}