{
 "random_seed": 1064089736, 
 "PARAMETERS": {
  "RADIUS1": 560823.144, 
  "QUADS": 3, 
  "RADIUS2": 492109.22, 
  "DIST": 878144.157, 
  "F_PTS": 36, 
  "K_PTS": 55, 
  "EPSILON": 1.462, 
  "LENGTH1": 621564.62, 
  "G_PTS": 41, 
  "Q_PTS": 8, 
  "N_PTS": 23, 
  "C_PTS": 63, 
  "AREA2": 314147.028, 
  "LENGTH2": 984773.926, 
  "B_PTS": 7, 
  "D_PTS": 1, 
  "AREA1": 4817.651, 
  "A_PTS": 43, 
  "E_PTS": 1
 }, 
 "NUMPOINTS": 76, 
 "points": [
  [
   -922213.346, 
   446467.573
  ], 
  [
   72221.215, 
   560828.662
  ], 
  [
   850470.892, 
   236904.198
  ], 
  [
   -801796.053, 
   -324569.179
  ], 
  [
   -837330.431, 
   -567711.388
  ], 
  [
   -992407.131, 
   964112.004
  ], 
  [
   -612304.544, 
   -895383.816
  ], 
  [
   -879940.392, 
   473872.622
  ], 
  [
   364144.23, 
   -794653.052
  ], 
  [
   233669.296, 
   -396787.352
  ], 
  [
   -489322.98, 
   -196926.696
  ], 
  [
   835283.136, 
   263374.998
  ], 
  [
   -522208.846, 
   611940.599
  ], 
  [
   -835017.539, 
   341722.038
  ], 
  [
   -841447.948, 
   110674.768
  ], 
  [
   209685.829, 
   365296.363
  ], 
  [
   -720872.93, 
   346072.522
  ], 
  [
   -796781.968, 
   533277.976
  ], 
  [
   -257826.794, 
   -28101.62
  ], 
  [
   -490035.047, 
   -165987.799
  ], 
  [
   287527.542, 
   -467375.883
  ], 
  [
   362612.464, 
   185334.281
  ], 
  [
   -795824.205, 
   -638969.794
  ], 
  [
   -762451.945, 
   652325.131
  ], 
  [
   -708106.342, 
   -369147.379
  ], 
  [
   -20003.933, 
   777325.532
  ], 
  [
   -1014.236, 
   218085.928
  ], 
  [
   -57550.673, 
   -160792.712
  ], 
  [
   -419836.803, 
   -721139.428
  ], 
  [
   -100873.977, 
   578560.805
  ], 
  [
   -749952.959, 
   482149.198
  ], 
  [
   -696862.058, 
   -633101.315
  ], 
  [
   576335.231, 
   -362558.868
  ], 
  [
   -355004.967, 
   -826264.739
  ], 
  [
   732167.88, 
   -769263.089
  ], 
  [
   766259.667, 
   -456854.792
  ], 
  [
   289257.092, 
   606263.04
  ], 
  [
   -809357.594, 
   -937019.656
  ], 
  [
   446428.375, 
   -266571.275
  ], 
  [
   502148.982, 
   305523.371
  ], 
  [
   -120270.686, 
   767799.462
  ], 
  [
   53885.905, 
   850336.328
  ], 
  [
   -639554.932, 
   -441827.882
  ], 
  [
   -392155.022, 
   -178822.125
  ], 
  [
   346585.712, 
   -246064.968
  ], 
  [
   -19555.103, 
   -50695.313
  ], 
  [
   -810931.096, 
   91918.179
  ], 
  [
   -757330.324, 
   235056.147
  ], 
  [
   -334309.163, 
   177822.428
  ], 
  [
   -904938.57, 
   60387.389
  ], 
  [
   248638.342, 
   13732.782
  ], 
  [
   -286121.916, 
   411734.207
  ], 
  [
   65785.597, 
   -885748.931
  ], 
  [
   702118.688, 
   378279.943
  ], 
  [
   -933403.636, 
   -964203.342
  ], 
  [
   -733158.69, 
   -848635.367
  ], 
  [
   -889862.379, 
   691895.851
  ], 
  [
   -514712.818, 
   482763.944
  ], 
  [
   -128371.773, 
   -740010.586
  ], 
  [
   590914.964, 
   418604.615
  ], 
  [
   538508.711, 
   195438.299
  ], 
  [
   -670835.807, 
   -799009.864
  ], 
  [
   -392560.865, 
   471340.462
  ], 
  [
   -826175.323, 
   292669.995
  ], 
  [
   539011.64, 
   27578.034
  ], 
  [
   -211376.279, 
   345649.516
  ], 
  [
   -891612.941, 
   887313.007
  ], 
  [
   -752933.226, 
   -326106.058
  ], 
  [
   -966333.748, 
   -608340.172
  ], 
  [
   -256943.798, 
   -838211.247
  ], 
  [
   -510955.561, 
   -521726.847
  ], 
  [
   -275528.513, 
   -825179.451
  ], 
  [
   -736773.227, 
   -905387.815
  ], 
  [
   164359.127, 
   -611811.441
  ], 
  [
   298107.752, 
   654015.308
  ], 
  [
   -674596.626, 
   45902.534
  ]
 ], 
 "PUV": [
  true, 
  false, 
  false, 
  true, 
  true, 
  true, 
  true, 
  true, 
  false, 
  true, 
  false, 
  false, 
  false, 
  true, 
  false
 ], 
 "LCM": {
  "11": [
   "NOTUSED", 
   "NOTUSED", 
   "NOTUSED", 
   "ANDD", 
   "NOTUSED", 
   "NOTUSED", 
   "ANDD", 
   "ORR", 
   "NOTUSED", 
   "ORR", 
   "NOTUSED", 
   "ANDD", 
   "ORR", 
   "NOTUSED", 
   "NOTUSED"
  ], 
  "10": [
   "NOTUSED", 
   "ORR", 
   "NOTUSED", 
   "NOTUSED", 
   "ORR", 
   "ANDD", 
   "ANDD", 
   "ANDD", 
   "ANDD", 
   "ANDD", 
   "NOTUSED", 
   "NOTUSED", 
   "ANDD", 
   "NOTUSED", 
   "ORR"
  ], 
  "13": [
   "NOTUSED", 
   "ANDD", 
   "ORR", 
   "ORR", 
   "NOTUSED", 
   "NOTUSED", 
   "NOTUSED", 
   "NOTUSED", 
   "ANDD", 
   "ORR", 
   "NOTUSED", 
   "NOTUSED", 
   "NOTUSED", 
   "ANDD", 
   "NOTUSED"
  ], 
  "12": [
   "NOTUSED", 
   "ANDD", 
   "ANDD", 
   "ORR", 
   "ANDD", 
   "ORR", 
   "NOTUSED", 
   "ORR", 
   "NOTUSED", 
   "ORR", 
   "ANDD", 
   "ORR", 
   "NOTUSED", 
   "NOTUSED", 
   "ORR"
  ], 
  "14": [
   "ANDD", 
   "ANDD", 
   "ORR", 
   "ORR", 
   "ORR", 
   "ANDD", 
   "ORR", 
   "ANDD", 
   "ORR", 
   "NOTUSED", 
   "ORR", 
   "NOTUSED", 
   "ORR", 
   "NOTUSED", 
   "ORR"
  ], 
  "1": [
   "NOTUSED", 
   "NOTUSED", 
   "ANDD", 
   "ORR", 
   "NOTUSED", 
   "ANDD", 
   "ANDD", 
   "ORR", 
   "ANDD", 
   "NOTUSED", 
   "ORR", 
   "NOTUSED", 
   "ANDD", 
   "ANDD", 
   "ANDD"
  ], 
  "0": [
   "ANDD", 
   "NOTUSED", 
   "NOTUSED", 
   "ANDD", 
   "NOTUSED", 
   "ORR", 
   "ORR", 
   "NOTUSED", 
   "NOTUSED", 
   "ANDD", 
   "NOTUSED", 
   "NOTUSED", 
   "NOTUSED", 
   "NOTUSED", 
   "ANDD"
  ], 
  "3": [
   "ANDD", 
   "ORR", 
   "NOTUSED", 
   "ANDD", 
   "ANDD", 
   "ANDD", 
   "ANDD", 
   "NOTUSED", 
   "NOTUSED", 
   "ANDD", 
   "NOTUSED", 
   "ANDD", 
   "ORR", 
   "ORR", 
   "ORR"
  ], 
  "2": [
   "NOTUSED", 
   "ANDD", 
   "NOTUSED", 
   "NOTUSED", 
   "ANDD", 
   "NOTUSED", 
   "NOTUSED", 
   "ORR", 
   "ANDD", 
   "NOTUSED", 
   "NOTUSED", 
   "NOTUSED", 
   "ANDD", 
   "ORR", 
   "ORR"
  ], 
  "5": [
   "ORR", 
   "ANDD", 
   "NOTUSED", 
   "ANDD", 
   "ANDD", 
   "ORR", 
   "ORR", 
   "ORR", 
   "ANDD", 
   "NOTUSED", 
   "ANDD", 
   "NOTUSED", 
   "ORR", 
   "NOTUSED", 
   "ANDD"
  ], 
  "4": [
   "NOTUSED", 
   "NOTUSED", 
   "ANDD", 
   "ANDD", 
   "ORR", 
   "ANDD", 
   "ANDD", 
   "NOTUSED", 
   "NOTUSED", 
   "ANDD", 
   "ORR", 
   "NOTUSED", 
   "ANDD", 
   "NOTUSED", 
   "ORR"
  ], 
  "7": [
   "NOTUSED", 
   "ORR", 
   "ORR", 
   "NOTUSED", 
   "NOTUSED", 
   "ORR", 
   "NOTUSED", 
   "ORR", 
   "NOTUSED", 
   "ANDD", 
   "ANDD", 
   "ORR", 
   "ORR", 
   "NOTUSED", 
   "ANDD"
  ], 
  "6": [
   "ORR", 
   "ANDD", 
   "NOTUSED", 
   "ANDD", 
   "ANDD", 
   "ORR", 
   "NOTUSED", 
   "NOTUSED", 
   "ANDD", 
   "NOTUSED", 
   "ANDD", 
   "ANDD", 
   "NOTUSED", 
   "NOTUSED", 
   "ORR"
  ], 
  "9": [
   "ANDD", 
   "NOTUSED", 
   "NOTUSED", 
   "ANDD", 
   "ANDD", 
   "NOTUSED", 
   "NOTUSED", 
   "ANDD", 
   "NOTUSED", 
   "ORR", 
   "ANDD", 
   "ORR", 
   "ORR", 
   "ORR", 
   "NOTUSED"
  ], 
  "8": [
   "NOTUSED", 
   "ANDD", 
   "ANDD", 
   "NOTUSED", 
   "NOTUSED", 
   "ANDD", 
   "ANDD", 
   "NOTUSED", 
   "NOTUSED", 
   "NOTUSED", 
   "ANDD", 
   "NOTUSED", 
   "NOTUSED", 
   "ANDD", 
   "ORR"
  ]
 }
}