{
 "random_seed": 2117888416, 
 "PARAMETERS": {
  "RADIUS1": 54508.382, 
  "QUADS": 2, 
  "RADIUS2": 957476.542, 
  "DIST": 740379.695, 
  "F_PTS": 15, 
  "K_PTS": 23, 
  "EPSILON": 1.311, 
  "LENGTH1": 579753.654, 
  "G_PTS": 73, 
  "Q_PTS": 14, 
  "N_PTS": 39, 
  "C_PTS": 1, 
  "AREA2": 696380.504, 
  "LENGTH2": 517138.272, 
  "B_PTS": 24, 
  "D_PTS": 19, 
  "AREA1": 790264.868, 
  "A_PTS": 31, 
  "E_PTS": 49
 }, 
 "NUMPOINTS": 75, 
 "points": [
  [
   150809.575, 
   144847.189
  ], 
  [
   -92698.116, 
   165850.894
  ], 
  [
   -519939.19, 
   237855.353
  ], 
  [
   -913086.97, 
   -13266.143
  ], 
  [
   -79260.889, 
   -86298.514
  ], 
  [
   395012.141, 
   292811.542
  ], 
  [
   509430.052, 
   -685005.488
  ], 
  [
   968038.274, 
   -916484.906
  ], 
  [
   332230.153, 
   927229.889
  ], 
  [
   534360.783, 
   100502.246
  ], 
  [
   411964.31, 
   818521.771
  ], 
  [
   -919252.369, 
   -100711.566
  ], 
  [
   -901512.639, 
   870892.963
  ], 
  [
   494004.275, 
   -408585.576
  ], 
  [
   17558.971, 
   100840.899
  ], 
  [
   42543.4, 
   976596.593
  ], 
  [
   -775479.656, 
   981478.047
  ], 
  [
   216083.542, 
   275373.432
  ], 
  [
   909621.231, 
   69987.446
  ], 
  [
   -485575.558, 
   -939657.756
  ], 
  [
   32280.959, 
   -64059.035
  ], 
  [
   647961.101, 
   962398.095
  ], 
  [
   -248304.3, 
   -107793.942
  ], 
  [
   -831757.707, 
   393733.604
  ], 
  [
   361764.031, 
   215554.049
  ], 
  [
   498544.812, 
   -463107.684
  ], 
  [
   459498.274, 
   -580028.531
  ], 
  [
   383150.092, 
   195145.167
  ], 
  [
   410370.907, 
   63392.129
  ], 
  [
   483926.173, 
   851069.311
  ], 
  [
   760820.312, 
   -415701.009
  ], 
  [
   -801799.981, 
   343384.176
  ], 
  [
   903683.773, 
   -839963.223
  ], 
  [
   -805318.778, 
   -665448.567
  ], 
  [
   323333.066, 
   -547625.371
  ], 
  [
   -702435.98, 
   -89945.827
  ], 
  [
   -448218.583, 
   -712220.334
  ], 
  [
   -530094.818, 
   862056.47
  ], 
  [
   -664219.318, 
   217103.329
  ], 
  [
   529505.939, 
   -608540.352
  ], 
  [
   -738583.443, 
   -581463.428
  ], 
  [
   149342.392, 
   -582940.007
  ], 
  [
   702619.763, 
   944692.096
  ], 
  [
   285185.666, 
   428534.915
  ], 
  [
   540980.61, 
   779213.286
  ], 
  [
   -589763.751, 
   330427.57
  ], 
  [
   -404353.429, 
   -161394.359
  ], 
  [
   -759199.644, 
   992900.031
  ], 
  [
   -293278.189, 
   -649758.14
  ], 
  [
   925767.014, 
   -448734.621
  ], 
  [
   -914227.015, 
   261217.28
  ], 
  [
   -627810.352, 
   -537276.507
  ], 
  [
   -777949.642, 
   -790176.113
  ], 
  [
   180379.285, 
   725597.834
  ], 
  [
   56286.415, 
   433705.586
  ], 
  [
   228343.163, 
   254898.18
  ], 
  [
   13247.291, 
   -109026.527
  ], 
  [
   -960673.917, 
   -390122.326
  ], 
  [
   -684272.241, 
   527686.698
  ], 
  [
   202860.4, 
   468133.891
  ], 
  [
   -533053.461, 
   -36974.898
  ], 
  [
   -459004.422, 
   883506.304
  ], 
  [
   27193.295, 
   501789.251
  ], 
  [
   862767.596, 
   -475355.424
  ], 
  [
   930628.115, 
   -664603.238
  ], 
  [
   531636.81, 
   224080.653
  ], 
  [
   -435580.865, 
   577219.628
  ], 
  [
   240483.164, 
   -629378.11
  ], 
  [
   939465.426, 
   625008.945
  ], 
  [
   -685299.337, 
   915979.679
  ], 
  [
   871661.101, 
   -369261.77
  ], 
  [
   -641320.606, 
   360607.743
  ], 
  [
   -306362.614, 
   965692.754
  ], 
  [
   -741901.739, 
   225911.401
  ], 
  [
   -195181.301, 
   -776990.402
  ]
 ], 
 "PUV": [
  true, 
  true, 
  false, 
  true, 
  false, 
  true, 
  true, 
  false, 
  false, 
  false, 
  true, 
  false, 
  false, 
  false, 
  false
 ], 
 "LCM": {
  "11": [
   "ANDD", 
   "ANDD", 
   "NOTUSED", 
   "ANDD", 
   "ANDD", 
   "ANDD", 
   "ANDD", 
   "ORR", 
   "ANDD", 
   "ANDD", 
   "ORR", 
   "NOTUSED", 
   "ANDD", 
   "ANDD", 
   "ANDD"
  ], 
  "10": [
   "ANDD", 
   "ANDD", 
   "ANDD", 
   "ANDD", 
   "ORR", 
   "NOTUSED", 
   "ORR", 
   "ORR", 
   "ORR", 
   "NOTUSED", 
   "ANDD", 
   "ORR", 
   "ORR", 
   "ANDD", 
   "NOTUSED"
  ], 
  "13": [
   "ANDD", 
   "NOTUSED", 
   "ANDD", 
   "ORR", 
   "ORR", 
   "ANDD", 
   "NOTUSED", 
   "NOTUSED", 
   "ORR", 
   "NOTUSED", 
   "ANDD", 
   "ANDD", 
   "NOTUSED", 
   "ORR", 
   "NOTUSED"
  ], 
  "12": [
   "ANDD", 
   "ANDD", 
   "ANDD", 
   "NOTUSED", 
   "NOTUSED", 
   "ORR", 
   "NOTUSED", 
   "ORR", 
   "NOTUSED", 
   "NOTUSED", 
   "ORR", 
   "ANDD", 
   "ANDD", 
   "NOTUSED", 
   "ANDD"
  ], 
  "14": [
   "NOTUSED", 
   "NOTUSED", 
   "ORR", 
   "ORR", 
   "ANDD", 
   "ORR", 
   "NOTUSED", 
   "ANDD", 
   "NOTUSED", 
   "ORR", 
   "NOTUSED", 
   "ANDD", 
   "ANDD", 
   "NOTUSED", 
   "ANDD"
  ], 
  "1": [
   "ANDD", 
   "NOTUSED", 
   "ORR", 
   "ORR", 
   "ANDD", 
   "NOTUSED", 
   "ANDD", 
   "NOTUSED", 
   "NOTUSED", 
   "NOTUSED", 
   "ANDD", 
   "ANDD", 
   "ANDD", 
   "NOTUSED", 
   "NOTUSED"
  ], 
  "0": [
   "ANDD", 
   "ANDD", 
   "ANDD", 
   "ANDD", 
   "ORR", 
   "NOTUSED", 
   "NOTUSED", 
   "NOTUSED", 
   "NOTUSED", 
   "ANDD", 
   "ANDD", 
   "ANDD", 
   "ANDD", 
   "ANDD", 
   "NOTUSED"
  ], 
  "3": [
   "ANDD", 
   "ORR", 
   "NOTUSED", 
   "ORR", 
   "ORR", 
   "ANDD", 
   "NOTUSED", 
   "ORR", 
   "ORR", 
   "ORR", 
   "ANDD", 
   "ANDD", 
   "NOTUSED", 
   "ORR", 
   "ORR"
  ], 
  "2": [
   "ANDD", 
   "ORR", 
   "ANDD", 
   "NOTUSED", 
   "NOTUSED", 
   "NOTUSED", 
   "NOTUSED", 
   "ORR", 
   "NOTUSED", 
   "NOTUSED", 
   "ANDD", 
   "NOTUSED", 
   "ANDD", 
   "ANDD", 
   "ORR"
  ], 
  "5": [
   "NOTUSED", 
   "NOTUSED", 
   "NOTUSED", 
   "ANDD", 
   "NOTUSED", 
   "NOTUSED", 
   "NOTUSED", 
   "ANDD", 
   "ANDD", 
   "ANDD", 
   "NOTUSED", 
   "ANDD", 
   "ORR", 
   "ANDD", 
   "ORR"
  ], 
  "4": [
   "ORR", 
   "ANDD", 
   "NOTUSED", 
   "ORR", 
   "NOTUSED", 
   "NOTUSED", 
   "ORR", 
   "ORR", 
   "NOTUSED", 
   "ANDD", 
   "ORR", 
   "ANDD", 
   "NOTUSED", 
   "ORR", 
   "ANDD"
  ], 
  "7": [
   "NOTUSED", 
   "NOTUSED", 
   "ORR", 
   "ORR", 
   "ORR", 
   "ANDD", 
   "ANDD", 
   "NOTUSED", 
   "ORR", 
   "ANDD", 
   "ORR", 
   "ORR", 
   "ORR", 
   "NOTUSED", 
   "ANDD"
  ], 
  "6": [
   "NOTUSED", 
   "ANDD", 
   "NOTUSED", 
   "NOTUSED", 
   "ORR", 
   "NOTUSED", 
   "ORR", 
   "ANDD", 
   "NOTUSED", 
   "ORR", 
   "ORR", 
   "ANDD", 
   "NOTUSED", 
   "NOTUSED", 
   "NOTUSED"
  ], 
  "9": [
   "ANDD", 
   "NOTUSED", 
   "NOTUSED", 
   "ORR", 
   "ANDD", 
   "ANDD", 
   "ORR", 
   "ANDD", 
   "ORR", 
   "NOTUSED", 
   "NOTUSED", 
   "ANDD", 
   "NOTUSED", 
   "NOTUSED", 
   "ORR"
  ], 
  "8": [
   "NOTUSED", 
   "NOTUSED", 
   "NOTUSED", 
   "ORR", 
   "NOTUSED", 
   "ANDD", 
   "NOTUSED", 
   "ORR", 
   "NOTUSED", 
   "ORR", 
   "ORR", 
   "ANDD", 
   "NOTUSED", 
   "ORR", 
   "NOTUSED"
  ]
 }
}