{
 "random_seed": 1774012840, 
 "PARAMETERS": {
  "RADIUS1": 460955.701, 
  "QUADS": 3, 
  "RADIUS2": 598851.387, 
  "DIST": 21239.013, 
  "F_PTS": 21, 
  "K_PTS": 25, 
  "EPSILON": 1.383, 
  "LENGTH1": 970369.378, 
  "G_PTS": 12, 
  "Q_PTS": 71, 
  "N_PTS": 25, 
  "C_PTS": 28, 
  "AREA2": 718474.863, 
  "LENGTH2": 563253.063, 
  "B_PTS": 7, 
  "D_PTS": 39, 
  "AREA1": 901582.63, 
  "A_PTS": 44, 
  "E_PTS": 26
 }, 
 "NUMPOINTS": 73, 
 "points": [
  [
   683488.818, 
   630780.034
  ], 
  [
   -846631.09, 
   505324.107
  ], 
  [
   612197.972, 
   911481.025
  ], 
  [
   749200.511, 
   -186289.527
  ], 
  [
   407871.924, 
   752380.92
  ], 
  [
   -859522.329, 
   -130228.458
  ], 
  [
   -211898.052, 
   -43877.999
  ], 
  [
   835256.568, 
   858072.35
  ], 
  [
   323628.346, 
   929504.321
  ], 
  [
   -923457.732, 
   -662786.758
  ], 
  [
   770182.629, 
   -228806.274
  ], 
  [
   957656.865, 
   -391113.913
  ], 
  [
   751249.124, 
   24274.387
  ], 
  [
   844131.575, 
   -92094.432
  ], 
  [
   917811.457, 
   -241851.052
  ], 
  [
   -155048.74, 
   870496.891
  ], 
  [
   -883498.912, 
   189466.437
  ], 
  [
   981989.24, 
   -514342.48
  ], 
  [
   807818.906, 
   -238481.036
  ], 
  [
   56359.032, 
   -439272.24
  ], 
  [
   -936451.389, 
   -126171.219
  ], 
  [
   -98604.361, 
   -105510.447
  ], 
  [
   -15836.906, 
   554166.949
  ], 
  [
   -871994.688, 
   701278.885
  ], 
  [
   -259448.857, 
   -152644.081
  ], 
  [
   -251208.142, 
   479916.391
  ], 
  [
   294331.451, 
   -987024.917
  ], 
  [
   -14833.466, 
   237527.239
  ], 
  [
   774707.18, 
   -494918.882
  ], 
  [
   440837.207, 
   473212.936
  ], 
  [
   -214550.733, 
   -754813.465
  ], 
  [
   606849.215, 
   -807405.888
  ], 
  [
   568350.136, 
   878270.22
  ], 
  [
   818675.42, 
   551631.668
  ], 
  [
   -364168.125, 
   -790446.731
  ], 
  [
   -400968.595, 
   70169.126
  ], 
  [
   105147.155, 
   -147476.703
  ], 
  [
   -66176.803, 
   -183318.087
  ], 
  [
   -375991.6, 
   -905946.277
  ], 
  [
   690649.148, 
   17420.214
  ], 
  [
   438519.873, 
   998691.363
  ], 
  [
   704750.501, 
   -19029.08
  ], 
  [
   -213614.289, 
   -518129.243
  ], 
  [
   515658.939, 
   676220.054
  ], 
  [
   162635.19, 
   149828.543
  ], 
  [
   236162.526, 
   -571687.779
  ], 
  [
   -301026.652, 
   169136.495
  ], 
  [
   -907157.251, 
   -472580.413
  ], 
  [
   -814606.432, 
   597534.904
  ], 
  [
   -980593.954, 
   971551.226
  ], 
  [
   -495303.552, 
   -684594.741
  ], 
  [
   -314173.625, 
   706886.235
  ], 
  [
   942975.505, 
   -675857.635
  ], 
  [
   460155.564, 
   258215.012
  ], 
  [
   176832.947, 
   -260705.549
  ], 
  [
   533842.556, 
   427265.235
  ], 
  [
   -850534.01, 
   -850615.533
  ], 
  [
   602200.353, 
   761259.43
  ], 
  [
   253346.566, 
   142019.436
  ], 
  [
   -150098.342, 
   80904.227
  ], 
  [
   418146.347, 
   923342.334
  ], 
  [
   641394.22, 
   -545767.093
  ], 
  [
   561645.086, 
   -287043.739
  ], 
  [
   -549717.892, 
   104844.76
  ], 
  [
   954920.193, 
   -950562.166
  ], 
  [
   -286773.496, 
   -50055.323
  ], 
  [
   -706534.224, 
   633359.576
  ], 
  [
   -916607.262, 
   -42737.182
  ], 
  [
   -470083.765, 
   -818914.117
  ], 
  [
   -708267.475, 
   642426.239
  ], 
  [
   849039.057, 
   143807.341
  ], 
  [
   878982.886, 
   937653.156
  ], 
  [
   -57556.344, 
   -556669.544
  ]
 ], 
 "PUV": [
  false, 
  true, 
  true, 
  false, 
  false, 
  true, 
  true, 
  false, 
  true, 
  true, 
  true, 
  false, 
  false, 
  true, 
  false
 ], 
 "LCM": {
  "11": [
   "ANDD", 
   "ORR", 
   "ORR", 
   "ANDD", 
   "ANDD", 
   "ANDD", 
   "NOTUSED", 
   "ORR", 
   "NOTUSED", 
   "ANDD", 
   "ANDD", 
   "ORR", 
   "ORR", 
   "ANDD", 
   "ANDD"
  ], 
  "10": [
   "ORR", 
   "ORR", 
   "ORR", 
   "NOTUSED", 
   "ORR", 
   "ORR", 
   "NOTUSED", 
   "NOTUSED", 
   "NOTUSED", 
   "ANDD", 
   "NOTUSED", 
   "ANDD", 
   "ANDD", 
   "ORR", 
   "ANDD"
  ], 
  "13": [
   "NOTUSED", 
   "ORR", 
   "ANDD", 
   "NOTUSED", 
   "ANDD", 
   "ANDD", 
   "ANDD", 
   "ANDD", 
   "ANDD", 
   "ORR", 
   "ORR", 
   "ANDD", 
   "ORR", 
   "NOTUSED", 
   "ORR"
  ], 
  "12": [
   "ORR", 
   "NOTUSED", 
   "ANDD", 
   "NOTUSED", 
   "ANDD", 
   "ORR", 
   "ORR", 
   "NOTUSED", 
   "NOTUSED", 
   "ANDD", 
   "ANDD", 
   "ORR", 
   "ANDD", 
   "ORR", 
   "NOTUSED"
  ], 
  "14": [
   "ORR", 
   "ANDD", 
   "ORR", 
   "NOTUSED", 
   "NOTUSED", 
   "NOTUSED", 
   "ORR", 
   "ORR", 
   "NOTUSED", 
   "ORR", 
   "ANDD", 
   "ANDD", 
   "NOTUSED", 
   "ORR", 
   "ORR"
  ], 
  "1": [
   "NOTUSED", 
   "ORR", 
   "NOTUSED", 
   "ANDD", 
   "ANDD", 
   "NOTUSED", 
   "NOTUSED", 
   "NOTUSED", 
   "NOTUSED", 
   "ANDD", 
   "ORR", 
   "ORR", 
   "NOTUSED", 
   "ORR", 
   "ANDD"
  ], 
  "0": [
   "ANDD", 
   "NOTUSED", 
   "ORR", 
   "ORR", 
   "ANDD", 
   "ANDD", 
   "ORR", 
   "ANDD", 
   "ANDD", 
   "NOTUSED", 
   "ORR", 
   "ANDD", 
   "ORR", 
   "NOTUSED", 
   "ORR"
  ], 
  "3": [
   "ORR", 
   "ANDD", 
   "NOTUSED", 
   "ORR", 
   "ANDD", 
   "NOTUSED", 
   "ORR", 
   "NOTUSED", 
   "ANDD", 
   "ORR", 
   "NOTUSED", 
   "ANDD", 
   "NOTUSED", 
   "NOTUSED", 
   "NOTUSED"
  ], 
  "2": [
   "ORR", 
   "NOTUSED", 
   "ANDD", 
   "NOTUSED", 
   "NOTUSED", 
   "ANDD", 
   "ORR", 
   "ORR", 
   "ANDD", 
   "ORR", 
   "ORR", 
   "ORR", 
   "ANDD", 
   "ANDD", 
   "ORR"
  ], 
  "5": [
   "ANDD", 
   "NOTUSED", 
   "ANDD", 
   "NOTUSED", 
   "NOTUSED", 
   "NOTUSED", 
   "NOTUSED", 
   "NOTUSED", 
   "ORR", 
   "ORR", 
   "ORR", 
   "ANDD", 
   "ORR", 
   "ANDD", 
   "NOTUSED"
  ], 
  "4": [
   "ANDD", 
   "ANDD", 
   "NOTUSED", 
   "ANDD", 
   "ORR", 
   "NOTUSED", 
   "ANDD", 
   "ORR", 
   "NOTUSED", 
   "NOTUSED", 
   "ORR", 
   "ANDD", 
   "ANDD", 
   "ANDD", 
   "NOTUSED"
  ], 
  "7": [
   "ANDD", 
   "NOTUSED", 
   "ORR", 
   "NOTUSED", 
   "ORR", 
   "NOTUSED", 
   "NOTUSED", 
   "ANDD", 
   "ANDD", 
   "NOTUSED", 
   "NOTUSED", 
   "ORR", 
   "NOTUSED", 
   "ANDD", 
   "ORR"
  ], 
  "6": [
   "ORR", 
   "NOTUSED", 
   "ORR", 
   "ORR", 
   "ANDD", 
   "NOTUSED", 
   "ORR", 
   "NOTUSED", 
   "ANDD", 
   "ORR", 
   "NOTUSED", 
   "NOTUSED", 
   "ORR", 
   "ANDD", 
   "ORR"
  ], 
  "9": [
   "NOTUSED", 
   "ANDD", 
   "ORR", 
   "ORR", 
   "NOTUSED", 
   "ORR", 
   "ORR", 
   "NOTUSED", 
   "ORR", 
   "ANDD", 
   "ANDD", 
   "ANDD", 
   "ANDD", 
   "ORR", 
   "ORR"
  ], 
  "8": [
   "ANDD", 
   "NOTUSED", 
   "ANDD", 
   "ANDD", 
   "NOTUSED", 
   "ORR", 
   "ANDD", 
   "ANDD", 
   "ORR", 
   "ORR", 
   "NOTUSED", 
   "NOTUSED", 
   "NOTUSED", 
   "ANDD", 
   "NOTUSED"
  ]
 }
}