{
 "random_seed": 1442967612, 
 "PARAMETERS": {
  "RADIUS1": 754525.66, 
  "QUADS": 3, 
  "RADIUS2": 344863.917, 
  "DIST": 761533.141, 
  "F_PTS": 4, 
  "K_PTS": 5, 
  "EPSILON": 1.989, 
  "LENGTH1": 243506.002, 
  "G_PTS": 17, 
  "Q_PTS": 7, 
  "N_PTS": 7, 
  "C_PTS": 2, 
  "AREA2": 789797.785, 
  "LENGTH2": 464197.358, 
  "B_PTS": 1, 
  "D_PTS": 13, 
  "AREA1": 673395.262, 
  "A_PTS": 1, 
  "E_PTS": 8
 }, 
 "NUMPOINTS": 19, 
 "points": [
  [
   889287.701, 
   663166.963
  ], 
  [
   10907.288, 
   281082.75
  ], 
  [
   -654175.365, 
   133481.5
  ], 
  [
   -743920.347, 
   956262.51
  ], 
  [
   -877751.063, 
   -299394.131
  ], 
  [
   61858.745, 
   -422661.592
  ], 
  [
   931037.144, 
   187241.609
  ], 
  [
   872265.38, 
   -967207.922
  ], 
  [
   341640.086, 
   348654.586
  ], 
  [
   59185.569, 
   784418.496
  ], 
  [
   180987.827, 
   744432.896
  ], 
  [
   -504423.513, 
   -952448.891
  ], 
  [
   508479.821, 
   947334.591
  ], 
  [
   290772.81, 
   920314.249
  ], 
  [
   -55174.161, 
   -426348.391
  ], 
  [
   986583.21, 
   -570134.77
  ], 
  [
   -815303.973, 
   965714.948
  ], 
  [
   -140821.373, 
   -703299.983
  ], 
  [
   -102249.423, 
   718508.829
  ]
 ], 
 "PUV": [
  true, 
  false, 
  true, 
  false, 
  false, 
  false, 
  true, 
  false, 
  true, 
  true, 
  false, 
  true, 
  true, 
  true, 
  false
 ], 
 "LCM": {
  "11": [
   "ANDD", 
   "NOTUSED", 
   "NOTUSED", 
   "NOTUSED", 
   "ANDD", 
   "NOTUSED", 
   "NOTUSED", 
   "ANDD", 
   "NOTUSED", 
   "NOTUSED", 
   "ANDD", 
   "ORR", 
   "ANDD", 
   "NOTUSED", 
   "ANDD"
  ], 
  "10": [
   "NOTUSED", 
   "NOTUSED", 
   "ANDD", 
   "ANDD", 
   "ORR", 
   "NOTUSED", 
   "ORR", 
   "ANDD", 
   "ORR", 
   "ORR", 
   "ANDD", 
   "ANDD", 
   "ORR", 
   "NOTUSED", 
   "ANDD"
  ], 
  "13": [
   "NOTUSED", 
   "ANDD", 
   "ORR", 
   "ANDD", 
   "NOTUSED", 
   "ANDD", 
   "ANDD", 
   "ANDD", 
   "ANDD", 
   "ANDD", 
   "NOTUSED", 
   "NOTUSED", 
   "ORR", 
   "ORR", 
   "ORR"
  ], 
  "12": [
   "ANDD", 
   "NOTUSED", 
   "NOTUSED", 
   "ANDD", 
   "ANDD", 
   "ORR", 
   "ORR", 
   "NOTUSED", 
   "ANDD", 
   "ORR", 
   "ORR", 
   "ANDD", 
   "ORR", 
   "ORR", 
   "NOTUSED"
  ], 
  "14": [
   "ORR", 
   "NOTUSED", 
   "ORR", 
   "ORR", 
   "ANDD", 
   "ANDD", 
   "ANDD", 
   "ORR", 
   "ORR", 
   "ORR", 
   "ANDD", 
   "ANDD", 
   "NOTUSED", 
   "ORR", 
   "NOTUSED"
  ], 
  "1": [
   "ORR", 
   "ANDD", 
   "NOTUSED", 
   "NOTUSED", 
   "ANDD", 
   "ORR", 
   "ANDD", 
   "ANDD", 
   "NOTUSED", 
   "ANDD", 
   "NOTUSED", 
   "NOTUSED", 
   "NOTUSED", 
   "ANDD", 
   "NOTUSED"
  ], 
  "0": [
   "ANDD", 
   "ORR", 
   "NOTUSED", 
   "ORR", 
   "NOTUSED", 
   "ORR", 
   "ANDD", 
   "ORR", 
   "ANDD", 
   "ORR", 
   "NOTUSED", 
   "ANDD", 
   "ANDD", 
   "NOTUSED", 
   "ORR"
  ], 
  "3": [
   "ORR", 
   "NOTUSED", 
   "ANDD", 
   "NOTUSED", 
   "NOTUSED", 
   "NOTUSED", 
   "ANDD", 
   "ORR", 
   "NOTUSED", 
   "ORR", 
   "ANDD", 
   "NOTUSED", 
   "ANDD", 
   "ANDD", 
   "ORR"
  ], 
  "2": [
   "NOTUSED", 
   "NOTUSED", 
   "ORR", 
   "ANDD", 
   "ANDD", 
   "ANDD", 
   "NOTUSED", 
   "NOTUSED", 
   "ANDD", 
   "ORR", 
   "ANDD", 
   "NOTUSED", 
   "NOTUSED", 
   "ORR", 
   "ORR"
  ], 
  "5": [
   "ORR", 
   "ORR", 
   "ANDD", 
   "NOTUSED", 
   "NOTUSED", 
   "NOTUSED", 
   "NOTUSED", 
   "ORR", 
   "NOTUSED", 
   "ORR", 
   "NOTUSED", 
   "NOTUSED", 
   "ORR", 
   "ANDD", 
   "ANDD"
  ], 
  "4": [
   "NOTUSED", 
   "ANDD", 
   "ANDD", 
   "NOTUSED", 
   "ANDD", 
   "NOTUSED", 
   "ORR", 
   "NOTUSED", 
   "ORR", 
   "ORR", 
   "ORR", 
   "ANDD", 
   "ANDD", 
   "NOTUSED", 
   "ANDD"
  ], 
  "7": [
   "ORR", 
   "ANDD", 
   "NOTUSED", 
   "ORR", 
   "NOTUSED", 
   "ORR", 
   "ANDD", 
   "ORR", 
   "ORR", 
   "ANDD", 
   "ANDD", 
   "ANDD", 
   "NOTUSED", 
   "ANDD", 
   "ORR"
  ], 
  "6": [
   "ANDD", 
   "ANDD", 
   "NOTUSED", 
   "ANDD", 
   "ORR", 
   "NOTUSED", 
   "ORR", 
   "ANDD", 
   "NOTUSED", 
   "ANDD", 
   "ORR", 
   "NOTUSED", 
   "ORR", 
   "ANDD", 
   "ANDD"
  ], 
  "9": [
   "ORR", 
   "ANDD", 
   "ORR", 
   "ORR", 
   "ORR", 
   "ORR", 
   "ANDD", 
   "ANDD", 
   "ANDD", 
   "NOTUSED", 
   "ORR", 
   "NOTUSED", 
   "ORR", 
   "ANDD", 
   "ORR"
  ], 
  "8": [
   "ANDD", 
   "NOTUSED", 
   "ANDD", 
   "NOTUSED", 
   "ORR", 
   "NOTUSED", 
   "NOTUSED", 
   "ORR", 
   "ANDD", 
   "ANDD", 
   "ORR", 
   "NOTUSED", 
   "ANDD", 
   "ANDD", 
   "ORR"
  ]
 }
}