{
 "random_seed": 1360116356, 
 "PARAMETERS": {
  "RADIUS1": 414040.856, 
  "QUADS": 1, 
  "RADIUS2": 846677.817, 
  "DIST": 389784.107, 
  "F_PTS": 4, 
  "K_PTS": 37, 
  "EPSILON": 0.42, 
  "LENGTH1": 889704.776, 
  "G_PTS": 20, 
  "Q_PTS": 31, 
  "N_PTS": 48, 
  "C_PTS": 26, 
  "AREA2": 907988.954, 
  "LENGTH2": 7708.561, 
  "B_PTS": 12, 
  "D_PTS": 15, 
  "AREA1": 461323.805, 
  "A_PTS": 1, 
  "E_PTS": 7
 }, 
 "NUMPOINTS": 52, 
 "points": [
  [
   -626215.997, 
   737484.893
  ], 
  [
   -384260.423, 
   -760879.742
  ], 
  [
   17648.294, 
   -567053.24
  ], 
  [
   -514235.192, 
   133582.307
  ], 
  [
   -308359.872, 
   837060.311
  ], 
  [
   -376436.281, 
   805400.308
  ], 
  [
   -903142.787, 
   266546.208
  ], 
  [
   93306.83, 
   -546.392
  ], 
  [
   160460.792, 
   765067.041
  ], 
  [
   62798.036, 
   -182678.477
  ], 
  [
   -517634.013, 
   -177305.764
  ], 
  [
   348501.285, 
   -182119.041
  ], 
  [
   -892929.991, 
   298006.247
  ], 
  [
   -282461.976, 
   -659970.703
  ], 
  [
   -780308.566, 
   535522.412
  ], 
  [
   440140.17, 
   -596642.304
  ], 
  [
   904261.475, 
   947116.973
  ], 
  [
   771481.129, 
   -777481.193
  ], 
  [
   330028.178, 
   -814081.921
  ], 
  [
   -654088.08, 
   -299670.098
  ], 
  [
   -710175.673, 
   -846868.745
  ], 
  [
   37120.138, 
   174778.686
  ], 
  [
   -260163.177, 
   101221.618
  ], 
  [
   563191.32, 
   -393526.84
  ], 
  [
   462938.579, 
   -48998.46
  ], 
  [
   -875313.517, 
   -867461.351
  ], 
  [
   903502.245, 
   -185761.739
  ], 
  [
   -379289.742, 
   867675.172
  ], 
  [
   -643470.329, 
   957955.622
  ], 
  [
   -271255.504, 
   368065.771
  ], 
  [
   -60600.945, 
   -151819.917
  ], 
  [
   -297093.265, 
   -710427.728
  ], 
  [
   284923.622, 
   608189.141
  ], 
  [
   506824.436, 
   100460.27
  ], 
  [
   -393463.067, 
   -130862.019
  ], 
  [
   15266.514, 
   -119842.829
  ], 
  [
   615037.755, 
   -62283.487
  ], 
  [
   796057.871, 
   762599.739
  ], 
  [
   737006.633, 
   -119805.056
  ], 
  [
   -532106.026, 
   -111724.604
  ], 
  [
   110173.405, 
   -88892.984
  ], 
  [
   805117.236, 
   963183.164
  ], 
  [
   -912312.855, 
   783691.109
  ], 
  [
   240063.497, 
   -722512.872
  ], 
  [
   -682307.635, 
   746610.861
  ], 
  [
   -579157.49, 
   558642.505
  ], 
  [
   286236.271, 
   103678.445
  ], 
  [
   941661.595, 
   322455.032
  ], 
  [
   -218704.181, 
   -329673.138
  ], 
  [
   144865.867, 
   -785937.904
  ], 
  [
   714941.549, 
   250528.022
  ], 
  [
   -489150.866, 
   218534.588
  ]
 ], 
 "PUV": [
  true, 
  false, 
  true, 
  true, 
  true, 
  true, 
  false, 
  true, 
  true, 
  false, 
  false, 
  false, 
  true, 
  false, 
  false
 ], 
 "LCM": {
  "11": [
   "ORR", 
   "NOTUSED", 
   "ANDD", 
   "ORR", 
   "NOTUSED", 
   "ORR", 
   "ORR", 
   "NOTUSED", 
   "ANDD", 
   "NOTUSED", 
   "ORR", 
   "NOTUSED", 
   "ANDD", 
   "ORR", 
   "ORR"
  ], 
  "10": [
   "ORR", 
   "ORR", 
   "ORR", 
   "NOTUSED", 
   "NOTUSED", 
   "NOTUSED", 
   "ORR", 
   "NOTUSED", 
   "ORR", 
   "ANDD", 
   "ANDD", 
   "ORR", 
   "ANDD", 
   "ANDD", 
   "ANDD"
  ], 
  "13": [
   "NOTUSED", 
   "NOTUSED", 
   "ANDD", 
   "ANDD", 
   "ANDD", 
   "ORR", 
   "NOTUSED", 
   "ORR", 
   "NOTUSED", 
   "ORR", 
   "ANDD", 
   "ORR", 
   "ORR", 
   "NOTUSED", 
   "ANDD"
  ], 
  "12": [
   "NOTUSED", 
   "ORR", 
   "ORR", 
   "NOTUSED", 
   "ANDD", 
   "ANDD", 
   "ANDD", 
   "NOTUSED", 
   "ANDD", 
   "ANDD", 
   "ANDD", 
   "ANDD", 
   "NOTUSED", 
   "ORR", 
   "NOTUSED"
  ], 
  "14": [
   "ORR", 
   "NOTUSED", 
   "ANDD", 
   "ORR", 
   "ANDD", 
   "ORR", 
   "ANDD", 
   "ANDD", 
   "NOTUSED", 
   "ANDD", 
   "ANDD", 
   "ORR", 
   "NOTUSED", 
   "ANDD", 
   "ORR"
  ], 
  "1": [
   "ORR", 
   "ORR", 
   "ORR", 
   "ANDD", 
   "ORR", 
   "ORR", 
   "NOTUSED", 
   "NOTUSED", 
   "ORR", 
   "NOTUSED", 
   "ORR", 
   "NOTUSED", 
   "ORR", 
   "NOTUSED", 
   "NOTUSED"
  ], 
  "0": [
   "ORR", 
   "ORR", 
   "NOTUSED", 
   "ANDD", 
   "NOTUSED", 
   "NOTUSED", 
   "ORR", 
   "ORR", 
   "ORR", 
   "ANDD", 
   "ORR", 
   "ORR", 
   "NOTUSED", 
   "NOTUSED", 
   "ORR"
  ], 
  "3": [
   "ANDD", 
   "ANDD", 
   "ANDD", 
   "ANDD", 
   "ANDD", 
   "ORR", 
   "ANDD", 
   "ANDD", 
   "ORR", 
   "NOTUSED", 
   "NOTUSED", 
   "ORR", 
   "NOTUSED", 
   "ANDD", 
   "ORR"
  ], 
  "2": [
   "NOTUSED", 
   "ORR", 
   "ANDD", 
   "ANDD", 
   "ANDD", 
   "ORR", 
   "NOTUSED", 
   "ANDD", 
   "NOTUSED", 
   "ANDD", 
   "ORR", 
   "ANDD", 
   "ORR", 
   "ANDD", 
   "ANDD"
  ], 
  "5": [
   "NOTUSED", 
   "ORR", 
   "ORR", 
   "ORR", 
   "ORR", 
   "ANDD", 
   "ANDD", 
   "ORR", 
   "ORR", 
   "NOTUSED", 
   "NOTUSED", 
   "ORR", 
   "ANDD", 
   "ORR", 
   "ORR"
  ], 
  "4": [
   "NOTUSED", 
   "ORR", 
   "ANDD", 
   "ANDD", 
   "ORR", 
   "ORR", 
   "ORR", 
   "ANDD", 
   "ANDD", 
   "ANDD", 
   "NOTUSED", 
   "NOTUSED", 
   "ANDD", 
   "ANDD", 
   "ANDD"
  ], 
  "7": [
   "ORR", 
   "NOTUSED", 
   "ANDD", 
   "ANDD", 
   "ANDD", 
   "ORR", 
   "ORR", 
   "NOTUSED", 
   "NOTUSED", 
   "NOTUSED", 
   "NOTUSED", 
   "NOTUSED", 
   "NOTUSED", 
   "ORR", 
   "ANDD"
  ], 
  "6": [
   "ORR", 
   "NOTUSED", 
   "NOTUSED", 
   "ANDD", 
   "ORR", 
   "ANDD", 
   "NOTUSED", 
   "ORR", 
   "ORR", 
   "ORR", 
   "ORR", 
   "ORR", 
   "ANDD", 
   "NOTUSED", 
   "ANDD"
  ], 
  "9": [
   "ANDD", 
   "NOTUSED", 
   "ANDD", 
   "NOTUSED", 
   "ANDD", 
   "NOTUSED", 
   "ORR", 
   "NOTUSED", 
   "ANDD", 
   "NOTUSED", 
   "ANDD", 
   "NOTUSED", 
   "ANDD", 
   "ORR", 
   "ANDD"
  ], 
  "8": [
   "ORR", 
   "ORR", 
   "NOTUSED", 
   "ORR", 
   "ANDD", 
   "ORR", 
   "ORR", 
   "NOTUSED", 
   "NOTUSED", 
   "ANDD", 
   "ORR", 
   "ANDD", 
   "ANDD", 
   "NOTUSED", 
   "NOTUSED"
  ]
 }
}