{
 "random_seed": 758330872, 
 "PARAMETERS": {
  "RADIUS1": 545892.997, 
  "QUADS": 1, 
  "RADIUS2": 217339.965, 
  "DIST": 82909.416, 
  "F_PTS": 38, 
  "K_PTS": 1, 
  "EPSILON": 1.751, 
  "LENGTH1": 786489.47, 
  "G_PTS": 73, 
  "Q_PTS": 83, 
  "N_PTS": 58, 
  "C_PTS": 5, 
  "AREA2": 329586.61, 
  "LENGTH2": 194442.022, 
  "B_PTS": 36, 
  "D_PTS": 60, 
  "AREA1": 337367.989, 
  "A_PTS": 34, 
  "E_PTS": 27
 }, 
 "NUMPOINTS": 84, 
 "points": [
  [
   -559878.616, 
   701739.937
  ], 
  [
   815647.495, 
   726354.144
  ], 
  [
   371274.858, 
   292976.521
  ], 
  [
   281310.749, 
   452191.48
  ], 
  [
   -218967.29, 
   664009.248
  ], 
  [
   -930154.06, 
   991488.88
  ], 
  [
   740536.671, 
   -902893.151
  ], 
  [
   -599486.531, 
   984194.375
  ], 
  [
   -577548.796, 
   694915.324
  ], 
  [
   789057.911, 
   5366.977
  ], 
  [
   -542212.21, 
   212935.663
  ], 
  [
   946110.643, 
   -870993.196
  ], 
  [
   899784.515, 
   918095.287
  ], 
  [
   -857356.244, 
   -984475.497
  ], 
  [
   -29204.051, 
   -855643.082
  ], 
  [
   -827621.644, 
   -694579.044
  ], 
  [
   74056.948, 
   247436.086
  ], 
  [
   -564681.297, 
   -818135.898
  ], 
  [
   -534782.171, 
   902003.048
  ], 
  [
   -319585.265, 
   -925227.64
  ], 
  [
   201862.033, 
   592085.739
  ], 
  [
   -953794.802, 
   -55716.935
  ], 
  [
   -483791.06, 
   -608926.619
  ], 
  [
   635485.855, 
   731404.418
  ], 
  [
   -202986.724, 
   -219383.745
  ], 
  [
   642894.102, 
   775218.156
  ], 
  [
   -158814.393, 
   242139.85
  ], 
  [
   668393.106, 
   361007.42
  ], 
  [
   -454530.681, 
   918746.076
  ], 
  [
   288855.201, 
   -895099.883
  ], 
  [
   -188628.603, 
   -463042.743
  ], 
  [
   280190.174, 
   463801.325
  ], 
  [
   -104623.834, 
   -424680.18
  ], 
  [
   326358.03, 
   169123.581
  ], 
  [
   186240.075, 
   -981219.241
  ], 
  [
   930241.085, 
   948749.06
  ], 
  [
   709492.538, 
   -473787.751
  ], 
  [
   -67938.909, 
   534391.689
  ], 
  [
   495601.417, 
   -273648.097
  ], 
  [
   798458.93, 
   -719366.92
  ], 
  [
   137028.983, 
   779062.928
  ], 
  [
   788293.026, 
   -344243.161
  ], 
  [
   -578048.87, 
   -920956.37
  ], 
  [
   122999.795, 
   -28212.419
  ], 
  [
   776110.529, 
   -211014.057
  ], 
  [
   -616785.518, 
   -637258.479
  ], 
  [
   -715198.968, 
   107980.717
  ], 
  [
   -490063.792, 
   906846.734
  ], 
  [
   578447.663, 
   -454145.949
  ], 
  [
   563232.296, 
   -637892.426
  ], 
  [
   503471.914, 
   -560725.524
  ], 
  [
   -221603.962, 
   -638894.868
  ], 
  [
   929574.934, 
   -205680.469
  ], 
  [
   657749.716, 
   17539.018
  ], 
  [
   -676241.915, 
   -79390.046
  ], 
  [
   807184.72, 
   346643.785
  ], 
  [
   -549859.769, 
   542476.352
  ], 
  [
   396663.568, 
   -365619.889
  ], 
  [
   348489.347, 
   -936584.245
  ], 
  [
   -828372.32, 
   -761576.124
  ], 
  [
   -969362.119, 
   -436805.152
  ], 
  [
   -770566.425, 
   -568113.014
  ], 
  [
   -706973.92, 
   -943799.712
  ], 
  [
   100582.39, 
   949733.234
  ], 
  [
   -639269.429, 
   -798483.576
  ], 
  [
   -592477.594, 
   -564455.203
  ], 
  [
   773834.292, 
   -434012.457
  ], 
  [
   338618.191, 
   -120185.786
  ], 
  [
   233587.568, 
   896620.848
  ], 
  [
   -228562.932, 
   -996475.157
  ], 
  [
   -272496.275, 
   -889698.247
  ], 
  [
   -915452.694, 
   -119098.959
  ], 
  [
   -312523.368, 
   491932.833
  ], 
  [
   963096.268, 
   -976718.001
  ], 
  [
   123441.94, 
   685404.376
  ], 
  [
   364478.732, 
   -260151.891
  ], 
  [
   215763.302, 
   56094.309
  ], 
  [
   344487.253, 
   48443.065
  ], 
  [
   -43398.046, 
   643149.985
  ], 
  [
   640546.008, 
   -47903.237
  ], 
  [
   -539895.04, 
   707723.433
  ], 
  [
   -572935.134, 
   -616588.452
  ], 
  [
   -765933.158, 
   -633296.164
  ], 
  [
   506394.199, 
   -244109.659
  ]
 ], 
 "PUV": [
  true, 
  true, 
  false, 
  true, 
  true, 
  false, 
  true, 
  true, 
  false, 
  false, 
  true, 
  true, 
  false, 
  true, 
  true
 ], 
 "LCM": {
  "11": [
   "ORR", 
   "ANDD", 
   "ANDD", 
   "ANDD", 
   "ORR", 
   "NOTUSED", 
   "ORR", 
   "ORR", 
   "NOTUSED", 
   "ANDD", 
   "ANDD", 
   "NOTUSED", 
   "ANDD", 
   "ANDD", 
   "ORR"
  ], 
  "10": [
   "ANDD", 
   "NOTUSED", 
   "NOTUSED", 
   "ORR", 
   "ORR", 
   "ANDD", 
   "NOTUSED", 
   "NOTUSED", 
   "ANDD", 
   "NOTUSED", 
   "ORR", 
   "ANDD", 
   "ORR", 
   "ANDD", 
   "ANDD"
  ], 
  "13": [
   "ORR", 
   "ORR", 
   "NOTUSED", 
   "NOTUSED", 
   "NOTUSED", 
   "ANDD", 
   "ORR", 
   "NOTUSED", 
   "NOTUSED", 
   "ORR", 
   "ANDD", 
   "ANDD", 
   "ORR", 
   "NOTUSED", 
   "ORR"
  ], 
  "12": [
   "NOTUSED", 
   "ANDD", 
   "NOTUSED", 
   "ANDD", 
   "ANDD", 
   "NOTUSED", 
   "ANDD", 
   "ANDD", 
   "ANDD", 
   "NOTUSED", 
   "ORR", 
   "ANDD", 
   "NOTUSED", 
   "ORR", 
   "NOTUSED"
  ], 
  "14": [
   "NOTUSED", 
   "ANDD", 
   "ORR", 
   "ANDD", 
   "ORR", 
   "NOTUSED", 
   "ANDD", 
   "NOTUSED", 
   "ORR", 
   "ORR", 
   "ANDD", 
   "ORR", 
   "NOTUSED", 
   "ORR", 
   "ORR"
  ], 
  "1": [
   "ORR", 
   "NOTUSED", 
   "ANDD", 
   "ANDD", 
   "ORR", 
   "ANDD", 
   "NOTUSED", 
   "ANDD", 
   "NOTUSED", 
   "ORR", 
   "NOTUSED", 
   "ANDD", 
   "ANDD", 
   "ORR", 
   "ANDD"
  ], 
  "0": [
   "ANDD", 
   "ORR", 
   "ANDD", 
   "ORR", 
   "ORR", 
   "ORR", 
   "ANDD", 
   "ORR", 
   "NOTUSED", 
   "ANDD", 
   "ANDD", 
   "ORR", 
   "NOTUSED", 
   "ORR", 
   "NOTUSED"
  ], 
  "3": [
   "ORR", 
   "ANDD", 
   "NOTUSED", 
   "ORR", 
   "ANDD", 
   "ORR", 
   "ORR", 
   "ORR", 
   "ANDD", 
   "ANDD", 
   "ORR", 
   "ANDD", 
   "ANDD", 
   "NOTUSED", 
   "ANDD"
  ], 
  "2": [
   "ANDD", 
   "ANDD", 
   "NOTUSED", 
   "NOTUSED", 
   "NOTUSED", 
   "ORR", 
   "ANDD", 
   "ANDD", 
   "NOTUSED", 
   "ORR", 
   "NOTUSED", 
   "ANDD", 
   "NOTUSED", 
   "NOTUSED", 
   "ORR"
  ], 
  "5": [
   "ORR", 
   "ANDD", 
   "ORR", 
   "ORR", 
   "NOTUSED", 
   "ORR", 
   "ORR", 
   "ANDD", 
   "NOTUSED", 
   "ANDD", 
   "ANDD", 
   "NOTUSED", 
   "NOTUSED", 
   "ANDD", 
   "NOTUSED"
  ], 
  "4": [
   "ORR", 
   "ORR", 
   "NOTUSED", 
   "ANDD", 
   "ANDD", 
   "NOTUSED", 
   "ORR", 
   "NOTUSED", 
   "ORR", 
   "NOTUSED", 
   "ORR", 
   "ORR", 
   "ANDD", 
   "NOTUSED", 
   "ORR"
  ], 
  "7": [
   "ORR", 
   "ANDD", 
   "ANDD", 
   "ORR", 
   "NOTUSED", 
   "ANDD", 
   "NOTUSED", 
   "ORR", 
   "ORR", 
   "ANDD", 
   "NOTUSED", 
   "ORR", 
   "ANDD", 
   "NOTUSED", 
   "NOTUSED"
  ], 
  "6": [
   "ANDD", 
   "NOTUSED", 
   "ANDD", 
   "ORR", 
   "ORR", 
   "ORR", 
   "ANDD", 
   "NOTUSED", 
   "ORR", 
   "ORR", 
   "NOTUSED", 
   "ORR", 
   "ANDD", 
   "ORR", 
   "ANDD"
  ], 
  "9": [
   "ANDD", 
   "ORR", 
   "ORR", 
   "ANDD", 
   "NOTUSED", 
   "ANDD", 
   "ORR", 
   "ANDD", 
   "ANDD", 
   "ANDD", 
   "NOTUSED", 
   "ANDD", 
   "NOTUSED", 
   "ORR", 
   "ORR"
  ], 
  "8": [
   "NOTUSED", 
   "NOTUSED", 
   "NOTUSED", 
   "ANDD", 
   "ORR", 
   "NOTUSED", 
   "ORR", 
   "ORR", 
   "ORR", 
   "ANDD", 
   "ANDD", 
   "NOTUSED", 
   "ANDD", 
   "NOTUSED", 
   "ORR"
  ]
 }
}