{
 "random_seed": 1810581549, 
 "PARAMETERS": {
  "RADIUS1": 505347.039, 
  "QUADS": 2, 
  "RADIUS2": 809771.851, 
  "DIST": 52987.866, 
  "F_PTS": 39, 
  "K_PTS": 70, 
  "EPSILON": 1.298, 
  "LENGTH1": 859806.171, 
  "G_PTS": 31, 
  "Q_PTS": 24, 
  "N_PTS": 34, 
  "C_PTS": 39, 
  "AREA2": 996063.27, 
  "LENGTH2": 5875.082, 
  "B_PTS": 36, 
  "D_PTS": 32, 
  "AREA1": 231775.358, 
  "A_PTS": 9, 
  "E_PTS": 9
 }, 
 "NUMPOINTS": 78, 
 "points": [
  [
   954054.255, 
   -581644.978
  ], 
  [
   964354.049, 
   651028.677
  ], 
  [
   614530.985, 
   914691.715
  ], 
  [
   -617370.743, 
   -547039.61
  ], 
  [
   -214675.304, 
   -9075.77
  ], 
  [
   953395.754, 
   -970590.697
  ], 
  [
   -173680.919, 
   -43452.601
  ], 
  [
   975903.263, 
   -771476.941
  ], 
  [
   -60789.379, 
   -251420.888
  ], 
  [
   -300809.007, 
   568385.659
  ], 
  [
   -856296.599, 
   -993061.012
  ], 
  [
   546722.361, 
   -123714.21
  ], 
  [
   -991465.337, 
   950392.685
  ], 
  [
   952343.419, 
   648336.385
  ], 
  [
   -597083.439, 
   26183.238
  ], 
  [
   495644.674, 
   100103.913
  ], 
  [
   -959698.284, 
   -635575.785
  ], 
  [
   323218.3, 
   207261.73
  ], 
  [
   708050.594, 
   -264786.522
  ], 
  [
   -438730.755, 
   -176512.192
  ], 
  [
   -792547.332, 
   180397.969
  ], 
  [
   89658.824, 
   780218.449
  ], 
  [
   92112.079, 
   -715605.626
  ], 
  [
   -541862.075, 
   942016.776
  ], 
  [
   -312189.465, 
   -653147.66
  ], 
  [
   233286.614, 
   721796.022
  ], 
  [
   204120.76, 
   322814.195
  ], 
  [
   -959290.614, 
   -19563.764
  ], 
  [
   846452.473, 
   -360463.349
  ], 
  [
   734130.795, 
   525181.44
  ], 
  [
   537202.817, 
   176441.961
  ], 
  [
   -163018.059, 
   -420739.583
  ], 
  [
   506313.946, 
   446801.076
  ], 
  [
   -49099.623, 
   190954.734
  ], 
  [
   -693927.826, 
   4443.438
  ], 
  [
   -521093.305, 
   -98918.652
  ], 
  [
   342315.416, 
   464685.497
  ], 
  [
   793347.57, 
   -328386.954
  ], 
  [
   -845526.85, 
   298542.59
  ], 
  [
   -360947.601, 
   -64005.87
  ], 
  [
   50208.502, 
   -843151.553
  ], 
  [
   379876.027, 
   -773157.684
  ], 
  [
   -590527.637, 
   590689.916
  ], 
  [
   -216865.83, 
   -35506.566
  ], 
  [
   425466.045, 
   -300125.875
  ], 
  [
   754897.455, 
   -809650.662
  ], 
  [
   -743238.627, 
   841221.288
  ], 
  [
   -470666.9, 
   848442.565
  ], 
  [
   343380.668, 
   -782876.63
  ], 
  [
   -470724.084, 
   421692.171
  ], 
  [
   206065.037, 
   -650114.203
  ], 
  [
   -673916.712, 
   -382969.971
  ], 
  [
   431908.492, 
   -735175.383
  ], 
  [
   -338192.484, 
   -356542.061
  ], 
  [
   -585110.94, 
   89535.199
  ], 
  [
   776424.937, 
   -540040.094
  ], 
  [
   533700.543, 
   688632.847
  ], 
  [
   69512.805, 
   -593672.535
  ], 
  [
   -682408.571, 
   -543814.182
  ], 
  [
   920108.369, 
   267241.522
  ], 
  [
   -280572.505, 
   614933.659
  ], 
  [
   126746.895, 
   -667921.636
  ], 
  [
   230654.428, 
   296752.466
  ], 
  [
   340794.971, 
   153282.959
  ], 
  [
   923759.94, 
   376692.912
  ], 
  [
   -188692.189, 
   841391.08
  ], 
  [
   455275.255, 
   -735031.371
  ], 
  [
   760907.644, 
   -629294.718
  ], 
  [
   555231.443, 
   78430.551
  ], 
  [
   -933508.243, 
   -879107.142
  ], 
  [
   -191986.256, 
   -808405.537
  ], 
  [
   643074.163, 
   5405.267
  ], 
  [
   654110.617, 
   456378.049
  ], 
  [
   -829505.238, 
   -204569.329
  ], 
  [
   -11816.798, 
   -323745.111
  ], 
  [
   -82685.069, 
   -686230.524
  ], 
  [
   990118.389, 
   -79839.682
  ], 
  [
   -221733.744, 
   946244.149
  ]
 ], 
 "PUV": [
  true, 
  false, 
  false, 
  false, 
  true, 
  false, 
  true, 
  true, 
  true, 
  true, 
  false, 
  true, 
  false, 
  true, 
  false
 ], 
 "LCM": {
  "11": [
   "NOTUSED", 
   "NOTUSED", 
   "ORR", 
   "ANDD", 
   "ORR", 
   "ORR", 
   "ORR", 
   "NOTUSED", 
   "ANDD", 
   "NOTUSED", 
   "NOTUSED", 
   "ORR", 
   "ORR", 
   "ORR", 
   "ORR"
  ], 
  "10": [
   "ORR", 
   "ORR", 
   "NOTUSED", 
   "ORR", 
   "ANDD", 
   "ORR", 
   "ANDD", 
   "ORR", 
   "ORR", 
   "ANDD", 
   "ORR", 
   "NOTUSED", 
   "NOTUSED", 
   "ANDD", 
   "ORR"
  ], 
  "13": [
   "NOTUSED", 
   "NOTUSED", 
   "ANDD", 
   "ORR", 
   "ORR", 
   "ORR", 
   "ANDD", 
   "ORR", 
   "ORR", 
   "ANDD", 
   "ANDD", 
   "ORR", 
   "ORR", 
   "ANDD", 
   "ANDD"
  ], 
  "12": [
   "ANDD", 
   "ANDD", 
   "NOTUSED", 
   "ANDD", 
   "NOTUSED", 
   "ORR", 
   "ORR", 
   "NOTUSED", 
   "ORR", 
   "NOTUSED", 
   "NOTUSED", 
   "ORR", 
   "ORR", 
   "ORR", 
   "ANDD"
  ], 
  "14": [
   "ORR", 
   "ORR", 
   "NOTUSED", 
   "NOTUSED", 
   "NOTUSED", 
   "ANDD", 
   "NOTUSED", 
   "NOTUSED", 
   "ANDD", 
   "ORR", 
   "ORR", 
   "ORR", 
   "ANDD", 
   "ANDD", 
   "NOTUSED"
  ], 
  "1": [
   "ANDD", 
   "ANDD", 
   "NOTUSED", 
   "ORR", 
   "ORR", 
   "NOTUSED", 
   "ORR", 
   "ANDD", 
   "ANDD", 
   "ANDD", 
   "ORR", 
   "NOTUSED", 
   "ANDD", 
   "NOTUSED", 
   "ORR"
  ], 
  "0": [
   "ORR", 
   "ANDD", 
   "ANDD", 
   "ANDD", 
   "NOTUSED", 
   "ORR", 
   "NOTUSED", 
   "ANDD", 
   "ORR", 
   "ORR", 
   "ORR", 
   "NOTUSED", 
   "ANDD", 
   "NOTUSED", 
   "ORR"
  ], 
  "3": [
   "ANDD", 
   "ORR", 
   "NOTUSED", 
   "NOTUSED", 
   "NOTUSED", 
   "ORR", 
   "ANDD", 
   "ORR", 
   "ANDD", 
   "NOTUSED", 
   "ORR", 
   "ANDD", 
   "ANDD", 
   "ORR", 
   "NOTUSED"
  ], 
  "2": [
   "ANDD", 
   "NOTUSED", 
   "ORR", 
   "NOTUSED", 
   "ANDD", 
   "ORR", 
   "NOTUSED", 
   "ANDD", 
   "NOTUSED", 
   "NOTUSED", 
   "NOTUSED", 
   "ORR", 
   "NOTUSED", 
   "ANDD", 
   "NOTUSED"
  ], 
  "5": [
   "ORR", 
   "NOTUSED", 
   "ORR", 
   "ORR", 
   "ANDD", 
   "ANDD", 
   "ANDD", 
   "ORR", 
   "ORR", 
   "ORR", 
   "ORR", 
   "ORR", 
   "ORR", 
   "ORR", 
   "ANDD"
  ], 
  "4": [
   "NOTUSED", 
   "ORR", 
   "ANDD", 
   "NOTUSED", 
   "ANDD", 
   "ANDD", 
   "NOTUSED", 
   "ANDD", 
   "NOTUSED", 
   "ORR", 
   "ANDD", 
   "ORR", 
   "NOTUSED", 
   "ORR", 
   "NOTUSED"
  ], 
  "7": [
   "ANDD", 
   "ANDD", 
   "ANDD", 
   "ORR", 
   "ANDD", 
   "ORR", 
   "NOTUSED", 
   "ORR", 
   "ORR", 
   "NOTUSED", 
   "ORR", 
   "NOTUSED", 
   "NOTUSED", 
   "ORR", 
   "NOTUSED"
  ], 
  "6": [
   "NOTUSED", 
   "ORR", 
   "NOTUSED", 
   "ANDD", 
   "NOTUSED", 
   "ANDD", 
   "NOTUSED", 
   "NOTUSED", 
   "ORR", 
   "ORR", 
   "ANDD", 
   "ORR", 
   "ORR", 
   "ANDD", 
   "NOTUSED"
  ], 
  "9": [
   "ORR", 
   "ANDD", 
   "NOTUSED", 
   "NOTUSED", 
   "ORR", 
   "ORR", 
   "ORR", 
   "NOTUSED", 
   "ORR", 
   "ORR", 
   "ANDD", 
   "NOTUSED", 
   "NOTUSED", 
   "ANDD", 
   "ORR"
  ], 
  "8": [
   "ORR", 
   "ANDD", 
   "NOTUSED", 
   "ANDD", 
   "NOTUSED", 
   "ORR", 
   "ORR", 
   "ORR", 
   "ANDD", 
   "ORR", 
   "ORR", 
   "ANDD", 
   "ORR", 
   "ORR", 
   "ANDD"
  ]
 }
}