{
 "random_seed": 32445624, 
 "PARAMETERS": {
  "RADIUS1": 604532.401, 
  "QUADS": 2, 
  "RADIUS2": 13149.897, 
  "DIST": 81525.55, 
  "F_PTS": 14, 
  "K_PTS": 30, 
  "EPSILON": 1.178, 
  "LENGTH1": 436744.424, 
  "G_PTS": 46, 
  "Q_PTS": 70, 
  "N_PTS": 8, 
  "C_PTS": 36, 
  "AREA2": 439939.589, 
  "LENGTH2": 459381.384, 
  "B_PTS": 13, 
  "D_PTS": 20, 
  "AREA1": 148743.385, 
  "A_PTS": 24, 
  "E_PTS": 13
 }, 
 "NUMPOINTS": 85, 
 "points": [
  [
   926252.151, 
   917904.938
  ], 
  [
   -483163.657, 
   -926379.462
  ], 
  [
   102560.888, 
   650352.181
  ], 
  [
   -593526.992, 
   -702378.505
  ], 
  [
   -872633.905, 
   968340.699
  ], 
  [
   -175375.838, 
   209015.051
  ], 
  [
   -186723.572, 
   -550970.871
  ], 
  [
   -867806.69, 
   473658.648
  ], 
  [
   -928326.016, 
   -968126.491
  ], 
  [
   -70162.995, 
   86892.706
  ], 
  [
   363381.397, 
   -95895.494
  ], 
  [
   298546.875, 
   69078.579
  ], 
  [
   223844.618, 
   970106.205
  ], 
  [
   805837.313, 
   -948466.698
  ], 
  [
   -529810.615, 
   469475.543
  ], 
  [
   -483237.23, 
   -917585.644
  ], 
  [
   615653.986, 
   19411.181
  ], 
  [
   -928389.854, 
   649540.503
  ], 
  [
   -755357.307, 
   -849113.28
  ], 
  [
   -555120.675, 
   153557.68
  ], 
  [
   200885.599, 
   -893329.896
  ], 
  [
   -488129.427, 
   883464.728
  ], 
  [
   312782.696, 
   594972.431
  ], 
  [
   -612763.141, 
   -32701.118
  ], 
  [
   959730.106, 
   -320925.295
  ], 
  [
   -256563.636, 
   -687339.532
  ], 
  [
   -418035.802, 
   771741.495
  ], 
  [
   998859.864, 
   665053.139
  ], 
  [
   879988.784, 
   -624001.706
  ], 
  [
   819498.398, 
   879753.174
  ], 
  [
   976088.129, 
   700099.284
  ], 
  [
   467387.085, 
   -299360.381
  ], 
  [
   825182.922, 
   -421440.588
  ], 
  [
   544448.068, 
   -526360.625
  ], 
  [
   -631705.15, 
   580152.781
  ], 
  [
   -302388.468, 
   -934102.317
  ], 
  [
   -398348.576, 
   444869.27
  ], 
  [
   -612461.296, 
   -651215.691
  ], 
  [
   -476257.695, 
   447613.736
  ], 
  [
   -337776.411, 
   729765.456
  ], 
  [
   -171504.404, 
   -673955.042
  ], 
  [
   -304313.486, 
   -466444.759
  ], 
  [
   -598521.174, 
   133471.045
  ], 
  [
   465737.711, 
   -293728.067
  ], 
  [
   999747.413, 
   843964.466
  ], 
  [
   -561651.847, 
   900204.711
  ], 
  [
   990266.533, 
   -185877.918
  ], 
  [
   -859160.387, 
   405213.012
  ], 
  [
   -162549.785, 
   344584.027
  ], 
  [
   916424.891, 
   612648.096
  ], 
  [
   592583.147, 
   -469350.614
  ], 
  [
   894553.904, 
   -301350.285
  ], 
  [
   -284983.36, 
   523285.51
  ], 
  [
   204045.433, 
   -610795.013
  ], 
  [
   -717259.963, 
   -269241.522
  ], 
  [
   584275.991, 
   -91419.443
  ], 
  [
   -451511.058, 
   408409.771
  ], 
  [
   115152.215, 
   -304064.107
  ], 
  [
   706037.542, 
   953505.912
  ], 
  [
   -960853.656, 
   218105.656
  ], 
  [
   948966.243, 
   183624.646
  ], 
  [
   -421435.431, 
   784495.777
  ], 
  [
   -65129.262, 
   173461.002
  ], 
  [
   -362970.603, 
   210329.688
  ], 
  [
   602348.735, 
   -271992.157
  ], 
  [
   -321682.836, 
   314152.473
  ], 
  [
   -938582.972, 
   561494.12
  ], 
  [
   -173768.737, 
   462710.889
  ], 
  [
   -911740.028, 
   128164.367
  ], 
  [
   -628710.094, 
   189203.032
  ], 
  [
   626208.391, 
   29140.262
  ], 
  [
   647329.151, 
   812335.441
  ], 
  [
   -404789.431, 
   489560.013
  ], 
  [
   440003.591, 
   -659118.096
  ], 
  [
   -281725.847, 
   174731.963
  ], 
  [
   939567.651, 
   -381890.393
  ], 
  [
   -460575.723, 
   -998346.635
  ], 
  [
   -359808.075, 
   401110.946
  ], 
  [
   -276832.714, 
   313083.194
  ], 
  [
   294434.017, 
   -88832.13
  ], 
  [
   -60309.864, 
   -979579.652
  ], 
  [
   -342361.393, 
   -928315.285
  ], 
  [
   -997823.269, 
   199601.642
  ], 
  [
   166666.56, 
   860409.362
  ], 
  [
   675091.659, 
   -257165.205
  ]
 ], 
 "PUV": [
  true, 
  true, 
  true, 
  true, 
  true, 
  false, 
  false, 
  false, 
  false, 
  true, 
  false, 
  false, 
  true, 
  true, 
  true
 ], 
 "LCM": {
  "11": [
   "ORR", 
   "ANDD", 
   "ANDD", 
   "ORR", 
   "ORR", 
   "ORR", 
   "NOTUSED", 
   "ANDD", 
   "ANDD", 
   "NOTUSED", 
   "ANDD", 
   "NOTUSED", 
   "ORR", 
   "NOTUSED", 
   "ORR"
  ], 
  "10": [
   "NOTUSED", 
   "ANDD", 
   "ANDD", 
   "ANDD", 
   "ORR", 
   "ORR", 
   "ANDD", 
   "ORR", 
   "ANDD", 
   "ORR", 
   "NOTUSED", 
   "ANDD", 
   "ANDD", 
   "ANDD", 
   "ORR"
  ], 
  "13": [
   "NOTUSED", 
   "ANDD", 
   "ORR", 
   "ANDD", 
   "ANDD", 
   "ORR", 
   "ORR", 
   "ORR", 
   "ORR", 
   "NOTUSED", 
   "ANDD", 
   "NOTUSED", 
   "ORR", 
   "NOTUSED", 
   "NOTUSED"
  ], 
  "12": [
   "NOTUSED", 
   "NOTUSED", 
   "NOTUSED", 
   "ANDD", 
   "ORR", 
   "NOTUSED", 
   "NOTUSED", 
   "ORR", 
   "ORR", 
   "ANDD", 
   "ANDD", 
   "ORR", 
   "NOTUSED", 
   "ORR", 
   "NOTUSED"
  ], 
  "14": [
   "ORR", 
   "NOTUSED", 
   "ANDD", 
   "ANDD", 
   "ORR", 
   "NOTUSED", 
   "ANDD", 
   "NOTUSED", 
   "NOTUSED", 
   "ANDD", 
   "ORR", 
   "ORR", 
   "NOTUSED", 
   "NOTUSED", 
   "NOTUSED"
  ], 
  "1": [
   "ANDD", 
   "ANDD", 
   "ANDD", 
   "ANDD", 
   "NOTUSED", 
   "ORR", 
   "ANDD", 
   "ORR", 
   "ORR", 
   "NOTUSED", 
   "ANDD", 
   "ANDD", 
   "NOTUSED", 
   "ANDD", 
   "NOTUSED"
  ], 
  "0": [
   "NOTUSED", 
   "ANDD", 
   "ANDD", 
   "NOTUSED", 
   "ORR", 
   "ORR", 
   "NOTUSED", 
   "ORR", 
   "ORR", 
   "ORR", 
   "NOTUSED", 
   "ORR", 
   "NOTUSED", 
   "NOTUSED", 
   "ORR"
  ], 
  "3": [
   "NOTUSED", 
   "ANDD", 
   "ANDD", 
   "ANDD", 
   "ORR", 
   "NOTUSED", 
   "ORR", 
   "NOTUSED", 
   "ORR", 
   "ORR", 
   "ANDD", 
   "ORR", 
   "ANDD", 
   "ANDD", 
   "ANDD"
  ], 
  "2": [
   "ANDD", 
   "ANDD", 
   "ORR", 
   "ANDD", 
   "ORR", 
   "ANDD", 
   "ANDD", 
   "ORR", 
   "NOTUSED", 
   "NOTUSED", 
   "ANDD", 
   "ANDD", 
   "NOTUSED", 
   "ORR", 
   "ANDD"
  ], 
  "5": [
   "ORR", 
   "ORR", 
   "ANDD", 
   "NOTUSED", 
   "ANDD", 
   "ANDD", 
   "NOTUSED", 
   "ANDD", 
   "ANDD", 
   "ANDD", 
   "ORR", 
   "ORR", 
   "NOTUSED", 
   "ORR", 
   "NOTUSED"
  ], 
  "4": [
   "ORR", 
   "NOTUSED", 
   "ORR", 
   "ORR", 
   "NOTUSED", 
   "ANDD", 
   "NOTUSED", 
   "NOTUSED", 
   "ORR", 
   "ANDD", 
   "ORR", 
   "ORR", 
   "ORR", 
   "ANDD", 
   "ORR"
  ], 
  "7": [
   "ORR", 
   "ORR", 
   "ORR", 
   "NOTUSED", 
   "NOTUSED", 
   "ANDD", 
   "ANDD", 
   "NOTUSED", 
   "NOTUSED", 
   "ORR", 
   "ORR", 
   "ANDD", 
   "ORR", 
   "ORR", 
   "NOTUSED"
  ], 
  "6": [
   "NOTUSED", 
   "ANDD", 
   "ANDD", 
   "ORR", 
   "NOTUSED", 
   "NOTUSED", 
   "ORR", 
   "ANDD", 
   "ANDD", 
   "ANDD", 
   "ANDD", 
   "NOTUSED", 
   "NOTUSED", 
   "ORR", 
   "ANDD"
  ], 
  "9": [
   "ORR", 
   "NOTUSED", 
   "NOTUSED", 
   "ORR", 
   "ANDD", 
   "ANDD", 
   "ANDD", 
   "ORR", 
   "ANDD", 
   "ANDD", 
   "ORR", 
   "NOTUSED", 
   "ANDD", 
   "NOTUSED", 
   "ANDD"
  ], 
  "8": [
   "ORR", 
   "ORR", 
   "NOTUSED", 
   "ORR", 
   "ORR", 
   "ANDD", 
   "ANDD", 
   "NOTUSED", 
   "ORR", 
   "ANDD", 
   "ANDD", 
   "ANDD", 
   "ORR", 
   "ORR", 
   "NOTUSED"
  ]
 }
}