{
 "random_seed": 166276680, 
 "PARAMETERS": {
  "RADIUS1": 65262.297, 
  "QUADS": 3, 
  "RADIUS2": 956127.045, 
  "DIST": 576533.913, 
  "F_PTS": 17, 
  "K_PTS": 46, 
  "EPSILON": 0.256, 
  "LENGTH1": 199845.219, 
  "G_PTS": 8, 
  "Q_PTS": 24, 
  "N_PTS": 16, 
  "C_PTS": 4, 
  "AREA2": 338916.318, 
  "LENGTH2": 696571.002, 
  "B_PTS": 13, 
  "D_PTS": 13, 
  "AREA1": 409384.973, 
  "A_PTS": 20, 
  "E_PTS": 6
 }, 
 "NUMPOINTS": 51, 
 "points": [
  [
   546363.251, 
   626230.144
  ], 
  [
   159660.326, 
   524998.05
  ], 
  [
   355660.826, 
   -606778.298
  ], 
  [
   -784019.508, 
   6068.648
  ], 
  [
   -979967.571, 
   -414415.033
  ], 
  [
   -744031.929, 
   -789352.095
  ], 
  [
   -595579.992, 
   -63852.017
  ], 
  [
   -50.629, 
   380786.082
  ], 
  [
   229239.336, 
   904754.722
  ], 
  [
   868503.436, 
   -614137.702
  ], 
  [
   -502001.151, 
   -242025.458
  ], 
  [
   -270422.853, 
   601247.642
  ], 
  [
   -143480.623, 
   -283266.5
  ], 
  [
   26930.29, 
   528668.184
  ], 
  [
   -118512.128, 
   773237.293
  ], 
  [
   -325638.481, 
   147636.159
  ], 
  [
   535577.032, 
   -931065.738
  ], 
  [
   333886.555, 
   -587502.608
  ], 
  [
   563626.126, 
   813483.153
  ], 
  [
   -456705.189, 
   918919.28
  ], 
  [
   978416.288, 
   178182.175
  ], 
  [
   -293390.353, 
   718757.587
  ], 
  [
   -132553.002, 
   -695579.564
  ], 
  [
   -418832.289, 
   -120382.959
  ], 
  [
   314356.261, 
   -97801.169
  ], 
  [
   717170.727, 
   634466.268
  ], 
  [
   -629513.42, 
   -44519.255
  ], 
  [
   -642234.207, 
   727341.792
  ], 
  [
   -445401.844, 
   -872344.278
  ], 
  [
   -403869.319, 
   933620.874
  ], 
  [
   -741913.499, 
   504428.982
  ], 
  [
   -315402.505, 
   -669212.674
  ], 
  [
   476839.57, 
   424601.524
  ], 
  [
   -34573.376, 
   555619.179
  ], 
  [
   -479673.052, 
   -22590.253
  ], 
  [
   241209.478, 
   753365.836
  ], 
  [
   -547291.512, 
   -717802.24
  ], 
  [
   902878.517, 
   713584.274
  ], 
  [
   -894695.094, 
   -466357.807
  ], 
  [
   841442.903, 
   -222198.943
  ], 
  [
   -994670.944, 
   -375190.321
  ], 
  [
   629210.88, 
   -745194.925
  ], 
  [
   184849.98, 
   701507.216
  ], 
  [
   931041.745, 
   -358529.801
  ], 
  [
   637240.377, 
   -613278.241
  ], 
  [
   642105.029, 
   780343.68
  ], 
  [
   368832.064, 
   999287.222
  ], 
  [
   78115.918, 
   469158.077
  ], 
  [
   303001.914, 
   -254792.638
  ], 
  [
   626376.608, 
   193731.1
  ], 
  [
   602687.434, 
   -160171.644
  ]
 ], 
 "PUV": [
  false, 
  false, 
  false, 
  false, 
  false, 
  false, 
  true, 
  false, 
  false, 
  true, 
  true, 
  true, 
  true, 
  false, 
  false
 ], 
 "LCM": {
  "11": [
   "ANDD", 
   "ANDD", 
   "ANDD", 
   "ORR", 
   "ORR", 
   "NOTUSED", 
   "ANDD", 
   "NOTUSED", 
   "ANDD", 
   "NOTUSED", 
   "ANDD", 
   "ORR", 
   "NOTUSED", 
   "NOTUSED", 
   "ANDD"
  ], 
  "10": [
   "ANDD", 
   "ANDD", 
   "NOTUSED", 
   "ANDD", 
   "ANDD", 
   "ANDD", 
   "NOTUSED", 
   "ORR", 
   "NOTUSED", 
   "NOTUSED", 
   "ORR", 
   "ANDD", 
   "NOTUSED", 
   "ANDD", 
   "NOTUSED"
  ], 
  "13": [
   "ORR", 
   "NOTUSED", 
   "ORR", 
   "NOTUSED", 
   "NOTUSED", 
   "ANDD", 
   "ANDD", 
   "NOTUSED", 
   "ANDD", 
   "ORR", 
   "ANDD", 
   "NOTUSED", 
   "ORR", 
   "ANDD", 
   "ORR"
  ], 
  "12": [
   "ANDD", 
   "NOTUSED", 
   "ANDD", 
   "ANDD", 
   "ANDD", 
   "NOTUSED", 
   "ANDD", 
   "ANDD", 
   "ANDD", 
   "NOTUSED", 
   "NOTUSED", 
   "NOTUSED", 
   "NOTUSED", 
   "ORR", 
   "ANDD"
  ], 
  "14": [
   "ANDD", 
   "ORR", 
   "NOTUSED", 
   "ANDD", 
   "NOTUSED", 
   "ANDD", 
   "NOTUSED", 
   "ANDD", 
   "ORR", 
   "NOTUSED", 
   "NOTUSED", 
   "ANDD", 
   "ANDD", 
   "ORR", 
   "ANDD"
  ], 
  "1": [
   "NOTUSED", 
   "ANDD", 
   "ANDD", 
   "NOTUSED", 
   "NOTUSED", 
   "NOTUSED", 
   "ORR", 
   "ANDD", 
   "NOTUSED", 
   "NOTUSED", 
   "ANDD", 
   "ANDD", 
   "NOTUSED", 
   "NOTUSED", 
   "ORR"
  ], 
  "0": [
   "NOTUSED", 
   "NOTUSED", 
   "NOTUSED", 
   "ANDD", 
   "ANDD", 
   "NOTUSED", 
   "NOTUSED", 
   "ANDD", 
   "ORR", 
   "NOTUSED", 
   "ANDD", 
   "ANDD", 
   "ANDD", 
   "ORR", 
   "ANDD"
  ], 
  "3": [
   "ANDD", 
   "NOTUSED", 
   "ORR", 
   "ANDD", 
   "NOTUSED", 
   "ANDD", 
   "ORR", 
   "ORR", 
   "NOTUSED", 
   "NOTUSED", 
   "ANDD", 
   "ORR", 
   "ANDD", 
   "NOTUSED", 
   "ANDD"
  ], 
  "2": [
   "NOTUSED", 
   "ANDD", 
   "ANDD", 
   "ORR", 
   "ORR", 
   "ORR", 
   "ORR", 
   "NOTUSED", 
   "ORR", 
   "ANDD", 
   "NOTUSED", 
   "ANDD", 
   "ANDD", 
   "ORR", 
   "NOTUSED"
  ], 
  "5": [
   "NOTUSED", 
   "NOTUSED", 
   "ORR", 
   "ANDD", 
   "ORR", 
   "ORR", 
   "NOTUSED", 
   "NOTUSED", 
   "ANDD", 
   "NOTUSED", 
   "ANDD", 
   "NOTUSED", 
   "NOTUSED", 
   "ANDD", 
   "ANDD"
  ], 
  "4": [
   "ANDD", 
   "NOTUSED", 
   "ORR", 
   "NOTUSED", 
   "NOTUSED", 
   "ORR", 
   "ORR", 
   "NOTUSED", 
   "ORR", 
   "NOTUSED", 
   "ANDD", 
   "ORR", 
   "ANDD", 
   "NOTUSED", 
   "NOTUSED"
  ], 
  "7": [
   "ANDD", 
   "ANDD", 
   "NOTUSED", 
   "ORR", 
   "NOTUSED", 
   "NOTUSED", 
   "ORR", 
   "ANDD", 
   "ORR", 
   "ORR", 
   "ORR", 
   "NOTUSED", 
   "ANDD", 
   "NOTUSED", 
   "ANDD"
  ], 
  "6": [
   "NOTUSED", 
   "ORR", 
   "ORR", 
   "ORR", 
   "ORR", 
   "NOTUSED", 
   "NOTUSED", 
   "ORR", 
   "ANDD", 
   "ANDD", 
   "NOTUSED", 
   "ANDD", 
   "ANDD", 
   "ANDD", 
   "NOTUSED"
  ], 
  "9": [
   "NOTUSED", 
   "NOTUSED", 
   "ANDD", 
   "NOTUSED", 
   "NOTUSED", 
   "NOTUSED", 
   "ANDD", 
   "ORR", 
   "ANDD", 
   "ANDD", 
   "NOTUSED", 
   "NOTUSED", 
   "NOTUSED", 
   "ORR", 
   "NOTUSED"
  ], 
  "8": [
   "ORR", 
   "NOTUSED", 
   "ORR", 
   "NOTUSED", 
   "ORR", 
   "ANDD", 
   "ANDD", 
   "ORR", 
   "ANDD", 
   "ANDD", 
   "NOTUSED", 
   "ANDD", 
   "ANDD", 
   "ANDD", 
   "ORR"
  ]
 }
}