{
 "random_seed": 96256992, 
 "PARAMETERS": {
  "RADIUS1": 959109.853, 
  "QUADS": 2, 
  "RADIUS2": 461722.455, 
  "DIST": 382397.106, 
  "F_PTS": 15, 
  "K_PTS": 51, 
  "EPSILON": 1.389, 
  "LENGTH1": 817026.534, 
  "G_PTS": 76, 
  "Q_PTS": 11, 
  "N_PTS": 76, 
  "C_PTS": 30, 
  "AREA2": 274347.169, 
  "LENGTH2": 186366.467, 
  "B_PTS": 54, 
  "D_PTS": 32, 
  "AREA1": 555963.912, 
  "A_PTS": 15, 
  "E_PTS": 60
 }, 
 "NUMPOINTS": 83, 
 "points": [
  [
   -224050.796, 
   -622796.244
  ], 
  [
   107468.0, 
   -376292.856
  ], 
  [
   -730760.618, 
   -116843.462
  ], 
  [
   278874.04, 
   -230673.457
  ], 
  [
   -373891.79, 
   943187.346
  ], 
  [
   761510.809, 
   901297.725
  ], 
  [
   103279.643, 
   -438648.98
  ], 
  [
   -512744.273, 
   -377112.996
  ], 
  [
   -574226.61, 
   -495042.765
  ], 
  [
   642009.723, 
   75237.731
  ], 
  [
   -891655.887, 
   512019.754
  ], 
  [
   -67077.134, 
   326278.691
  ], 
  [
   791129.028, 
   634566.306
  ], 
  [
   651321.655, 
   -676530.106
  ], 
  [
   -588644.898, 
   866643.419
  ], 
  [
   902572.438, 
   -100486.06
  ], 
  [
   -82974.323, 
   -866006.144
  ], 
  [
   -10210.427, 
   -523321.031
  ], 
  [
   223426.649, 
   16298.541
  ], 
  [
   -975998.452, 
   292916.547
  ], 
  [
   371389.87, 
   -461782.993
  ], 
  [
   766015.246, 
   255191.461
  ], 
  [
   -100598.309, 
   437774.204
  ], 
  [
   -37249.41, 
   -503866.535
  ], 
  [
   729324.269, 
   223496.972
  ], 
  [
   611384.538, 
   750073.644
  ], 
  [
   -223686.947, 
   924801.12
  ], 
  [
   513958.416, 
   -309812.422
  ], 
  [
   964815.22, 
   -648971.072
  ], 
  [
   2098.482, 
   241437.446
  ], 
  [
   588380.7, 
   609946.389
  ], 
  [
   -818688.419, 
   17809.793
  ], 
  [
   -715916.074, 
   -489183.883
  ], 
  [
   -847240.754, 
   511879.98
  ], 
  [
   856651.575, 
   -402185.263
  ], 
  [
   715712.397, 
   -441202.612
  ], 
  [
   -722503.296, 
   454109.241
  ], 
  [
   -382975.147, 
   763629.039
  ], 
  [
   197325.613, 
   470166.728
  ], 
  [
   815724.566, 
   -493763.799
  ], 
  [
   334345.819, 
   673915.401
  ], 
  [
   -121557.983, 
   -965435.748
  ], 
  [
   370502.859, 
   688295.05
  ], 
  [
   -34783.754, 
   319989.92
  ], 
  [
   871596.174, 
   691832.742
  ], 
  [
   -143852.923, 
   -522094.379
  ], 
  [
   -79185.662, 
   -745308.829
  ], 
  [
   -42679.709, 
   -877843.503
  ], 
  [
   69683.842, 
   320827.524
  ], 
  [
   -808307.285, 
   920054.137
  ], 
  [
   385985.917, 
   -374366.571
  ], 
  [
   219740.258, 
   728376.704
  ], 
  [
   497149.015, 
   -611785.832
  ], 
  [
   773333.249, 
   709982.282
  ], 
  [
   -130018.461, 
   888450.549
  ], 
  [
   -791325.428, 
   -645545.3
  ], 
  [
   294163.297, 
   597783.558
  ], 
  [
   -86605.033, 
   642501.391
  ], 
  [
   -354752.314, 
   -183849.091
  ], 
  [
   608853.229, 
   -721769.245
  ], 
  [
   -649729.637, 
   512495.561
  ], 
  [
   -327083.965, 
   -487561.8
  ], 
  [
   -405538.238, 
   440781.669
  ], 
  [
   374124.87, 
   -957403.692
  ], 
  [
   -718668.07, 
   677484.344
  ], 
  [
   -676847.924, 
   437396.066
  ], 
  [
   600169.765, 
   -572246.177
  ], 
  [
   -329309.317, 
   40910.164
  ], 
  [
   -872916.866, 
   -109623.715
  ], 
  [
   984683.896, 
   -22044.907
  ], 
  [
   270370.938, 
   381904.3
  ], 
  [
   -257677.624, 
   -494944.254
  ], 
  [
   855170.037, 
   913554.248
  ], 
  [
   -439244.771, 
   956767.245
  ], 
  [
   877612.556, 
   252159.946
  ], 
  [
   464861.524, 
   706843.068
  ], 
  [
   -460526.922, 
   -769931.515
  ], 
  [
   943491.464, 
   -666062.955
  ], 
  [
   967481.822, 
   695074.672
  ], 
  [
   505111.869, 
   634795.512
  ], 
  [
   -251324.035, 
   -313597.178
  ], 
  [
   -920565.919, 
   238662.931
  ], 
  [
   -702396.572, 
   -632157.133
  ]
 ], 
 "PUV": [
  false, 
  false, 
  false, 
  false, 
  false, 
  true, 
  true, 
  false, 
  true, 
  false, 
  false, 
  false, 
  false, 
  true, 
  false
 ], 
 "LCM": {
  "11": [
   "ORR", 
   "ORR", 
   "NOTUSED", 
   "NOTUSED", 
   "ANDD", 
   "ORR", 
   "NOTUSED", 
   "NOTUSED", 
   "NOTUSED", 
   "ANDD", 
   "ANDD", 
   "ORR", 
   "NOTUSED", 
   "ORR", 
   "NOTUSED"
  ], 
  "10": [
   "ANDD", 
   "NOTUSED", 
   "NOTUSED", 
   "NOTUSED", 
   "ORR", 
   "ANDD", 
   "ANDD", 
   "ANDD", 
   "ANDD", 
   "ORR", 
   "ORR", 
   "ANDD", 
   "ORR", 
   "NOTUSED", 
   "NOTUSED"
  ], 
  "13": [
   "NOTUSED", 
   "ANDD", 
   "NOTUSED", 
   "NOTUSED", 
   "NOTUSED", 
   "NOTUSED", 
   "NOTUSED", 
   "ANDD", 
   "NOTUSED", 
   "NOTUSED", 
   "NOTUSED", 
   "ORR", 
   "NOTUSED", 
   "NOTUSED", 
   "ANDD"
  ], 
  "12": [
   "NOTUSED", 
   "NOTUSED", 
   "ANDD", 
   "ORR", 
   "ORR", 
   "ANDD", 
   "ORR", 
   "ORR", 
   "NOTUSED", 
   "ANDD", 
   "ORR", 
   "NOTUSED", 
   "ANDD", 
   "NOTUSED", 
   "NOTUSED"
  ], 
  "14": [
   "ANDD", 
   "ANDD", 
   "ORR", 
   "ORR", 
   "ORR", 
   "NOTUSED", 
   "ANDD", 
   "ORR", 
   "NOTUSED", 
   "NOTUSED", 
   "NOTUSED", 
   "NOTUSED", 
   "NOTUSED", 
   "ANDD", 
   "NOTUSED"
  ], 
  "1": [
   "ANDD", 
   "ORR", 
   "ANDD", 
   "ANDD", 
   "ANDD", 
   "NOTUSED", 
   "NOTUSED", 
   "NOTUSED", 
   "ORR", 
   "NOTUSED", 
   "NOTUSED", 
   "ORR", 
   "NOTUSED", 
   "ANDD", 
   "ANDD"
  ], 
  "0": [
   "ANDD", 
   "ANDD", 
   "ORR", 
   "ANDD", 
   "ANDD", 
   "ORR", 
   "ANDD", 
   "NOTUSED", 
   "NOTUSED", 
   "ANDD", 
   "ANDD", 
   "ORR", 
   "NOTUSED", 
   "NOTUSED", 
   "ANDD"
  ], 
  "3": [
   "ANDD", 
   "ANDD", 
   "NOTUSED", 
   "NOTUSED", 
   "NOTUSED", 
   "ANDD", 
   "NOTUSED", 
   "ORR", 
   "ORR", 
   "ORR", 
   "NOTUSED", 
   "NOTUSED", 
   "ORR", 
   "NOTUSED", 
   "ORR"
  ], 
  "2": [
   "ORR", 
   "ANDD", 
   "NOTUSED", 
   "NOTUSED", 
   "ORR", 
   "ORR", 
   "NOTUSED", 
   "ORR", 
   "ANDD", 
   "NOTUSED", 
   "NOTUSED", 
   "NOTUSED", 
   "ANDD", 
   "NOTUSED", 
   "ORR"
  ], 
  "5": [
   "ORR", 
   "NOTUSED", 
   "ORR", 
   "ANDD", 
   "NOTUSED", 
   "NOTUSED", 
   "ANDD", 
   "ORR", 
   "NOTUSED", 
   "ORR", 
   "ANDD", 
   "ORR", 
   "ANDD", 
   "NOTUSED", 
   "NOTUSED"
  ], 
  "4": [
   "ANDD", 
   "ANDD", 
   "ORR", 
   "NOTUSED", 
   "NOTUSED", 
   "NOTUSED", 
   "ANDD", 
   "ORR", 
   "ORR", 
   "ORR", 
   "ORR", 
   "ANDD", 
   "ORR", 
   "NOTUSED", 
   "ORR"
  ], 
  "7": [
   "NOTUSED", 
   "NOTUSED", 
   "ORR", 
   "ORR", 
   "ORR", 
   "ORR", 
   "NOTUSED", 
   "ANDD", 
   "NOTUSED", 
   "ORR", 
   "ANDD", 
   "NOTUSED", 
   "ORR", 
   "ANDD", 
   "ORR"
  ], 
  "6": [
   "ANDD", 
   "NOTUSED", 
   "NOTUSED", 
   "NOTUSED", 
   "ANDD", 
   "ANDD", 
   "NOTUSED", 
   "NOTUSED", 
   "ANDD", 
   "NOTUSED", 
   "ANDD", 
   "NOTUSED", 
   "ORR", 
   "NOTUSED", 
   "ANDD"
  ], 
  "9": [
   "ANDD", 
   "NOTUSED", 
   "NOTUSED", 
   "ORR", 
   "ORR", 
   "ORR", 
   "NOTUSED", 
   "ORR", 
   "ORR", 
   "ANDD", 
   "ORR", 
   "ANDD", 
   "ANDD", 
   "NOTUSED", 
   "NOTUSED"
  ], 
  "8": [
   "NOTUSED", 
   "ORR", 
   "ANDD", 
   "ORR", 
   "ORR", 
   "NOTUSED", 
   "ANDD", 
   "NOTUSED", 
   "ORR", 
   "ORR", 
   "ANDD", 
   "NOTUSED", 
   "NOTUSED", 
   "NOTUSED", 
   "NOTUSED"
  ]
 }
}