{
 "random_seed": 3292671740, 
 "PARAMETERS": {
  "RADIUS1": 804954.791, 
  "QUADS": 2, 
  "RADIUS2": 225499.686, 
  "DIST": 601927.138, 
  "F_PTS": 9, 
  "K_PTS": 18, 
  "EPSILON": 0.601, 
  "LENGTH1": 872962.66, 
  "G_PTS": 19, 
  "Q_PTS": 47, 
  "N_PTS": 35, 
  "C_PTS": 28, 
  "AREA2": 217410.111, 
  "LENGTH2": 420007.716, 
  "B_PTS": 27, 
  "D_PTS": 18, 
  "AREA1": 674787.499, 
  "A_PTS": 13, 
  "E_PTS": 5
 }, 
 "NUMPOINTS": 52, 
 "points": [
  [
   -514464.816, 
   497156.017
  ], 
  [
   -516940.121, 
   671698.159
  ], 
  [
   -578352.268, 
   -703672.733
  ], 
  [
   192241.096, 
   -143333.892
  ], 
  [
   914433.859, 
   -788203.556
  ], 
  [
   147450.813, 
   2083.823
  ], 
  [
   -751567.412, 
   -140560.96
  ], 
  [
   -168345.711, 
   -749365.331
  ], 
  [
   -324551.597, 
   -602076.104
  ], 
  [
   -105550.215, 
   842922.151
  ], 
  [
   -599001.588, 
   93509.992
  ], 
  [
   813364.285, 
   431133.605
  ], 
  [
   -949750.289, 
   -73516.851
  ], 
  [
   808803.078, 
   -169969.332
  ], 
  [
   230210.02, 
   291427.625
  ], 
  [
   102825.848, 
   501043.295
  ], 
  [
   556086.279, 
   758800.235
  ], 
  [
   363238.167, 
   868034.826
  ], 
  [
   765894.349, 
   -751667.56
  ], 
  [
   -579168.679, 
   -34409.597
  ], 
  [
   -247897.905, 
   947372.735
  ], 
  [
   -752576.575, 
   -761456.385
  ], 
  [
   599565.734, 
   821419.676
  ], 
  [
   -391940.818, 
   110624.985
  ], 
  [
   473832.128, 
   11825.899
  ], 
  [
   698058.361, 
   737358.631
  ], 
  [
   -304983.988, 
   168043.791
  ], 
  [
   977019.628, 
   189926.922
  ], 
  [
   740169.06, 
   -240368.47
  ], 
  [
   360034.26, 
   984128.174
  ], 
  [
   340176.372, 
   182492.807
  ], 
  [
   516840.857, 
   69297.439
  ], 
  [
   -609570.355, 
   422150.079
  ], 
  [
   119271.149, 
   -741203.61
  ], 
  [
   489190.219, 
   534921.041
  ], 
  [
   985923.052, 
   760216.928
  ], 
  [
   673161.673, 
   804970.113
  ], 
  [
   -26883.1, 
   -679879.466
  ], 
  [
   274079.957, 
   -674062.161
  ], 
  [
   183120.759, 
   -454633.161
  ], 
  [
   -584204.719, 
   47784.367
  ], 
  [
   991760.492, 
   -857853.741
  ], 
  [
   -459960.259, 
   -906083.769
  ], 
  [
   149106.292, 
   374094.892
  ], 
  [
   -910624.534, 
   655114.515
  ], 
  [
   -693286.569, 
   148425.156
  ], 
  [
   641310.85, 
   -65490.252
  ], 
  [
   602379.62, 
   59488.227
  ], 
  [
   393653.902, 
   -640547.517
  ], 
  [
   330861.136, 
   469444.4
  ], 
  [
   -500953.131, 
   -540288.122
  ], 
  [
   905255.46, 
   940117.357
  ]
 ], 
 "PUV": [
  false, 
  true, 
  false, 
  false, 
  true, 
  true, 
  false, 
  false, 
  true, 
  true, 
  true, 
  false, 
  false, 
  true, 
  false
 ], 
 "LCM": {
  "11": [
   "ORR", 
   "ANDD", 
   "ORR", 
   "ANDD", 
   "NOTUSED", 
   "NOTUSED", 
   "ANDD", 
   "ANDD", 
   "NOTUSED", 
   "NOTUSED", 
   "ORR", 
   "ORR", 
   "ANDD", 
   "ANDD", 
   "NOTUSED"
  ], 
  "10": [
   "ANDD", 
   "ANDD", 
   "NOTUSED", 
   "NOTUSED", 
   "ORR", 
   "NOTUSED", 
   "NOTUSED", 
   "ORR", 
   "NOTUSED", 
   "ORR", 
   "ANDD", 
   "ORR", 
   "ANDD", 
   "NOTUSED", 
   "ORR"
  ], 
  "13": [
   "ORR", 
   "ORR", 
   "ORR", 
   "ORR", 
   "ANDD", 
   "NOTUSED", 
   "ORR", 
   "ANDD", 
   "ORR", 
   "ANDD", 
   "NOTUSED", 
   "ANDD", 
   "ANDD", 
   "ORR", 
   "NOTUSED"
  ], 
  "12": [
   "NOTUSED", 
   "NOTUSED", 
   "ANDD", 
   "ANDD", 
   "ORR", 
   "ANDD", 
   "NOTUSED", 
   "ORR", 
   "ORR", 
   "ORR", 
   "ANDD", 
   "ANDD", 
   "ANDD", 
   "ANDD", 
   "ANDD"
  ], 
  "14": [
   "NOTUSED", 
   "NOTUSED", 
   "NOTUSED", 
   "ORR", 
   "ANDD", 
   "ORR", 
   "ORR", 
   "NOTUSED", 
   "NOTUSED", 
   "NOTUSED", 
   "ORR", 
   "NOTUSED", 
   "ANDD", 
   "NOTUSED", 
   "ANDD"
  ], 
  "1": [
   "ANDD", 
   "ORR", 
   "NOTUSED", 
   "ORR", 
   "ORR", 
   "ORR", 
   "ORR", 
   "ANDD", 
   "ORR", 
   "NOTUSED", 
   "ANDD", 
   "ANDD", 
   "NOTUSED", 
   "ORR", 
   "NOTUSED"
  ], 
  "0": [
   "ANDD", 
   "ANDD", 
   "ANDD", 
   "ANDD", 
   "NOTUSED", 
   "ANDD", 
   "NOTUSED", 
   "ORR", 
   "ORR", 
   "NOTUSED", 
   "ANDD", 
   "ORR", 
   "NOTUSED", 
   "ORR", 
   "NOTUSED"
  ], 
  "3": [
   "ANDD", 
   "ORR", 
   "ANDD", 
   "NOTUSED", 
   "NOTUSED", 
   "ANDD", 
   "ANDD", 
   "NOTUSED", 
   "NOTUSED", 
   "ORR", 
   "NOTUSED", 
   "ANDD", 
   "ANDD", 
   "ORR", 
   "ORR"
  ], 
  "2": [
   "ANDD", 
   "NOTUSED", 
   "NOTUSED", 
   "ANDD", 
   "ANDD", 
   "ORR", 
   "ORR", 
   "ORR", 
   "ANDD", 
   "NOTUSED", 
   "NOTUSED", 
   "ORR", 
   "ANDD", 
   "ORR", 
   "NOTUSED"
  ], 
  "5": [
   "ANDD", 
   "ORR", 
   "ORR", 
   "ANDD", 
   "ORR", 
   "ORR", 
   "ANDD", 
   "NOTUSED", 
   "ANDD", 
   "NOTUSED", 
   "NOTUSED", 
   "NOTUSED", 
   "ANDD", 
   "NOTUSED", 
   "ORR"
  ], 
  "4": [
   "NOTUSED", 
   "ORR", 
   "ANDD", 
   "NOTUSED", 
   "ORR", 
   "ORR", 
   "ANDD", 
   "ORR", 
   "NOTUSED", 
   "NOTUSED", 
   "ORR", 
   "NOTUSED", 
   "ORR", 
   "ANDD", 
   "ANDD"
  ], 
  "7": [
   "ORR", 
   "ANDD", 
   "ORR", 
   "NOTUSED", 
   "ORR", 
   "NOTUSED", 
   "ANDD", 
   "NOTUSED", 
   "ANDD", 
   "ANDD", 
   "ORR", 
   "ANDD", 
   "ORR", 
   "ANDD", 
   "NOTUSED"
  ], 
  "6": [
   "NOTUSED", 
   "ORR", 
   "ORR", 
   "ANDD", 
   "ANDD", 
   "ANDD", 
   "ORR", 
   "ANDD", 
   "ANDD", 
   "ORR", 
   "NOTUSED", 
   "ANDD", 
   "NOTUSED", 
   "ORR", 
   "ORR"
  ], 
  "9": [
   "NOTUSED", 
   "NOTUSED", 
   "NOTUSED", 
   "ORR", 
   "NOTUSED", 
   "NOTUSED", 
   "ORR", 
   "ANDD", 
   "ORR", 
   "ORR", 
   "ORR", 
   "NOTUSED", 
   "ORR", 
   "ANDD", 
   "NOTUSED"
  ], 
  "8": [
   "ORR", 
   "ORR", 
   "ANDD", 
   "NOTUSED", 
   "NOTUSED", 
   "ANDD", 
   "ANDD", 
   "ANDD", 
   "ANDD", 
   "ORR", 
   "NOTUSED", 
   "NOTUSED", 
   "ORR", 
   "ORR", 
   "NOTUSED"
  ]
 }
}