{
 "random_seed": 3550582342, 
 "PARAMETERS": {
  "RADIUS1": 622065.591, 
  "QUADS": 3, 
  "RADIUS2": 578543.12, 
  "DIST": 807701.663, 
  "F_PTS": 17, 
  "K_PTS": 33, 
  "EPSILON": 2.464, 
  "LENGTH1": 319647.518, 
  "G_PTS": 16, 
  "Q_PTS": 14, 
  "N_PTS": 28, 
  "C_PTS": 23, 
  "AREA2": 379019.834, 
  "LENGTH2": 86206.224, 
  "B_PTS": 27, 
  "D_PTS": 14, 
  "AREA1": 756597.276, 
  "A_PTS": 17, 
  "E_PTS": 2
 }, 
 "NUMPOINTS": 47, 
 "points": [
  [
   -891865.27, 
   -901794.138
  ], 
  [
   -668412.623, 
   95287.677
  ], 
  [
   960548.382, 
   640561.299
  ], 
  [
   -270768.042, 
   -902786.943
  ], 
  [
   652772.77, 
   -740743.031
  ], 
  [
   -411198.388, 
   658444.63
  ], 
  [
   369322.433, 
   923608.664
  ], 
  [
   971820.962, 
   289773.055
  ], 
  [
   -371488.681, 
   -892310.419
  ], 
  [
   -52201.459, 
   -387186.31
  ], 
  [
   -657754.105, 
   402030.868
  ], 
  [
   725703.77, 
   908468.673
  ], 
  [
   -839131.904, 
   -932143.181
  ], 
  [
   301306.429, 
   -122515.74
  ], 
  [
   344174.425, 
   -692624.875
  ], 
  [
   623179.606, 
   -409790.952
  ], 
  [
   -922686.126, 
   69430.401
  ], 
  [
   -489271.552, 
   769868.701
  ], 
  [
   -830489.528, 
   743319.415
  ], 
  [
   -701985.955, 
   -79175.428
  ], 
  [
   -923215.506, 
   -117237.354
  ], 
  [
   565287.5, 
   -508829.765
  ], 
  [
   836484.902, 
   741022.826
  ], 
  [
   -405590.158, 
   612708.92
  ], 
  [
   -269829.57, 
   56949.111
  ], 
  [
   -435653.755, 
   -349046.86
  ], 
  [
   -89424.209, 
   763517.424
  ], 
  [
   942160.024, 
   -667433.707
  ], 
  [
   523019.245, 
   -690268.903
  ], 
  [
   -162614.927, 
   -615375.593
  ], 
  [
   -149175.446, 
   -308491.929
  ], 
  [
   446083.19, 
   -545605.444
  ], 
  [
   382846.566, 
   -880637.197
  ], 
  [
   48498.884, 
   -533511.796
  ], 
  [
   633859.819, 
   993866.339
  ], 
  [
   -443128.723, 
   -357266.764
  ], 
  [
   -500366.609, 
   -732369.105
  ], 
  [
   130182.129, 
   -99982.111
  ], 
  [
   -755189.399, 
   214245.133
  ], 
  [
   947132.762, 
   -917551.185
  ], 
  [
   -279763.488, 
   -750543.219
  ], 
  [
   -884423.529, 
   -699566.73
  ], 
  [
   -598779.343, 
   -956227.196
  ], 
  [
   940510.519, 
   -430155.979
  ], 
  [
   -814000.074, 
   -554199.124
  ], 
  [
   -268360.962, 
   923390.7
  ], 
  [
   840278.325, 
   139021.66
  ]
 ], 
 "PUV": [
  false, 
  true, 
  true, 
  false, 
  true, 
  true, 
  true, 
  true, 
  true, 
  true, 
  false, 
  true, 
  false, 
  false, 
  true
 ], 
 "LCM": {
  "11": [
   "ANDD", 
   "ORR", 
   "ANDD", 
   "ORR", 
   "ORR", 
   "ORR", 
   "ORR", 
   "ORR", 
   "ORR", 
   "ANDD", 
   "NOTUSED", 
   "ORR", 
   "NOTUSED", 
   "ORR", 
   "NOTUSED"
  ], 
  "10": [
   "NOTUSED", 
   "NOTUSED", 
   "NOTUSED", 
   "ANDD", 
   "ANDD", 
   "NOTUSED", 
   "ORR", 
   "ANDD", 
   "ORR", 
   "ORR", 
   "ANDD", 
   "NOTUSED", 
   "ORR", 
   "ANDD", 
   "ORR"
  ], 
  "13": [
   "NOTUSED", 
   "NOTUSED", 
   "ANDD", 
   "ORR", 
   "ORR", 
   "ORR", 
   "NOTUSED", 
   "ANDD", 
   "ORR", 
   "NOTUSED", 
   "ANDD", 
   "ORR", 
   "NOTUSED", 
   "NOTUSED", 
   "ORR"
  ], 
  "12": [
   "ORR", 
   "ORR", 
   "NOTUSED", 
   "NOTUSED", 
   "ORR", 
   "ORR", 
   "NOTUSED", 
   "NOTUSED", 
   "ANDD", 
   "NOTUSED", 
   "ORR", 
   "NOTUSED", 
   "NOTUSED", 
   "NOTUSED", 
   "ANDD"
  ], 
  "14": [
   "ANDD", 
   "ANDD", 
   "ANDD", 
   "NOTUSED", 
   "NOTUSED", 
   "ANDD", 
   "ANDD", 
   "NOTUSED", 
   "NOTUSED", 
   "NOTUSED", 
   "ORR", 
   "NOTUSED", 
   "ANDD", 
   "ORR", 
   "ANDD"
  ], 
  "1": [
   "ANDD", 
   "ORR", 
   "ORR", 
   "NOTUSED", 
   "ORR", 
   "ORR", 
   "ORR", 
   "ANDD", 
   "NOTUSED", 
   "ANDD", 
   "NOTUSED", 
   "ORR", 
   "ORR", 
   "NOTUSED", 
   "ANDD"
  ], 
  "0": [
   "NOTUSED", 
   "ANDD", 
   "NOTUSED", 
   "NOTUSED", 
   "ANDD", 
   "NOTUSED", 
   "NOTUSED", 
   "ANDD", 
   "ANDD", 
   "NOTUSED", 
   "NOTUSED", 
   "ANDD", 
   "ORR", 
   "NOTUSED", 
   "ANDD"
  ], 
  "3": [
   "NOTUSED", 
   "NOTUSED", 
   "NOTUSED", 
   "ORR", 
   "ANDD", 
   "NOTUSED", 
   "ORR", 
   "NOTUSED", 
   "NOTUSED", 
   "ANDD", 
   "ANDD", 
   "ORR", 
   "NOTUSED", 
   "ORR", 
   "NOTUSED"
  ], 
  "2": [
   "NOTUSED", 
   "ORR", 
   "NOTUSED", 
   "NOTUSED", 
   "ANDD", 
   "ORR", 
   "ANDD", 
   "NOTUSED", 
   "NOTUSED", 
   "ORR", 
   "NOTUSED", 
   "ANDD", 
   "NOTUSED", 
   "ANDD", 
   "ANDD"
  ], 
  "5": [
   "NOTUSED", 
   "ORR", 
   "ORR", 
   "NOTUSED", 
   "NOTUSED", 
   "ANDD", 
   "NOTUSED", 
   "NOTUSED", 
   "ORR", 
   "ANDD", 
   "NOTUSED", 
   "ORR", 
   "ORR", 
   "ORR", 
   "ANDD"
  ], 
  "4": [
   "ANDD", 
   "ORR", 
   "ANDD", 
   "ANDD", 
   "NOTUSED", 
   "NOTUSED", 
   "NOTUSED", 
   "ORR", 
   "ORR", 
   "NOTUSED", 
   "ANDD", 
   "ORR", 
   "ORR", 
   "ORR", 
   "NOTUSED"
  ], 
  "7": [
   "ANDD", 
   "ANDD", 
   "NOTUSED", 
   "NOTUSED", 
   "ORR", 
   "NOTUSED", 
   "NOTUSED", 
   "ORR", 
   "ORR", 
   "NOTUSED", 
   "ANDD", 
   "ORR", 
   "NOTUSED", 
   "ANDD", 
   "NOTUSED"
  ], 
  "6": [
   "NOTUSED", 
   "ORR", 
   "ANDD", 
   "ORR", 
   "NOTUSED", 
   "NOTUSED", 
   "ORR", 
   "NOTUSED", 
   "NOTUSED", 
   "ORR", 
   "ORR", 
   "ORR", 
   "NOTUSED", 
   "NOTUSED", 
   "ANDD"
  ], 
  "9": [
   "NOTUSED", 
   "ANDD", 
   "ORR", 
   "ANDD", 
   "NOTUSED", 
   "ANDD", 
   "ORR", 
   "NOTUSED", 
   "ANDD", 
   "ANDD", 
   "ORR", 
   "ANDD", 
   "NOTUSED", 
   "NOTUSED", 
   "NOTUSED"
  ], 
  "8": [
   "ANDD", 
   "NOTUSED", 
   "NOTUSED", 
   "NOTUSED", 
   "ORR", 
   "ORR", 
   "NOTUSED", 
   "ORR", 
   "NOTUSED", 
   "ANDD", 
   "ORR", 
   "ORR", 
   "ANDD", 
   "ORR", 
   "NOTUSED"
  ]
 }
}