{
 "random_seed": 3563431200, 
 "PARAMETERS": {
  "RADIUS1": 829248.487, 
  "QUADS": 3, 
  "RADIUS2": 303167.747, 
  "DIST": 883816.276, 
  "F_PTS": 25, 
  "K_PTS": 42, 
  "EPSILON": 0.227, 
  "LENGTH1": 15363.226, 
  "G_PTS": 58, 
  "Q_PTS": 25, 
  "N_PTS": 35, 
  "C_PTS": 59, 
  "AREA2": 153980.369, 
  "LENGTH2": 579126.102, 
  "B_PTS": 9, 
  "D_PTS": 6, 
  "AREA1": 803438.45, 
  "A_PTS": 42, 
  "E_PTS": 22
 }, 
 "NUMPOINTS": 81, 
 "points": [
  [
   797680.664, 
   686904.881
  ], 
  [
   289750.729, 
   -6662.851
  ], 
  [
   598536.623, 
   978588.367
  ], 
  [
   -438397.162, 
   -453361.229
  ], 
  [
   -136570.511, 
   497434.871
  ], 
  [
   856282.951, 
   124893.536
  ], 
  [
   -8303.134, 
   417741.12
  ], 
  [
   83285.036, 
   -712273.948
  ], 
  [
   471990.43, 
   -440211.45
  ], 
  [
   823972.181, 
   343709.722
  ], 
  [
   797090.589, 
   170627.097
  ], 
  [
   -14885.504, 
   856766.83
  ], 
  [
   -136957.635, 
   188863.731
  ], 
  [
   27230.946, 
   -14222.238
  ], 
  [
   -562266.219, 
   -30842.286
  ], 
  [
   650109.557, 
   980185.491
  ], 
  [
   -274869.072, 
   279387.598
  ], 
  [
   -98517.915, 
   423562.41
  ], 
  [
   410621.695, 
   -61104.682
  ], 
  [
   -591053.327, 
   -69668.8
  ], 
  [
   977028.154, 
   -883489.458
  ], 
  [
   562151.055, 
   907585.135
  ], 
  [
   812868.294, 
   218309.089
  ], 
  [
   -846657.856, 
   753074.027
  ], 
  [
   -915311.276, 
   835703.222
  ], 
  [
   527340.871, 
   118191.884
  ], 
  [
   -822995.629, 
   -88209.23
  ], 
  [
   96898.19, 
   -529257.079
  ], 
  [
   -532831.441, 
   -704559.494
  ], 
  [
   96449.645, 
   -91783.13
  ], 
  [
   653162.829, 
   134145.413
  ], 
  [
   437594.802, 
   50085.491
  ], 
  [
   811554.415, 
   951288.486
  ], 
  [
   -694095.141, 
   942059.307
  ], 
  [
   -648839.238, 
   -623339.754
  ], 
  [
   755922.925, 
   -786761.294
  ], 
  [
   -456941.765, 
   586474.06
  ], 
  [
   -732099.606, 
   725875.412
  ], 
  [
   169944.463, 
   441333.841
  ], 
  [
   891727.943, 
   899335.77
  ], 
  [
   -604105.288, 
   -925425.578
  ], 
  [
   -20403.843, 
   -834026.698
  ], 
  [
   -965160.4, 
   160954.358
  ], 
  [
   -929715.453, 
   -957683.87
  ], 
  [
   -867851.745, 
   -909594.275
  ], 
  [
   481388.265, 
   308918.869
  ], 
  [
   58996.026, 
   -626078.089
  ], 
  [
   -990995.706, 
   93155.972
  ], 
  [
   284873.084, 
   744475.702
  ], 
  [
   -385613.393, 
   -213999.338
  ], 
  [
   -752781.544, 
   -751675.176
  ], 
  [
   -17402.682, 
   363369.746
  ], 
  [
   -744145.805, 
   -834882.12
  ], 
  [
   382556.982, 
   -822017.696
  ], 
  [
   -94323.58, 
   -996691.824
  ], 
  [
   9208.731, 
   -114305.185
  ], 
  [
   799891.742, 
   378781.132
  ], 
  [
   -587456.358, 
   449278.249
  ], 
  [
   -119768.415, 
   613359.496
  ], 
  [
   -604616.604, 
   -651944.47
  ], 
  [
   971351.814, 
   -940516.922
  ], 
  [
   -223520.755, 
   -595189.462
  ], 
  [
   -897639.091, 
   -698667.107
  ], 
  [
   -587398.252, 
   737096.854
  ], 
  [
   42290.249, 
   -854227.928
  ], 
  [
   -722656.878, 
   140255.87
  ], 
  [
   -870865.03, 
   399415.75
  ], 
  [
   -480588.574, 
   -992854.715
  ], 
  [
   928976.925, 
   946435.642
  ], 
  [
   -999701.71, 
   -221247.88
  ], 
  [
   -604005.195, 
   883408.744
  ], 
  [
   -138420.842, 
   630128.48
  ], 
  [
   155380.322, 
   -298554.786
  ], 
  [
   544469.119, 
   -724345.322
  ], 
  [
   642598.166, 
   -782974.6
  ], 
  [
   -732617.076, 
   -25325.512
  ], 
  [
   469533.794, 
   -933745.497
  ], 
  [
   -798834.887, 
   889273.579
  ], 
  [
   -186155.268, 
   -698976.816
  ], 
  [
   -902812.459, 
   959718.527
  ], 
  [
   419210.613, 
   -508693.597
  ]
 ], 
 "PUV": [
  false, 
  true, 
  true, 
  true, 
  false, 
  true, 
  true, 
  true, 
  false, 
  true, 
  true, 
  false, 
  true, 
  true, 
  true
 ], 
 "LCM": {
  "11": [
   "ANDD", 
   "ORR", 
   "NOTUSED", 
   "ORR", 
   "ANDD", 
   "ANDD", 
   "ANDD", 
   "ANDD", 
   "NOTUSED", 
   "ANDD", 
   "ANDD", 
   "ANDD", 
   "ORR", 
   "NOTUSED", 
   "NOTUSED"
  ], 
  "10": [
   "ANDD", 
   "ANDD", 
   "ANDD", 
   "ORR", 
   "ORR", 
   "ANDD", 
   "NOTUSED", 
   "ANDD", 
   "ANDD", 
   "ORR", 
   "ANDD", 
   "ANDD", 
   "ORR", 
   "NOTUSED", 
   "ANDD"
  ], 
  "13": [
   "ORR", 
   "NOTUSED", 
   "ANDD", 
   "ORR", 
   "ANDD", 
   "ANDD", 
   "ORR", 
   "ORR", 
   "NOTUSED", 
   "NOTUSED", 
   "NOTUSED", 
   "NOTUSED", 
   "ORR", 
   "ORR", 
   "NOTUSED"
  ], 
  "12": [
   "NOTUSED", 
   "ORR", 
   "ORR", 
   "ORR", 
   "NOTUSED", 
   "ANDD", 
   "ORR", 
   "NOTUSED", 
   "ANDD", 
   "ANDD", 
   "ORR", 
   "ORR", 
   "ORR", 
   "ORR", 
   "ORR"
  ], 
  "14": [
   "NOTUSED", 
   "ANDD", 
   "NOTUSED", 
   "ORR", 
   "ANDD", 
   "ORR", 
   "ANDD", 
   "ORR", 
   "NOTUSED", 
   "ORR", 
   "ANDD", 
   "NOTUSED", 
   "ORR", 
   "NOTUSED", 
   "ORR"
  ], 
  "1": [
   "ANDD", 
   "ANDD", 
   "ANDD", 
   "NOTUSED", 
   "NOTUSED", 
   "NOTUSED", 
   "ORR", 
   "ANDD", 
   "NOTUSED", 
   "ORR", 
   "ANDD", 
   "ORR", 
   "ORR", 
   "NOTUSED", 
   "ANDD"
  ], 
  "0": [
   "ANDD", 
   "ANDD", 
   "ANDD", 
   "NOTUSED", 
   "ORR", 
   "ORR", 
   "ANDD", 
   "ORR", 
   "ORR", 
   "ORR", 
   "ANDD", 
   "ANDD", 
   "NOTUSED", 
   "ORR", 
   "NOTUSED"
  ], 
  "3": [
   "NOTUSED", 
   "NOTUSED", 
   "NOTUSED", 
   "ORR", 
   "NOTUSED", 
   "ORR", 
   "ANDD", 
   "ANDD", 
   "NOTUSED", 
   "ORR", 
   "ORR", 
   "ORR", 
   "ORR", 
   "ORR", 
   "ORR"
  ], 
  "2": [
   "ANDD", 
   "ANDD", 
   "ANDD", 
   "NOTUSED", 
   "ANDD", 
   "NOTUSED", 
   "NOTUSED", 
   "ORR", 
   "ANDD", 
   "NOTUSED", 
   "ANDD", 
   "NOTUSED", 
   "ORR", 
   "ANDD", 
   "NOTUSED"
  ], 
  "5": [
   "ORR", 
   "NOTUSED", 
   "NOTUSED", 
   "ORR", 
   "ORR", 
   "NOTUSED", 
   "ORR", 
   "ORR", 
   "ORR", 
   "ORR", 
   "ANDD", 
   "ANDD", 
   "ANDD", 
   "ANDD", 
   "ORR"
  ], 
  "4": [
   "ORR", 
   "NOTUSED", 
   "ANDD", 
   "NOTUSED", 
   "NOTUSED", 
   "ORR", 
   "ORR", 
   "ANDD", 
   "ANDD", 
   "ORR", 
   "ORR", 
   "ANDD", 
   "NOTUSED", 
   "ANDD", 
   "ANDD"
  ], 
  "7": [
   "ORR", 
   "ANDD", 
   "ORR", 
   "ANDD", 
   "ANDD", 
   "ORR", 
   "NOTUSED", 
   "NOTUSED", 
   "ORR", 
   "ORR", 
   "ANDD", 
   "ANDD", 
   "NOTUSED", 
   "ORR", 
   "ORR"
  ], 
  "6": [
   "ANDD", 
   "ORR", 
   "NOTUSED", 
   "ANDD", 
   "ORR", 
   "ORR", 
   "ANDD", 
   "NOTUSED", 
   "ORR", 
   "ANDD", 
   "NOTUSED", 
   "ANDD", 
   "ORR", 
   "ORR", 
   "ANDD"
  ], 
  "9": [
   "ORR", 
   "ORR", 
   "NOTUSED", 
   "ORR", 
   "ORR", 
   "ORR", 
   "ANDD", 
   "ORR", 
   "ANDD", 
   "ORR", 
   "ORR", 
   "ANDD", 
   "ANDD", 
   "NOTUSED", 
   "ORR"
  ], 
  "8": [
   "ORR", 
   "NOTUSED", 
   "ANDD", 
   "NOTUSED", 
   "ANDD", 
   "ORR", 
   "ORR", 
   "ORR", 
   "ORR", 
   "ANDD", 
   "ANDD", 
   "NOTUSED", 
   "ANDD", 
   "NOTUSED", 
   "NOTUSED"
  ]
 }
}