{
 "random_seed": 3512467498, 
 "PARAMETERS": {
  "RADIUS1": 775959.662, 
  "QUADS": 3, 
  "RADIUS2": 575981.33, 
  "DIST": 187162.736, 
  "F_PTS": 9, 
  "K_PTS": 71, 
  "EPSILON": 0.128, 
  "LENGTH1": 862815.831, 
  "G_PTS": 55, 
  "Q_PTS": 70, 
  "N_PTS": 50, 
  "C_PTS": 46, 
  "AREA2": 354595.792, 
  "LENGTH2": 675448.275, 
  "B_PTS": 19, 
  "D_PTS": 14, 
  "AREA1": 360178.261, 
  "A_PTS": 41, 
  "E_PTS": 20
 }, 
 "NUMPOINTS": 76, 
 "points": [
  [
   -387842.661, 
   -381199.224
  ], 
  [
   -619313.461, 
   675458.899
  ], 
  [
   -170534.777, 
   -134491.237
  ], 
  [
   -430467.732, 
   90323.794
  ], 
  [
   797152.308, 
   -915244.277
  ], 
  [
   -267937.842, 
   -40252.778
  ], 
  [
   104922.945, 
   -210515.542
  ], 
  [
   -499719.324, 
   102726.097
  ], 
  [
   -470530.403, 
   -652372.666
  ], 
  [
   966523.878, 
   -493278.405
  ], 
  [
   -435951.503, 
   839870.199
  ], 
  [
   528363.85, 
   216511.72
  ], 
  [
   938700.736, 
   -333684.557
  ], 
  [
   654347.218, 
   -31396.654
  ], 
  [
   -604961.506, 
   495608.937
  ], 
  [
   -697477.196, 
   -480920.4
  ], 
  [
   -993354.301, 
   -300578.682
  ], 
  [
   -118929.476, 
   -80312.371
  ], 
  [
   746559.571, 
   -183211.263
  ], 
  [
   -75160.917, 
   -961581.802
  ], 
  [
   -982389.915, 
   90087.137
  ], 
  [
   714012.442, 
   -533852.972
  ], 
  [
   93384.985, 
   525170.467
  ], 
  [
   -34455.783, 
   749091.52
  ], 
  [
   844070.435, 
   265559.66
  ], 
  [
   244540.157, 
   907145.8
  ], 
  [
   -576210.685, 
   6119.043
  ], 
  [
   -25895.428, 
   872974.805
  ], 
  [
   -849041.841, 
   833530.739
  ], 
  [
   -596690.506, 
   -1514.86
  ], 
  [
   -75637.516, 
   684686.859
  ], 
  [
   712031.706, 
   -573251.822
  ], 
  [
   204408.801, 
   716483.731
  ], 
  [
   153406.146, 
   482356.194
  ], 
  [
   387215.885, 
   -912050.207
  ], 
  [
   494254.195, 
   -733344.561
  ], 
  [
   -935086.621, 
   -537401.747
  ], 
  [
   -852747.265, 
   -474437.277
  ], 
  [
   -655443.819, 
   583720.175
  ], 
  [
   -101966.72, 
   -231801.184
  ], 
  [
   -443684.992, 
   -650074.474
  ], 
  [
   600667.937, 
   466253.35
  ], 
  [
   -641123.48, 
   958394.121
  ], 
  [
   399253.597, 
   -358455.405
  ], 
  [
   94955.97, 
   -292227.184
  ], 
  [
   880681.286, 
   939379.503
  ], 
  [
   599408.688, 
   -266152.011
  ], 
  [
   877536.698, 
   -865883.691
  ], 
  [
   -605505.278, 
   -399297.796
  ], 
  [
   -384964.716, 
   -532583.603
  ], 
  [
   713743.159, 
   223678.047
  ], 
  [
   340031.305, 
   -217951.328
  ], 
  [
   555601.604, 
   -667488.406
  ], 
  [
   515680.36, 
   -420487.257
  ], 
  [
   -157400.98, 
   261813.174
  ], 
  [
   -873500.44, 
   505644.757
  ], 
  [
   48448.998, 
   451102.878
  ], 
  [
   -522926.783, 
   826783.193
  ], 
  [
   -480742.156, 
   -243025.824
  ], 
  [
   842283.459, 
   -742788.203
  ], 
  [
   -241745.283, 
   216002.29
  ], 
  [
   -355391.486, 
   44797.597
  ], 
  [
   848273.924, 
   -626733.424
  ], 
  [
   658133.972, 
   -658631.516
  ], 
  [
   677152.277, 
   849304.188
  ], 
  [
   891050.797, 
   148832.784
  ], 
  [
   -735137.252, 
   -411528.523
  ], 
  [
   -601596.009, 
   472813.298
  ], 
  [
   669259.301, 
   213280.683
  ], 
  [
   341210.257, 
   194238.578
  ], 
  [
   -108735.086, 
   -39540.074
  ], 
  [
   234877.962, 
   -602925.082
  ], 
  [
   -756092.509, 
   -976537.741
  ], 
  [
   375343.272, 
   -427834.489
  ], 
  [
   -180817.373, 
   -101965.649
  ], 
  [
   100138.331, 
   -906738.825
  ]
 ], 
 "PUV": [
  false, 
  false, 
  false, 
  true, 
  false, 
  true, 
  true, 
  true, 
  false, 
  false, 
  true, 
  true, 
  false, 
  true, 
  true
 ], 
 "LCM": {
  "11": [
   "NOTUSED", 
   "ORR", 
   "NOTUSED", 
   "NOTUSED", 
   "NOTUSED", 
   "ORR", 
   "NOTUSED", 
   "ANDD", 
   "ANDD", 
   "NOTUSED", 
   "ORR", 
   "ORR", 
   "NOTUSED", 
   "ORR", 
   "ORR"
  ], 
  "10": [
   "ANDD", 
   "ORR", 
   "NOTUSED", 
   "NOTUSED", 
   "ORR", 
   "NOTUSED", 
   "NOTUSED", 
   "ORR", 
   "NOTUSED", 
   "NOTUSED", 
   "ANDD", 
   "ORR", 
   "ORR", 
   "NOTUSED", 
   "NOTUSED"
  ], 
  "13": [
   "ANDD", 
   "ORR", 
   "NOTUSED", 
   "ANDD", 
   "ANDD", 
   "ORR", 
   "NOTUSED", 
   "ORR", 
   "ANDD", 
   "ANDD", 
   "NOTUSED", 
   "ORR", 
   "ANDD", 
   "NOTUSED", 
   "ORR"
  ], 
  "12": [
   "NOTUSED", 
   "ORR", 
   "NOTUSED", 
   "ANDD", 
   "ANDD", 
   "NOTUSED", 
   "NOTUSED", 
   "ANDD", 
   "ANDD", 
   "NOTUSED", 
   "ORR", 
   "NOTUSED", 
   "ANDD", 
   "ANDD", 
   "ANDD"
  ], 
  "14": [
   "ANDD", 
   "ANDD", 
   "ANDD", 
   "ANDD", 
   "ANDD", 
   "NOTUSED", 
   "ORR", 
   "ANDD", 
   "ANDD", 
   "ORR", 
   "NOTUSED", 
   "ORR", 
   "ANDD", 
   "ORR", 
   "ORR"
  ], 
  "1": [
   "ORR", 
   "ORR", 
   "ORR", 
   "ANDD", 
   "NOTUSED", 
   "ORR", 
   "ANDD", 
   "ANDD", 
   "ORR", 
   "NOTUSED", 
   "ORR", 
   "ORR", 
   "ORR", 
   "ORR", 
   "ANDD"
  ], 
  "0": [
   "NOTUSED", 
   "ORR", 
   "NOTUSED", 
   "ORR", 
   "NOTUSED", 
   "ANDD", 
   "ANDD", 
   "NOTUSED", 
   "ANDD", 
   "NOTUSED", 
   "ANDD", 
   "NOTUSED", 
   "NOTUSED", 
   "ANDD", 
   "ANDD"
  ], 
  "3": [
   "ORR", 
   "ANDD", 
   "ANDD", 
   "NOTUSED", 
   "NOTUSED", 
   "NOTUSED", 
   "ORR", 
   "NOTUSED", 
   "ORR", 
   "NOTUSED", 
   "NOTUSED", 
   "NOTUSED", 
   "ANDD", 
   "ANDD", 
   "ANDD"
  ], 
  "2": [
   "NOTUSED", 
   "ORR", 
   "ANDD", 
   "ANDD", 
   "NOTUSED", 
   "ORR", 
   "NOTUSED", 
   "ANDD", 
   "NOTUSED", 
   "NOTUSED", 
   "NOTUSED", 
   "NOTUSED", 
   "NOTUSED", 
   "NOTUSED", 
   "ANDD"
  ], 
  "5": [
   "ANDD", 
   "ORR", 
   "ORR", 
   "NOTUSED", 
   "ANDD", 
   "ANDD", 
   "ANDD", 
   "ORR", 
   "ANDD", 
   "NOTUSED", 
   "NOTUSED", 
   "ORR", 
   "NOTUSED", 
   "ORR", 
   "NOTUSED"
  ], 
  "4": [
   "NOTUSED", 
   "NOTUSED", 
   "NOTUSED", 
   "NOTUSED", 
   "ORR", 
   "ANDD", 
   "ANDD", 
   "ANDD", 
   "ORR", 
   "ORR", 
   "ORR", 
   "NOTUSED", 
   "ANDD", 
   "ANDD", 
   "ANDD"
  ], 
  "7": [
   "NOTUSED", 
   "ANDD", 
   "ANDD", 
   "NOTUSED", 
   "ANDD", 
   "ORR", 
   "NOTUSED", 
   "NOTUSED", 
   "ORR", 
   "NOTUSED", 
   "ORR", 
   "ANDD", 
   "ANDD", 
   "ORR", 
   "ANDD"
  ], 
  "6": [
   "ANDD", 
   "ANDD", 
   "NOTUSED", 
   "ORR", 
   "ANDD", 
   "ANDD", 
   "ANDD", 
   "NOTUSED", 
   "ANDD", 
   "NOTUSED", 
   "NOTUSED", 
   "NOTUSED", 
   "NOTUSED", 
   "NOTUSED", 
   "ORR"
  ], 
  "9": [
   "NOTUSED", 
   "NOTUSED", 
   "NOTUSED", 
   "NOTUSED", 
   "ORR", 
   "NOTUSED", 
   "NOTUSED", 
   "NOTUSED", 
   "ANDD", 
   "ANDD", 
   "NOTUSED", 
   "NOTUSED", 
   "NOTUSED", 
   "ANDD", 
   "ORR"
  ], 
  "8": [
   "ANDD", 
   "ORR", 
   "NOTUSED", 
   "ORR", 
   "ORR", 
   "ANDD", 
   "ANDD", 
   "ORR", 
   "ANDD", 
   "ANDD", 
   "NOTUSED", 
   "ANDD", 
   "ANDD", 
   "ANDD", 
   "ANDD"
  ]
 }
}