{
 "random_seed": 4047347444, 
 "PARAMETERS": {
  "RADIUS1": 922054.531, 
  "QUADS": 2, 
  "RADIUS2": 115589.731, 
  "DIST": 560946.454, 
  "F_PTS": 15, 
  "K_PTS": 22, 
  "EPSILON": 1.916, 
  "LENGTH1": 15870.778, 
  "G_PTS": 17, 
  "Q_PTS": 42, 
  "N_PTS": 34, 
  "C_PTS": 2, 
  "AREA2": 770797.164, 
  "LENGTH2": 94282.607, 
  "B_PTS": 3, 
  "D_PTS": 19, 
  "AREA1": 303246.438, 
  "A_PTS": 4, 
  "E_PTS": 12
 }, 
 "NUMPOINTS": 45, 
 "points": [
  [
   740361.741, 
   948529.492
  ], 
  [
   32216.582, 
   -309142.837
  ], 
  [
   346851.093, 
   -430270.306
  ], 
  [
   -989224.809, 
   -387340.679
  ], 
  [
   13802.754, 
   562712.457
  ], 
  [
   -715217.699, 
   -946004.396
  ], 
  [
   771643.186, 
   -680676.278
  ], 
  [
   -985072.238, 
   763751.918
  ], 
  [
   -222910.447, 
   -636304.699
  ], 
  [
   616858.042, 
   -89842.492
  ], 
  [
   -448129.907, 
   -12222.406
  ], 
  [
   -404460.473, 
   -953966.308
  ], 
  [
   -861823.289, 
   388973.261
  ], 
  [
   327906.288, 
   374825.812
  ], 
  [
   -796458.44, 
   -710469.143
  ], 
  [
   -541911.678, 
   -327510.886
  ], 
  [
   199443.554, 
   -316051.924
  ], 
  [
   70889.745, 
   -216249.966
  ], 
  [
   966473.554, 
   -202425.051
  ], 
  [
   -689306.045, 
   901842.204
  ], 
  [
   760649.779, 
   750572.658
  ], 
  [
   -687755.839, 
   160665.912
  ], 
  [
   255913.681, 
   840978.964
  ], 
  [
   -555280.991, 
   716820.01
  ], 
  [
   378644.384, 
   858321.923
  ], 
  [
   2941.028, 
   -760267.099
  ], 
  [
   361363.777, 
   -716383.521
  ], 
  [
   179515.663, 
   329122.073
  ], 
  [
   615923.096, 
   720952.084
  ], 
  [
   -833514.109, 
   -784.991
  ], 
  [
   936311.972, 
   842465.653
  ], 
  [
   669962.716, 
   -32438.894
  ], 
  [
   -152849.057, 
   -388513.078
  ], 
  [
   924759.233, 
   390840.891
  ], 
  [
   923025.41, 
   -569810.016
  ], 
  [
   -934649.243, 
   160728.801
  ], 
  [
   -777362.056, 
   734640.634
  ], 
  [
   -681878.827, 
   -429514.17
  ], 
  [
   -577137.444, 
   492636.799
  ], 
  [
   970348.153, 
   -995634.827
  ], 
  [
   -581070.334, 
   614626.199
  ], 
  [
   485666.763, 
   961224.997
  ], 
  [
   398557.213, 
   -114812.257
  ], 
  [
   -418549.414, 
   476487.09
  ], 
  [
   873.628, 
   693950.521
  ]
 ], 
 "PUV": [
  true, 
  true, 
  true, 
  false, 
  false, 
  false, 
  true, 
  false, 
  false, 
  false, 
  true, 
  true, 
  true, 
  true, 
  false
 ], 
 "LCM": {
  "11": [
   "ORR", 
   "ANDD", 
   "ANDD", 
   "ANDD", 
   "ANDD", 
   "NOTUSED", 
   "ANDD", 
   "ORR", 
   "ANDD", 
   "ORR", 
   "NOTUSED", 
   "NOTUSED", 
   "ANDD", 
   "ANDD", 
   "ORR"
  ], 
  "10": [
   "ANDD", 
   "ANDD", 
   "NOTUSED", 
   "NOTUSED", 
   "ANDD", 
   "ORR", 
   "ANDD", 
   "ORR", 
   "NOTUSED", 
   "ANDD", 
   "ORR", 
   "NOTUSED", 
   "ANDD", 
   "NOTUSED", 
   "NOTUSED"
  ], 
  "13": [
   "NOTUSED", 
   "ANDD", 
   "ANDD", 
   "ANDD", 
   "ANDD", 
   "ORR", 
   "NOTUSED", 
   "NOTUSED", 
   "NOTUSED", 
   "ORR", 
   "NOTUSED", 
   "ANDD", 
   "NOTUSED", 
   "ANDD", 
   "NOTUSED"
  ], 
  "12": [
   "ANDD", 
   "ANDD", 
   "ANDD", 
   "ORR", 
   "NOTUSED", 
   "ANDD", 
   "NOTUSED", 
   "ORR", 
   "ANDD", 
   "ORR", 
   "ANDD", 
   "ANDD", 
   "NOTUSED", 
   "NOTUSED", 
   "ANDD"
  ], 
  "14": [
   "ANDD", 
   "NOTUSED", 
   "ORR", 
   "NOTUSED", 
   "NOTUSED", 
   "ANDD", 
   "ANDD", 
   "NOTUSED", 
   "NOTUSED", 
   "ORR", 
   "NOTUSED", 
   "ORR", 
   "ANDD", 
   "NOTUSED", 
   "ORR"
  ], 
  "1": [
   "ANDD", 
   "NOTUSED", 
   "NOTUSED", 
   "ORR", 
   "ANDD", 
   "ORR", 
   "NOTUSED", 
   "ANDD", 
   "ORR", 
   "ORR", 
   "ANDD", 
   "ANDD", 
   "ANDD", 
   "ANDD", 
   "NOTUSED"
  ], 
  "0": [
   "ANDD", 
   "ANDD", 
   "ORR", 
   "NOTUSED", 
   "NOTUSED", 
   "NOTUSED", 
   "NOTUSED", 
   "ORR", 
   "ANDD", 
   "ANDD", 
   "ANDD", 
   "ORR", 
   "ANDD", 
   "NOTUSED", 
   "ANDD"
  ], 
  "3": [
   "NOTUSED", 
   "ORR", 
   "NOTUSED", 
   "ORR", 
   "ANDD", 
   "ORR", 
   "ORR", 
   "ORR", 
   "ANDD", 
   "ANDD", 
   "NOTUSED", 
   "ANDD", 
   "ORR", 
   "ANDD", 
   "NOTUSED"
  ], 
  "2": [
   "ORR", 
   "NOTUSED", 
   "ORR", 
   "NOTUSED", 
   "ANDD", 
   "ANDD", 
   "NOTUSED", 
   "ORR", 
   "ORR", 
   "NOTUSED", 
   "NOTUSED", 
   "ANDD", 
   "ANDD", 
   "ANDD", 
   "ORR"
  ], 
  "5": [
   "NOTUSED", 
   "ORR", 
   "ANDD", 
   "ORR", 
   "ANDD", 
   "ANDD", 
   "ORR", 
   "ORR", 
   "ORR", 
   "ANDD", 
   "ORR", 
   "NOTUSED", 
   "ANDD", 
   "ORR", 
   "ANDD"
  ], 
  "4": [
   "NOTUSED", 
   "ANDD", 
   "ANDD", 
   "ANDD", 
   "ORR", 
   "ANDD", 
   "NOTUSED", 
   "ORR", 
   "NOTUSED", 
   "NOTUSED", 
   "ANDD", 
   "ANDD", 
   "NOTUSED", 
   "ANDD", 
   "NOTUSED"
  ], 
  "7": [
   "ORR", 
   "ANDD", 
   "ORR", 
   "ORR", 
   "ORR", 
   "ORR", 
   "ORR", 
   "NOTUSED", 
   "ANDD", 
   "ANDD", 
   "ORR", 
   "ORR", 
   "ORR", 
   "NOTUSED", 
   "NOTUSED"
  ], 
  "6": [
   "NOTUSED", 
   "NOTUSED", 
   "NOTUSED", 
   "ORR", 
   "NOTUSED", 
   "ORR", 
   "ANDD", 
   "ORR", 
   "ANDD", 
   "NOTUSED", 
   "ANDD", 
   "ANDD", 
   "NOTUSED", 
   "NOTUSED", 
   "ANDD"
  ], 
  "9": [
   "ANDD", 
   "ORR", 
   "NOTUSED", 
   "ANDD", 
   "NOTUSED", 
   "ANDD", 
   "NOTUSED", 
   "ANDD", 
   "ORR", 
   "ORR", 
   "ANDD", 
   "ORR", 
   "ORR", 
   "ORR", 
   "ORR"
  ], 
  "8": [
   "ANDD", 
   "ORR", 
   "ORR", 
   "ANDD", 
   "NOTUSED", 
   "ORR", 
   "ANDD", 
   "ANDD", 
   "ANDD", 
   "ORR", 
   "NOTUSED", 
   "ANDD", 
   "ANDD", 
   "NOTUSED", 
   "NOTUSED"
  ]
 }
}