{
 "random_seed": 2015963352, 
 "PARAMETERS": {
  "RADIUS1": 739743.454, 
  "QUADS": 1, 
  "RADIUS2": 188778.497, 
  "DIST": 252732.174, 
  "F_PTS": 37, 
  "K_PTS": 37, 
  "EPSILON": 0.091, 
  "LENGTH1": 528027.91, 
  "G_PTS": 63, 
  "Q_PTS": 76, 
  "N_PTS": 31, 
  "C_PTS": 40, 
  "AREA2": 167134.196, 
  "LENGTH2": 245987.071, 
  "B_PTS": 16, 
  "D_PTS": 28, 
  "AREA1": 543009.562, 
  "A_PTS": 2, 
  "E_PTS": 14
 }, 
 "NUMPOINTS": 77, 
 "points": [
  [
   -931061.635, 
   966822.25
  ], 
  [
   -767875.978, 
   -963890.797
  ], 
  [
   -101479.387, 
   -768975.274
  ], 
  [
   -15848.207, 
   550548.438
  ], 
  [
   112015.729, 
   405752.017
  ], 
  [
   682314.735, 
   -174814.311
  ], 
  [
   -310170.331, 
   53380.764
  ], 
  [
   586128.337, 
   807634.182
  ], 
  [
   -203982.696, 
   -313896.571
  ], 
  [
   884816.224, 
   -42873.474
  ], 
  [
   -2600.283, 
   -283007.496
  ], 
  [
   -324154.516, 
   561311.811
  ], 
  [
   299244.659, 
   -228075.128
  ], 
  [
   -537666.881, 
   -583737.834
  ], 
  [
   23677.355, 
   332703.286
  ], 
  [
   -750452.031, 
   674807.2
  ], 
  [
   115701.978, 
   -725802.285
  ], 
  [
   -398500.292, 
   914388.88
  ], 
  [
   227688.551, 
   709311.941
  ], 
  [
   -641273.133, 
   880563.514
  ], 
  [
   -621285.322, 
   -384562.72
  ], 
  [
   -266320.468, 
   134962.33
  ], 
  [
   -834582.116, 
   741854.473
  ], 
  [
   953558.206, 
   -373667.053
  ], 
  [
   512629.985, 
   76615.992
  ], 
  [
   285337.611, 
   94012.603
  ], 
  [
   -78597.132, 
   -141863.366
  ], 
  [
   800307.188, 
   -913149.455
  ], 
  [
   823436.466, 
   969073.587
  ], 
  [
   -965847.48, 
   -288585.782
  ], 
  [
   -264380.866, 
   250498.376
  ], 
  [
   59186.536, 
   123070.012
  ], 
  [
   152660.698, 
   -432366.863
  ], 
  [
   279785.943, 
   229882.018
  ], 
  [
   437954.922, 
   -379311.221
  ], 
  [
   -603146.943, 
   378917.848
  ], 
  [
   817298.812, 
   -280719.52
  ], 
  [
   225519.358, 
   315034.237
  ], 
  [
   -75908.771, 
   -84326.141
  ], 
  [
   34053.745, 
   338937.691
  ], 
  [
   272695.21, 
   861606.619
  ], 
  [
   989518.779, 
   -104602.962
  ], 
  [
   524233.384, 
   530962.322
  ], 
  [
   -828770.413, 
   643798.914
  ], 
  [
   423435.224, 
   -650514.805
  ], 
  [
   -774219.682, 
   248735.987
  ], 
  [
   -545514.066, 
   265581.374
  ], 
  [
   -327781.434, 
   507823.301
  ], 
  [
   -148700.67, 
   443314.008
  ], 
  [
   -478305.195, 
   544480.713
  ], 
  [
   788555.687, 
   168412.053
  ], 
  [
   -43123.098, 
   585891.665
  ], 
  [
   602637.141, 
   625484.165
  ], 
  [
   -598471.646, 
   528291.851
  ], 
  [
   -894845.903, 
   -696448.299
  ], 
  [
   -787998.372, 
   -623812.479
  ], 
  [
   877268.257, 
   -63157.63
  ], 
  [
   658958.974, 
   906004.539
  ], 
  [
   19596.491, 
   -888700.521
  ], 
  [
   -791814.964, 
   256657.727
  ], 
  [
   955834.135, 
   341888.773
  ], 
  [
   -703810.495, 
   -298024.322
  ], 
  [
   -150740.252, 
   -938169.961
  ], 
  [
   270105.37, 
   -156561.397
  ], 
  [
   -26365.395, 
   343770.528
  ], 
  [
   -703337.183, 
   -435561.058
  ], 
  [
   -380372.825, 
   449484.052
  ], 
  [
   944872.839, 
   -128984.022
  ], 
  [
   -143859.236, 
   118432.24
  ], 
  [
   -751787.082, 
   268999.834
  ], 
  [
   418015.383, 
   -135261.25
  ], 
  [
   153806.727, 
   -660893.319
  ], 
  [
   -209517.827, 
   194572.581
  ], 
  [
   124944.128, 
   -207918.486
  ], 
  [
   165079.485, 
   171101.814
  ], 
  [
   -121947.666, 
   360480.79
  ], 
  [
   -559183.299, 
   569095.353
  ]
 ], 
 "PUV": [
  false, 
  false, 
  false, 
  false, 
  false, 
  true, 
  false, 
  false, 
  false, 
  false, 
  false, 
  false, 
  true, 
  true, 
  true
 ], 
 "LCM": {
  "11": [
   "ORR", 
   "NOTUSED", 
   "NOTUSED", 
   "ANDD", 
   "ORR", 
   "ORR", 
   "ANDD", 
   "ANDD", 
   "ORR", 
   "NOTUSED", 
   "ORR", 
   "ORR", 
   "ANDD", 
   "NOTUSED", 
   "ORR"
  ], 
  "10": [
   "ORR", 
   "ANDD", 
   "NOTUSED", 
   "ORR", 
   "NOTUSED", 
   "ANDD", 
   "ANDD", 
   "NOTUSED", 
   "ANDD", 
   "ANDD", 
   "ORR", 
   "ORR", 
   "ANDD", 
   "NOTUSED", 
   "NOTUSED"
  ], 
  "13": [
   "ORR", 
   "NOTUSED", 
   "ANDD", 
   "NOTUSED", 
   "ORR", 
   "ANDD", 
   "ANDD", 
   "ORR", 
   "NOTUSED", 
   "NOTUSED", 
   "NOTUSED", 
   "NOTUSED", 
   "ORR", 
   "ORR", 
   "NOTUSED"
  ], 
  "12": [
   "NOTUSED", 
   "ORR", 
   "ORR", 
   "NOTUSED", 
   "ANDD", 
   "ORR", 
   "NOTUSED", 
   "ORR", 
   "ANDD", 
   "ANDD", 
   "ANDD", 
   "ANDD", 
   "ANDD", 
   "ORR", 
   "ORR"
  ], 
  "14": [
   "ORR", 
   "ANDD", 
   "ANDD", 
   "NOTUSED", 
   "NOTUSED", 
   "ANDD", 
   "ANDD", 
   "NOTUSED", 
   "ANDD", 
   "ORR", 
   "NOTUSED", 
   "ORR", 
   "ORR", 
   "NOTUSED", 
   "ORR"
  ], 
  "1": [
   "NOTUSED", 
   "NOTUSED", 
   "ANDD", 
   "ANDD", 
   "ORR", 
   "ANDD", 
   "ORR", 
   "ORR", 
   "ORR", 
   "ORR", 
   "ANDD", 
   "NOTUSED", 
   "ORR", 
   "NOTUSED", 
   "ANDD"
  ], 
  "0": [
   "NOTUSED", 
   "NOTUSED", 
   "NOTUSED", 
   "NOTUSED", 
   "ANDD", 
   "ORR", 
   "NOTUSED", 
   "ORR", 
   "NOTUSED", 
   "ANDD", 
   "ORR", 
   "ORR", 
   "NOTUSED", 
   "ORR", 
   "ORR"
  ], 
  "3": [
   "NOTUSED", 
   "ANDD", 
   "ORR", 
   "ORR", 
   "ANDD", 
   "ANDD", 
   "NOTUSED", 
   "NOTUSED", 
   "NOTUSED", 
   "NOTUSED", 
   "ORR", 
   "ANDD", 
   "NOTUSED", 
   "NOTUSED", 
   "NOTUSED"
  ], 
  "2": [
   "NOTUSED", 
   "ANDD", 
   "NOTUSED", 
   "ORR", 
   "ORR", 
   "ANDD", 
   "ANDD", 
   "ORR", 
   "NOTUSED", 
   "ORR", 
   "NOTUSED", 
   "NOTUSED", 
   "ORR", 
   "ANDD", 
   "ANDD"
  ], 
  "5": [
   "ORR", 
   "ANDD", 
   "ANDD", 
   "ANDD", 
   "ORR", 
   "ANDD", 
   "ORR", 
   "NOTUSED", 
   "NOTUSED", 
   "ORR", 
   "ANDD", 
   "ORR", 
   "ORR", 
   "ANDD", 
   "ANDD"
  ], 
  "4": [
   "ANDD", 
   "ORR", 
   "ORR", 
   "ANDD", 
   "ANDD", 
   "ORR", 
   "ANDD", 
   "NOTUSED", 
   "NOTUSED", 
   "NOTUSED", 
   "NOTUSED", 
   "ORR", 
   "ANDD", 
   "ORR", 
   "NOTUSED"
  ], 
  "7": [
   "ORR", 
   "ORR", 
   "ORR", 
   "NOTUSED", 
   "NOTUSED", 
   "NOTUSED", 
   "NOTUSED", 
   "ANDD", 
   "NOTUSED", 
   "NOTUSED", 
   "NOTUSED", 
   "ANDD", 
   "ORR", 
   "ORR", 
   "NOTUSED"
  ], 
  "6": [
   "NOTUSED", 
   "ORR", 
   "ANDD", 
   "NOTUSED", 
   "ANDD", 
   "ORR", 
   "ANDD", 
   "NOTUSED", 
   "ORR", 
   "NOTUSED", 
   "ANDD", 
   "ANDD", 
   "NOTUSED", 
   "ANDD", 
   "ANDD"
  ], 
  "9": [
   "ANDD", 
   "ORR", 
   "ORR", 
   "NOTUSED", 
   "NOTUSED", 
   "ORR", 
   "NOTUSED", 
   "NOTUSED", 
   "NOTUSED", 
   "NOTUSED", 
   "ANDD", 
   "NOTUSED", 
   "ANDD", 
   "NOTUSED", 
   "ORR"
  ], 
  "8": [
   "NOTUSED", 
   "ORR", 
   "NOTUSED", 
   "NOTUSED", 
   "NOTUSED", 
   "NOTUSED", 
   "ORR", 
   "NOTUSED", 
   "ANDD", 
   "NOTUSED", 
   "ANDD", 
   "ORR", 
   "ANDD", 
   "NOTUSED", 
   "ANDD"
  ]
 }
}