{
 "random_seed": 2238871944, 
 "PARAMETERS": {
  "RADIUS1": 252276.484, 
  "QUADS": 1, 
  "RADIUS2": 54445.922, 
  "DIST": 257614.793, 
  "F_PTS": 13, 
  "K_PTS": 70, 
  "EPSILON": 1.145, 
  "LENGTH1": 975847.585, 
  "G_PTS": 82, 
  "Q_PTS": 74, 
  "N_PTS": 44, 
  "C_PTS": 21, 
  "AREA2": 877998.103, 
  "LENGTH2": 425675.537, 
  "B_PTS": 24, 
  "D_PTS": 19, 
  "AREA1": 16243.498, 
  "A_PTS": 18, 
  "E_PTS": 11
 }, 
 "NUMPOINTS": 90, 
 "points": [
  [
   -370037.602, 
   533197.619
  ], 
  [
   977390.929, 
   548351.806
  ], 
  [
   101800.839, 
   -430504.331
  ], 
  [
   -21331.441, 
   -265421.471
  ], 
  [
   -866978.204, 
   787325.168
  ], 
  [
   -15421.01, 
   -536824.758
  ], 
  [
   -494298.73, 
   533786.488
  ], 
  [
   -564925.546, 
   213568.866
  ], 
  [
   609257.669, 
   -340782.25
  ], 
  [
   -395655.672, 
   605241.231
  ], 
  [
   -666698.373, 
   333996.612
  ], 
  [
   598756.537, 
   757800.311
  ], 
  [
   -356626.593, 
   471868.768
  ], 
  [
   -877612.374, 
   454013.391
  ], 
  [
   235815.576, 
   255320.022
  ], 
  [
   153376.067, 
   363391.043
  ], 
  [
   447383.812, 
   -103942.293
  ], 
  [
   10176.834, 
   156896.302
  ], 
  [
   -786909.917, 
   102739.538
  ], 
  [
   549349.139, 
   220952.327
  ], 
  [
   498363.419, 
   324868.076
  ], 
  [
   123094.02, 
   944496.174
  ], 
  [
   -987891.21, 
   -151745.304
  ], 
  [
   -138526.217, 
   -586321.417
  ], 
  [
   461797.559, 
   -921572.234
  ], 
  [
   -85353.623, 
   903397.557
  ], 
  [
   436335.062, 
   548838.398
  ], 
  [
   -30483.037, 
   351605.511
  ], 
  [
   169993.133, 
   -583519.691
  ], 
  [
   618446.537, 
   -405083.454
  ], 
  [
   -207080.024, 
   -96058.686
  ], 
  [
   228558.477, 
   913715.34
  ], 
  [
   119932.909, 
   -569450.744
  ], 
  [
   -300113.027, 
   -271449.306
  ], 
  [
   717557.88, 
   858398.634
  ], 
  [
   122316.073, 
   511616.765
  ], 
  [
   879111.543, 
   626799.873
  ], 
  [
   991991.002, 
   886360.239
  ], 
  [
   924043.133, 
   -556854.79
  ], 
  [
   519621.025, 
   -401878.564
  ], 
  [
   49103.065, 
   -901744.821
  ], 
  [
   530845.075, 
   30420.796
  ], 
  [
   -156429.525, 
   -437932.297
  ], 
  [
   645662.426, 
   -991134.039
  ], 
  [
   -786043.731, 
   -736157.583
  ], 
  [
   -686957.753, 
   -561545.372
  ], 
  [
   796555.24, 
   484433.609
  ], 
  [
   -796265.821, 
   676916.389
  ], 
  [
   -173544.281, 
   852432.225
  ], 
  [
   821658.014, 
   -527414.957
  ], 
  [
   -914408.664, 
   -871525.286
  ], 
  [
   917508.96, 
   -294993.045
  ], 
  [
   -326039.911, 
   -80201.611
  ], 
  [
   276928.534, 
   258278.309
  ], 
  [
   -570209.812, 
   655570.427
  ], 
  [
   824693.735, 
   -168255.705
  ], 
  [
   -782066.635, 
   -207024.961
  ], 
  [
   -123721.24, 
   -136376.07
  ], 
  [
   -33367.851, 
   769874.621
  ], 
  [
   -493998.444, 
   405491.59
  ], 
  [
   161202.793, 
   -502944.606
  ], 
  [
   330056.398, 
   800652.967
  ], 
  [
   -527953.178, 
   297197.363
  ], 
  [
   -703075.962, 
   -912833.663
  ], 
  [
   -865257.554, 
   -734945.43
  ], 
  [
   371669.304, 
   -826091.706
  ], 
  [
   -210179.437, 
   880062.883
  ], 
  [
   850892.831, 
   -745325.343
  ], 
  [
   -913618.7, 
   32028.652
  ], 
  [
   303506.968, 
   309624.837
  ], 
  [
   874205.555, 
   611873.936
  ], 
  [
   881278.818, 
   860144.321
  ], 
  [
   514803.142, 
   -250638.863
  ], 
  [
   -146697.199, 
   -130165.34
  ], 
  [
   -2839.408, 
   -383997.123
  ], 
  [
   -667987.17, 
   -121559.96
  ], 
  [
   314302.091, 
   280512.678
  ], 
  [
   961792.154, 
   534364.336
  ], 
  [
   184270.362, 
   972325.973
  ], 
  [
   721639.079, 
   57754.108
  ], 
  [
   208280.365, 
   924241.928
  ], 
  [
   168188.128, 
   -657360.904
  ], 
  [
   37755.783, 
   -966143.199
  ], 
  [
   861264.141, 
   -191919.845
  ], 
  [
   -350256.392, 
   -81623.014
  ], 
  [
   -640677.613, 
   -527755.837
  ], 
  [
   -741505.874, 
   362837.502
  ], 
  [
   671855.128, 
   53009.204
  ], 
  [
   -347624.001, 
   145062.665
  ], 
  [
   -759185.877, 
   -794420.256
  ]
 ], 
 "PUV": [
  false, 
  false, 
  false, 
  false, 
  true, 
  false, 
  false, 
  false, 
  true, 
  false, 
  true, 
  true, 
  false, 
  true, 
  false
 ], 
 "LCM": {
  "11": [
   "ORR", 
   "NOTUSED", 
   "ANDD", 
   "NOTUSED", 
   "ANDD", 
   "ORR", 
   "ANDD", 
   "ANDD", 
   "NOTUSED", 
   "ANDD", 
   "ORR", 
   "NOTUSED", 
   "ORR", 
   "NOTUSED", 
   "NOTUSED"
  ], 
  "10": [
   "NOTUSED", 
   "ANDD", 
   "ANDD", 
   "NOTUSED", 
   "NOTUSED", 
   "ANDD", 
   "ORR", 
   "NOTUSED", 
   "NOTUSED", 
   "ANDD", 
   "ORR", 
   "ORR", 
   "NOTUSED", 
   "ANDD", 
   "ANDD"
  ], 
  "13": [
   "ORR", 
   "ANDD", 
   "ANDD", 
   "NOTUSED", 
   "ORR", 
   "ORR", 
   "NOTUSED", 
   "ORR", 
   "ORR", 
   "ANDD", 
   "ANDD", 
   "NOTUSED", 
   "ORR", 
   "ORR", 
   "ORR"
  ], 
  "12": [
   "ORR", 
   "ORR", 
   "NOTUSED", 
   "NOTUSED", 
   "ORR", 
   "NOTUSED", 
   "NOTUSED", 
   "ANDD", 
   "ANDD", 
   "ANDD", 
   "NOTUSED", 
   "ORR", 
   "NOTUSED", 
   "ORR", 
   "NOTUSED"
  ], 
  "14": [
   "NOTUSED", 
   "ANDD", 
   "NOTUSED", 
   "ORR", 
   "ANDD", 
   "NOTUSED", 
   "ANDD", 
   "ANDD", 
   "NOTUSED", 
   "ANDD", 
   "ANDD", 
   "NOTUSED", 
   "NOTUSED", 
   "ORR", 
   "ANDD"
  ], 
  "1": [
   "NOTUSED", 
   "NOTUSED", 
   "ANDD", 
   "ORR", 
   "ANDD", 
   "NOTUSED", 
   "ORR", 
   "ANDD", 
   "NOTUSED", 
   "ORR", 
   "ANDD", 
   "NOTUSED", 
   "ORR", 
   "ANDD", 
   "ANDD"
  ], 
  "0": [
   "ORR", 
   "NOTUSED", 
   "ANDD", 
   "NOTUSED", 
   "ANDD", 
   "ORR", 
   "ANDD", 
   "ORR", 
   "ANDD", 
   "ORR", 
   "NOTUSED", 
   "ORR", 
   "ORR", 
   "ORR", 
   "NOTUSED"
  ], 
  "3": [
   "NOTUSED", 
   "ORR", 
   "NOTUSED", 
   "NOTUSED", 
   "ORR", 
   "ANDD", 
   "ORR", 
   "ANDD", 
   "NOTUSED", 
   "ANDD", 
   "NOTUSED", 
   "NOTUSED", 
   "NOTUSED", 
   "NOTUSED", 
   "ORR"
  ], 
  "2": [
   "ANDD", 
   "ANDD", 
   "NOTUSED", 
   "NOTUSED", 
   "ORR", 
   "ORR", 
   "ANDD", 
   "ANDD", 
   "ANDD", 
   "NOTUSED", 
   "ANDD", 
   "ANDD", 
   "NOTUSED", 
   "ANDD", 
   "NOTUSED"
  ], 
  "5": [
   "ORR", 
   "NOTUSED", 
   "ORR", 
   "ANDD", 
   "ORR", 
   "NOTUSED", 
   "ANDD", 
   "ANDD", 
   "ORR", 
   "ORR", 
   "ANDD", 
   "ORR", 
   "NOTUSED", 
   "ORR", 
   "NOTUSED"
  ], 
  "4": [
   "ANDD", 
   "ANDD", 
   "ORR", 
   "ORR", 
   "ORR", 
   "ORR", 
   "ORR", 
   "NOTUSED", 
   "ANDD", 
   "NOTUSED", 
   "NOTUSED", 
   "ANDD", 
   "ORR", 
   "ORR", 
   "ANDD"
  ], 
  "7": [
   "ORR", 
   "ANDD", 
   "ANDD", 
   "ANDD", 
   "NOTUSED", 
   "ANDD", 
   "NOTUSED", 
   "ANDD", 
   "NOTUSED", 
   "ANDD", 
   "NOTUSED", 
   "ANDD", 
   "ANDD", 
   "ORR", 
   "ANDD"
  ], 
  "6": [
   "ANDD", 
   "ORR", 
   "ANDD", 
   "ORR", 
   "ORR", 
   "ANDD", 
   "ANDD", 
   "NOTUSED", 
   "ANDD", 
   "ORR", 
   "ORR", 
   "ANDD", 
   "NOTUSED", 
   "NOTUSED", 
   "ANDD"
  ], 
  "9": [
   "ORR", 
   "ORR", 
   "NOTUSED", 
   "ANDD", 
   "NOTUSED", 
   "ORR", 
   "ORR", 
   "ANDD", 
   "ANDD", 
   "ANDD", 
   "ANDD", 
   "ANDD", 
   "ANDD", 
   "ANDD", 
   "ANDD"
  ], 
  "8": [
   "ANDD", 
   "NOTUSED", 
   "ANDD", 
   "NOTUSED", 
   "ANDD", 
   "ORR", 
   "ANDD", 
   "NOTUSED", 
   "ORR", 
   "ANDD", 
   "NOTUSED", 
   "NOTUSED", 
   "ANDD", 
   "ORR", 
   "NOTUSED"
  ]
 }
}