{
 "random_seed": 2101944648, 
 "PARAMETERS": {
  "RADIUS1": 279699.047, 
  "QUADS": 1, 
  "RADIUS2": 760364.939, 
  "DIST": 45584.443, 
  "F_PTS": 1, 
  "K_PTS": 1, 
  "EPSILON": 3.055, 
  "LENGTH1": 344246.734, 
  "G_PTS": 1, 
  "Q_PTS": 6, 
  "N_PTS": 26, 
  "C_PTS": 6, 
  "AREA2": 100133.516, 
  "LENGTH2": 489332.61, 
  "B_PTS": 5, 
  "D_PTS": 10, 
  "AREA1": 659468.723, 
  "A_PTS": 13, 
  "E_PTS": 35
 }, 
 "NUMPOINTS": 44, 
 "points": [
  [
   -764911.306, 
   822610.188
  ], 
  [
   343069.835, 
   464762.466
  ], 
  [
   -595340.856, 
   315871.44
  ], 
  [
   -818597.024, 
   -298941.438
  ], 
  [
   -595409.258, 
   525846.651
  ], 
  [
   -298458.198, 
   -350604.28
  ], 
  [
   59078.835, 
   -466713.986
  ], 
  [
   -25820.747, 
   325171.063
  ], 
  [
   -516349.923, 
   109851.36
  ], 
  [
   183357.093, 
   856786.883
  ], 
  [
   616424.989, 
   -81186.986
  ], 
  [
   68529.181, 
   898619.827
  ], 
  [
   691117.961, 
   -902883.645
  ], 
  [
   -904593.806, 
   28018.218
  ], 
  [
   -280893.464, 
   445167.07
  ], 
  [
   -59689.668, 
   155012.838
  ], 
  [
   -220928.008, 
   749076.808
  ], 
  [
   337079.264, 
   -848735.964
  ], 
  [
   -260725.423, 
   -612908.972
  ], 
  [
   464400.574, 
   -463255.445
  ], 
  [
   324660.03, 
   807066.681
  ], 
  [
   411946.434, 
   -377659.665
  ], 
  [
   741213.409, 
   -424962.849
  ], 
  [
   603370.501, 
   -611684.292
  ], 
  [
   -551713.252, 
   -247201.389
  ], 
  [
   339504.897, 
   425860.602
  ], 
  [
   551186.256, 
   -585820.506
  ], 
  [
   13988.218, 
   -357107.709
  ], 
  [
   972783.092, 
   239297.927
  ], 
  [
   -118728.996, 
   259394.425
  ], 
  [
   870403.498, 
   -970618.767
  ], 
  [
   740849.1, 
   -792102.463
  ], 
  [
   -983959.956, 
   669358.591
  ], 
  [
   -201019.506, 
   -22101.036
  ], 
  [
   962802.104, 
   761365.676
  ], 
  [
   356852.152, 
   641918.356
  ], 
  [
   780316.921, 
   -568043.466
  ], 
  [
   -820610.842, 
   -667015.03
  ], 
  [
   -468062.044, 
   307983.906
  ], 
  [
   -98466.364, 
   993244.954
  ], 
  [
   208339.375, 
   245234.57
  ], 
  [
   -193734.589, 
   -362416.031
  ], 
  [
   -851072.565, 
   160797.16
  ], 
  [
   546544.663, 
   -298324.495
  ]
 ], 
 "PUV": [
  true, 
  false, 
  false, 
  true, 
  true, 
  false, 
  true, 
  true, 
  true, 
  false, 
  true, 
  false, 
  false, 
  false, 
  true
 ], 
 "LCM": {
  "11": [
   "ANDD", 
   "ORR", 
   "ORR", 
   "NOTUSED", 
   "NOTUSED", 
   "ORR", 
   "NOTUSED", 
   "NOTUSED", 
   "ORR", 
   "NOTUSED", 
   "ORR", 
   "ORR", 
   "ANDD", 
   "NOTUSED", 
   "ORR"
  ], 
  "10": [
   "ANDD", 
   "NOTUSED", 
   "ANDD", 
   "ORR", 
   "ANDD", 
   "ANDD", 
   "ANDD", 
   "ORR", 
   "NOTUSED", 
   "ANDD", 
   "NOTUSED", 
   "ORR", 
   "ANDD", 
   "NOTUSED", 
   "NOTUSED"
  ], 
  "13": [
   "NOTUSED", 
   "ORR", 
   "ORR", 
   "ANDD", 
   "NOTUSED", 
   "ORR", 
   "ANDD", 
   "ORR", 
   "ORR", 
   "ORR", 
   "NOTUSED", 
   "NOTUSED", 
   "NOTUSED", 
   "ANDD", 
   "ANDD"
  ], 
  "12": [
   "ORR", 
   "NOTUSED", 
   "ANDD", 
   "ORR", 
   "ANDD", 
   "ANDD", 
   "ORR", 
   "NOTUSED", 
   "NOTUSED", 
   "ANDD", 
   "ANDD", 
   "ANDD", 
   "ORR", 
   "NOTUSED", 
   "ORR"
  ], 
  "14": [
   "NOTUSED", 
   "NOTUSED", 
   "NOTUSED", 
   "NOTUSED", 
   "ORR", 
   "ANDD", 
   "ORR", 
   "ORR", 
   "ORR", 
   "ANDD", 
   "NOTUSED", 
   "ORR", 
   "ORR", 
   "ANDD", 
   "ANDD"
  ], 
  "1": [
   "NOTUSED", 
   "ORR", 
   "ANDD", 
   "ANDD", 
   "ANDD", 
   "NOTUSED", 
   "ORR", 
   "NOTUSED", 
   "NOTUSED", 
   "ANDD", 
   "NOTUSED", 
   "ORR", 
   "NOTUSED", 
   "ORR", 
   "NOTUSED"
  ], 
  "0": [
   "ORR", 
   "NOTUSED", 
   "ANDD", 
   "NOTUSED", 
   "ORR", 
   "ANDD", 
   "ANDD", 
   "NOTUSED", 
   "ORR", 
   "ANDD", 
   "ANDD", 
   "ANDD", 
   "ORR", 
   "NOTUSED", 
   "NOTUSED"
  ], 
  "3": [
   "NOTUSED", 
   "ANDD", 
   "NOTUSED", 
   "ORR", 
   "ORR", 
   "ORR", 
   "ANDD", 
   "ANDD", 
   "ORR", 
   "ORR", 
   "ORR", 
   "NOTUSED", 
   "ORR", 
   "ANDD", 
   "NOTUSED"
  ], 
  "2": [
   "ANDD", 
   "ANDD", 
   "NOTUSED", 
   "NOTUSED", 
   "ORR", 
   "ORR", 
   "ORR", 
   "ANDD", 
   "NOTUSED", 
   "ANDD", 
   "ANDD", 
   "ORR", 
   "ANDD", 
   "ORR", 
   "NOTUSED"
  ], 
  "5": [
   "ANDD", 
   "NOTUSED", 
   "ORR", 
   "ORR", 
   "ORR", 
   "ORR", 
   "ORR", 
   "NOTUSED", 
   "ANDD", 
   "ANDD", 
   "ANDD", 
   "ORR", 
   "ANDD", 
   "ORR", 
   "ANDD"
  ], 
  "4": [
   "ORR", 
   "ANDD", 
   "ORR", 
   "ORR", 
   "ORR", 
   "ORR", 
   "NOTUSED", 
   "ORR", 
   "ANDD", 
   "ANDD", 
   "ANDD", 
   "NOTUSED", 
   "ANDD", 
   "NOTUSED", 
   "ORR"
  ], 
  "7": [
   "NOTUSED", 
   "NOTUSED", 
   "ANDD", 
   "ANDD", 
   "ORR", 
   "NOTUSED", 
   "NOTUSED", 
   "ORR", 
   "NOTUSED", 
   "NOTUSED", 
   "ORR", 
   "NOTUSED", 
   "NOTUSED", 
   "ORR", 
   "ORR"
  ], 
  "6": [
   "ANDD", 
   "ORR", 
   "ORR", 
   "ANDD", 
   "NOTUSED", 
   "ORR", 
   "ANDD", 
   "NOTUSED", 
   "NOTUSED", 
   "ANDD", 
   "ANDD", 
   "NOTUSED", 
   "ORR", 
   "ANDD", 
   "ORR"
  ], 
  "9": [
   "ANDD", 
   "ANDD", 
   "ANDD", 
   "ORR", 
   "ANDD", 
   "ANDD", 
   "ANDD", 
   "NOTUSED", 
   "ANDD", 
   "ORR", 
   "ANDD", 
   "NOTUSED", 
   "ANDD", 
   "ORR", 
   "ANDD"
  ], 
  "8": [
   "ORR", 
   "NOTUSED", 
   "NOTUSED", 
   "ORR", 
   "ANDD", 
   "ANDD", 
   "NOTUSED", 
   "NOTUSED", 
   "ORR", 
   "ANDD", 
   "NOTUSED", 
   "ORR", 
   "NOTUSED", 
   "ORR", 
   "ORR"
  ]
 }
}