{
 "random_seed": 4133312296, 
 "PARAMETERS": {
  "RADIUS1": 663621.304, 
  "QUADS": 1, 
  "RADIUS2": 165249.074, 
  "DIST": 496210.141, 
  "F_PTS": 4, 
  "K_PTS": 9, 
  "EPSILON": 2.24, 
  "LENGTH1": 727626.761, 
  "G_PTS": 19, 
  "Q_PTS": 13, 
  "N_PTS": 29, 
  "C_PTS": 10, 
  "AREA2": 928038.991, 
  "LENGTH2": 829717.131, 
  "B_PTS": 3, 
  "D_PTS": 44, 
  "AREA1": 249259.647, 
  "A_PTS": 36, 
  "E_PTS": 1
 }, 
 "NUMPOINTS": 60, 
 "points": [
  [
   506284.111, 
   424270.399
  ], 
  [
   -938841.014, 
   -423564.428
  ], 
  [
   -838923.937, 
   507149.615
  ], 
  [
   635418.222, 
   254505.241
  ], 
  [
   -172437.181, 
   234871.424
  ], 
  [
   592109.673, 
   836050.659
  ], 
  [
   -26195.318, 
   750233.95
  ], 
  [
   -374278.819, 
   -604179.124
  ], 
  [
   -459708.325, 
   382955.384
  ], 
  [
   142689.77, 
   242773.268
  ], 
  [
   -194810.391, 
   -804339.726
  ], 
  [
   15626.217, 
   686866.591
  ], 
  [
   -241962.445, 
   -680140.947
  ], 
  [
   -927963.259, 
   -131329.555
  ], 
  [
   -914908.894, 
   -393707.131
  ], 
  [
   -413704.394, 
   57286.588
  ], 
  [
   159101.573, 
   254351.09
  ], 
  [
   -60076.198, 
   -678593.14
  ], 
  [
   -625341.561, 
   803280.051
  ], 
  [
   702166.71, 
   -971273.891
  ], 
  [
   891781.1, 
   939928.175
  ], 
  [
   37538.706, 
   -182078.972
  ], 
  [
   -431344.217, 
   -99327.725
  ], 
  [
   286941.297, 
   296416.34
  ], 
  [
   521649.255, 
   -841582.336
  ], 
  [
   667719.894, 
   414891.169
  ], 
  [
   412890.563, 
   531472.172
  ], 
  [
   -417170.459, 
   -370845.914
  ], 
  [
   407440.38, 
   474004.2
  ], 
  [
   -120361.027, 
   875112.825
  ], 
  [
   416650.988, 
   -1509.04
  ], 
  [
   -568402.299, 
   -872295.555
  ], 
  [
   -922270.021, 
   -623922.142
  ], 
  [
   976389.706, 
   -301973.385
  ], 
  [
   -839346.277, 
   799740.849
  ], 
  [
   -432047.091, 
   -115485.451
  ], 
  [
   -101754.15, 
   702633.383
  ], 
  [
   345375.462, 
   701873.137
  ], 
  [
   143099.536, 
   -747017.204
  ], 
  [
   848274.775, 
   -484988.689
  ], 
  [
   -408392.33, 
   295845.255
  ], 
  [
   877537.378, 
   39251.737
  ], 
  [
   144833.587, 
   361287.402
  ], 
  [
   -518622.207, 
   674100.459
  ], 
  [
   -376527.301, 
   215892.425
  ], 
  [
   -900130.984, 
   -359370.872
  ], 
  [
   648259.564, 
   759304.434
  ], 
  [
   819795.833, 
   813390.541
  ], 
  [
   682575.664, 
   -685588.127
  ], 
  [
   -779457.806, 
   -938198.877
  ], 
  [
   -13002.969, 
   415800.93
  ], 
  [
   -878401.703, 
   290132.642
  ], 
  [
   394174.144, 
   -165384.51
  ], 
  [
   -110059.768, 
   27263.014
  ], 
  [
   -410431.456, 
   254358.294
  ], 
  [
   -217050.223, 
   612437.894
  ], 
  [
   367780.607, 
   292883.027
  ], 
  [
   958086.987, 
   499348.628
  ], 
  [
   -786472.492, 
   120291.125
  ], 
  [
   -897685.334, 
   951264.495
  ]
 ], 
 "PUV": [
  true, 
  false, 
  true, 
  false, 
  false, 
  false, 
  true, 
  true, 
  false, 
  true, 
  false, 
  false, 
  false, 
  false, 
  false
 ], 
 "LCM": {
  "11": [
   "ORR", 
   "ANDD", 
   "NOTUSED", 
   "NOTUSED", 
   "ANDD", 
   "ORR", 
   "ANDD", 
   "ORR", 
   "ANDD", 
   "ANDD", 
   "ANDD", 
   "ANDD", 
   "NOTUSED", 
   "NOTUSED", 
   "NOTUSED"
  ], 
  "10": [
   "ORR", 
   "NOTUSED", 
   "ORR", 
   "ORR", 
   "ORR", 
   "ANDD", 
   "ORR", 
   "NOTUSED", 
   "NOTUSED", 
   "ANDD", 
   "ANDD", 
   "ANDD", 
   "ANDD", 
   "ANDD", 
   "ORR"
  ], 
  "13": [
   "NOTUSED", 
   "ANDD", 
   "ORR", 
   "NOTUSED", 
   "NOTUSED", 
   "NOTUSED", 
   "ORR", 
   "NOTUSED", 
   "NOTUSED", 
   "ORR", 
   "ANDD", 
   "NOTUSED", 
   "ORR", 
   "ANDD", 
   "ORR"
  ], 
  "12": [
   "NOTUSED", 
   "NOTUSED", 
   "NOTUSED", 
   "ANDD", 
   "NOTUSED", 
   "ANDD", 
   "ANDD", 
   "ORR", 
   "NOTUSED", 
   "ORR", 
   "ANDD", 
   "NOTUSED", 
   "NOTUSED", 
   "ORR", 
   "ANDD"
  ], 
  "14": [
   "ANDD", 
   "ANDD", 
   "ORR", 
   "NOTUSED", 
   "NOTUSED", 
   "NOTUSED", 
   "ANDD", 
   "NOTUSED", 
   "ANDD", 
   "ORR", 
   "ORR", 
   "NOTUSED", 
   "ANDD", 
   "ORR", 
   "NOTUSED"
  ], 
  "1": [
   "ORR", 
   "ORR", 
   "ANDD", 
   "ORR", 
   "ANDD", 
   "ORR", 
   "ANDD", 
   "ORR", 
   "ORR", 
   "ANDD", 
   "NOTUSED", 
   "ANDD", 
   "NOTUSED", 
   "ANDD", 
   "ANDD"
  ], 
  "0": [
   "ORR", 
   "ORR", 
   "ANDD", 
   "ANDD", 
   "ANDD", 
   "NOTUSED", 
   "ORR", 
   "ANDD", 
   "ANDD", 
   "ANDD", 
   "ORR", 
   "ORR", 
   "NOTUSED", 
   "NOTUSED", 
   "ANDD"
  ], 
  "3": [
   "ANDD", 
   "ORR", 
   "ANDD", 
   "NOTUSED", 
   "NOTUSED", 
   "ORR", 
   "ORR", 
   "ORR", 
   "ORR", 
   "ANDD", 
   "ORR", 
   "NOTUSED", 
   "ANDD", 
   "NOTUSED", 
   "NOTUSED"
  ], 
  "2": [
   "ANDD", 
   "ANDD", 
   "ORR", 
   "ANDD", 
   "ORR", 
   "NOTUSED", 
   "ORR", 
   "ANDD", 
   "ORR", 
   "ORR", 
   "ORR", 
   "NOTUSED", 
   "NOTUSED", 
   "ORR", 
   "ORR"
  ], 
  "5": [
   "NOTUSED", 
   "ORR", 
   "NOTUSED", 
   "ORR", 
   "ORR", 
   "ORR", 
   "ANDD", 
   "ORR", 
   "NOTUSED", 
   "ANDD", 
   "ANDD", 
   "ORR", 
   "ANDD", 
   "NOTUSED", 
   "NOTUSED"
  ], 
  "4": [
   "ANDD", 
   "ANDD", 
   "ORR", 
   "NOTUSED", 
   "NOTUSED", 
   "ORR", 
   "NOTUSED", 
   "ANDD", 
   "NOTUSED", 
   "ANDD", 
   "ORR", 
   "ANDD", 
   "NOTUSED", 
   "NOTUSED", 
   "NOTUSED"
  ], 
  "7": [
   "ANDD", 
   "ORR", 
   "ANDD", 
   "ORR", 
   "ANDD", 
   "ORR", 
   "NOTUSED", 
   "NOTUSED", 
   "NOTUSED", 
   "NOTUSED", 
   "NOTUSED", 
   "ORR", 
   "ORR", 
   "NOTUSED", 
   "NOTUSED"
  ], 
  "6": [
   "ORR", 
   "ANDD", 
   "ORR", 
   "ORR", 
   "NOTUSED", 
   "ANDD", 
   "ORR", 
   "NOTUSED", 
   "ORR", 
   "NOTUSED", 
   "ORR", 
   "ANDD", 
   "ANDD", 
   "ORR", 
   "ANDD"
  ], 
  "9": [
   "ANDD", 
   "ANDD", 
   "ORR", 
   "ANDD", 
   "ANDD", 
   "ANDD", 
   "NOTUSED", 
   "NOTUSED", 
   "ANDD", 
   "ORR", 
   "ANDD", 
   "ANDD", 
   "ORR", 
   "ORR", 
   "ORR"
  ], 
  "8": [
   "ANDD", 
   "ORR", 
   "ORR", 
   "ORR", 
   "NOTUSED", 
   "NOTUSED", 
   "ORR", 
   "NOTUSED", 
   "ORR", 
   "ANDD", 
   "NOTUSED", 
   "ANDD", 
   "NOTUSED", 
   "NOTUSED", 
   "ANDD"
  ]
 }
}