{
 "random_seed": 1067186804, 
 "PARAMETERS": {
  "RADIUS1": 622985.463, 
  "QUADS": 3, 
  "RADIUS2": 628315.576, 
  "DIST": 759098.074, 
  "F_PTS": 1, 
  "K_PTS": 5, 
  "EPSILON": 2.978, 
  "LENGTH1": 48346.009, 
  "G_PTS": 36, 
  "Q_PTS": 10, 
  "N_PTS": 24, 
  "C_PTS": 23, 
  "AREA2": 496682.32, 
  "LENGTH2": 625320.706, 
  "B_PTS": 12, 
  "D_PTS": 14, 
  "AREA1": 128134.731, 
  "A_PTS": 9, 
  "E_PTS": 35
 }, 
 "NUMPOINTS": 44, 
 "points": [
  [
   785726.496, 
   -187641.377
  ], 
  [
   -843383.672, 
   -660056.086
  ], 
  [
   21127.457, 
   161529.624
  ], 
  [
   -46860.174, 
   -195121.405
  ], 
  [
   661485.282, 
   -918759.482
  ], 
  [
   648436.574, 
   235626.723
  ], 
  [
   -662738.771, 
   210533.217
  ], 
  [
   622808.283, 
   702155.128
  ], 
  [
   -978752.953, 
   833903.33
  ], 
  [
   -867054.121, 
   168141.654
  ], 
  [
   673679.374, 
   92421.457
  ], 
  [
   254141.42, 
   670709.243
  ], 
  [
   -372017.453, 
   167747.917
  ], 
  [
   234482.613, 
   -509525.499
  ], 
  [
   714659.299, 
   -800480.352
  ], 
  [
   921312.979, 
   -189662.822
  ], 
  [
   903517.64, 
   -599509.568
  ], 
  [
   -542562.016, 
   929988.058
  ], 
  [
   -482849.115, 
   181276.186
  ], 
  [
   561001.495, 
   88518.935
  ], 
  [
   989067.388, 
   -290690.662
  ], 
  [
   150248.466, 
   941470.659
  ], 
  [
   881398.545, 
   -812919.176
  ], 
  [
   -566844.905, 
   794398.691
  ], 
  [
   -241290.876, 
   -862063.693
  ], 
  [
   385430.551, 
   614290.418
  ], 
  [
   -57988.521, 
   80761.193
  ], 
  [
   -989184.895, 
   -679390.676
  ], 
  [
   37327.237, 
   474233.493
  ], 
  [
   578291.126, 
   796655.209
  ], 
  [
   -958805.845, 
   -778669.545
  ], 
  [
   -541146.048, 
   342712.588
  ], 
  [
   798663.789, 
   55709.07
  ], 
  [
   -519400.267, 
   558276.746
  ], 
  [
   950003.144, 
   808885.602
  ], 
  [
   473778.97, 
   67149.227
  ], 
  [
   -265803.19, 
   991297.921
  ], 
  [
   -661509.08, 
   995004.125
  ], 
  [
   -16072.122, 
   533024.655
  ], 
  [
   341372.179, 
   149412.917
  ], 
  [
   -534688.937, 
   473189.04
  ], 
  [
   527902.382, 
   851118.448
  ], 
  [
   305850.742, 
   903200.523
  ], 
  [
   504944.641, 
   -270361.911
  ]
 ], 
 "PUV": [
  true, 
  true, 
  false, 
  true, 
  true, 
  false, 
  true, 
  true, 
  false, 
  true, 
  false, 
  false, 
  true, 
  false, 
  false
 ], 
 "LCM": {
  "11": [
   "ANDD", 
   "ANDD", 
   "ANDD", 
   "ORR", 
   "ANDD", 
   "ANDD", 
   "NOTUSED", 
   "ORR", 
   "ANDD", 
   "NOTUSED", 
   "ANDD", 
   "NOTUSED", 
   "NOTUSED", 
   "ANDD", 
   "ORR"
  ], 
  "10": [
   "ANDD", 
   "ORR", 
   "NOTUSED", 
   "ANDD", 
   "NOTUSED", 
   "ANDD", 
   "NOTUSED", 
   "ORR", 
   "NOTUSED", 
   "ANDD", 
   "ORR", 
   "ANDD", 
   "ORR", 
   "NOTUSED", 
   "NOTUSED"
  ], 
  "13": [
   "NOTUSED", 
   "ANDD", 
   "ORR", 
   "NOTUSED", 
   "ANDD", 
   "NOTUSED", 
   "ANDD", 
   "ORR", 
   "NOTUSED", 
   "ANDD", 
   "NOTUSED", 
   "ANDD", 
   "NOTUSED", 
   "ORR", 
   "ANDD"
  ], 
  "12": [
   "ORR", 
   "ANDD", 
   "NOTUSED", 
   "ORR", 
   "ORR", 
   "NOTUSED", 
   "NOTUSED", 
   "ANDD", 
   "ANDD", 
   "ORR", 
   "ORR", 
   "NOTUSED", 
   "NOTUSED", 
   "NOTUSED", 
   "ORR"
  ], 
  "14": [
   "NOTUSED", 
   "NOTUSED", 
   "NOTUSED", 
   "ANDD", 
   "ORR", 
   "ORR", 
   "ANDD", 
   "ANDD", 
   "ORR", 
   "NOTUSED", 
   "NOTUSED", 
   "ORR", 
   "ORR", 
   "ANDD", 
   "ORR"
  ], 
  "1": [
   "ORR", 
   "ANDD", 
   "NOTUSED", 
   "NOTUSED", 
   "NOTUSED", 
   "ANDD", 
   "NOTUSED", 
   "NOTUSED", 
   "ORR", 
   "NOTUSED", 
   "ORR", 
   "ANDD", 
   "ANDD", 
   "ANDD", 
   "NOTUSED"
  ], 
  "0": [
   "ANDD", 
   "ORR", 
   "ANDD", 
   "ANDD", 
   "ANDD", 
   "ORR", 
   "ORR", 
   "ANDD", 
   "NOTUSED", 
   "ORR", 
   "ANDD", 
   "ANDD", 
   "ORR", 
   "NOTUSED", 
   "NOTUSED"
  ], 
  "3": [
   "ANDD", 
   "NOTUSED", 
   "ORR", 
   "NOTUSED", 
   "NOTUSED", 
   "NOTUSED", 
   "ANDD", 
   "NOTUSED", 
   "NOTUSED", 
   "NOTUSED", 
   "ANDD", 
   "ORR", 
   "ORR", 
   "NOTUSED", 
   "ANDD"
  ], 
  "2": [
   "ANDD", 
   "NOTUSED", 
   "ORR", 
   "ORR", 
   "ANDD", 
   "NOTUSED", 
   "ORR", 
   "ORR", 
   "ANDD", 
   "NOTUSED", 
   "NOTUSED", 
   "ANDD", 
   "NOTUSED", 
   "ORR", 
   "NOTUSED"
  ], 
  "5": [
   "ORR", 
   "ANDD", 
   "NOTUSED", 
   "NOTUSED", 
   "ORR", 
   "ORR", 
   "ANDD", 
   "ANDD", 
   "NOTUSED", 
   "ORR", 
   "ANDD", 
   "ANDD", 
   "NOTUSED", 
   "NOTUSED", 
   "ORR"
  ], 
  "4": [
   "ANDD", 
   "NOTUSED", 
   "ANDD", 
   "NOTUSED", 
   "NOTUSED", 
   "ORR", 
   "ANDD", 
   "ORR", 
   "ANDD", 
   "ANDD", 
   "NOTUSED", 
   "ANDD", 
   "ORR", 
   "ANDD", 
   "ORR"
  ], 
  "7": [
   "ANDD", 
   "NOTUSED", 
   "ORR", 
   "NOTUSED", 
   "ORR", 
   "ANDD", 
   "ORR", 
   "ORR", 
   "ORR", 
   "ANDD", 
   "ORR", 
   "ORR", 
   "ANDD", 
   "ORR", 
   "ANDD"
  ], 
  "6": [
   "ORR", 
   "NOTUSED", 
   "ORR", 
   "ANDD", 
   "ANDD", 
   "ANDD", 
   "ORR", 
   "ORR", 
   "ORR", 
   "ANDD", 
   "NOTUSED", 
   "NOTUSED", 
   "NOTUSED", 
   "ANDD", 
   "ANDD"
  ], 
  "9": [
   "ORR", 
   "NOTUSED", 
   "NOTUSED", 
   "NOTUSED", 
   "ANDD", 
   "ORR", 
   "ANDD", 
   "ANDD", 
   "ORR", 
   "ORR", 
   "ANDD", 
   "NOTUSED", 
   "ORR", 
   "ANDD", 
   "NOTUSED"
  ], 
  "8": [
   "NOTUSED", 
   "ORR", 
   "ANDD", 
   "NOTUSED", 
   "ANDD", 
   "NOTUSED", 
   "ORR", 
   "ORR", 
   "NOTUSED", 
   "ORR", 
   "NOTUSED", 
   "ANDD", 
   "ANDD", 
   "NOTUSED", 
   "ORR"
  ]
 }
}