{
 "random_seed": 220335376, 
 "PARAMETERS": {
  "RADIUS1": 447420.392, 
  "QUADS": 2, 
  "RADIUS2": 195503.696, 
  "DIST": 247350.657, 
  "F_PTS": 25, 
  "K_PTS": 7, 
  "EPSILON": 0.243, 
  "LENGTH1": 940326.59, 
  "G_PTS": 31, 
  "Q_PTS": 14, 
  "N_PTS": 18, 
  "C_PTS": 25, 
  "AREA2": 654624.029, 
  "LENGTH2": 977584.742, 
  "B_PTS": 9, 
  "D_PTS": 4, 
  "AREA1": 748486.58, 
  "A_PTS": 7, 
  "E_PTS": 11
 }, 
 "NUMPOINTS": 39, 
 "points": [
  [
   -409593.945, 
   173843.324
  ], 
  [
   -321.784, 
   -631597.024
  ], 
  [
   -293893.927, 
   -86841.01
  ], 
  [
   986715.016, 
   -293513.117
  ], 
  [
   333243.014, 
   364903.356
  ], 
  [
   507532.086, 
   890638.228
  ], 
  [
   -750631.484, 
   -827136.311
  ], 
  [
   175563.826, 
   865740.475
  ], 
  [
   -958497.163, 
   -460546.132
  ], 
  [
   -732249.088, 
   -973619.896
  ], 
  [
   569764.908, 
   -289296.659
  ], 
  [
   -584052.92, 
   103151.071
  ], 
  [
   -393661.096, 
   -887419.934
  ], 
  [
   -274925.482, 
   -814515.276
  ], 
  [
   -114543.956, 
   949752.225
  ], 
  [
   845857.423, 
   -386072.177
  ], 
  [
   344840.645, 
   898858.477
  ], 
  [
   539365.979, 
   -337049.024
  ], 
  [
   -374458.606, 
   953108.902
  ], 
  [
   -668295.732, 
   125541.851
  ], 
  [
   -562128.969, 
   -329261.817
  ], 
  [
   -618864.278, 
   -659404.352
  ], 
  [
   -113274.07, 
   273450.693
  ], 
  [
   -710341.66, 
   -772411.768
  ], 
  [
   -945918.142, 
   -392582.023
  ], 
  [
   -777581.294, 
   -115344.812
  ], 
  [
   989568.536, 
   -673604.168
  ], 
  [
   56747.895, 
   -684343.814
  ], 
  [
   283588.274, 
   556324.779
  ], 
  [
   272091.361, 
   17184.726
  ], 
  [
   770827.128, 
   -557078.797
  ], 
  [
   766856.148, 
   -501178.875
  ], 
  [
   917985.59, 
   41011.348
  ], 
  [
   -381482.191, 
   -429025.149
  ], 
  [
   -244472.542, 
   -711683.587
  ], 
  [
   -535561.921, 
   -858820.18
  ], 
  [
   244490.948, 
   -601008.801
  ], 
  [
   -585609.34, 
   541703.124
  ], 
  [
   -938688.148, 
   -742218.311
  ]
 ], 
 "PUV": [
  false, 
  false, 
  true, 
  false, 
  false, 
  false, 
  false, 
  true, 
  true, 
  false, 
  false, 
  false, 
  false, 
  true, 
  true
 ], 
 "LCM": {
  "11": [
   "NOTUSED", 
   "NOTUSED", 
   "ANDD", 
   "ANDD", 
   "NOTUSED", 
   "NOTUSED", 
   "ORR", 
   "ANDD", 
   "NOTUSED", 
   "ORR", 
   "ORR", 
   "ORR", 
   "ANDD", 
   "NOTUSED", 
   "ORR"
  ], 
  "10": [
   "ANDD", 
   "ANDD", 
   "NOTUSED", 
   "ANDD", 
   "ANDD", 
   "NOTUSED", 
   "NOTUSED", 
   "ORR", 
   "NOTUSED", 
   "ORR", 
   "ORR", 
   "ORR", 
   "ANDD", 
   "NOTUSED", 
   "ORR"
  ], 
  "13": [
   "NOTUSED", 
   "NOTUSED", 
   "ORR", 
   "ORR", 
   "ORR", 
   "ORR", 
   "NOTUSED", 
   "ANDD", 
   "NOTUSED", 
   "NOTUSED", 
   "NOTUSED", 
   "NOTUSED", 
   "ANDD", 
   "ANDD", 
   "ANDD"
  ], 
  "12": [
   "ANDD", 
   "ORR", 
   "NOTUSED", 
   "ORR", 
   "ANDD", 
   "NOTUSED", 
   "NOTUSED", 
   "ANDD", 
   "ORR", 
   "ANDD", 
   "ANDD", 
   "ANDD", 
   "ORR", 
   "ANDD", 
   "ORR"
  ], 
  "14": [
   "ORR", 
   "ANDD", 
   "ORR", 
   "ORR", 
   "ANDD", 
   "ANDD", 
   "NOTUSED", 
   "ANDD", 
   "ANDD", 
   "NOTUSED", 
   "ORR", 
   "ORR", 
   "ORR", 
   "ANDD", 
   "NOTUSED"
  ], 
  "1": [
   "NOTUSED", 
   "NOTUSED", 
   "NOTUSED", 
   "ANDD", 
   "ORR", 
   "ORR", 
   "ORR", 
   "ORR", 
   "ORR", 
   "ORR", 
   "ANDD", 
   "NOTUSED", 
   "ORR", 
   "NOTUSED", 
   "ANDD"
  ], 
  "0": [
   "ORR", 
   "NOTUSED", 
   "NOTUSED", 
   "ANDD", 
   "NOTUSED", 
   "ANDD", 
   "ORR", 
   "NOTUSED", 
   "ORR", 
   "ORR", 
   "ANDD", 
   "NOTUSED", 
   "ANDD", 
   "NOTUSED", 
   "ORR"
  ], 
  "3": [
   "ANDD", 
   "ANDD", 
   "ANDD", 
   "NOTUSED", 
   "NOTUSED", 
   "ORR", 
   "ANDD", 
   "ORR", 
   "NOTUSED", 
   "NOTUSED", 
   "ANDD", 
   "ANDD", 
   "ORR", 
   "ORR", 
   "ORR"
  ], 
  "2": [
   "NOTUSED", 
   "NOTUSED", 
   "ANDD", 
   "ANDD", 
   "ORR", 
   "ORR", 
   "ORR", 
   "ANDD", 
   "ORR", 
   "ANDD", 
   "NOTUSED", 
   "ANDD", 
   "NOTUSED", 
   "ORR", 
   "ORR"
  ], 
  "5": [
   "ANDD", 
   "ORR", 
   "ORR", 
   "ORR", 
   "NOTUSED", 
   "ANDD", 
   "NOTUSED", 
   "ORR", 
   "ANDD", 
   "ANDD", 
   "NOTUSED", 
   "NOTUSED", 
   "NOTUSED", 
   "ORR", 
   "ANDD"
  ], 
  "4": [
   "NOTUSED", 
   "ORR", 
   "ORR", 
   "NOTUSED", 
   "ORR", 
   "NOTUSED", 
   "ORR", 
   "ORR", 
   "ANDD", 
   "NOTUSED", 
   "ANDD", 
   "NOTUSED", 
   "ANDD", 
   "ORR", 
   "ANDD"
  ], 
  "7": [
   "NOTUSED", 
   "ORR", 
   "ANDD", 
   "ORR", 
   "ORR", 
   "ORR", 
   "ORR", 
   "NOTUSED", 
   "NOTUSED", 
   "ANDD", 
   "ORR", 
   "ANDD", 
   "ANDD", 
   "ANDD", 
   "ANDD"
  ], 
  "6": [
   "ORR", 
   "ORR", 
   "ORR", 
   "ANDD", 
   "ORR", 
   "NOTUSED", 
   "NOTUSED", 
   "ORR", 
   "ANDD", 
   "ORR", 
   "NOTUSED", 
   "ORR", 
   "NOTUSED", 
   "NOTUSED", 
   "NOTUSED"
  ], 
  "9": [
   "ORR", 
   "ORR", 
   "ANDD", 
   "NOTUSED", 
   "NOTUSED", 
   "ANDD", 
   "ORR", 
   "ANDD", 
   "ANDD", 
   "ANDD", 
   "ORR", 
   "ORR", 
   "ANDD", 
   "NOTUSED", 
   "NOTUSED"
  ], 
  "8": [
   "ORR", 
   "ORR", 
   "ORR", 
   "NOTUSED", 
   "ANDD", 
   "ANDD", 
   "ANDD", 
   "NOTUSED", 
   "ORR", 
   "ANDD", 
   "NOTUSED", 
   "NOTUSED", 
   "ORR", 
   "NOTUSED", 
   "ANDD"
  ]
 }
}