{
 "random_seed": 411339822, 
 "PARAMETERS": {
  "RADIUS1": 159036.024, 
  "QUADS": 1, 
  "RADIUS2": 64623.701, 
  "DIST": 212296.313, 
  "F_PTS": 2, 
  "K_PTS": 11, 
  "EPSILON": 2.663, 
  "LENGTH1": 161661.948, 
  "G_PTS": 32, 
  "Q_PTS": 7, 
  "N_PTS": 46, 
  "C_PTS": 7, 
  "AREA2": 345833.519, 
  "LENGTH2": 80483.108, 
  "B_PTS": 9, 
  "D_PTS": 33, 
  "AREA1": 824201.38, 
  "A_PTS": 25, 
  "E_PTS": 30
 }, 
 "NUMPOINTS": 63, 
 "points": [
  [
   110178.68, 
   -502186.576
  ], 
  [
   -86795.827, 
   -540150.703
  ], 
  [
   458476.048, 
   -525581.616
  ], 
  [
   -246983.041, 
   -578521.081
  ], 
  [
   -649883.493, 
   170048.09
  ], 
  [
   928504.684, 
   434453.478
  ], 
  [
   804719.569, 
   205560.907
  ], 
  [
   -570270.741, 
   -197239.986
  ], 
  [
   -576923.952, 
   484213.956
  ], 
  [
   -116385.978, 
   -956216.737
  ], 
  [
   -158681.219, 
   87494.227
  ], 
  [
   -52387.347, 
   -885803.743
  ], 
  [
   992419.849, 
   964564.064
  ], 
  [
   625136.598, 
   -747443.092
  ], 
  [
   201485.11, 
   -606470.246
  ], 
  [
   804556.817, 
   285075.635
  ], 
  [
   -834217.862, 
   -433974.583
  ], 
  [
   188762.205, 
   843508.025
  ], 
  [
   149657.526, 
   664778.041
  ], 
  [
   -392418.493, 
   481360.847
  ], 
  [
   462102.545, 
   -49699.746
  ], 
  [
   -519275.587, 
   644040.901
  ], 
  [
   -155818.736, 
   -62928.344
  ], 
  [
   -421058.639, 
   -252751.175
  ], 
  [
   -399961.089, 
   -620357.744
  ], 
  [
   244895.883, 
   20085.012
  ], 
  [
   993249.648, 
   -287689.61
  ], 
  [
   682372.708, 
   -827277.238
  ], 
  [
   -538296.536, 
   287061.918
  ], 
  [
   -9462.204, 
   597415.333
  ], 
  [
   849061.129, 
   509658.321
  ], 
  [
   -639935.033, 
   451023.908
  ], 
  [
   425408.592, 
   -175323.645
  ], 
  [
   949284.734, 
   69377.021
  ], 
  [
   621515.655, 
   -207013.962
  ], 
  [
   332414.568, 
   -239560.263
  ], 
  [
   520873.216, 
   827060.938
  ], 
  [
   -210784.791, 
   -128002.729
  ], 
  [
   -637078.347, 
   281493.306
  ], 
  [
   -39494.121, 
   -551499.548
  ], 
  [
   926149.28, 
   -129397.466
  ], 
  [
   889101.917, 
   -470285.246
  ], 
  [
   -810019.929, 
   -309366.416
  ], 
  [
   743927.128, 
   -339562.6
  ], 
  [
   -424818.323, 
   -479414.66
  ], 
  [
   -502056.638, 
   820967.038
  ], 
  [
   191472.899, 
   -544227.235
  ], 
  [
   -639670.737, 
   160524.249
  ], 
  [
   765730.619, 
   826235.219
  ], 
  [
   -701388.053, 
   -442344.18
  ], 
  [
   -676077.405, 
   -229485.631
  ], 
  [
   784943.76, 
   -29664.512
  ], 
  [
   879147.753, 
   205720.896
  ], 
  [
   305504.648, 
   -139679.444
  ], 
  [
   -899149.89, 
   -642277.365
  ], 
  [
   -36647.672, 
   637013.531
  ], 
  [
   515138.802, 
   809385.306
  ], 
  [
   574626.161, 
   434316.374
  ], 
  [
   -814564.048, 
   -549905.346
  ], 
  [
   238839.496, 
   -909785.876
  ], 
  [
   -211935.738, 
   995087.177
  ], 
  [
   197338.553, 
   -462352.052
  ], 
  [
   728949.673, 
   -409845.102
  ]
 ], 
 "PUV": [
  false, 
  true, 
  false, 
  true, 
  false, 
  true, 
  true, 
  false, 
  true, 
  false, 
  true, 
  true, 
  true, 
  false, 
  false
 ], 
 "LCM": {
  "11": [
   "ANDD", 
   "NOTUSED", 
   "NOTUSED", 
   "ANDD", 
   "NOTUSED", 
   "ORR", 
   "NOTUSED", 
   "NOTUSED", 
   "ANDD", 
   "NOTUSED", 
   "NOTUSED", 
   "ORR", 
   "ORR", 
   "NOTUSED", 
   "ORR"
  ], 
  "10": [
   "ORR", 
   "ORR", 
   "ORR", 
   "ORR", 
   "NOTUSED", 
   "ANDD", 
   "ANDD", 
   "ANDD", 
   "ANDD", 
   "ORR", 
   "ORR", 
   "NOTUSED", 
   "NOTUSED", 
   "ANDD", 
   "NOTUSED"
  ], 
  "13": [
   "NOTUSED", 
   "ORR", 
   "ORR", 
   "NOTUSED", 
   "NOTUSED", 
   "ORR", 
   "ORR", 
   "NOTUSED", 
   "NOTUSED", 
   "ORR", 
   "ANDD", 
   "NOTUSED", 
   "NOTUSED", 
   "ANDD", 
   "ORR"
  ], 
  "12": [
   "ANDD", 
   "ORR", 
   "ANDD", 
   "NOTUSED", 
   "NOTUSED", 
   "ANDD", 
   "NOTUSED", 
   "NOTUSED", 
   "NOTUSED", 
   "ANDD", 
   "NOTUSED", 
   "ORR", 
   "ANDD", 
   "NOTUSED", 
   "ANDD"
  ], 
  "14": [
   "NOTUSED", 
   "ORR", 
   "NOTUSED", 
   "ANDD", 
   "ORR", 
   "ORR", 
   "NOTUSED", 
   "ANDD", 
   "ORR", 
   "NOTUSED", 
   "NOTUSED", 
   "ORR", 
   "ANDD", 
   "ORR", 
   "NOTUSED"
  ], 
  "1": [
   "ANDD", 
   "ANDD", 
   "NOTUSED", 
   "NOTUSED", 
   "NOTUSED", 
   "NOTUSED", 
   "ORR", 
   "ANDD", 
   "ANDD", 
   "ANDD", 
   "ORR", 
   "NOTUSED", 
   "ORR", 
   "ORR", 
   "ORR"
  ], 
  "0": [
   "ANDD", 
   "ANDD", 
   "ORR", 
   "ORR", 
   "ANDD", 
   "ORR", 
   "NOTUSED", 
   "NOTUSED", 
   "ORR", 
   "ANDD", 
   "ORR", 
   "ANDD", 
   "ANDD", 
   "NOTUSED", 
   "NOTUSED"
  ], 
  "3": [
   "ORR", 
   "NOTUSED", 
   "NOTUSED", 
   "NOTUSED", 
   "NOTUSED", 
   "NOTUSED", 
   "ANDD", 
   "ORR", 
   "NOTUSED", 
   "ANDD", 
   "ORR", 
   "ANDD", 
   "NOTUSED", 
   "NOTUSED", 
   "ANDD"
  ], 
  "2": [
   "ORR", 
   "NOTUSED", 
   "NOTUSED", 
   "NOTUSED", 
   "NOTUSED", 
   "ORR", 
   "ORR", 
   "ANDD", 
   "NOTUSED", 
   "ORR", 
   "ORR", 
   "NOTUSED", 
   "ANDD", 
   "ORR", 
   "NOTUSED"
  ], 
  "5": [
   "ORR", 
   "NOTUSED", 
   "ORR", 
   "NOTUSED", 
   "NOTUSED", 
   "NOTUSED", 
   "ANDD", 
   "ORR", 
   "ORR", 
   "ANDD", 
   "ANDD", 
   "ORR", 
   "ANDD", 
   "ORR", 
   "ORR"
  ], 
  "4": [
   "ANDD", 
   "NOTUSED", 
   "NOTUSED", 
   "NOTUSED", 
   "ANDD", 
   "NOTUSED", 
   "ORR", 
   "NOTUSED", 
   "ANDD", 
   "ORR", 
   "NOTUSED", 
   "NOTUSED", 
   "NOTUSED", 
   "NOTUSED", 
   "ORR"
  ], 
  "7": [
   "NOTUSED", 
   "ANDD", 
   "ANDD", 
   "ORR", 
   "NOTUSED", 
   "ORR", 
   "NOTUSED", 
   "NOTUSED", 
   "NOTUSED", 
   "ORR", 
   "ANDD", 
   "NOTUSED", 
   "NOTUSED", 
   "NOTUSED", 
   "ANDD"
  ], 
  "6": [
   "NOTUSED", 
   "ORR", 
   "ORR", 
   "ANDD", 
   "ORR", 
   "ANDD", 
   "ORR", 
   "NOTUSED", 
   "ANDD", 
   "ORR", 
   "ANDD", 
   "NOTUSED", 
   "NOTUSED", 
   "ORR", 
   "NOTUSED"
  ], 
  "9": [
   "ANDD", 
   "ANDD", 
   "ORR", 
   "ANDD", 
   "ORR", 
   "ANDD", 
   "ORR", 
   "ORR", 
   "ANDD", 
   "NOTUSED", 
   "ORR", 
   "NOTUSED", 
   "ANDD", 
   "ORR", 
   "NOTUSED"
  ], 
  "8": [
   "ORR", 
   "ANDD", 
   "NOTUSED", 
   "NOTUSED", 
   "ANDD", 
   "ORR", 
   "ANDD", 
   "NOTUSED", 
   "ANDD", 
   "ANDD", 
   "ANDD", 
   "ANDD", 
   "NOTUSED", 
   "NOTUSED", 
   "ORR"
  ]
 }
}