{
 "random_seed": 1598952602, 
 "PARAMETERS": {
  "RADIUS1": 677861.075, 
  "QUADS": 1, 
  "RADIUS2": 401122.405, 
  "DIST": 218175.852, 
  "F_PTS": 79, 
  "K_PTS": 82, 
  "EPSILON": 2.179, 
  "LENGTH1": 408162.151, 
  "G_PTS": 51, 
  "Q_PTS": 96, 
  "N_PTS": 65, 
  "C_PTS": 2, 
  "AREA2": 713827.087, 
  "LENGTH2": 999532.54, 
  "B_PTS": 34, 
  "D_PTS": 69, 
  "AREA1": 51072.782, 
  "A_PTS": 32, 
  "E_PTS": 1
 }, 
 "NUMPOINTS": 99, 
 "points": [
  [
   982785.002, 
   -426995.551
  ], 
  [
   672871.661, 
   -515639.692
  ], 
  [
   -115694.194, 
   -508769.345
  ], 
  [
   282495.274, 
   -832513.381
  ], 
  [
   -894714.165, 
   -820636.987
  ], 
  [
   133522.114, 
   322125.4
  ], 
  [
   -216122.404, 
   173927.149
  ], 
  [
   59501.315, 
   651579.861
  ], 
  [
   -941076.226, 
   500386.433
  ], 
  [
   -69156.283, 
   -259729.757
  ], 
  [
   -763789.896, 
   -347464.539
  ], 
  [
   622210.789, 
   -685349.008
  ], 
  [
   -713897.238, 
   182962.698
  ], 
  [
   687258.759, 
   -934462.871
  ], 
  [
   -557045.882, 
   -690093.731
  ], 
  [
   -636694.698, 
   968047.076
  ], 
  [
   -119792.681, 
   -430748.545
  ], 
  [
   594727.608, 
   864007.204
  ], 
  [
   -699451.023, 
   137214.634
  ], 
  [
   437828.883, 
   882798.631
  ], 
  [
   876621.503, 
   17917.408
  ], 
  [
   -812519.171, 
   248642.543
  ], 
  [
   238139.39, 
   -86520.604
  ], 
  [
   446292.005, 
   541971.546
  ], 
  [
   -579916.737, 
   597641.03
  ], 
  [
   -427274.387, 
   618787.473
  ], 
  [
   -876138.877, 
   -281464.433
  ], 
  [
   -946955.768, 
   675093.339
  ], 
  [
   240156.951, 
   -274031.55
  ], 
  [
   -247563.598, 
   -855403.808
  ], 
  [
   -485621.57, 
   -518904.666
  ], 
  [
   -234674.338, 
   889830.642
  ], 
  [
   -634157.534, 
   -990898.773
  ], 
  [
   -617492.808, 
   831042.223
  ], 
  [
   702885.724, 
   259933.257
  ], 
  [
   689581.781, 
   -559476.461
  ], 
  [
   246326.484, 
   528293.162
  ], 
  [
   672196.72, 
   880564.384
  ], 
  [
   -500467.697, 
   -615205.251
  ], 
  [
   -40213.261, 
   -417198.81
  ], 
  [
   -97013.345, 
   -819870.7
  ], 
  [
   957366.088, 
   -341124.131
  ], 
  [
   485591.329, 
   591135.24
  ], 
  [
   -669527.286, 
   314484.697
  ], 
  [
   -666642.616, 
   364197.545
  ], 
  [
   291459.035, 
   -963729.339
  ], 
  [
   -640789.126, 
   -506114.406
  ], 
  [
   -815271.371, 
   -841813.424
  ], 
  [
   -450631.27, 
   77753.844
  ], 
  [
   34871.836, 
   734361.239
  ], 
  [
   978271.68, 
   855230.686
  ], 
  [
   -19406.226, 
   45940.663
  ], 
  [
   -16017.077, 
   -914430.145
  ], 
  [
   868091.692, 
   902815.488
  ], 
  [
   134432.461, 
   210822.225
  ], 
  [
   -57361.936, 
   -925558.753
  ], 
  [
   -895890.659, 
   625038.805
  ], 
  [
   517106.607, 
   -845919.533
  ], 
  [
   112684.596, 
   769473.166
  ], 
  [
   -522146.306, 
   685954.011
  ], 
  [
   -109272.688, 
   -401389.986
  ], 
  [
   787707.845, 
   -50513.851
  ], 
  [
   60331.121, 
   -155553.824
  ], 
  [
   600327.662, 
   758785.332
  ], 
  [
   797269.411, 
   796663.641
  ], 
  [
   661731.679, 
   429708.387
  ], 
  [
   -903880.085, 
   654496.588
  ], 
  [
   -72384.674, 
   -744211.672
  ], 
  [
   -727127.575, 
   425212.835
  ], 
  [
   305579.383, 
   -317452.295
  ], 
  [
   699329.007, 
   375536.273
  ], 
  [
   -251722.877, 
   878126.679
  ], 
  [
   -965880.174, 
   -723720.532
  ], 
  [
   -250446.947, 
   -646240.512
  ], 
  [
   -649476.433, 
   378554.398
  ], 
  [
   -284851.018, 
   -631789.736
  ], 
  [
   830278.985, 
   -870653.842
  ], 
  [
   -304789.927, 
   177376.531
  ], 
  [
   -635585.155, 
   -687616.373
  ], 
  [
   -715970.648, 
   -569629.503
  ], 
  [
   -291264.972, 
   382748.722
  ], 
  [
   985906.344, 
   611770.946
  ], 
  [
   199289.981, 
   -352034.213
  ], 
  [
   -597006.145, 
   -651489.682
  ], 
  [
   -488238.95, 
   752937.175
  ], 
  [
   782520.465, 
   -732429.712
  ], 
  [
   709479.733, 
   995368.72
  ], 
  [
   -202372.412, 
   78067.595
  ], 
  [
   740992.141, 
   -928457.353
  ], 
  [
   -876771.962, 
   62676.641
  ], 
  [
   161161.838, 
   265563.741
  ], 
  [
   929166.492, 
   785022.588
  ], 
  [
   377861.897, 
   -678168.971
  ], 
  [
   28175.854, 
   539118.234
  ], 
  [
   -513317.144, 
   213378.2
  ], 
  [
   -425088.331, 
   -456390.629
  ], 
  [
   -319351.051, 
   -149396.245
  ], 
  [
   401134.099, 
   965899.95
  ], 
  [
   -202153.468, 
   -879197.897
  ]
 ], 
 "PUV": [
  false, 
  true, 
  true, 
  true, 
  false, 
  true, 
  true, 
  false, 
  true, 
  false, 
  false, 
  false, 
  true, 
  true, 
  true
 ], 
 "LCM": {
  "11": [
   "ANDD", 
   "ANDD", 
   "NOTUSED", 
   "ANDD", 
   "ORR", 
   "ORR", 
   "ANDD", 
   "ORR", 
   "ANDD", 
   "ORR", 
   "ANDD", 
   "NOTUSED", 
   "ANDD", 
   "ANDD", 
   "ORR"
  ], 
  "10": [
   "NOTUSED", 
   "ORR", 
   "ORR", 
   "NOTUSED", 
   "NOTUSED", 
   "ANDD", 
   "NOTUSED", 
   "ORR", 
   "ORR", 
   "ORR", 
   "ORR", 
   "ANDD", 
   "ANDD", 
   "ORR", 
   "NOTUSED"
  ], 
  "13": [
   "ANDD", 
   "ANDD", 
   "ORR", 
   "ORR", 
   "ORR", 
   "ORR", 
   "NOTUSED", 
   "NOTUSED", 
   "ANDD", 
   "ANDD", 
   "ORR", 
   "ANDD", 
   "ANDD", 
   "ORR", 
   "ORR"
  ], 
  "12": [
   "ORR", 
   "ORR", 
   "ORR", 
   "ANDD", 
   "ORR", 
   "ORR", 
   "NOTUSED", 
   "NOTUSED", 
   "NOTUSED", 
   "ANDD", 
   "ANDD", 
   "ANDD", 
   "ORR", 
   "ANDD", 
   "ORR"
  ], 
  "14": [
   "NOTUSED", 
   "ORR", 
   "ORR", 
   "ORR", 
   "NOTUSED", 
   "NOTUSED", 
   "ORR", 
   "NOTUSED", 
   "ANDD", 
   "ORR", 
   "NOTUSED", 
   "ORR", 
   "ORR", 
   "ORR", 
   "ANDD"
  ], 
  "1": [
   "ORR", 
   "ORR", 
   "NOTUSED", 
   "ORR", 
   "NOTUSED", 
   "NOTUSED", 
   "ANDD", 
   "ANDD", 
   "NOTUSED", 
   "ORR", 
   "ORR", 
   "ANDD", 
   "ORR", 
   "ANDD", 
   "ORR"
  ], 
  "0": [
   "ORR", 
   "ORR", 
   "ORR", 
   "ORR", 
   "ORR", 
   "NOTUSED", 
   "NOTUSED", 
   "NOTUSED", 
   "ORR", 
   "ANDD", 
   "NOTUSED", 
   "ANDD", 
   "ORR", 
   "ANDD", 
   "NOTUSED"
  ], 
  "3": [
   "ORR", 
   "ORR", 
   "ORR", 
   "NOTUSED", 
   "ANDD", 
   "ORR", 
   "ORR", 
   "ORR", 
   "ANDD", 
   "ORR", 
   "NOTUSED", 
   "ANDD", 
   "ANDD", 
   "ORR", 
   "ORR"
  ], 
  "2": [
   "ORR", 
   "NOTUSED", 
   "ORR", 
   "ORR", 
   "ORR", 
   "NOTUSED", 
   "ORR", 
   "NOTUSED", 
   "NOTUSED", 
   "ANDD", 
   "ORR", 
   "NOTUSED", 
   "ORR", 
   "ORR", 
   "ORR"
  ], 
  "5": [
   "NOTUSED", 
   "NOTUSED", 
   "NOTUSED", 
   "ORR", 
   "ANDD", 
   "ANDD", 
   "ORR", 
   "ORR", 
   "ANDD", 
   "ORR", 
   "ANDD", 
   "ORR", 
   "ORR", 
   "ORR", 
   "NOTUSED"
  ], 
  "4": [
   "ORR", 
   "NOTUSED", 
   "ORR", 
   "ANDD", 
   "NOTUSED", 
   "ANDD", 
   "NOTUSED", 
   "ORR", 
   "ANDD", 
   "NOTUSED", 
   "NOTUSED", 
   "ORR", 
   "ORR", 
   "ORR", 
   "NOTUSED"
  ], 
  "7": [
   "NOTUSED", 
   "ANDD", 
   "NOTUSED", 
   "ORR", 
   "ORR", 
   "ORR", 
   "ORR", 
   "ORR", 
   "ANDD", 
   "ANDD", 
   "ORR", 
   "ORR", 
   "NOTUSED", 
   "NOTUSED", 
   "NOTUSED"
  ], 
  "6": [
   "NOTUSED", 
   "ANDD", 
   "ORR", 
   "ORR", 
   "NOTUSED", 
   "ORR", 
   "ORR", 
   "ORR", 
   "NOTUSED", 
   "NOTUSED", 
   "NOTUSED", 
   "ANDD", 
   "NOTUSED", 
   "NOTUSED", 
   "ORR"
  ], 
  "9": [
   "ANDD", 
   "ORR", 
   "ANDD", 
   "ORR", 
   "NOTUSED", 
   "ORR", 
   "NOTUSED", 
   "ANDD", 
   "ANDD", 
   "NOTUSED", 
   "ORR", 
   "ORR", 
   "ANDD", 
   "ANDD", 
   "ORR"
  ], 
  "8": [
   "ORR", 
   "NOTUSED", 
   "NOTUSED", 
   "ANDD", 
   "ANDD", 
   "ANDD", 
   "NOTUSED", 
   "ANDD", 
   "ANDD", 
   "ANDD", 
   "ORR", 
   "ANDD", 
   "NOTUSED", 
   "ANDD", 
   "ANDD"
  ]
 }
}