{
 "random_seed": 1891882776, 
 "PARAMETERS": {
  "RADIUS1": 148606.038, 
  "QUADS": 3, 
  "RADIUS2": 775250.905, 
  "DIST": 561669.702, 
  "F_PTS": 1, 
  "K_PTS": 81, 
  "EPSILON": 0.545, 
  "LENGTH1": 535471.307, 
  "G_PTS": 27, 
  "Q_PTS": 24, 
  "N_PTS": 51, 
  "C_PTS": 1, 
  "AREA2": 172697.269, 
  "LENGTH2": 150787.576, 
  "B_PTS": 45, 
  "D_PTS": 36, 
  "AREA1": 843621.103, 
  "A_PTS": 40, 
  "E_PTS": 70
 }, 
 "NUMPOINTS": 90, 
 "points": [
  [
   561208.22, 
   -464811.366
  ], 
  [
   683042.6, 
   237550.516
  ], 
  [
   -770150.685, 
   -650595.46
  ], 
  [
   -792180.317, 
   -779736.007
  ], 
  [
   -843234.543, 
   46424.519
  ], 
  [
   828122.465, 
   124028.782
  ], 
  [
   -435127.031, 
   -972816.21
  ], 
  [
   -392358.89, 
   158548.959
  ], 
  [
   -401232.578, 
   575500.376
  ], 
  [
   -365306.731, 
   89568.218
  ], 
  [
   -739965.528, 
   914835.803
  ], 
  [
   -482957.854, 
   -262575.17
  ], 
  [
   406444.931, 
   -480828.297
  ], 
  [
   878118.775, 
   607345.548
  ], 
  [
   -219316.339, 
   -77639.364
  ], 
  [
   402545.476, 
   394521.487
  ], 
  [
   -954316.761, 
   -300832.206
  ], 
  [
   289676.22, 
   980332.616
  ], 
  [
   733851.841, 
   -636537.76
  ], 
  [
   -834307.695, 
   -991754.637
  ], 
  [
   -571774.405, 
   766777.845
  ], 
  [
   500778.075, 
   162258.145
  ], 
  [
   -762015.102, 
   196804.059
  ], 
  [
   -205401.904, 
   -376288.18
  ], 
  [
   261482.124, 
   141588.426
  ], 
  [
   -272798.156, 
   919643.723
  ], 
  [
   -450408.799, 
   72563.447
  ], 
  [
   -195032.084, 
   -742249.627
  ], 
  [
   -407836.532, 
   624690.014
  ], 
  [
   -165505.3, 
   543407.086
  ], 
  [
   104420.992, 
   -426690.94
  ], 
  [
   -279390.834, 
   -233887.467
  ], 
  [
   -609037.086, 
   -616931.411
  ], 
  [
   -152535.548, 
   -660851.666
  ], 
  [
   -331776.12, 
   -766343.34
  ], 
  [
   -129554.921, 
   547235.879
  ], 
  [
   991933.0, 
   948594.43
  ], 
  [
   446238.351, 
   -718414.583
  ], 
  [
   -847183.009, 
   -541334.387
  ], 
  [
   -810814.555, 
   578534.887
  ], 
  [
   -136149.121, 
   -883730.505
  ], 
  [
   -100813.429, 
   -629407.992
  ], 
  [
   813724.725, 
   -982546.408
  ], 
  [
   210913.306, 
   904294.64
  ], 
  [
   -265188.27, 
   203104.643
  ], 
  [
   -459297.805, 
   -448279.781
  ], 
  [
   -515570.601, 
   840606.523
  ], 
  [
   -957121.798, 
   781285.275
  ], 
  [
   927822.736, 
   -277247.368
  ], 
  [
   -116239.913, 
   881918.834
  ], 
  [
   215926.769, 
   -721030.321
  ], 
  [
   693345.059, 
   268131.264
  ], 
  [
   -518899.235, 
   508254.16
  ], 
  [
   -44115.105, 
   -408550.305
  ], 
  [
   553569.992, 
   24286.233
  ], 
  [
   549494.74, 
   -691515.166
  ], 
  [
   -966240.189, 
   -850832.983
  ], 
  [
   751169.795, 
   260266.341
  ], 
  [
   -462739.076, 
   677695.841
  ], 
  [
   -858696.182, 
   -18275.157
  ], 
  [
   -402808.979, 
   89202.14
  ], 
  [
   -463605.995, 
   48968.999
  ], 
  [
   -40707.277, 
   884781.587
  ], 
  [
   -771185.178, 
   -956654.025
  ], 
  [
   -889656.766, 
   933820.605
  ], 
  [
   667255.13, 
   -186872.374
  ], 
  [
   674452.387, 
   -930940.847
  ], 
  [
   -631000.666, 
   -948751.957
  ], 
  [
   265428.72, 
   863959.745
  ], 
  [
   408524.287, 
   513222.619
  ], 
  [
   437777.559, 
   -979242.866
  ], 
  [
   -971614.384, 
   -593500.634
  ], 
  [
   -964461.524, 
   825076.457
  ], 
  [
   -51857.293, 
   689783.383
  ], 
  [
   -54479.566, 
   -58818.796
  ], 
  [
   -416214.873, 
   416943.925
  ], 
  [
   -948500.423, 
   -213275.069
  ], 
  [
   903107.058, 
   -927958.396
  ], 
  [
   863074.596, 
   -112515.222
  ], 
  [
   -98785.304, 
   535946.299
  ], 
  [
   -723323.223, 
   533409.195
  ], 
  [
   841613.958, 
   -907072.532
  ], 
  [
   -827322.585, 
   -928630.337
  ], 
  [
   4488.41, 
   -603706.769
  ], 
  [
   -744164.514, 
   -766527.817
  ], 
  [
   -852049.655, 
   187753.308
  ], 
  [
   958455.85, 
   353663.439
  ], 
  [
   695592.457, 
   329185.643
  ], 
  [
   746826.487, 
   -426350.568
  ], 
  [
   -128923.705, 
   652594.132
  ]
 ], 
 "PUV": [
  true, 
  false, 
  true, 
  false, 
  false, 
  false, 
  true, 
  false, 
  true, 
  false, 
  false, 
  false, 
  true, 
  true, 
  false
 ], 
 "LCM": {
  "11": [
   "NOTUSED", 
   "ANDD", 
   "NOTUSED", 
   "NOTUSED", 
   "ANDD", 
   "NOTUSED", 
   "ANDD", 
   "ORR", 
   "NOTUSED", 
   "NOTUSED", 
   "ORR", 
   "ANDD", 
   "ANDD", 
   "ORR", 
   "ORR"
  ], 
  "10": [
   "ANDD", 
   "NOTUSED", 
   "ORR", 
   "ANDD", 
   "ORR", 
   "ANDD", 
   "NOTUSED", 
   "ORR", 
   "NOTUSED", 
   "ANDD", 
   "ORR", 
   "ORR", 
   "ANDD", 
   "ORR", 
   "ORR"
  ], 
  "13": [
   "NOTUSED", 
   "ORR", 
   "NOTUSED", 
   "ANDD", 
   "ANDD", 
   "NOTUSED", 
   "ORR", 
   "NOTUSED", 
   "ORR", 
   "NOTUSED", 
   "ORR", 
   "ORR", 
   "ANDD", 
   "ANDD", 
   "NOTUSED"
  ], 
  "12": [
   "ANDD", 
   "ANDD", 
   "ORR", 
   "NOTUSED", 
   "ANDD", 
   "ORR", 
   "ANDD", 
   "ANDD", 
   "ORR", 
   "NOTUSED", 
   "ANDD", 
   "ANDD", 
   "ANDD", 
   "ANDD", 
   "ANDD"
  ], 
  "14": [
   "ORR", 
   "ANDD", 
   "ORR", 
   "ORR", 
   "NOTUSED", 
   "ORR", 
   "ORR", 
   "ANDD", 
   "ANDD", 
   "ORR", 
   "ORR", 
   "ORR", 
   "ANDD", 
   "NOTUSED", 
   "ORR"
  ], 
  "1": [
   "ORR", 
   "ORR", 
   "NOTUSED", 
   "ANDD", 
   "ORR", 
   "NOTUSED", 
   "NOTUSED", 
   "NOTUSED", 
   "ORR", 
   "ORR", 
   "NOTUSED", 
   "ANDD", 
   "ANDD", 
   "ORR", 
   "ANDD"
  ], 
  "0": [
   "ANDD", 
   "ORR", 
   "ANDD", 
   "ANDD", 
   "ANDD", 
   "ANDD", 
   "NOTUSED", 
   "ANDD", 
   "ORR", 
   "NOTUSED", 
   "ANDD", 
   "NOTUSED", 
   "ANDD", 
   "NOTUSED", 
   "ORR"
  ], 
  "3": [
   "ANDD", 
   "ANDD", 
   "NOTUSED", 
   "ORR", 
   "NOTUSED", 
   "ANDD", 
   "ORR", 
   "ORR", 
   "NOTUSED", 
   "ANDD", 
   "ANDD", 
   "NOTUSED", 
   "NOTUSED", 
   "ANDD", 
   "ORR"
  ], 
  "2": [
   "ANDD", 
   "NOTUSED", 
   "NOTUSED", 
   "NOTUSED", 
   "ANDD", 
   "NOTUSED", 
   "ORR", 
   "ORR", 
   "NOTUSED", 
   "NOTUSED", 
   "ORR", 
   "NOTUSED", 
   "ORR", 
   "NOTUSED", 
   "ORR"
  ], 
  "5": [
   "ANDD", 
   "NOTUSED", 
   "NOTUSED", 
   "ANDD", 
   "ORR", 
   "ANDD", 
   "ANDD", 
   "ORR", 
   "NOTUSED", 
   "NOTUSED", 
   "ANDD", 
   "NOTUSED", 
   "ORR", 
   "NOTUSED", 
   "ORR"
  ], 
  "4": [
   "ANDD", 
   "ORR", 
   "ANDD", 
   "NOTUSED", 
   "NOTUSED", 
   "ORR", 
   "ORR", 
   "NOTUSED", 
   "NOTUSED", 
   "NOTUSED", 
   "ORR", 
   "ANDD", 
   "ANDD", 
   "ANDD", 
   "NOTUSED"
  ], 
  "7": [
   "ANDD", 
   "NOTUSED", 
   "ORR", 
   "ORR", 
   "NOTUSED", 
   "ORR", 
   "ORR", 
   "NOTUSED", 
   "NOTUSED", 
   "ANDD", 
   "ORR", 
   "ORR", 
   "ANDD", 
   "NOTUSED", 
   "ANDD"
  ], 
  "6": [
   "NOTUSED", 
   "NOTUSED", 
   "ORR", 
   "ORR", 
   "ORR", 
   "ANDD", 
   "ANDD", 
   "ORR", 
   "NOTUSED", 
   "ANDD", 
   "NOTUSED", 
   "ANDD", 
   "ANDD", 
   "ORR", 
   "ORR"
  ], 
  "9": [
   "NOTUSED", 
   "ORR", 
   "NOTUSED", 
   "ANDD", 
   "NOTUSED", 
   "NOTUSED", 
   "ANDD", 
   "ANDD", 
   "ANDD", 
   "NOTUSED", 
   "ANDD", 
   "NOTUSED", 
   "NOTUSED", 
   "NOTUSED", 
   "ORR"
  ], 
  "8": [
   "ORR", 
   "ORR", 
   "NOTUSED", 
   "NOTUSED", 
   "NOTUSED", 
   "NOTUSED", 
   "NOTUSED", 
   "NOTUSED", 
   "NOTUSED", 
   "ANDD", 
   "NOTUSED", 
   "NOTUSED", 
   "ORR", 
   "ORR", 
   "ANDD"
  ]
 }
}