{
 "random_seed": 2410801384, 
 "PARAMETERS": {
  "RADIUS1": 129222.988, 
  "QUADS": 3, 
  "RADIUS2": 543483.468, 
  "DIST": 894609.207, 
  "F_PTS": 3, 
  "K_PTS": 25, 
  "EPSILON": 2.824, 
  "LENGTH1": 353814.018, 
  "G_PTS": 41, 
  "Q_PTS": 3, 
  "N_PTS": 13, 
  "C_PTS": 3, 
  "AREA2": 243352.956, 
  "LENGTH2": 123590.088, 
  "B_PTS": 4, 
  "D_PTS": 31, 
  "AREA1": 314389.568, 
  "A_PTS": 32, 
  "E_PTS": 35
 }, 
 "NUMPOINTS": 46, 
 "points": [
  [
   293842.043, 
   785046.582
  ], 
  [
   -159107.056, 
   505568.658
  ], 
  [
   -518125.238, 
   537809.655
  ], 
  [
   -216269.202, 
   275650.35
  ], 
  [
   207248.065, 
   -854891.358
  ], 
  [
   -787400.144, 
   -537732.113
  ], 
  [
   848426.469, 
   -50025.799
  ], 
  [
   -417611.463, 
   -223829.043
  ], 
  [
   -290253.935, 
   934278.55
  ], 
  [
   -308639.854, 
   588873.41
  ], 
  [
   692533.518, 
   -950020.1
  ], 
  [
   77767.232, 
   835420.643
  ], 
  [
   273873.569, 
   -826309.063
  ], 
  [
   -727644.223, 
   94486.138
  ], 
  [
   410894.779, 
   916618.086
  ], 
  [
   259591.892, 
   -711233.996
  ], 
  [
   341486.447, 
   271462.685
  ], 
  [
   532466.636, 
   -902629.777
  ], 
  [
   711167.513, 
   989170.552
  ], 
  [
   209870.108, 
   -794002.042
  ], 
  [
   242792.672, 
   -824706.128
  ], 
  [
   833759.248, 
   -76861.453
  ], 
  [
   650153.65, 
   -746164.04
  ], 
  [
   -819107.132, 
   -98862.4
  ], 
  [
   224818.72, 
   -639458.357
  ], 
  [
   618951.334, 
   183769.814
  ], 
  [
   280343.459, 
   21451.938
  ], 
  [
   -295813.879, 
   360073.338
  ], 
  [
   -923074.757, 
   564691.91
  ], 
  [
   251065.364, 
   615963.553
  ], 
  [
   -278995.002, 
   -500562.27
  ], 
  [
   -789006.098, 
   -288030.209
  ], 
  [
   -545113.035, 
   479297.092
  ], 
  [
   719883.397, 
   224361.28
  ], 
  [
   -386070.95, 
   104846.295
  ], 
  [
   330980.887, 
   -958660.046
  ], 
  [
   293428.446, 
   -463258.224
  ], 
  [
   773222.767, 
   233079.317
  ], 
  [
   -163250.584, 
   -527360.869
  ], 
  [
   -653069.395, 
   652624.353
  ], 
  [
   921886.103, 
   548203.475
  ], 
  [
   -379663.763, 
   38502.325
  ], 
  [
   -493942.029, 
   976591.541
  ], 
  [
   857829.213, 
   -385895.444
  ], 
  [
   46743.435, 
   781319.118
  ], 
  [
   -742468.232, 
   953541.685
  ]
 ], 
 "PUV": [
  true, 
  true, 
  false, 
  true, 
  true, 
  false, 
  true, 
  false, 
  true, 
  true, 
  true, 
  false, 
  false, 
  true, 
  false
 ], 
 "LCM": {
  "11": [
   "NOTUSED", 
   "ORR", 
   "NOTUSED", 
   "NOTUSED", 
   "NOTUSED", 
   "NOTUSED", 
   "NOTUSED", 
   "ORR", 
   "ORR", 
   "NOTUSED", 
   "NOTUSED", 
   "ANDD", 
   "NOTUSED", 
   "ORR", 
   "NOTUSED"
  ], 
  "10": [
   "NOTUSED", 
   "ORR", 
   "ORR", 
   "ANDD", 
   "NOTUSED", 
   "NOTUSED", 
   "NOTUSED", 
   "ANDD", 
   "ORR", 
   "ORR", 
   "ANDD", 
   "NOTUSED", 
   "ORR", 
   "NOTUSED", 
   "NOTUSED"
  ], 
  "13": [
   "NOTUSED", 
   "NOTUSED", 
   "NOTUSED", 
   "NOTUSED", 
   "ORR", 
   "ANDD", 
   "NOTUSED", 
   "NOTUSED", 
   "ANDD", 
   "NOTUSED", 
   "NOTUSED", 
   "ORR", 
   "NOTUSED", 
   "ORR", 
   "ORR"
  ], 
  "12": [
   "ORR", 
   "NOTUSED", 
   "ORR", 
   "ANDD", 
   "NOTUSED", 
   "NOTUSED", 
   "ANDD", 
   "ORR", 
   "ORR", 
   "ORR", 
   "ORR", 
   "NOTUSED", 
   "ORR", 
   "NOTUSED", 
   "NOTUSED"
  ], 
  "14": [
   "ORR", 
   "NOTUSED", 
   "ANDD", 
   "ANDD", 
   "NOTUSED", 
   "ANDD", 
   "ORR", 
   "ANDD", 
   "NOTUSED", 
   "ANDD", 
   "NOTUSED", 
   "NOTUSED", 
   "NOTUSED", 
   "ORR", 
   "ORR"
  ], 
  "1": [
   "NOTUSED", 
   "ANDD", 
   "ANDD", 
   "ORR", 
   "ORR", 
   "ORR", 
   "NOTUSED", 
   "ANDD", 
   "ORR", 
   "NOTUSED", 
   "ORR", 
   "ORR", 
   "NOTUSED", 
   "NOTUSED", 
   "NOTUSED"
  ], 
  "0": [
   "ORR", 
   "NOTUSED", 
   "NOTUSED", 
   "ANDD", 
   "ORR", 
   "ANDD", 
   "ANDD", 
   "ORR", 
   "NOTUSED", 
   "NOTUSED", 
   "NOTUSED", 
   "NOTUSED", 
   "ORR", 
   "NOTUSED", 
   "ORR"
  ], 
  "3": [
   "ANDD", 
   "ORR", 
   "ORR", 
   "NOTUSED", 
   "ANDD", 
   "ANDD", 
   "ORR", 
   "ORR", 
   "NOTUSED", 
   "NOTUSED", 
   "ANDD", 
   "NOTUSED", 
   "ANDD", 
   "NOTUSED", 
   "ANDD"
  ], 
  "2": [
   "NOTUSED", 
   "ANDD", 
   "NOTUSED", 
   "ORR", 
   "ANDD", 
   "NOTUSED", 
   "ORR", 
   "NOTUSED", 
   "ANDD", 
   "ANDD", 
   "ORR", 
   "NOTUSED", 
   "ORR", 
   "NOTUSED", 
   "ANDD"
  ], 
  "5": [
   "ANDD", 
   "ORR", 
   "NOTUSED", 
   "ANDD", 
   "NOTUSED", 
   "NOTUSED", 
   "ANDD", 
   "NOTUSED", 
   "ORR", 
   "ORR", 
   "NOTUSED", 
   "NOTUSED", 
   "NOTUSED", 
   "ANDD", 
   "ANDD"
  ], 
  "4": [
   "ORR", 
   "ORR", 
   "ANDD", 
   "ANDD", 
   "ANDD", 
   "NOTUSED", 
   "NOTUSED", 
   "ANDD", 
   "ORR", 
   "ANDD", 
   "NOTUSED", 
   "NOTUSED", 
   "NOTUSED", 
   "ORR", 
   "NOTUSED"
  ], 
  "7": [
   "ORR", 
   "ANDD", 
   "NOTUSED", 
   "ORR", 
   "ANDD", 
   "NOTUSED", 
   "ANDD", 
   "ORR", 
   "NOTUSED", 
   "NOTUSED", 
   "ANDD", 
   "ORR", 
   "ORR", 
   "NOTUSED", 
   "ANDD"
  ], 
  "6": [
   "ANDD", 
   "NOTUSED", 
   "ORR", 
   "ORR", 
   "NOTUSED", 
   "ANDD", 
   "ANDD", 
   "ANDD", 
   "NOTUSED", 
   "ANDD", 
   "NOTUSED", 
   "NOTUSED", 
   "ANDD", 
   "NOTUSED", 
   "ORR"
  ], 
  "9": [
   "NOTUSED", 
   "NOTUSED", 
   "ANDD", 
   "NOTUSED", 
   "ANDD", 
   "ORR", 
   "ANDD", 
   "NOTUSED", 
   "ORR", 
   "NOTUSED", 
   "ORR", 
   "NOTUSED", 
   "ORR", 
   "NOTUSED", 
   "ANDD"
  ], 
  "8": [
   "NOTUSED", 
   "ORR", 
   "ANDD", 
   "NOTUSED", 
   "ORR", 
   "ORR", 
   "NOTUSED", 
   "NOTUSED", 
   "ORR", 
   "ORR", 
   "ORR", 
   "ORR", 
   "ORR", 
   "ANDD", 
   "NOTUSED"
  ]
 }
}