{
 "random_seed": 376320932, 
 "PARAMETERS": {
  "RADIUS1": 420162.957, 
  "QUADS": 3, 
  "RADIUS2": 688389.322, 
  "DIST": 126375.115, 
  "F_PTS": 29, 
  "K_PTS": 38, 
  "EPSILON": 2.574, 
  "LENGTH1": 421261.488, 
  "G_PTS": 74, 
  "Q_PTS": 6, 
  "N_PTS": 70, 
  "C_PTS": 45, 
  "AREA2": 317540.228, 
  "LENGTH2": 742107.868, 
  "B_PTS": 55, 
  "D_PTS": 14, 
  "AREA1": 348123.764, 
  "A_PTS": 33, 
  "E_PTS": 56
 }, 
 "NUMPOINTS": 97, 
 "points": [
  [
   -639256.689, 
   -70800.954
  ], 
  [
   -408836.01, 
   470069.068
  ], 
  [
   556498.291, 
   951290.296
  ], 
  [
   715892.651, 
   908013.354
  ], 
  [
   360254.933, 
   284796.709
  ], 
  [
   -819677.812, 
   -175295.985
  ], 
  [
   -473857.734, 
   -258485.237
  ], 
  [
   -486523.801, 
   961589.339
  ], 
  [
   488856.7, 
   -25832.18
  ], 
  [
   118477.472, 
   443948.421
  ], 
  [
   -197708.565, 
   -28392.989
  ], 
  [
   -686695.565, 
   410845.976
  ], 
  [
   -134312.204, 
   525188.192
  ], 
  [
   -610025.689, 
   95969.678
  ], 
  [
   -846407.602, 
   -821942.658
  ], 
  [
   -42646.396, 
   -586960.284
  ], 
  [
   -349143.518, 
   699047.966
  ], 
  [
   -929173.109, 
   -604783.71
  ], 
  [
   757141.058, 
   893555.146
  ], 
  [
   -277474.188, 
   955444.911
  ], 
  [
   -333273.13, 
   783278.744
  ], 
  [
   799244.564, 
   -778449.788
  ], 
  [
   9678.714, 
   -936925.07
  ], 
  [
   229429.308, 
   809012.827
  ], 
  [
   945499.351, 
   -20322.423
  ], 
  [
   447953.692, 
   476670.922
  ], 
  [
   -458512.2, 
   610369.049
  ], 
  [
   -29686.43, 
   729412.648
  ], 
  [
   -551975.043, 
   69953.024
  ], 
  [
   690447.864, 
   807715.821
  ], 
  [
   458137.383, 
   -615105.078
  ], 
  [
   -898555.378, 
   -286369.009
  ], 
  [
   953955.9, 
   -695825.674
  ], 
  [
   -357064.689, 
   721403.185
  ], 
  [
   -511648.367, 
   -259341.783
  ], 
  [
   -647898.152, 
   -909934.088
  ], 
  [
   -29183.093, 
   -2292.305
  ], 
  [
   -194926.937, 
   -369380.531
  ], 
  [
   -263674.296, 
   818464.492
  ], 
  [
   68484.954, 
   732833.67
  ], 
  [
   866363.321, 
   183766.961
  ], 
  [
   -485361.91, 
   -428346.714
  ], 
  [
   369429.157, 
   -782145.171
  ], 
  [
   255391.454, 
   612080.524
  ], 
  [
   -459977.438, 
   -732313.732
  ], 
  [
   516773.671, 
   343938.381
  ], 
  [
   -83936.603, 
   922668.074
  ], 
  [
   840368.664, 
   -467552.02
  ], 
  [
   -235542.578, 
   -342788.646
  ], 
  [
   82717.461, 
   -485239.628
  ], 
  [
   -684714.107, 
   462103.848
  ], 
  [
   113904.575, 
   -159295.627
  ], 
  [
   291104.424, 
   -945170.312
  ], 
  [
   758677.709, 
   -638734.261
  ], 
  [
   -389656.625, 
   154548.613
  ], 
  [
   967717.675, 
   370006.582
  ], 
  [
   -705413.305, 
   746205.407
  ], 
  [
   -864656.318, 
   584870.41
  ], 
  [
   550938.525, 
   -774624.002
  ], 
  [
   213781.976, 
   -585962.326
  ], 
  [
   526367.635, 
   546514.002
  ], 
  [
   -403966.514, 
   -981938.509
  ], 
  [
   77719.225, 
   -85485.69
  ], 
  [
   58555.248, 
   739737.277
  ], 
  [
   224549.417, 
   312685.58
  ], 
  [
   853777.253, 
   142294.454
  ], 
  [
   -989265.764, 
   -19323.854
  ], 
  [
   -709319.338, 
   -146748.79
  ], 
  [
   -643435.666, 
   995121.807
  ], 
  [
   -75051.514, 
   -738729.262
  ], 
  [
   -498397.014, 
   -868051.826
  ], 
  [
   -201452.503, 
   -269645.742
  ], 
  [
   920941.018, 
   -609025.991
  ], 
  [
   509012.208, 
   393755.788
  ], 
  [
   751601.824, 
   -440070.577
  ], 
  [
   -910685.757, 
   -314558.778
  ], 
  [
   199800.86, 
   374325.992
  ], 
  [
   366295.196, 
   745483.037
  ], 
  [
   98426.247, 
   777062.712
  ], 
  [
   333652.494, 
   -300577.293
  ], 
  [
   948081.546, 
   183513.58
  ], 
  [
   -666572.59, 
   -473303.654
  ], 
  [
   726904.784, 
   -332001.531
  ], 
  [
   175179.782, 
   607833.055
  ], 
  [
   68188.897, 
   -852332.317
  ], 
  [
   286104.132, 
   138116.571
  ], 
  [
   514834.664, 
   875919.042
  ], 
  [
   -990064.759, 
   168447.258
  ], 
  [
   603505.521, 
   981327.183
  ], 
  [
   730890.442, 
   272383.415
  ], 
  [
   -912085.296, 
   319456.805
  ], 
  [
   886497.827, 
   469112.159
  ], 
  [
   -148048.607, 
   813369.271
  ], 
  [
   -291017.831, 
   -237719.047
  ], 
  [
   -587726.929, 
   -252275.949
  ], 
  [
   -435105.879, 
   -836751.198
  ], 
  [
   857022.832, 
   115908.596
  ]
 ], 
 "PUV": [
  false, 
  true, 
  false, 
  true, 
  false, 
  true, 
  false, 
  false, 
  false, 
  false, 
  true, 
  false, 
  true, 
  false, 
  false
 ], 
 "LCM": {
  "11": [
   "NOTUSED", 
   "ANDD", 
   "ORR", 
   "ORR", 
   "NOTUSED", 
   "NOTUSED", 
   "ORR", 
   "ORR", 
   "ANDD", 
   "ANDD", 
   "ANDD", 
   "ORR", 
   "ORR", 
   "ORR", 
   "NOTUSED"
  ], 
  "10": [
   "ANDD", 
   "ORR", 
   "ANDD", 
   "ANDD", 
   "NOTUSED", 
   "ANDD", 
   "ANDD", 
   "ANDD", 
   "ANDD", 
   "ANDD", 
   "NOTUSED", 
   "ANDD", 
   "NOTUSED", 
   "NOTUSED", 
   "ANDD"
  ], 
  "13": [
   "ANDD", 
   "NOTUSED", 
   "ORR", 
   "ORR", 
   "NOTUSED", 
   "ANDD", 
   "ANDD", 
   "ANDD", 
   "ANDD", 
   "ORR", 
   "NOTUSED", 
   "ORR", 
   "NOTUSED", 
   "ANDD", 
   "NOTUSED"
  ], 
  "12": [
   "ANDD", 
   "ORR", 
   "ORR", 
   "ORR", 
   "NOTUSED", 
   "NOTUSED", 
   "NOTUSED", 
   "NOTUSED", 
   "ANDD", 
   "NOTUSED", 
   "NOTUSED", 
   "ORR", 
   "ANDD", 
   "NOTUSED", 
   "ANDD"
  ], 
  "14": [
   "NOTUSED", 
   "NOTUSED", 
   "ORR", 
   "ORR", 
   "ORR", 
   "ANDD", 
   "ORR", 
   "NOTUSED", 
   "ORR", 
   "ANDD", 
   "ANDD", 
   "NOTUSED", 
   "ANDD", 
   "NOTUSED", 
   "NOTUSED"
  ], 
  "1": [
   "NOTUSED", 
   "ORR", 
   "ORR", 
   "ANDD", 
   "NOTUSED", 
   "ANDD", 
   "NOTUSED", 
   "ORR", 
   "ORR", 
   "NOTUSED", 
   "ORR", 
   "ANDD", 
   "ORR", 
   "NOTUSED", 
   "NOTUSED"
  ], 
  "0": [
   "ORR", 
   "NOTUSED", 
   "ORR", 
   "NOTUSED", 
   "ANDD", 
   "NOTUSED", 
   "ORR", 
   "ORR", 
   "ANDD", 
   "NOTUSED", 
   "ANDD", 
   "NOTUSED", 
   "ANDD", 
   "ANDD", 
   "NOTUSED"
  ], 
  "3": [
   "NOTUSED", 
   "ANDD", 
   "ORR", 
   "ANDD", 
   "ORR", 
   "ORR", 
   "NOTUSED", 
   "ORR", 
   "ANDD", 
   "ANDD", 
   "ANDD", 
   "ORR", 
   "ORR", 
   "ORR", 
   "ORR"
  ], 
  "2": [
   "ORR", 
   "ORR", 
   "ORR", 
   "ORR", 
   "ORR", 
   "NOTUSED", 
   "ORR", 
   "NOTUSED", 
   "ANDD", 
   "NOTUSED", 
   "ANDD", 
   "ORR", 
   "ORR", 
   "ORR", 
   "ORR"
  ], 
  "5": [
   "NOTUSED", 
   "ANDD", 
   "NOTUSED", 
   "ORR", 
   "ANDD", 
   "ANDD", 
   "NOTUSED", 
   "NOTUSED", 
   "ORR", 
   "NOTUSED", 
   "ANDD", 
   "NOTUSED", 
   "NOTUSED", 
   "ANDD", 
   "ANDD"
  ], 
  "4": [
   "ANDD", 
   "NOTUSED", 
   "ORR", 
   "ORR", 
   "ANDD", 
   "ANDD", 
   "ANDD", 
   "NOTUSED", 
   "ANDD", 
   "NOTUSED", 
   "NOTUSED", 
   "NOTUSED", 
   "NOTUSED", 
   "NOTUSED", 
   "ORR"
  ], 
  "7": [
   "ORR", 
   "ORR", 
   "NOTUSED", 
   "ORR", 
   "NOTUSED", 
   "NOTUSED", 
   "NOTUSED", 
   "ANDD", 
   "ANDD", 
   "ORR", 
   "ANDD", 
   "ORR", 
   "NOTUSED", 
   "ANDD", 
   "NOTUSED"
  ], 
  "6": [
   "ORR", 
   "NOTUSED", 
   "ORR", 
   "NOTUSED", 
   "ANDD", 
   "NOTUSED", 
   "ANDD", 
   "NOTUSED", 
   "ORR", 
   "ORR", 
   "ANDD", 
   "ORR", 
   "NOTUSED", 
   "ANDD", 
   "ORR"
  ], 
  "9": [
   "NOTUSED", 
   "NOTUSED", 
   "NOTUSED", 
   "ANDD", 
   "NOTUSED", 
   "NOTUSED", 
   "ORR", 
   "ORR", 
   "NOTUSED", 
   "ANDD", 
   "ANDD", 
   "ANDD", 
   "NOTUSED", 
   "ORR", 
   "ANDD"
  ], 
  "8": [
   "ANDD", 
   "ORR", 
   "ANDD", 
   "ANDD", 
   "ANDD", 
   "ORR", 
   "ORR", 
   "ANDD", 
   "NOTUSED", 
   "NOTUSED", 
   "ANDD", 
   "ANDD", 
   "ANDD", 
   "ANDD", 
   "ORR"
  ]
 }
}