{
 "random_seed": 2031923696, 
 "PARAMETERS": {
  "RADIUS1": 174479.855, 
  "QUADS": 3, 
  "RADIUS2": 702984.625, 
  "DIST": 288980.845, 
  "F_PTS": 25, 
  "K_PTS": 37, 
  "EPSILON": 0.813, 
  "LENGTH1": 140280.27, 
  "G_PTS": 13, 
  "Q_PTS": 63, 
  "N_PTS": 72, 
  "C_PTS": 12, 
  "AREA2": 217672.853, 
  "LENGTH2": 568316.375, 
  "B_PTS": 34, 
  "D_PTS": 59, 
  "AREA1": 966083.377, 
  "A_PTS": 44, 
  "E_PTS": 40
 }, 
 "NUMPOINTS": 93, 
 "points": [
  [
   308351.998, 
   457955.319
  ], 
  [
   -16871.921, 
   561679.345
  ], 
  [
   213636.433, 
   278426.516
  ], 
  [
   -133254.739, 
   -927657.619
  ], 
  [
   -675018.635, 
   -102514.491
  ], 
  [
   -767524.255, 
   118321.792
  ], 
  [
   -181650.322, 
   575806.66
  ], 
  [
   759379.555, 
   99949.621
  ], 
  [
   -848116.055, 
   -207906.093
  ], 
  [
   932348.252, 
   -895015.727
  ], 
  [
   769453.897, 
   341320.823
  ], 
  [
   777466.423, 
   48972.225
  ], 
  [
   262351.307, 
   692717.536
  ], 
  [
   174212.647, 
   796677.149
  ], 
  [
   337346.987, 
   720692.589
  ], 
  [
   411844.57, 
   -609991.063
  ], 
  [
   558691.976, 
   337720.619
  ], 
  [
   608773.755, 
   525250.042
  ], 
  [
   -574654.621, 
   -267139.867
  ], 
  [
   788556.133, 
   88207.13
  ], 
  [
   -277256.223, 
   -474172.014
  ], 
  [
   -527254.991, 
   141200.837
  ], 
  [
   -870422.169, 
   -609545.885
  ], 
  [
   -939348.58, 
   271053.107
  ], 
  [
   326710.866, 
   -369486.701
  ], 
  [
   639573.146, 
   541378.238
  ], 
  [
   -452716.863, 
   99563.7
  ], 
  [
   -377713.216, 
   -153554.403
  ], 
  [
   -656706.689, 
   8243.718
  ], 
  [
   -834892.782, 
   524645.461
  ], 
  [
   527300.911, 
   6558.913
  ], 
  [
   219783.415, 
   -288488.235
  ], 
  [
   642585.653, 
   66695.455
  ], 
  [
   966040.398, 
   -754650.541
  ], 
  [
   -766665.261, 
   -132207.695
  ], 
  [
   684372.138, 
   -570983.325
  ], 
  [
   403083.43, 
   -557526.536
  ], 
  [
   -11373.971, 
   -355222.175
  ], 
  [
   46267.304, 
   -940397.011
  ], 
  [
   371697.224, 
   766672.821
  ], 
  [
   -348278.337, 
   899995.552
  ], 
  [
   -758782.801, 
   -653155.046
  ], 
  [
   -50046.826, 
   94871.386
  ], 
  [
   -853378.375, 
   878399.798
  ], 
  [
   799504.832, 
   816015.044
  ], 
  [
   -57028.978, 
   719823.424
  ], 
  [
   -807204.126, 
   -150944.856
  ], 
  [
   -523703.643, 
   -868095.089
  ], 
  [
   -147191.681, 
   483661.46
  ], 
  [
   252586.228, 
   -887857.313
  ], 
  [
   -910847.098, 
   309907.902
  ], 
  [
   -391683.899, 
   105057.178
  ], 
  [
   -956117.596, 
   -771481.218
  ], 
  [
   288296.037, 
   -866053.111
  ], 
  [
   -76996.048, 
   -613611.216
  ], 
  [
   -20638.549, 
   439222.583
  ], 
  [
   277371.336, 
   813278.3
  ], 
  [
   -224673.502, 
   -583166.403
  ], 
  [
   161106.863, 
   156024.332
  ], 
  [
   551069.291, 
   -981318.11
  ], 
  [
   -774449.757, 
   -780500.851
  ], 
  [
   -983152.527, 
   -125013.065
  ], 
  [
   -327017.524, 
   986708.229
  ], 
  [
   920254.175, 
   -294085.655
  ], 
  [
   717819.056, 
   -649860.488
  ], 
  [
   -360654.367, 
   -621307.483
  ], 
  [
   -796144.41, 
   -487969.099
  ], 
  [
   -713005.649, 
   -822872.589
  ], 
  [
   994095.596, 
   -702904.403
  ], 
  [
   -246867.266, 
   355447.649
  ], 
  [
   -132176.752, 
   703741.205
  ], 
  [
   -10433.66, 
   -667357.623
  ], 
  [
   -407409.464, 
   202660.595
  ], 
  [
   -671013.885, 
   213253.432
  ], 
  [
   -168346.659, 
   376209.546
  ], 
  [
   311749.684, 
   -613043.885
  ], 
  [
   -952805.98, 
   605086.582
  ], 
  [
   472667.078, 
   -888940.468
  ], 
  [
   734281.468, 
   -774552.558
  ], 
  [
   -341314.764, 
   -218605.071
  ], 
  [
   -509853.987, 
   532653.445
  ], 
  [
   306568.663, 
   -749294.471
  ], 
  [
   346878.456, 
   -128392.243
  ], 
  [
   -779423.211, 
   -569091.833
  ], 
  [
   -119009.961, 
   -25303.203
  ], 
  [
   778189.302, 
   -905410.94
  ], 
  [
   -691598.329, 
   599999.73
  ], 
  [
   655035.186, 
   -481960.071
  ], 
  [
   -215272.795, 
   -60201.517
  ], 
  [
   -499910.459, 
   304900.252
  ], 
  [
   -198369.452, 
   -185035.528
  ], 
  [
   88217.265, 
   105745.548
  ], 
  [
   774872.815, 
   -323636.32
  ]
 ], 
 "PUV": [
  false, 
  false, 
  true, 
  false, 
  true, 
  false, 
  false, 
  false, 
  true, 
  false, 
  true, 
  true, 
  true, 
  true, 
  true
 ], 
 "LCM": {
  "11": [
   "ANDD", 
   "NOTUSED", 
   "NOTUSED", 
   "NOTUSED", 
   "ANDD", 
   "ORR", 
   "ANDD", 
   "NOTUSED", 
   "ANDD", 
   "NOTUSED", 
   "ANDD", 
   "NOTUSED", 
   "ANDD", 
   "NOTUSED", 
   "NOTUSED"
  ], 
  "10": [
   "ANDD", 
   "ORR", 
   "ANDD", 
   "ANDD", 
   "ANDD", 
   "ANDD", 
   "NOTUSED", 
   "ORR", 
   "NOTUSED", 
   "ORR", 
   "NOTUSED", 
   "ANDD", 
   "ORR", 
   "ORR", 
   "ORR"
  ], 
  "13": [
   "ORR", 
   "NOTUSED", 
   "ANDD", 
   "ORR", 
   "ORR", 
   "ANDD", 
   "ANDD", 
   "ORR", 
   "NOTUSED", 
   "ORR", 
   "ORR", 
   "NOTUSED", 
   "NOTUSED", 
   "ANDD", 
   "NOTUSED"
  ], 
  "12": [
   "NOTUSED", 
   "ANDD", 
   "ORR", 
   "ANDD", 
   "ANDD", 
   "ANDD", 
   "ORR", 
   "ANDD", 
   "ORR", 
   "ORR", 
   "ORR", 
   "ANDD", 
   "ORR", 
   "NOTUSED", 
   "NOTUSED"
  ], 
  "14": [
   "ANDD", 
   "NOTUSED", 
   "NOTUSED", 
   "ANDD", 
   "NOTUSED", 
   "ANDD", 
   "ANDD", 
   "ORR", 
   "ORR", 
   "NOTUSED", 
   "ORR", 
   "NOTUSED", 
   "NOTUSED", 
   "NOTUSED", 
   "ANDD"
  ], 
  "1": [
   "NOTUSED", 
   "ANDD", 
   "NOTUSED", 
   "NOTUSED", 
   "ANDD", 
   "ORR", 
   "ANDD", 
   "ORR", 
   "ORR", 
   "NOTUSED", 
   "ORR", 
   "NOTUSED", 
   "ANDD", 
   "NOTUSED", 
   "NOTUSED"
  ], 
  "0": [
   "ANDD", 
   "NOTUSED", 
   "NOTUSED", 
   "ORR", 
   "ORR", 
   "ORR", 
   "NOTUSED", 
   "NOTUSED", 
   "NOTUSED", 
   "NOTUSED", 
   "ANDD", 
   "ANDD", 
   "NOTUSED", 
   "ORR", 
   "ANDD"
  ], 
  "3": [
   "ORR", 
   "NOTUSED", 
   "ANDD", 
   "ORR", 
   "ORR", 
   "ANDD", 
   "ORR", 
   "ORR", 
   "ORR", 
   "ORR", 
   "ANDD", 
   "NOTUSED", 
   "ANDD", 
   "ORR", 
   "ANDD"
  ], 
  "2": [
   "NOTUSED", 
   "NOTUSED", 
   "ORR", 
   "ANDD", 
   "ORR", 
   "ANDD", 
   "ORR", 
   "ORR", 
   "NOTUSED", 
   "ANDD", 
   "ANDD", 
   "NOTUSED", 
   "ORR", 
   "ANDD", 
   "NOTUSED"
  ], 
  "5": [
   "ORR", 
   "ORR", 
   "ANDD", 
   "ANDD", 
   "NOTUSED", 
   "ANDD", 
   "ANDD", 
   "NOTUSED", 
   "NOTUSED", 
   "ANDD", 
   "ANDD", 
   "ORR", 
   "ANDD", 
   "ANDD", 
   "ANDD"
  ], 
  "4": [
   "ORR", 
   "ANDD", 
   "ORR", 
   "ORR", 
   "NOTUSED", 
   "NOTUSED", 
   "ORR", 
   "ORR", 
   "NOTUSED", 
   "NOTUSED", 
   "ANDD", 
   "ANDD", 
   "ANDD", 
   "ORR", 
   "NOTUSED"
  ], 
  "7": [
   "NOTUSED", 
   "ORR", 
   "ORR", 
   "ORR", 
   "ORR", 
   "NOTUSED", 
   "ORR", 
   "NOTUSED", 
   "NOTUSED", 
   "ORR", 
   "ORR", 
   "NOTUSED", 
   "ANDD", 
   "ORR", 
   "ORR"
  ], 
  "6": [
   "NOTUSED", 
   "ANDD", 
   "ORR", 
   "ORR", 
   "ORR", 
   "ANDD", 
   "NOTUSED", 
   "ORR", 
   "NOTUSED", 
   "ANDD", 
   "NOTUSED", 
   "ANDD", 
   "ORR", 
   "ANDD", 
   "ANDD"
  ], 
  "9": [
   "NOTUSED", 
   "NOTUSED", 
   "ANDD", 
   "ORR", 
   "NOTUSED", 
   "ANDD", 
   "ANDD", 
   "ORR", 
   "ORR", 
   "ORR", 
   "ORR", 
   "NOTUSED", 
   "ORR", 
   "ORR", 
   "NOTUSED"
  ], 
  "8": [
   "NOTUSED", 
   "ORR", 
   "NOTUSED", 
   "ORR", 
   "NOTUSED", 
   "NOTUSED", 
   "NOTUSED", 
   "NOTUSED", 
   "ORR", 
   "ORR", 
   "NOTUSED", 
   "ANDD", 
   "ORR", 
   "NOTUSED", 
   "ORR"
  ]
 }
}