{
 "random_seed": 2617749632, 
 "PARAMETERS": {
  "RADIUS1": 164350.415, 
  "QUADS": 3, 
  "RADIUS2": 512274.486, 
  "DIST": 902150.622, 
  "F_PTS": 10, 
  "K_PTS": 59, 
  "EPSILON": 3.104, 
  "LENGTH1": 539796.131, 
  "G_PTS": 22, 
  "Q_PTS": 4, 
  "N_PTS": 61, 
  "C_PTS": 1, 
  "AREA2": 8436.996, 
  "LENGTH2": 115438.316, 
  "B_PTS": 42, 
  "D_PTS": 54, 
  "AREA1": 321323.288, 
  "A_PTS": 10, 
  "E_PTS": 38
 }, 
 "NUMPOINTS": 62, 
 "points": [
  [
   325051.373, 
   795309.43
  ], 
  [
   657765.598, 
   -256729.518
  ], 
  [
   356433.11, 
   817034.817
  ], 
  [
   726083.626, 
   -692573.409
  ], 
  [
   235727.535, 
   -106566.715
  ], 
  [
   661384.879, 
   -225057.613
  ], 
  [
   151419.559, 
   560584.302
  ], 
  [
   183898.25, 
   271549.628
  ], 
  [
   596026.307, 
   -424641.997
  ], 
  [
   -422773.587, 
   378542.908
  ], 
  [
   -903045.435, 
   936065.149
  ], 
  [
   -415637.133, 
   -971066.665
  ], 
  [
   693034.617, 
   229016.412
  ], 
  [
   -772651.966, 
   493935.849
  ], 
  [
   -730509.785, 
   917457.74
  ], 
  [
   -101374.526, 
   40133.87
  ], 
  [
   -154365.492, 
   -656170.385
  ], 
  [
   -566393.821, 
   825690.409
  ], 
  [
   698656.486, 
   -681996.755
  ], 
  [
   -66345.32, 
   715776.095
  ], 
  [
   -365363.918, 
   -427498.187
  ], 
  [
   456284.713, 
   43715.477
  ], 
  [
   -883349.979, 
   438935.226
  ], 
  [
   -116696.141, 
   -382845.94
  ], 
  [
   464005.866, 
   -905255.65
  ], 
  [
   -925084.684, 
   629211.858
  ], 
  [
   -168370.998, 
   681963.196
  ], 
  [
   -93009.046, 
   581042.158
  ], 
  [
   -143164.465, 
   -814162.586
  ], 
  [
   114728.234, 
   24607.225
  ], 
  [
   766298.692, 
   -180084.665
  ], 
  [
   494782.612, 
   -718246.476
  ], 
  [
   651512.081, 
   -626219.334
  ], 
  [
   550545.696, 
   -163437.279
  ], 
  [
   -394870.026, 
   53072.635
  ], 
  [
   738998.375, 
   871599.198
  ], 
  [
   874540.459, 
   -989688.867
  ], 
  [
   -762442.126, 
   622032.193
  ], 
  [
   865054.2, 
   -123407.822
  ], 
  [
   -329107.805, 
   -557189.642
  ], 
  [
   -864917.047, 
   302959.689
  ], 
  [
   -261277.688, 
   833585.072
  ], 
  [
   -29.368, 
   -260845.315
  ], 
  [
   -540142.166, 
   -920178.372
  ], 
  [
   -442016.322, 
   682896.103
  ], 
  [
   697461.783, 
   178738.128
  ], 
  [
   -108580.256, 
   240988.751
  ], 
  [
   -338148.298, 
   -330176.174
  ], 
  [
   -999942.976, 
   988333.341
  ], 
  [
   -119308.424, 
   -115115.168
  ], 
  [
   -842974.006, 
   -784325.056
  ], 
  [
   -905109.498, 
   -116185.519
  ], 
  [
   416228.049, 
   800821.459
  ], 
  [
   828379.212, 
   -181384.368
  ], 
  [
   -849221.278, 
   905215.563
  ], 
  [
   -10004.948, 
   651973.595
  ], 
  [
   216538.56, 
   567824.011
  ], 
  [
   116230.983, 
   591477.351
  ], 
  [
   651562.108, 
   987048.107
  ], 
  [
   713370.646, 
   579989.813
  ], 
  [
   -636517.966, 
   208387.477
  ], 
  [
   58032.795, 
   -33955.715
  ]
 ], 
 "PUV": [
  true, 
  true, 
  false, 
  false, 
  false, 
  true, 
  false, 
  false, 
  false, 
  false, 
  false, 
  false, 
  false, 
  false, 
  true
 ], 
 "LCM": {
  "11": [
   "NOTUSED", 
   "ORR", 
   "ANDD", 
   "ANDD", 
   "ORR", 
   "ORR", 
   "NOTUSED", 
   "ANDD", 
   "ANDD", 
   "ANDD", 
   "ORR", 
   "NOTUSED", 
   "ORR", 
   "NOTUSED", 
   "NOTUSED"
  ], 
  "10": [
   "ANDD", 
   "NOTUSED", 
   "NOTUSED", 
   "ORR", 
   "NOTUSED", 
   "NOTUSED", 
   "NOTUSED", 
   "ORR", 
   "ANDD", 
   "ANDD", 
   "ORR", 
   "ORR", 
   "ORR", 
   "ANDD", 
   "ORR"
  ], 
  "13": [
   "NOTUSED", 
   "NOTUSED", 
   "ANDD", 
   "ORR", 
   "ORR", 
   "NOTUSED", 
   "ORR", 
   "ANDD", 
   "ANDD", 
   "NOTUSED", 
   "ANDD", 
   "NOTUSED", 
   "NOTUSED", 
   "ANDD", 
   "ORR"
  ], 
  "12": [
   "NOTUSED", 
   "ANDD", 
   "ORR", 
   "NOTUSED", 
   "ANDD", 
   "NOTUSED", 
   "ORR", 
   "ANDD", 
   "ANDD", 
   "NOTUSED", 
   "ORR", 
   "ORR", 
   "ORR", 
   "NOTUSED", 
   "NOTUSED"
  ], 
  "14": [
   "ORR", 
   "NOTUSED", 
   "ORR", 
   "ANDD", 
   "NOTUSED", 
   "NOTUSED", 
   "ORR", 
   "ANDD", 
   "ORR", 
   "NOTUSED", 
   "ORR", 
   "NOTUSED", 
   "NOTUSED", 
   "ORR", 
   "ANDD"
  ], 
  "1": [
   "ORR", 
   "NOTUSED", 
   "ANDD", 
   "ORR", 
   "ORR", 
   "NOTUSED", 
   "ANDD", 
   "ANDD", 
   "ORR", 
   "ORR", 
   "NOTUSED", 
   "ORR", 
   "ANDD", 
   "NOTUSED", 
   "NOTUSED"
  ], 
  "0": [
   "NOTUSED", 
   "ORR", 
   "ORR", 
   "NOTUSED", 
   "NOTUSED", 
   "NOTUSED", 
   "ANDD", 
   "NOTUSED", 
   "ORR", 
   "ANDD", 
   "ANDD", 
   "NOTUSED", 
   "NOTUSED", 
   "NOTUSED", 
   "ORR"
  ], 
  "3": [
   "NOTUSED", 
   "ORR", 
   "ORR", 
   "NOTUSED", 
   "NOTUSED", 
   "ANDD", 
   "NOTUSED", 
   "ANDD", 
   "ANDD", 
   "NOTUSED", 
   "ORR", 
   "ANDD", 
   "NOTUSED", 
   "ORR", 
   "ANDD"
  ], 
  "2": [
   "ORR", 
   "ANDD", 
   "NOTUSED", 
   "ORR", 
   "ORR", 
   "ANDD", 
   "ORR", 
   "ANDD", 
   "ANDD", 
   "NOTUSED", 
   "NOTUSED", 
   "ANDD", 
   "ORR", 
   "ANDD", 
   "ORR"
  ], 
  "5": [
   "NOTUSED", 
   "NOTUSED", 
   "ANDD", 
   "ANDD", 
   "ORR", 
   "ORR", 
   "ANDD", 
   "ORR", 
   "ANDD", 
   "NOTUSED", 
   "NOTUSED", 
   "ORR", 
   "NOTUSED", 
   "NOTUSED", 
   "NOTUSED"
  ], 
  "4": [
   "NOTUSED", 
   "ORR", 
   "ORR", 
   "NOTUSED", 
   "ORR", 
   "ORR", 
   "NOTUSED", 
   "ORR", 
   "ORR", 
   "ANDD", 
   "NOTUSED", 
   "ORR", 
   "ANDD", 
   "ORR", 
   "NOTUSED"
  ], 
  "7": [
   "NOTUSED", 
   "ANDD", 
   "ANDD", 
   "ANDD", 
   "ORR", 
   "ORR", 
   "ANDD", 
   "NOTUSED", 
   "ANDD", 
   "NOTUSED", 
   "ORR", 
   "ANDD", 
   "ANDD", 
   "ANDD", 
   "ANDD"
  ], 
  "6": [
   "ANDD", 
   "ANDD", 
   "ORR", 
   "NOTUSED", 
   "NOTUSED", 
   "ANDD", 
   "ANDD", 
   "ANDD", 
   "ANDD", 
   "NOTUSED", 
   "NOTUSED", 
   "NOTUSED", 
   "ORR", 
   "ORR", 
   "ORR"
  ], 
  "9": [
   "ANDD", 
   "ORR", 
   "NOTUSED", 
   "NOTUSED", 
   "ANDD", 
   "NOTUSED", 
   "NOTUSED", 
   "NOTUSED", 
   "NOTUSED", 
   "ORR", 
   "ANDD", 
   "ANDD", 
   "NOTUSED", 
   "NOTUSED", 
   "NOTUSED"
  ], 
  "8": [
   "ORR", 
   "ORR", 
   "ANDD", 
   "ANDD", 
   "ORR", 
   "ANDD", 
   "ANDD", 
   "ANDD", 
   "NOTUSED", 
   "NOTUSED", 
   "ANDD", 
   "ANDD", 
   "ANDD", 
   "ANDD", 
   "ORR"
  ]
 }
}