{
 "random_seed": 1465140150, 
 "PARAMETERS": {
  "RADIUS1": 976999.211, 
  "QUADS": 2, 
  "RADIUS2": 834559.936, 
  "DIST": 258242.577, 
  "F_PTS": 10, 
  "K_PTS": 34, 
  "EPSILON": 0.176, 
  "LENGTH1": 167791.464, 
  "G_PTS": 29, 
  "Q_PTS": 13, 
  "N_PTS": 22, 
  "C_PTS": 15, 
  "AREA2": 212154.812, 
  "LENGTH2": 941430.688, 
  "B_PTS": 21, 
  "D_PTS": 23, 
  "AREA1": 946233.258, 
  "A_PTS": 4, 
  "E_PTS": 12
 }, 
 "NUMPOINTS": 43, 
 "points": [
  [
   222787.87, 
   -763946.757
  ], 
  [
   -304338.25, 
   -403293.862
  ], 
  [
   108130.793, 
   310050.38
  ], 
  [
   650761.806, 
   -754515.51
  ], 
  [
   -364629.725, 
   -76054.627
  ], 
  [
   -696244.619, 
   35052.879
  ], 
  [
   942721.546, 
   390295.91
  ], 
  [
   171587.751, 
   -256405.636
  ], 
  [
   -947066.335, 
   -23051.711
  ], 
  [
   -934921.859, 
   20344.649
  ], 
  [
   903307.011, 
   262796.92
  ], 
  [
   70171.623, 
   265583.772
  ], 
  [
   944062.091, 
   538967.635
  ], 
  [
   -310006.702, 
   330885.993
  ], 
  [
   827459.681, 
   -546699.87
  ], 
  [
   -888380.038, 
   185439.018
  ], 
  [
   203201.13, 
   651969.424
  ], 
  [
   572293.623, 
   599854.243
  ], 
  [
   -769618.959, 
   -139180.095
  ], 
  [
   -982978.061, 
   -760183.214
  ], 
  [
   -492912.109, 
   352128.358
  ], 
  [
   742283.494, 
   -275303.537
  ], 
  [
   815589.909, 
   417234.074
  ], 
  [
   181884.362, 
   -555816.642
  ], 
  [
   649379.658, 
   -64619.103
  ], 
  [
   680966.893, 
   -508524.287
  ], 
  [
   -87365.462, 
   -436498.461
  ], 
  [
   -572172.829, 
   -670933.784
  ], 
  [
   372259.466, 
   -717574.58
  ], 
  [
   791239.576, 
   -123114.963
  ], 
  [
   9898.923, 
   -906539.052
  ], 
  [
   96108.088, 
   926839.482
  ], 
  [
   953263.095, 
   37321.924
  ], 
  [
   -189897.435, 
   344269.191
  ], 
  [
   -587417.328, 
   -617542.99
  ], 
  [
   288749.48, 
   321602.558
  ], 
  [
   -339870.964, 
   -240595.675
  ], 
  [
   -864819.907, 
   935961.931
  ], 
  [
   460846.348, 
   -601795.583
  ], 
  [
   -111477.464, 
   901361.562
  ], 
  [
   567190.438, 
   -868178.207
  ], 
  [
   -544420.359, 
   -24420.257
  ], 
  [
   606583.925, 
   800424.867
  ]
 ], 
 "PUV": [
  false, 
  true, 
  true, 
  false, 
  true, 
  false, 
  false, 
  false, 
  true, 
  true, 
  false, 
  false, 
  false, 
  true, 
  true
 ], 
 "LCM": {
  "11": [
   "NOTUSED", 
   "NOTUSED", 
   "NOTUSED", 
   "ANDD", 
   "ORR", 
   "ANDD", 
   "NOTUSED", 
   "NOTUSED", 
   "ORR", 
   "ANDD", 
   "NOTUSED", 
   "NOTUSED", 
   "ANDD", 
   "NOTUSED", 
   "ANDD"
  ], 
  "10": [
   "ANDD", 
   "ANDD", 
   "ORR", 
   "ANDD", 
   "NOTUSED", 
   "ANDD", 
   "ORR", 
   "ORR", 
   "NOTUSED", 
   "NOTUSED", 
   "ANDD", 
   "NOTUSED", 
   "ANDD", 
   "ORR", 
   "NOTUSED"
  ], 
  "13": [
   "ANDD", 
   "ORR", 
   "ANDD", 
   "ORR", 
   "ORR", 
   "ANDD", 
   "ORR", 
   "NOTUSED", 
   "NOTUSED", 
   "ANDD", 
   "ORR", 
   "NOTUSED", 
   "ORR", 
   "NOTUSED", 
   "ANDD"
  ], 
  "12": [
   "ORR", 
   "ORR", 
   "ANDD", 
   "NOTUSED", 
   "ORR", 
   "ORR", 
   "ORR", 
   "ANDD", 
   "ORR", 
   "ORR", 
   "ANDD", 
   "ANDD", 
   "ANDD", 
   "ORR", 
   "NOTUSED"
  ], 
  "14": [
   "ANDD", 
   "NOTUSED", 
   "ANDD", 
   "ORR", 
   "NOTUSED", 
   "ORR", 
   "NOTUSED", 
   "ORR", 
   "NOTUSED", 
   "ANDD", 
   "NOTUSED", 
   "ANDD", 
   "NOTUSED", 
   "ANDD", 
   "NOTUSED"
  ], 
  "1": [
   "ANDD", 
   "NOTUSED", 
   "NOTUSED", 
   "NOTUSED", 
   "ANDD", 
   "ANDD", 
   "ORR", 
   "ANDD", 
   "ORR", 
   "ANDD", 
   "ANDD", 
   "NOTUSED", 
   "ORR", 
   "ORR", 
   "NOTUSED"
  ], 
  "0": [
   "ANDD", 
   "ANDD", 
   "ANDD", 
   "ANDD", 
   "ANDD", 
   "NOTUSED", 
   "ANDD", 
   "ORR", 
   "ANDD", 
   "ORR", 
   "ANDD", 
   "NOTUSED", 
   "ORR", 
   "ANDD", 
   "ANDD"
  ], 
  "3": [
   "ANDD", 
   "NOTUSED", 
   "ANDD", 
   "ANDD", 
   "NOTUSED", 
   "ANDD", 
   "ANDD", 
   "ORR", 
   "NOTUSED", 
   "NOTUSED", 
   "ANDD", 
   "ANDD", 
   "NOTUSED", 
   "ORR", 
   "ORR"
  ], 
  "2": [
   "ANDD", 
   "NOTUSED", 
   "ANDD", 
   "ANDD", 
   "ORR", 
   "ORR", 
   "ORR", 
   "NOTUSED", 
   "ORR", 
   "NOTUSED", 
   "ORR", 
   "NOTUSED", 
   "ANDD", 
   "ANDD", 
   "ANDD"
  ], 
  "5": [
   "NOTUSED", 
   "ANDD", 
   "ORR", 
   "ANDD", 
   "ANDD", 
   "ORR", 
   "NOTUSED", 
   "NOTUSED", 
   "ORR", 
   "NOTUSED", 
   "ANDD", 
   "ANDD", 
   "ORR", 
   "ANDD", 
   "ORR"
  ], 
  "4": [
   "ANDD", 
   "ANDD", 
   "ORR", 
   "NOTUSED", 
   "NOTUSED", 
   "ANDD", 
   "ORR", 
   "ORR", 
   "ANDD", 
   "ANDD", 
   "NOTUSED", 
   "ORR", 
   "ORR", 
   "ORR", 
   "NOTUSED"
  ], 
  "7": [
   "ORR", 
   "ANDD", 
   "NOTUSED", 
   "ORR", 
   "ORR", 
   "NOTUSED", 
   "NOTUSED", 
   "ORR", 
   "ORR", 
   "NOTUSED", 
   "ORR", 
   "NOTUSED", 
   "ANDD", 
   "NOTUSED", 
   "ORR"
  ], 
  "6": [
   "ANDD", 
   "ORR", 
   "ORR", 
   "ANDD", 
   "ORR", 
   "NOTUSED", 
   "NOTUSED", 
   "NOTUSED", 
   "ANDD", 
   "ORR", 
   "ORR", 
   "NOTUSED", 
   "ORR", 
   "ORR", 
   "NOTUSED"
  ], 
  "9": [
   "ORR", 
   "ANDD", 
   "NOTUSED", 
   "NOTUSED", 
   "ANDD", 
   "NOTUSED", 
   "ORR", 
   "NOTUSED", 
   "ORR", 
   "ANDD", 
   "NOTUSED", 
   "ANDD", 
   "ORR", 
   "ANDD", 
   "ANDD"
  ], 
  "8": [
   "ANDD", 
   "ORR", 
   "ORR", 
   "NOTUSED", 
   "ANDD", 
   "ORR", 
   "ANDD", 
   "ORR", 
   "ANDD", 
   "ORR", 
   "NOTUSED", 
   "ORR", 
   "ORR", 
   "NOTUSED", 
   "NOTUSED"
  ]
 }
}