{
 "random_seed": 3929459936, 
 "PARAMETERS": {
  "RADIUS1": 751275.311, 
  "QUADS": 2, 
  "RADIUS2": 387759.695, 
  "DIST": 406715.646, 
  "F_PTS": 25, 
  "K_PTS": 14, 
  "EPSILON": 2.5, 
  "LENGTH1": 604105.914, 
  "G_PTS": 33, 
  "Q_PTS": 20, 
  "N_PTS": 65, 
  "C_PTS": 16, 
  "AREA2": 820174.863, 
  "LENGTH2": 395765.089, 
  "B_PTS": 32, 
  "D_PTS": 12, 
  "AREA1": 498114.61, 
  "A_PTS": 11, 
  "E_PTS": 31
 }, 
 "NUMPOINTS": 77, 
 "points": [
  [
   -368065.144, 
   -374262.09
  ], 
  [
   -197150.109, 
   275331.96
  ], 
  [
   -12532.449, 
   -827744.488
  ], 
  [
   -357788.933, 
   985567.353
  ], 
  [
   -96643.311, 
   -147657.313
  ], 
  [
   547578.333, 
   948375.062
  ], 
  [
   -111068.945, 
   702697.726
  ], 
  [
   -653664.763, 
   774765.954
  ], 
  [
   -796352.83, 
   398067.533
  ], 
  [
   -96587.325, 
   288717.743
  ], 
  [
   957858.407, 
   616337.13
  ], 
  [
   17002.98, 
   226687.423
  ], 
  [
   -365066.086, 
   -954997.555
  ], 
  [
   108146.644, 
   -430947.337
  ], 
  [
   -44956.78, 
   678033.147
  ], 
  [
   -660866.462, 
   -523992.995
  ], 
  [
   -60327.505, 
   635918.207
  ], 
  [
   -219047.19, 
   -427591.102
  ], 
  [
   253876.902, 
   117351.032
  ], 
  [
   609827.314, 
   242975.801
  ], 
  [
   -559020.122, 
   -553689.099
  ], 
  [
   -151727.641, 
   -531408.968
  ], 
  [
   -859486.65, 
   466231.591
  ], 
  [
   -143721.899, 
   -576014.838
  ], 
  [
   166170.755, 
   -347016.837
  ], 
  [
   -101217.057, 
   220276.977
  ], 
  [
   -744157.208, 
   -31553.572
  ], 
  [
   -193769.395, 
   -279692.75
  ], 
  [
   -585094.583, 
   -221268.148
  ], 
  [
   -540619.33, 
   94737.855
  ], 
  [
   338714.798, 
   -231142.615
  ], 
  [
   823179.24, 
   -198232.366
  ], 
  [
   -388262.809, 
   439270.113
  ], 
  [
   349777.806, 
   -882727.644
  ], 
  [
   647104.371, 
   -518818.08
  ], 
  [
   954410.45, 
   -881053.156
  ], 
  [
   854141.715, 
   -708788.806
  ], 
  [
   48323.96, 
   336308.296
  ], 
  [
   956850.685, 
   911064.806
  ], 
  [
   893308.905, 
   656949.378
  ], 
  [
   -203182.432, 
   -441606.421
  ], 
  [
   -706628.967, 
   -28773.855
  ], 
  [
   939139.914, 
   -207629.598
  ], 
  [
   675260.303, 
   961991.675
  ], 
  [
   -415192.831, 
   -714420.521
  ], 
  [
   91054.583, 
   690563.126
  ], 
  [
   -111832.138, 
   60059.227
  ], 
  [
   361475.578, 
   847546.661
  ], 
  [
   675201.561, 
   -181197.841
  ], 
  [
   629716.239, 
   56397.606
  ], 
  [
   -951013.984, 
   -299824.655
  ], 
  [
   -719326.648, 
   -566318.29
  ], 
  [
   -826219.363, 
   -378336.187
  ], 
  [
   -784988.811, 
   685612.667
  ], 
  [
   -599767.458, 
   -514574.045
  ], 
  [
   -955004.99, 
   -376837.407
  ], 
  [
   -306701.223, 
   -136165.06
  ], 
  [
   571924.894, 
   185710.528
  ], 
  [
   -422999.383, 
   823031.722
  ], 
  [
   -580744.933, 
   -833525.84
  ], 
  [
   558108.372, 
   972966.51
  ], 
  [
   735400.412, 
   -716604.922
  ], 
  [
   -522697.357, 
   9490.363
  ], 
  [
   146618.879, 
   244966.836
  ], 
  [
   -102448.009, 
   -89705.194
  ], 
  [
   860690.854, 
   566767.837
  ], 
  [
   821027.089, 
   -649525.494
  ], 
  [
   -403785.807, 
   -77553.415
  ], 
  [
   -352914.284, 
   756573.428
  ], 
  [
   16143.554, 
   933828.676
  ], 
  [
   137040.774, 
   -297382.684
  ], 
  [
   662475.381, 
   -708920.67
  ], 
  [
   -157846.283, 
   111501.606
  ], 
  [
   433660.464, 
   -825749.819
  ], 
  [
   -933498.966, 
   -224409.905
  ], 
  [
   -118701.172, 
   688600.363
  ], 
  [
   -12455.228, 
   558736.729
  ]
 ], 
 "PUV": [
  false, 
  true, 
  false, 
  false, 
  false, 
  true, 
  true, 
  false, 
  true, 
  true, 
  true, 
  false, 
  true, 
  true, 
  false
 ], 
 "LCM": {
  "11": [
   "NOTUSED", 
   "ANDD", 
   "ANDD", 
   "ANDD", 
   "NOTUSED", 
   "NOTUSED", 
   "ORR", 
   "ANDD", 
   "ANDD", 
   "NOTUSED", 
   "NOTUSED", 
   "ANDD", 
   "ANDD", 
   "ORR", 
   "ANDD"
  ], 
  "10": [
   "NOTUSED", 
   "ORR", 
   "NOTUSED", 
   "NOTUSED", 
   "ANDD", 
   "ANDD", 
   "ORR", 
   "NOTUSED", 
   "ANDD", 
   "ORR", 
   "ORR", 
   "NOTUSED", 
   "ORR", 
   "ORR", 
   "NOTUSED"
  ], 
  "13": [
   "ORR", 
   "ANDD", 
   "ANDD", 
   "ORR", 
   "ANDD", 
   "ANDD", 
   "ORR", 
   "ANDD", 
   "ANDD", 
   "ANDD", 
   "ORR", 
   "ORR", 
   "ORR", 
   "NOTUSED", 
   "ORR"
  ], 
  "12": [
   "ANDD", 
   "ORR", 
   "ORR", 
   "ORR", 
   "NOTUSED", 
   "NOTUSED", 
   "ANDD", 
   "ORR", 
   "ANDD", 
   "ANDD", 
   "ORR", 
   "ANDD", 
   "ANDD", 
   "ORR", 
   "NOTUSED"
  ], 
  "14": [
   "ANDD", 
   "ORR", 
   "ANDD", 
   "NOTUSED", 
   "ORR", 
   "ORR", 
   "ANDD", 
   "ORR", 
   "ORR", 
   "NOTUSED", 
   "NOTUSED", 
   "ANDD", 
   "NOTUSED", 
   "ORR", 
   "ANDD"
  ], 
  "1": [
   "NOTUSED", 
   "ORR", 
   "NOTUSED", 
   "ORR", 
   "ORR", 
   "NOTUSED", 
   "NOTUSED", 
   "ANDD", 
   "ORR", 
   "ANDD", 
   "ORR", 
   "ANDD", 
   "ORR", 
   "ANDD", 
   "ORR"
  ], 
  "0": [
   "ANDD", 
   "NOTUSED", 
   "ANDD", 
   "ORR", 
   "NOTUSED", 
   "ORR", 
   "ANDD", 
   "ANDD", 
   "ORR", 
   "ORR", 
   "NOTUSED", 
   "NOTUSED", 
   "ANDD", 
   "ORR", 
   "ANDD"
  ], 
  "3": [
   "ORR", 
   "ORR", 
   "ANDD", 
   "NOTUSED", 
   "ANDD", 
   "NOTUSED", 
   "ANDD", 
   "NOTUSED", 
   "ORR", 
   "ANDD", 
   "NOTUSED", 
   "ANDD", 
   "ORR", 
   "ORR", 
   "NOTUSED"
  ], 
  "2": [
   "ANDD", 
   "NOTUSED", 
   "ANDD", 
   "ANDD", 
   "NOTUSED", 
   "ORR", 
   "NOTUSED", 
   "ORR", 
   "ORR", 
   "ORR", 
   "NOTUSED", 
   "ANDD", 
   "ORR", 
   "ANDD", 
   "ANDD"
  ], 
  "5": [
   "ORR", 
   "NOTUSED", 
   "ORR", 
   "NOTUSED", 
   "NOTUSED", 
   "NOTUSED", 
   "ORR", 
   "ORR", 
   "NOTUSED", 
   "NOTUSED", 
   "ANDD", 
   "NOTUSED", 
   "NOTUSED", 
   "ANDD", 
   "ORR"
  ], 
  "4": [
   "NOTUSED", 
   "ORR", 
   "NOTUSED", 
   "ANDD", 
   "ANDD", 
   "NOTUSED", 
   "NOTUSED", 
   "NOTUSED", 
   "NOTUSED", 
   "ORR", 
   "ANDD", 
   "NOTUSED", 
   "NOTUSED", 
   "ANDD", 
   "ORR"
  ], 
  "7": [
   "ANDD", 
   "ANDD", 
   "ORR", 
   "NOTUSED", 
   "NOTUSED", 
   "ORR", 
   "ORR", 
   "NOTUSED", 
   "NOTUSED", 
   "ANDD", 
   "NOTUSED", 
   "ANDD", 
   "ORR", 
   "ANDD", 
   "ORR"
  ], 
  "6": [
   "ANDD", 
   "NOTUSED", 
   "NOTUSED", 
   "ANDD", 
   "NOTUSED", 
   "ORR", 
   "ORR", 
   "ORR", 
   "ANDD", 
   "NOTUSED", 
   "ORR", 
   "ORR", 
   "ANDD", 
   "ORR", 
   "ANDD"
  ], 
  "9": [
   "ORR", 
   "ANDD", 
   "ORR", 
   "ANDD", 
   "ORR", 
   "NOTUSED", 
   "NOTUSED", 
   "ANDD", 
   "ANDD", 
   "ANDD", 
   "ORR", 
   "NOTUSED", 
   "ANDD", 
   "ANDD", 
   "NOTUSED"
  ], 
  "8": [
   "ORR", 
   "ORR", 
   "ORR", 
   "ORR", 
   "NOTUSED", 
   "NOTUSED", 
   "ANDD", 
   "NOTUSED", 
   "ORR", 
   "ANDD", 
   "ANDD", 
   "ANDD", 
   "ANDD", 
   "ANDD", 
   "ORR"
  ]
 }
}