{
 "random_seed": 2856604138, 
 "PARAMETERS": {
  "RADIUS1": 291531.996, 
  "QUADS": 3, 
  "RADIUS2": 244864.852, 
  "DIST": 348302.521, 
  "F_PTS": 15, 
  "K_PTS": 36, 
  "EPSILON": 1.203, 
  "LENGTH1": 13547.423, 
  "G_PTS": 24, 
  "Q_PTS": 29, 
  "N_PTS": 19, 
  "C_PTS": 22, 
  "AREA2": 142464.048, 
  "LENGTH2": 315218.045, 
  "B_PTS": 3, 
  "D_PTS": 8, 
  "AREA1": 521089.409, 
  "A_PTS": 29, 
  "E_PTS": 9
 }, 
 "NUMPOINTS": 41, 
 "points": [
  [
   615166.961, 
   -351739.127
  ], 
  [
   289339.693, 
   218271.036
  ], 
  [
   -702250.305, 
   648079.818
  ], 
  [
   -852044.469, 
   -292788.785
  ], 
  [
   -988185.58, 
   481020.49
  ], 
  [
   731649.479, 
   493532.654
  ], 
  [
   566441.725, 
   -647986.341
  ], 
  [
   381939.595, 
   674651.359
  ], 
  [
   -972200.515, 
   944622.289
  ], 
  [
   -506625.868, 
   -295189.563
  ], 
  [
   64816.498, 
   -950999.42
  ], 
  [
   -677973.377, 
   -260667.678
  ], 
  [
   -759737.436, 
   -647883.141
  ], 
  [
   273260.234, 
   77051.769
  ], 
  [
   -526265.792, 
   373472.198
  ], 
  [
   276128.766, 
   -356184.423
  ], 
  [
   609547.151, 
   488715.546
  ], 
  [
   934726.67, 
   189447.43
  ], 
  [
   77961.555, 
   423153.008
  ], 
  [
   -195892.6, 
   764828.334
  ], 
  [
   916545.026, 
   -85953.355
  ], 
  [
   67750.416, 
   310018.514
  ], 
  [
   -244961.958, 
   118359.55
  ], 
  [
   430566.972, 
   -601012.869
  ], 
  [
   -477713.089, 
   -881271.372
  ], 
  [
   982639.523, 
   -217118.245
  ], 
  [
   537245.5, 
   -639473.486
  ], 
  [
   325490.115, 
   679534.604
  ], 
  [
   242986.725, 
   684772.827
  ], 
  [
   -760615.005, 
   -793572.141
  ], 
  [
   528597.688, 
   880789.037
  ], 
  [
   443195.057, 
   357857.825
  ], 
  [
   167031.343, 
   608555.432
  ], 
  [
   111029.822, 
   794856.831
  ], 
  [
   277308.41, 
   948219.906
  ], 
  [
   -479996.646, 
   -76580.512
  ], 
  [
   -36483.394, 
   888285.136
  ], 
  [
   -861786.336, 
   -662840.68
  ], 
  [
   -294000.378, 
   -236024.42
  ], 
  [
   583823.243, 
   -24068.88
  ], 
  [
   -577047.621, 
   664068.584
  ]
 ], 
 "PUV": [
  true, 
  false, 
  false, 
  false, 
  false, 
  true, 
  false, 
  false, 
  false, 
  false, 
  false, 
  false, 
  true, 
  false, 
  true
 ], 
 "LCM": {
  "11": [
   "ANDD", 
   "ORR", 
   "NOTUSED", 
   "ANDD", 
   "ORR", 
   "ORR", 
   "ORR", 
   "ORR", 
   "ORR", 
   "ANDD", 
   "ANDD", 
   "NOTUSED", 
   "NOTUSED", 
   "ANDD", 
   "ORR"
  ], 
  "10": [
   "ANDD", 
   "ORR", 
   "ORR", 
   "ORR", 
   "NOTUSED", 
   "NOTUSED", 
   "ANDD", 
   "NOTUSED", 
   "ANDD", 
   "NOTUSED", 
   "ORR", 
   "ANDD", 
   "ANDD", 
   "NOTUSED", 
   "ORR"
  ], 
  "13": [
   "ORR", 
   "ANDD", 
   "ORR", 
   "NOTUSED", 
   "ORR", 
   "ANDD", 
   "ANDD", 
   "ANDD", 
   "ANDD", 
   "ANDD", 
   "NOTUSED", 
   "ANDD", 
   "NOTUSED", 
   "NOTUSED", 
   "NOTUSED"
  ], 
  "12": [
   "ANDD", 
   "ORR", 
   "NOTUSED", 
   "ANDD", 
   "ANDD", 
   "NOTUSED", 
   "NOTUSED", 
   "ANDD", 
   "ORR", 
   "ANDD", 
   "ANDD", 
   "NOTUSED", 
   "NOTUSED", 
   "NOTUSED", 
   "ANDD"
  ], 
  "14": [
   "ORR", 
   "NOTUSED", 
   "ANDD", 
   "ORR", 
   "ORR", 
   "ORR", 
   "ORR", 
   "NOTUSED", 
   "NOTUSED", 
   "ORR", 
   "ORR", 
   "ORR", 
   "ANDD", 
   "NOTUSED", 
   "ANDD"
  ], 
  "1": [
   "NOTUSED", 
   "NOTUSED", 
   "ORR", 
   "ORR", 
   "NOTUSED", 
   "ORR", 
   "ANDD", 
   "NOTUSED", 
   "ORR", 
   "NOTUSED", 
   "ORR", 
   "ORR", 
   "ORR", 
   "ANDD", 
   "NOTUSED"
  ], 
  "0": [
   "ANDD", 
   "NOTUSED", 
   "ANDD", 
   "ANDD", 
   "NOTUSED", 
   "ANDD", 
   "ORR", 
   "ANDD", 
   "ANDD", 
   "ORR", 
   "ANDD", 
   "ANDD", 
   "ANDD", 
   "ORR", 
   "ORR"
  ], 
  "3": [
   "ANDD", 
   "ORR", 
   "ANDD", 
   "ORR", 
   "ORR", 
   "ANDD", 
   "ORR", 
   "ANDD", 
   "NOTUSED", 
   "ANDD", 
   "ORR", 
   "ANDD", 
   "ANDD", 
   "NOTUSED", 
   "ORR"
  ], 
  "2": [
   "ANDD", 
   "ORR", 
   "ORR", 
   "ANDD", 
   "ANDD", 
   "ORR", 
   "ORR", 
   "NOTUSED", 
   "NOTUSED", 
   "ANDD", 
   "ORR", 
   "NOTUSED", 
   "NOTUSED", 
   "ORR", 
   "ANDD"
  ], 
  "5": [
   "ANDD", 
   "ORR", 
   "ORR", 
   "ANDD", 
   "NOTUSED", 
   "NOTUSED", 
   "NOTUSED", 
   "ANDD", 
   "ANDD", 
   "NOTUSED", 
   "NOTUSED", 
   "ORR", 
   "NOTUSED", 
   "ANDD", 
   "ORR"
  ], 
  "4": [
   "NOTUSED", 
   "NOTUSED", 
   "ANDD", 
   "ORR", 
   "ANDD", 
   "NOTUSED", 
   "NOTUSED", 
   "NOTUSED", 
   "ANDD", 
   "NOTUSED", 
   "NOTUSED", 
   "ORR", 
   "ANDD", 
   "ORR", 
   "ORR"
  ], 
  "7": [
   "ANDD", 
   "NOTUSED", 
   "NOTUSED", 
   "ANDD", 
   "NOTUSED", 
   "ANDD", 
   "NOTUSED", 
   "ORR", 
   "ORR", 
   "ORR", 
   "NOTUSED", 
   "ORR", 
   "ANDD", 
   "ANDD", 
   "NOTUSED"
  ], 
  "6": [
   "ORR", 
   "ANDD", 
   "ORR", 
   "ORR", 
   "NOTUSED", 
   "NOTUSED", 
   "NOTUSED", 
   "NOTUSED", 
   "ORR", 
   "ORR", 
   "ANDD", 
   "ORR", 
   "NOTUSED", 
   "ANDD", 
   "ORR"
  ], 
  "9": [
   "ORR", 
   "NOTUSED", 
   "ANDD", 
   "ANDD", 
   "NOTUSED", 
   "NOTUSED", 
   "ORR", 
   "ORR", 
   "NOTUSED", 
   "ORR", 
   "NOTUSED", 
   "ANDD", 
   "ANDD", 
   "ANDD", 
   "ORR"
  ], 
  "8": [
   "ANDD", 
   "ORR", 
   "NOTUSED", 
   "NOTUSED", 
   "ANDD", 
   "ANDD", 
   "ORR", 
   "ORR", 
   "ANDD", 
   "NOTUSED", 
   "ANDD", 
   "ORR", 
   "ORR", 
   "ANDD", 
   "NOTUSED"
  ]
 }
}