{
 "random_seed": 3496505614, 
 "PARAMETERS": {
  "RADIUS1": 767698.115, 
  "QUADS": 2, 
  "RADIUS2": 725226.792, 
  "DIST": 35573.339, 
  "F_PTS": 51, 
  "K_PTS": 51, 
  "EPSILON": 2.886, 
  "LENGTH1": 369112.248, 
  "G_PTS": 59, 
  "Q_PTS": 42, 
  "N_PTS": 79, 
  "C_PTS": 3, 
  "AREA2": 354926.577, 
  "LENGTH2": 495706.21, 
  "B_PTS": 20, 
  "D_PTS": 39, 
  "AREA1": 955680.069, 
  "A_PTS": 56, 
  "E_PTS": 31
 }, 
 "NUMPOINTS": 95, 
 "points": [
  [
   270814.683, 
   672126.712
  ], 
  [
   -550220.077, 
   -504309.276
  ], 
  [
   136504.848, 
   -457627.267
  ], 
  [
   448083.855, 
   -303368.033
  ], 
  [
   -823299.219, 
   -953485.942
  ], 
  [
   652837.376, 
   -74881.341
  ], 
  [
   829504.789, 
   -392091.492
  ], 
  [
   -562247.317, 
   81730.131
  ], 
  [
   679045.591, 
   -421449.713
  ], 
  [
   440920.854, 
   36400.545
  ], 
  [
   -382038.321, 
   369885.525
  ], 
  [
   -663803.206, 
   -313661.641
  ], 
  [
   314491.971, 
   -131174.75
  ], 
  [
   -501664.305, 
   -927330.477
  ], 
  [
   -516968.344, 
   765179.013
  ], 
  [
   -469512.128, 
   534500.048
  ], 
  [
   -269935.088, 
   933088.651
  ], 
  [
   362510.425, 
   -232745.156
  ], 
  [
   839368.739, 
   -913359.655
  ], 
  [
   -629824.95, 
   338351.689
  ], 
  [
   112306.508, 
   942997.922
  ], 
  [
   980992.354, 
   -240156.565
  ], 
  [
   85373.384, 
   413439.655
  ], 
  [
   803721.271, 
   212053.517
  ], 
  [
   251733.015, 
   -345178.594
  ], 
  [
   607842.115, 
   184549.256
  ], 
  [
   -183243.947, 
   889527.971
  ], 
  [
   -574584.829, 
   -451732.684
  ], 
  [
   204451.121, 
   144580.855
  ], 
  [
   699522.269, 
   725351.929
  ], 
  [
   493453.535, 
   539033.588
  ], 
  [
   -703752.217, 
   622678.781
  ], 
  [
   341322.617, 
   -388160.328
  ], 
  [
   983510.654, 
   -177005.832
  ], 
  [
   142550.004, 
   -796703.526
  ], 
  [
   934460.615, 
   283472.344
  ], 
  [
   -605290.657, 
   -403341.898
  ], 
  [
   439799.211, 
   982522.977
  ], 
  [
   -447990.882, 
   -33531.906
  ], 
  [
   53099.81, 
   -982198.661
  ], 
  [
   924451.95, 
   -519637.868
  ], 
  [
   504019.654, 
   419491.376
  ], 
  [
   412784.205, 
   627580.539
  ], 
  [
   201145.423, 
   -466720.489
  ], 
  [
   207547.662, 
   267203.097
  ], 
  [
   380022.099, 
   871197.839
  ], 
  [
   335865.098, 
   974853.272
  ], 
  [
   -258381.888, 
   -994683.089
  ], 
  [
   226841.981, 
   -800419.879
  ], 
  [
   209731.436, 
   249541.592
  ], 
  [
   -451792.697, 
   -524250.324
  ], 
  [
   815772.844, 
   -139982.529
  ], 
  [
   544648.115, 
   -200633.843
  ], 
  [
   848314.779, 
   923765.73
  ], 
  [
   -162266.398, 
   878681.159
  ], 
  [
   72680.826, 
   577554.513
  ], 
  [
   -780987.357, 
   521298.163
  ], 
  [
   -429227.517, 
   -424986.027
  ], 
  [
   644789.621, 
   924487.877
  ], 
  [
   -979465.935, 
   -171875.233
  ], 
  [
   -298817.975, 
   -801819.118
  ], 
  [
   -762503.316, 
   248941.034
  ], 
  [
   -100178.551, 
   847363.458
  ], 
  [
   17758.767, 
   426530.289
  ], 
  [
   468770.445, 
   -334876.741
  ], 
  [
   298334.323, 
   990526.915
  ], 
  [
   -243382.138, 
   629018.293
  ], 
  [
   -537371.809, 
   121813.917
  ], 
  [
   -358903.862, 
   -421756.057
  ], 
  [
   -159304.316, 
   -40012.189
  ], 
  [
   -749954.815, 
   -660585.586
  ], 
  [
   -286270.168, 
   -413871.92
  ], 
  [
   686606.234, 
   403274.753
  ], 
  [
   -887945.725, 
   -600170.699
  ], 
  [
   826424.13, 
   -324796.923
  ], 
  [
   633917.581, 
   -952885.476
  ], 
  [
   -198052.665, 
   137552.852
  ], 
  [
   614743.74, 
   67600.355
  ], 
  [
   515698.162, 
   -687715.477
  ], 
  [
   -186657.346, 
   555334.205
  ], 
  [
   -935366.923, 
   -674921.584
  ], 
  [
   -80893.621, 
   -147925.519
  ], 
  [
   883883.992, 
   -548972.686
  ], 
  [
   -385993.472, 
   -812589.398
  ], 
  [
   -84045.736, 
   955746.216
  ], 
  [
   -318719.245, 
   103498.974
  ], 
  [
   630261.345, 
   -691521.87
  ], 
  [
   260623.679, 
   234895.968
  ], 
  [
   -926972.937, 
   -941087.768
  ], 
  [
   859044.731, 
   448654.052
  ], 
  [
   41028.952, 
   286520.415
  ], 
  [
   492616.938, 
   531071.734
  ], 
  [
   -450301.564, 
   782435.735
  ], 
  [
   265700.93, 
   -984052.217
  ], 
  [
   701427.917, 
   -2093.52
  ]
 ], 
 "PUV": [
  true, 
  true, 
  true, 
  false, 
  true, 
  true, 
  true, 
  false, 
  false, 
  true, 
  true, 
  false, 
  false, 
  false, 
  true
 ], 
 "LCM": {
  "11": [
   "ANDD", 
   "NOTUSED", 
   "ANDD", 
   "NOTUSED", 
   "NOTUSED", 
   "ORR", 
   "ORR", 
   "ORR", 
   "NOTUSED", 
   "NOTUSED", 
   "ANDD", 
   "NOTUSED", 
   "ORR", 
   "ANDD", 
   "ORR"
  ], 
  "10": [
   "ANDD", 
   "ANDD", 
   "ORR", 
   "NOTUSED", 
   "ANDD", 
   "NOTUSED", 
   "ANDD", 
   "NOTUSED", 
   "NOTUSED", 
   "ANDD", 
   "ANDD", 
   "ANDD", 
   "NOTUSED", 
   "NOTUSED", 
   "ANDD"
  ], 
  "13": [
   "ORR", 
   "NOTUSED", 
   "ANDD", 
   "ANDD", 
   "ANDD", 
   "ORR", 
   "ORR", 
   "NOTUSED", 
   "ANDD", 
   "NOTUSED", 
   "NOTUSED", 
   "ANDD", 
   "ORR", 
   "ORR", 
   "ORR"
  ], 
  "12": [
   "ORR", 
   "NOTUSED", 
   "NOTUSED", 
   "ORR", 
   "ORR", 
   "ANDD", 
   "ORR", 
   "ORR", 
   "ANDD", 
   "ORR", 
   "NOTUSED", 
   "ORR", 
   "ANDD", 
   "ORR", 
   "ANDD"
  ], 
  "14": [
   "ANDD", 
   "ANDD", 
   "NOTUSED", 
   "NOTUSED", 
   "ANDD", 
   "ANDD", 
   "NOTUSED", 
   "ORR", 
   "ORR", 
   "NOTUSED", 
   "ANDD", 
   "ORR", 
   "ANDD", 
   "ORR", 
   "ORR"
  ], 
  "1": [
   "ANDD", 
   "NOTUSED", 
   "ORR", 
   "ANDD", 
   "NOTUSED", 
   "ORR", 
   "NOTUSED", 
   "ANDD", 
   "ORR", 
   "ORR", 
   "ANDD", 
   "NOTUSED", 
   "NOTUSED", 
   "NOTUSED", 
   "ANDD"
  ], 
  "0": [
   "ANDD", 
   "ANDD", 
   "ORR", 
   "ORR", 
   "ANDD", 
   "ORR", 
   "NOTUSED", 
   "ORR", 
   "ANDD", 
   "ORR", 
   "ANDD", 
   "ANDD", 
   "ORR", 
   "ORR", 
   "ANDD"
  ], 
  "3": [
   "ORR", 
   "ANDD", 
   "ORR", 
   "ANDD", 
   "ANDD", 
   "ORR", 
   "NOTUSED", 
   "ORR", 
   "NOTUSED", 
   "ANDD", 
   "NOTUSED", 
   "NOTUSED", 
   "ORR", 
   "ANDD", 
   "NOTUSED"
  ], 
  "2": [
   "ORR", 
   "ORR", 
   "NOTUSED", 
   "ORR", 
   "ANDD", 
   "NOTUSED", 
   "ANDD", 
   "ANDD", 
   "ORR", 
   "NOTUSED", 
   "ORR", 
   "ANDD", 
   "NOTUSED", 
   "ANDD", 
   "NOTUSED"
  ], 
  "5": [
   "ORR", 
   "ORR", 
   "NOTUSED", 
   "ORR", 
   "ANDD", 
   "ORR", 
   "ORR", 
   "ANDD", 
   "ANDD", 
   "ANDD", 
   "NOTUSED", 
   "ORR", 
   "ANDD", 
   "ORR", 
   "ANDD"
  ], 
  "4": [
   "ANDD", 
   "NOTUSED", 
   "ANDD", 
   "ANDD", 
   "NOTUSED", 
   "ANDD", 
   "ORR", 
   "NOTUSED", 
   "ANDD", 
   "NOTUSED", 
   "ANDD", 
   "NOTUSED", 
   "ORR", 
   "ANDD", 
   "ANDD"
  ], 
  "7": [
   "ORR", 
   "ANDD", 
   "ANDD", 
   "ORR", 
   "NOTUSED", 
   "ANDD", 
   "ANDD", 
   "NOTUSED", 
   "ANDD", 
   "NOTUSED", 
   "NOTUSED", 
   "ORR", 
   "ORR", 
   "NOTUSED", 
   "ORR"
  ], 
  "6": [
   "NOTUSED", 
   "NOTUSED", 
   "ANDD", 
   "NOTUSED", 
   "ORR", 
   "ORR", 
   "ANDD", 
   "ANDD", 
   "ORR", 
   "ANDD", 
   "ANDD", 
   "ORR", 
   "ORR", 
   "ORR", 
   "NOTUSED"
  ], 
  "9": [
   "ORR", 
   "ORR", 
   "NOTUSED", 
   "ANDD", 
   "NOTUSED", 
   "ANDD", 
   "ANDD", 
   "NOTUSED", 
   "ANDD", 
   "ORR", 
   "ANDD", 
   "NOTUSED", 
   "ORR", 
   "NOTUSED", 
   "NOTUSED"
  ], 
  "8": [
   "ANDD", 
   "ORR", 
   "ORR", 
   "NOTUSED", 
   "ANDD", 
   "ANDD", 
   "ORR", 
   "ANDD", 
   "NOTUSED", 
   "ANDD", 
   "NOTUSED", 
   "NOTUSED", 
   "ANDD", 
   "ANDD", 
   "ORR"
  ]
 }
}