{
 "random_seed": 4190486194, 
 "PARAMETERS": {
  "RADIUS1": 979741.841, 
  "QUADS": 3, 
  "RADIUS2": 865236.293, 
  "DIST": 166042.567, 
  "F_PTS": 31, 
  "K_PTS": 21, 
  "EPSILON": 2.671, 
  "LENGTH1": 329893.12, 
  "G_PTS": 48, 
  "Q_PTS": 44, 
  "N_PTS": 9, 
  "C_PTS": 16, 
  "AREA2": 79991.954, 
  "LENGTH2": 241710.47, 
  "B_PTS": 52, 
  "D_PTS": 49, 
  "AREA1": 459184.344, 
  "A_PTS": 11, 
  "E_PTS": 7
 }, 
 "NUMPOINTS": 82, 
 "points": [
  [
   432055.897, 
   -123948.616
  ], 
  [
   -842896.341, 
   683670.012
  ], 
  [
   130215.616, 
   -724284.572
  ], 
  [
   -632355.399, 
   -527999.34
  ], 
  [
   142205.452, 
   -913185.887
  ], 
  [
   334659.071, 
   -370784.092
  ], 
  [
   -987742.109, 
   -184921.911
  ], 
  [
   481481.377, 
   -87396.7
  ], 
  [
   507246.396, 
   434232.263
  ], 
  [
   -414166.81, 
   -412387.803
  ], 
  [
   -220363.999, 
   807679.927
  ], 
  [
   800543.771, 
   -811314.173
  ], 
  [
   -361051.028, 
   177368.411
  ], 
  [
   410266.663, 
   677285.913
  ], 
  [
   -799750.786, 
   429306.327
  ], 
  [
   -969568.634, 
   -42506.656
  ], 
  [
   919527.493, 
   561185.567
  ], 
  [
   134347.219, 
   685351.462
  ], 
  [
   72317.941, 
   -827907.632
  ], 
  [
   -723142.383, 
   -793695.316
  ], 
  [
   199274.508, 
   383564.844
  ], 
  [
   -242153.37, 
   407456.924
  ], 
  [
   812436.844, 
   914686.444
  ], 
  [
   -514297.55, 
   577961.559
  ], 
  [
   833686.328, 
   -953310.226
  ], 
  [
   -792687.165, 
   -176491.724
  ], 
  [
   -450231.619, 
   360399.938
  ], 
  [
   370335.35, 
   346674.824
  ], 
  [
   -596445.68, 
   -374000.789
  ], 
  [
   894045.81, 
   705132.842
  ], 
  [
   -447728.144, 
   559031.864
  ], 
  [
   686820.714, 
   519467.562
  ], 
  [
   -241729.303, 
   -770421.687
  ], 
  [
   906343.515, 
   -560159.301
  ], 
  [
   -751244.908, 
   -729395.521
  ], 
  [
   47832.169, 
   798180.039
  ], 
  [
   133830.513, 
   -491262.09
  ], 
  [
   21534.019, 
   -924165.284
  ], 
  [
   347262.535, 
   390602.231
  ], 
  [
   220686.322, 
   873934.296
  ], 
  [
   -193035.295, 
   583263.776
  ], 
  [
   262873.199, 
   284352.6
  ], 
  [
   -569115.593, 
   120260.698
  ], 
  [
   693762.693, 
   746871.097
  ], 
  [
   -488349.737, 
   974340.948
  ], 
  [
   263101.168, 
   -337456.082
  ], 
  [
   -553809.311, 
   275420.385
  ], 
  [
   953329.809, 
   420168.82
  ], 
  [
   -283890.123, 
   -253917.023
  ], 
  [
   252493.972, 
   -977392.714
  ], 
  [
   841976.335, 
   -559766.495
  ], 
  [
   484269.378, 
   38983.879
  ], 
  [
   -431101.629, 
   767890.889
  ], 
  [
   443287.607, 
   819705.486
  ], 
  [
   -248404.725, 
   -855856.726
  ], 
  [
   -762308.448, 
   -423010.615
  ], 
  [
   267263.695, 
   -304266.769
  ], 
  [
   -747464.302, 
   -614254.892
  ], 
  [
   -619283.932, 
   627511.138
  ], 
  [
   444626.746, 
   -616181.152
  ], 
  [
   -63800.482, 
   -599050.68
  ], 
  [
   86615.095, 
   -342611.538
  ], 
  [
   412112.083, 
   22068.422
  ], 
  [
   -960221.654, 
   -742444.762
  ], 
  [
   447855.899, 
   564448.885
  ], 
  [
   -931176.053, 
   436302.968
  ], 
  [
   -173886.993, 
   991636.488
  ], 
  [
   39866.245, 
   -462181.446
  ], 
  [
   676381.567, 
   828785.115
  ], 
  [
   419477.037, 
   830124.214
  ], 
  [
   -682025.963, 
   -885169.293
  ], 
  [
   -670458.852, 
   -519597.115
  ], 
  [
   -813390.556, 
   317988.84
  ], 
  [
   -577670.901, 
   -560013.014
  ], 
  [
   632291.179, 
   814272.295
  ], 
  [
   -994277.598, 
   -57369.988
  ], 
  [
   157348.785, 
   545463.319
  ], 
  [
   158685.311, 
   106852.518
  ], 
  [
   -676093.071, 
   -129431.339
  ], 
  [
   712999.718, 
   -261095.131
  ], 
  [
   -321012.204, 
   952190.411
  ], 
  [
   -140594.695, 
   375782.192
  ]
 ], 
 "PUV": [
  true, 
  false, 
  true, 
  true, 
  false, 
  true, 
  true, 
  true, 
  false, 
  false, 
  false, 
  true, 
  true, 
  false, 
  false
 ], 
 "LCM": {
  "11": [
   "NOTUSED", 
   "NOTUSED", 
   "ORR", 
   "ANDD", 
   "ORR", 
   "ANDD", 
   "ORR", 
   "ANDD", 
   "ANDD", 
   "NOTUSED", 
   "ANDD", 
   "ORR", 
   "ORR", 
   "NOTUSED", 
   "NOTUSED"
  ], 
  "10": [
   "NOTUSED", 
   "NOTUSED", 
   "ANDD", 
   "ANDD", 
   "NOTUSED", 
   "ORR", 
   "NOTUSED", 
   "ANDD", 
   "NOTUSED", 
   "ANDD", 
   "ANDD", 
   "ANDD", 
   "ORR", 
   "ORR", 
   "ANDD"
  ], 
  "13": [
   "NOTUSED", 
   "ORR", 
   "ANDD", 
   "ANDD", 
   "ORR", 
   "ORR", 
   "ORR", 
   "NOTUSED", 
   "ANDD", 
   "ORR", 
   "ORR", 
   "NOTUSED", 
   "ANDD", 
   "ORR", 
   "NOTUSED"
  ], 
  "12": [
   "ANDD", 
   "ANDD", 
   "ORR", 
   "ANDD", 
   "NOTUSED", 
   "ANDD", 
   "ANDD", 
   "ANDD", 
   "ANDD", 
   "ANDD", 
   "ORR", 
   "ORR", 
   "ANDD", 
   "ANDD", 
   "ORR"
  ], 
  "14": [
   "ORR", 
   "ORR", 
   "ANDD", 
   "ANDD", 
   "ORR", 
   "ANDD", 
   "ANDD", 
   "NOTUSED", 
   "ORR", 
   "NOTUSED", 
   "ANDD", 
   "NOTUSED", 
   "ORR", 
   "NOTUSED", 
   "NOTUSED"
  ], 
  "1": [
   "ORR", 
   "ORR", 
   "ANDD", 
   "ANDD", 
   "NOTUSED", 
   "ORR", 
   "NOTUSED", 
   "ANDD", 
   "ORR", 
   "NOTUSED", 
   "NOTUSED", 
   "NOTUSED", 
   "ANDD", 
   "ORR", 
   "ORR"
  ], 
  "0": [
   "ORR", 
   "ORR", 
   "ORR", 
   "ORR", 
   "ANDD", 
   "ANDD", 
   "ORR", 
   "NOTUSED", 
   "ANDD", 
   "ORR", 
   "NOTUSED", 
   "NOTUSED", 
   "ANDD", 
   "NOTUSED", 
   "ORR"
  ], 
  "3": [
   "ORR", 
   "ANDD", 
   "ANDD", 
   "NOTUSED", 
   "NOTUSED", 
   "ORR", 
   "ORR", 
   "ORR", 
   "ORR", 
   "ANDD", 
   "ANDD", 
   "ANDD", 
   "ANDD", 
   "ANDD", 
   "ANDD"
  ], 
  "2": [
   "ORR", 
   "ANDD", 
   "ORR", 
   "ANDD", 
   "NOTUSED", 
   "ANDD", 
   "NOTUSED", 
   "ORR", 
   "ORR", 
   "ORR", 
   "ANDD", 
   "ORR", 
   "ORR", 
   "ANDD", 
   "ANDD"
  ], 
  "5": [
   "ANDD", 
   "ORR", 
   "ANDD", 
   "ORR", 
   "ORR", 
   "NOTUSED", 
   "ANDD", 
   "ANDD", 
   "ANDD", 
   "NOTUSED", 
   "ORR", 
   "ANDD", 
   "ANDD", 
   "ORR", 
   "ANDD"
  ], 
  "4": [
   "ANDD", 
   "NOTUSED", 
   "NOTUSED", 
   "NOTUSED", 
   "NOTUSED", 
   "ORR", 
   "ORR", 
   "NOTUSED", 
   "ORR", 
   "ANDD", 
   "NOTUSED", 
   "ORR", 
   "NOTUSED", 
   "ORR", 
   "ORR"
  ], 
  "7": [
   "NOTUSED", 
   "ANDD", 
   "ORR", 
   "ORR", 
   "NOTUSED", 
   "ANDD", 
   "ORR", 
   "NOTUSED", 
   "NOTUSED", 
   "ORR", 
   "ANDD", 
   "ANDD", 
   "ANDD", 
   "NOTUSED", 
   "NOTUSED"
  ], 
  "6": [
   "ORR", 
   "NOTUSED", 
   "NOTUSED", 
   "ORR", 
   "ORR", 
   "ANDD", 
   "NOTUSED", 
   "ORR", 
   "ORR", 
   "NOTUSED", 
   "NOTUSED", 
   "ORR", 
   "ANDD", 
   "ORR", 
   "ANDD"
  ], 
  "9": [
   "ORR", 
   "NOTUSED", 
   "ORR", 
   "ANDD", 
   "ANDD", 
   "NOTUSED", 
   "NOTUSED", 
   "ORR", 
   "NOTUSED", 
   "ANDD", 
   "ANDD", 
   "NOTUSED", 
   "ANDD", 
   "ORR", 
   "NOTUSED"
  ], 
  "8": [
   "ANDD", 
   "ORR", 
   "ORR", 
   "ORR", 
   "ORR", 
   "ANDD", 
   "ORR", 
   "NOTUSED", 
   "ORR", 
   "NOTUSED", 
   "NOTUSED", 
   "ANDD", 
   "ANDD", 
   "ANDD", 
   "ORR"
  ]
 }
}