{
 "random_seed": 2827813172, 
 "PARAMETERS": {
  "RADIUS1": 51916.374, 
  "QUADS": 3, 
  "RADIUS2": 807451.236, 
  "DIST": 133585.277, 
  "F_PTS": 1, 
  "K_PTS": 12, 
  "EPSILON": 1.041, 
  "LENGTH1": 347334.53, 
  "G_PTS": 74, 
  "Q_PTS": 54, 
  "N_PTS": 7, 
  "C_PTS": 10, 
  "AREA2": 186086.144, 
  "LENGTH2": 894997.328, 
  "B_PTS": 9, 
  "D_PTS": 63, 
  "AREA1": 628883.48, 
  "A_PTS": 55, 
  "E_PTS": 35
 }, 
 "NUMPOINTS": 85, 
 "points": [
  [
   230849.504, 
   -726663.718
  ], 
  [
   -248515.65, 
   368062.657
  ], 
  [
   5450.303, 
   -980836.835
  ], 
  [
   -801721.378, 
   298206.489
  ], 
  [
   947927.021, 
   -502043.063
  ], 
  [
   -122319.003, 
   352905.129
  ], 
  [
   503815.068, 
   805930.443
  ], 
  [
   477427.709, 
   -374484.97
  ], 
  [
   967914.677, 
   -475024.472
  ], 
  [
   812910.823, 
   669.362
  ], 
  [
   42924.337, 
   -319612.808
  ], 
  [
   -246860.064, 
   -973516.798
  ], 
  [
   -947781.368, 
   -940550.133
  ], 
  [
   -215409.397, 
   265851.926
  ], 
  [
   -498519.081, 
   100846.333
  ], 
  [
   205546.398, 
   -985217.301
  ], 
  [
   501651.208, 
   -578996.61
  ], 
  [
   934416.871, 
   139089.898
  ], 
  [
   460765.128, 
   261476.397
  ], 
  [
   -827585.771, 
   61989.049
  ], 
  [
   723517.265, 
   -621149.23
  ], 
  [
   147030.593, 
   -319373.787
  ], 
  [
   -117421.445, 
   -169590.45
  ], 
  [
   274415.27, 
   142988.03
  ], 
  [
   -957896.247, 
   -850586.884
  ], 
  [
   -966783.682, 
   382387.346
  ], 
  [
   840259.039, 
   170600.159
  ], 
  [
   -112698.933, 
   -689328.381
  ], 
  [
   -113926.317, 
   226285.327
  ], 
  [
   -120131.626, 
   -579892.432
  ], 
  [
   -797821.834, 
   -66435.616
  ], 
  [
   859440.344, 
   -300506.361
  ], 
  [
   988085.251, 
   -69719.781
  ], 
  [
   420330.338, 
   -550068.939
  ], 
  [
   -504676.809, 
   -448424.622
  ], 
  [
   -462815.492, 
   -943907.851
  ], 
  [
   100568.062, 
   219415.906
  ], 
  [
   -649280.458, 
   -554298.349
  ], 
  [
   201797.615, 
   -519986.435
  ], 
  [
   -122853.122, 
   56129.018
  ], 
  [
   -101133.448, 
   523650.362
  ], 
  [
   492904.038, 
   926098.365
  ], 
  [
   -785524.736, 
   -304118.727
  ], 
  [
   -287257.702, 
   -50612.024
  ], 
  [
   698136.873, 
   -540965.128
  ], 
  [
   292364.377, 
   755521.737
  ], 
  [
   -994814.172, 
   14281.963
  ], 
  [
   -572683.265, 
   -940641.182
  ], 
  [
   -630217.695, 
   144030.227
  ], 
  [
   658513.556, 
   152196.792
  ], 
  [
   97065.816, 
   840355.884
  ], 
  [
   875887.705, 
   -869365.32
  ], 
  [
   343623.321, 
   -15213.34
  ], 
  [
   -93927.582, 
   -341444.195
  ], 
  [
   -676775.099, 
   -492428.585
  ], 
  [
   -339916.785, 
   -943182.325
  ], 
  [
   -256801.702, 
   911225.756
  ], 
  [
   -88705.516, 
   -80673.717
  ], 
  [
   -830238.221, 
   -726546.805
  ], 
  [
   -105188.104, 
   -263267.831
  ], 
  [
   -595005.735, 
   -452880.308
  ], 
  [
   430491.211, 
   845610.01
  ], 
  [
   333577.548, 
   610797.48
  ], 
  [
   880123.791, 
   -476357.428
  ], 
  [
   256736.06, 
   596143.99
  ], 
  [
   842379.164, 
   -808288.014
  ], 
  [
   -950356.795, 
   -240022.962
  ], 
  [
   475970.128, 
   995719.923
  ], 
  [
   457595.204, 
   383372.063
  ], 
  [
   -434379.351, 
   -714452.701
  ], 
  [
   272737.195, 
   224217.662
  ], 
  [
   -540367.553, 
   -929243.865
  ], 
  [
   999565.693, 
   698100.246
  ], 
  [
   686587.653, 
   157938.94
  ], 
  [
   -756146.714, 
   -801136.04
  ], 
  [
   -821829.453, 
   249049.185
  ], 
  [
   328002.316, 
   -517054.058
  ], 
  [
   257591.394, 
   -256728.435
  ], 
  [
   181206.167, 
   169914.808
  ], 
  [
   -103412.554, 
   703241.354
  ], 
  [
   633264.707, 
   736328.662
  ], 
  [
   574250.596, 
   779844.678
  ], 
  [
   553023.548, 
   185572.679
  ], 
  [
   -916663.985, 
   -515245.892
  ], 
  [
   885578.156, 
   -651104.658
  ]
 ], 
 "PUV": [
  true, 
  false, 
  false, 
  true, 
  false, 
  true, 
  true, 
  true, 
  true, 
  false, 
  true, 
  false, 
  false, 
  true, 
  false
 ], 
 "LCM": {
  "11": [
   "ORR", 
   "ANDD", 
   "ANDD", 
   "ANDD", 
   "ORR", 
   "ANDD", 
   "NOTUSED", 
   "ANDD", 
   "ORR", 
   "ORR", 
   "NOTUSED", 
   "ANDD", 
   "ORR", 
   "NOTUSED", 
   "ANDD"
  ], 
  "10": [
   "NOTUSED", 
   "ORR", 
   "NOTUSED", 
   "ANDD", 
   "NOTUSED", 
   "ORR", 
   "NOTUSED", 
   "ORR", 
   "ANDD", 
   "ANDD", 
   "ORR", 
   "NOTUSED", 
   "ANDD", 
   "ANDD", 
   "ANDD"
  ], 
  "13": [
   "ORR", 
   "NOTUSED", 
   "NOTUSED", 
   "ANDD", 
   "ANDD", 
   "ORR", 
   "ORR", 
   "ANDD", 
   "NOTUSED", 
   "ANDD", 
   "ANDD", 
   "NOTUSED", 
   "NOTUSED", 
   "ANDD", 
   "NOTUSED"
  ], 
  "12": [
   "ANDD", 
   "ORR", 
   "NOTUSED", 
   "NOTUSED", 
   "NOTUSED", 
   "NOTUSED", 
   "NOTUSED", 
   "ANDD", 
   "NOTUSED", 
   "ORR", 
   "ANDD", 
   "ORR", 
   "ORR", 
   "NOTUSED", 
   "ANDD"
  ], 
  "14": [
   "NOTUSED", 
   "ANDD", 
   "ORR", 
   "NOTUSED", 
   "NOTUSED", 
   "ORR", 
   "NOTUSED", 
   "ORR", 
   "NOTUSED", 
   "ANDD", 
   "ANDD", 
   "ANDD", 
   "ANDD", 
   "NOTUSED", 
   "ANDD"
  ], 
  "1": [
   "NOTUSED", 
   "NOTUSED", 
   "ANDD", 
   "ANDD", 
   "ANDD", 
   "NOTUSED", 
   "NOTUSED", 
   "NOTUSED", 
   "ANDD", 
   "ANDD", 
   "ORR", 
   "ANDD", 
   "ORR", 
   "NOTUSED", 
   "ANDD"
  ], 
  "0": [
   "NOTUSED", 
   "NOTUSED", 
   "ORR", 
   "ORR", 
   "NOTUSED", 
   "ORR", 
   "ORR", 
   "ORR", 
   "ANDD", 
   "ORR", 
   "NOTUSED", 
   "ORR", 
   "ANDD", 
   "ORR", 
   "NOTUSED"
  ], 
  "3": [
   "ORR", 
   "ANDD", 
   "ANDD", 
   "ORR", 
   "NOTUSED", 
   "ORR", 
   "ORR", 
   "ANDD", 
   "ANDD", 
   "ANDD", 
   "ANDD", 
   "ANDD", 
   "NOTUSED", 
   "ANDD", 
   "NOTUSED"
  ], 
  "2": [
   "ORR", 
   "ANDD", 
   "ORR", 
   "ANDD", 
   "ORR", 
   "ANDD", 
   "ANDD", 
   "NOTUSED", 
   "ORR", 
   "ORR", 
   "NOTUSED", 
   "ANDD", 
   "NOTUSED", 
   "NOTUSED", 
   "ORR"
  ], 
  "5": [
   "ORR", 
   "NOTUSED", 
   "ANDD", 
   "ORR", 
   "ORR", 
   "ANDD", 
   "ORR", 
   "ORR", 
   "NOTUSED", 
   "ORR", 
   "ORR", 
   "ANDD", 
   "NOTUSED", 
   "ORR", 
   "ORR"
  ], 
  "4": [
   "NOTUSED", 
   "ANDD", 
   "ORR", 
   "NOTUSED", 
   "NOTUSED", 
   "ORR", 
   "ANDD", 
   "NOTUSED", 
   "ORR", 
   "ORR", 
   "NOTUSED", 
   "ORR", 
   "NOTUSED", 
   "ANDD", 
   "NOTUSED"
  ], 
  "7": [
   "ORR", 
   "NOTUSED", 
   "NOTUSED", 
   "ANDD", 
   "NOTUSED", 
   "ORR", 
   "NOTUSED", 
   "ANDD", 
   "ORR", 
   "NOTUSED", 
   "ORR", 
   "ANDD", 
   "ANDD", 
   "ANDD", 
   "ORR"
  ], 
  "6": [
   "ORR", 
   "NOTUSED", 
   "ANDD", 
   "ORR", 
   "ANDD", 
   "ORR", 
   "ANDD", 
   "NOTUSED", 
   "ORR", 
   "NOTUSED", 
   "NOTUSED", 
   "NOTUSED", 
   "NOTUSED", 
   "ORR", 
   "NOTUSED"
  ], 
  "9": [
   "ORR", 
   "ANDD", 
   "ORR", 
   "ANDD", 
   "ORR", 
   "ORR", 
   "NOTUSED", 
   "NOTUSED", 
   "NOTUSED", 
   "ORR", 
   "ANDD", 
   "ORR", 
   "ORR", 
   "ANDD", 
   "ANDD"
  ], 
  "8": [
   "ANDD", 
   "ANDD", 
   "ORR", 
   "ANDD", 
   "ORR", 
   "NOTUSED", 
   "ORR", 
   "ORR", 
   "ORR", 
   "NOTUSED", 
   "ANDD", 
   "ORR", 
   "NOTUSED", 
   "NOTUSED", 
   "NOTUSED"
  ]
 }
}