{
 "random_seed": 2343895192, 
 "PARAMETERS": {
  "RADIUS1": 456523.871, 
  "QUADS": 2, 
  "RADIUS2": 655971.942, 
  "DIST": 140419.383, 
  "F_PTS": 36, 
  "K_PTS": 11, 
  "EPSILON": 1.029, 
  "LENGTH1": 699573.463, 
  "G_PTS": 35, 
  "Q_PTS": 19, 
  "N_PTS": 37, 
  "C_PTS": 32, 
  "AREA2": 291884.758, 
  "LENGTH2": 277515.675, 
  "B_PTS": 35, 
  "D_PTS": 10, 
  "AREA1": 28506.625, 
  "A_PTS": 9, 
  "E_PTS": 11
 }, 
 "NUMPOINTS": 53, 
 "points": [
  [
   740267.553, 
   316069.189
  ], 
  [
   -290941.435, 
   -533207.23
  ], 
  [
   918737.954, 
   -178653.174
  ], 
  [
   346259.124, 
   -492612.697
  ], 
  [
   514468.284, 
   188047.41
  ], 
  [
   981454.82, 
   405823.648
  ], 
  [
   -54544.612, 
   -942003.507
  ], 
  [
   -25321.987, 
   -688704.904
  ], 
  [
   -182786.311, 
   -393954.944
  ], 
  [
   -348578.957, 
   -7638.123
  ], 
  [
   -624068.116, 
   136937.612
  ], 
  [
   777540.968, 
   -916949.734
  ], 
  [
   780978.624, 
   -426220.034
  ], 
  [
   -118018.208, 
   -826761.503
  ], 
  [
   -952164.185, 
   -170352.229
  ], 
  [
   583689.815, 
   -361578.506
  ], 
  [
   825976.336, 
   -271807.074
  ], 
  [
   -370272.092, 
   -252699.982
  ], 
  [
   664893.113, 
   125763.142
  ], 
  [
   -386062.673, 
   854186.982
  ], 
  [
   214844.763, 
   205482.01
  ], 
  [
   402443.85, 
   -287337.095
  ], 
  [
   -690942.386, 
   -818257.09
  ], 
  [
   778758.944, 
   749621.646
  ], 
  [
   557826.812, 
   -82186.26
  ], 
  [
   926291.175, 
   -862680.91
  ], 
  [
   706829.66, 
   6082.242
  ], 
  [
   22394.988, 
   -653653.451
  ], 
  [
   -82586.716, 
   262529.804
  ], 
  [
   764862.21, 
   -34482.835
  ], 
  [
   -881670.256, 
   909823.461
  ], 
  [
   -362162.42, 
   -771473.375
  ], 
  [
   -460298.724, 
   791189.428
  ], 
  [
   315971.103, 
   958047.265
  ], 
  [
   280011.531, 
   -631827.621
  ], 
  [
   -672503.504, 
   -779544.746
  ], 
  [
   132511.063, 
   339327.383
  ], 
  [
   -885990.171, 
   -996221.364
  ], 
  [
   -657056.847, 
   -560059.694
  ], 
  [
   729687.512, 
   971929.927
  ], 
  [
   947239.19, 
   -731020.312
  ], 
  [
   100996.839, 
   419582.886
  ], 
  [
   935247.458, 
   -511582.632
  ], 
  [
   447350.096, 
   -346390.768
  ], 
  [
   725269.997, 
   966900.851
  ], 
  [
   -753245.763, 
   646734.554
  ], 
  [
   40837.151, 
   -571455.251
  ], 
  [
   292326.309, 
   -263012.47
  ], 
  [
   914255.487, 
   -383522.845
  ], 
  [
   -73974.512, 
   800040.614
  ], 
  [
   -938455.974, 
   267548.864
  ], 
  [
   -450275.011, 
   -82528.304
  ], 
  [
   65003.25, 
   -719537.889
  ]
 ], 
 "PUV": [
  true, 
  true, 
  false, 
  true, 
  false, 
  false, 
  false, 
  false, 
  false, 
  false, 
  false, 
  false, 
  true, 
  true, 
  false
 ], 
 "LCM": {
  "11": [
   "ANDD", 
   "ORR", 
   "ANDD", 
   "ANDD", 
   "ANDD", 
   "NOTUSED", 
   "ANDD", 
   "ORR", 
   "NOTUSED", 
   "ANDD", 
   "ANDD", 
   "NOTUSED", 
   "NOTUSED", 
   "ANDD", 
   "ORR"
  ], 
  "10": [
   "NOTUSED", 
   "ORR", 
   "NOTUSED", 
   "ORR", 
   "ORR", 
   "ANDD", 
   "ORR", 
   "NOTUSED", 
   "NOTUSED", 
   "ANDD", 
   "NOTUSED", 
   "ANDD", 
   "NOTUSED", 
   "ORR", 
   "ORR"
  ], 
  "13": [
   "ORR", 
   "ANDD", 
   "ORR", 
   "NOTUSED", 
   "ANDD", 
   "ORR", 
   "ANDD", 
   "NOTUSED", 
   "ORR", 
   "ORR", 
   "ORR", 
   "ANDD", 
   "ANDD", 
   "NOTUSED", 
   "ANDD"
  ], 
  "12": [
   "ANDD", 
   "NOTUSED", 
   "NOTUSED", 
   "NOTUSED", 
   "ANDD", 
   "ANDD", 
   "ORR", 
   "NOTUSED", 
   "ORR", 
   "ANDD", 
   "NOTUSED", 
   "NOTUSED", 
   "ANDD", 
   "ANDD", 
   "ORR"
  ], 
  "14": [
   "NOTUSED", 
   "ANDD", 
   "NOTUSED", 
   "NOTUSED", 
   "ANDD", 
   "ANDD", 
   "ORR", 
   "NOTUSED", 
   "ANDD", 
   "ORR", 
   "ORR", 
   "ORR", 
   "ORR", 
   "ANDD", 
   "ORR"
  ], 
  "1": [
   "NOTUSED", 
   "NOTUSED", 
   "NOTUSED", 
   "ANDD", 
   "ANDD", 
   "ANDD", 
   "NOTUSED", 
   "NOTUSED", 
   "ANDD", 
   "ANDD", 
   "ORR", 
   "ORR", 
   "NOTUSED", 
   "ANDD", 
   "ANDD"
  ], 
  "0": [
   "NOTUSED", 
   "NOTUSED", 
   "ANDD", 
   "NOTUSED", 
   "ANDD", 
   "ANDD", 
   "ORR", 
   "ANDD", 
   "ANDD", 
   "NOTUSED", 
   "NOTUSED", 
   "ANDD", 
   "ANDD", 
   "ORR", 
   "NOTUSED"
  ], 
  "3": [
   "NOTUSED", 
   "ANDD", 
   "ORR", 
   "NOTUSED", 
   "ANDD", 
   "ORR", 
   "NOTUSED", 
   "NOTUSED", 
   "ANDD", 
   "ANDD", 
   "ORR", 
   "ANDD", 
   "NOTUSED", 
   "NOTUSED", 
   "NOTUSED"
  ], 
  "2": [
   "ANDD", 
   "NOTUSED", 
   "NOTUSED", 
   "ORR", 
   "ANDD", 
   "ORR", 
   "ORR", 
   "NOTUSED", 
   "NOTUSED", 
   "ANDD", 
   "NOTUSED", 
   "ANDD", 
   "NOTUSED", 
   "ORR", 
   "NOTUSED"
  ], 
  "5": [
   "ANDD", 
   "ANDD", 
   "ORR", 
   "ORR", 
   "ORR", 
   "ORR", 
   "NOTUSED", 
   "NOTUSED", 
   "ANDD", 
   "NOTUSED", 
   "ANDD", 
   "NOTUSED", 
   "ANDD", 
   "ORR", 
   "ANDD"
  ], 
  "4": [
   "ANDD", 
   "ANDD", 
   "ANDD", 
   "ANDD", 
   "ORR", 
   "ORR", 
   "NOTUSED", 
   "ORR", 
   "NOTUSED", 
   "ANDD", 
   "ORR", 
   "ANDD", 
   "ANDD", 
   "ANDD", 
   "ANDD"
  ], 
  "7": [
   "ANDD", 
   "NOTUSED", 
   "NOTUSED", 
   "NOTUSED", 
   "ORR", 
   "NOTUSED", 
   "ORR", 
   "NOTUSED", 
   "ANDD", 
   "NOTUSED", 
   "NOTUSED", 
   "ORR", 
   "NOTUSED", 
   "NOTUSED", 
   "NOTUSED"
  ], 
  "6": [
   "ORR", 
   "NOTUSED", 
   "ORR", 
   "NOTUSED", 
   "NOTUSED", 
   "NOTUSED", 
   "ORR", 
   "ORR", 
   "NOTUSED", 
   "NOTUSED", 
   "ORR", 
   "ANDD", 
   "ORR", 
   "ANDD", 
   "ORR"
  ], 
  "9": [
   "NOTUSED", 
   "ANDD", 
   "ANDD", 
   "ANDD", 
   "ANDD", 
   "NOTUSED", 
   "NOTUSED", 
   "NOTUSED", 
   "ANDD", 
   "NOTUSED", 
   "ANDD", 
   "ANDD", 
   "ANDD", 
   "ORR", 
   "ORR"
  ], 
  "8": [
   "ANDD", 
   "ANDD", 
   "NOTUSED", 
   "ANDD", 
   "NOTUSED", 
   "ANDD", 
   "NOTUSED", 
   "ANDD", 
   "ORR", 
   "ANDD", 
   "NOTUSED", 
   "NOTUSED", 
   "ORR", 
   "ORR", 
   "ANDD"
  ]
 }
}