{
 "random_seed": 2464878796, 
 "PARAMETERS": {
  "RADIUS1": 809534.167, 
  "QUADS": 1, 
  "RADIUS2": 884593.918, 
  "DIST": 406154.784, 
  "F_PTS": 16, 
  "K_PTS": 8, 
  "EPSILON": 3.086, 
  "LENGTH1": 962171.191, 
  "G_PTS": 9, 
  "Q_PTS": 23, 
  "N_PTS": 33, 
  "C_PTS": 24, 
  "AREA2": 337010.75, 
  "LENGTH2": 145815.205, 
  "B_PTS": 25, 
  "D_PTS": 9, 
  "AREA1": 87934.759, 
  "A_PTS": 7, 
  "E_PTS": 22
 }, 
 "NUMPOINTS": 43, 
 "points": [
  [
   -203654.246, 
   -740267.671
  ], 
  [
   -729671.112, 
   -790148.234
  ], 
  [
   910882.941, 
   -724324.63
  ], 
  [
   722943.143, 
   -397372.026
  ], 
  [
   -538420.616, 
   304154.011
  ], 
  [
   732305.149, 
   112262.778
  ], 
  [
   -756829.271, 
   68699.837
  ], 
  [
   33408.103, 
   -204132.291
  ], 
  [
   -255659.901, 
   142585.928
  ], 
  [
   -768103.961, 
   -513547.998
  ], 
  [
   316412.444, 
   310381.757
  ], 
  [
   -21783.526, 
   604545.895
  ], 
  [
   140964.162, 
   -142122.508
  ], 
  [
   -786102.119, 
   250084.299
  ], 
  [
   -84155.965, 
   -963510.518
  ], 
  [
   -160790.105, 
   -143332.605
  ], 
  [
   991227.496, 
   -381105.731
  ], 
  [
   216928.04, 
   -24673.805
  ], 
  [
   -535478.36, 
   771575.144
  ], 
  [
   -968711.488, 
   -143210.589
  ], 
  [
   -714500.594, 
   -426852.396
  ], 
  [
   785776.128, 
   907761.348
  ], 
  [
   -503671.268, 
   -921311.289
  ], 
  [
   -180552.84, 
   689881.134
  ], 
  [
   -48078.253, 
   -396575.465
  ], 
  [
   968585.584, 
   98730.307
  ], 
  [
   158066.135, 
   -852382.357
  ], 
  [
   -856963.779, 
   820628.878
  ], 
  [
   861747.555, 
   -227721.083
  ], 
  [
   487773.949, 
   -943988.662
  ], 
  [
   -507257.024, 
   305311.9
  ], 
  [
   447020.945, 
   -693255.987
  ], 
  [
   -960107.021, 
   -177049.584
  ], 
  [
   -10807.119, 
   -449476.272
  ], 
  [
   -975186.387, 
   -904968.815
  ], 
  [
   452160.89, 
   384506.193
  ], 
  [
   -336204.412, 
   -924675.247
  ], 
  [
   -776000.82, 
   -637141.738
  ], 
  [
   -886463.183, 
   655140.074
  ], 
  [
   -386685.423, 
   -513071.505
  ], 
  [
   -362802.68, 
   244025.425
  ], 
  [
   961609.809, 
   -692828.44
  ], 
  [
   5022.184, 
   -642821.025
  ]
 ], 
 "PUV": [
  false, 
  true, 
  false, 
  true, 
  false, 
  false, 
  false, 
  true, 
  false, 
  false, 
  true, 
  false, 
  true, 
  false, 
  true
 ], 
 "LCM": {
  "11": [
   "ANDD", 
   "NOTUSED", 
   "ORR", 
   "NOTUSED", 
   "ORR", 
   "ORR", 
   "ANDD", 
   "ANDD", 
   "ANDD", 
   "ANDD", 
   "ORR", 
   "ANDD", 
   "ORR", 
   "ORR", 
   "ORR"
  ], 
  "10": [
   "ORR", 
   "ORR", 
   "ORR", 
   "ANDD", 
   "ORR", 
   "NOTUSED", 
   "NOTUSED", 
   "NOTUSED", 
   "NOTUSED", 
   "NOTUSED", 
   "NOTUSED", 
   "ORR", 
   "ANDD", 
   "NOTUSED", 
   "ANDD"
  ], 
  "13": [
   "NOTUSED", 
   "ANDD", 
   "NOTUSED", 
   "ORR", 
   "ORR", 
   "ANDD", 
   "ORR", 
   "ORR", 
   "ANDD", 
   "NOTUSED", 
   "NOTUSED", 
   "ORR", 
   "ANDD", 
   "ANDD", 
   "ANDD"
  ], 
  "12": [
   "ORR", 
   "ANDD", 
   "ANDD", 
   "ANDD", 
   "ORR", 
   "NOTUSED", 
   "ORR", 
   "ORR", 
   "ORR", 
   "ORR", 
   "ANDD", 
   "ORR", 
   "NOTUSED", 
   "ANDD", 
   "NOTUSED"
  ], 
  "14": [
   "ANDD", 
   "ANDD", 
   "ORR", 
   "NOTUSED", 
   "ANDD", 
   "ANDD", 
   "ORR", 
   "ORR", 
   "ORR", 
   "NOTUSED", 
   "ANDD", 
   "ORR", 
   "NOTUSED", 
   "ANDD", 
   "NOTUSED"
  ], 
  "1": [
   "NOTUSED", 
   "ANDD", 
   "ORR", 
   "ORR", 
   "ANDD", 
   "ANDD", 
   "ANDD", 
   "ANDD", 
   "NOTUSED", 
   "NOTUSED", 
   "ORR", 
   "NOTUSED", 
   "ANDD", 
   "ANDD", 
   "ANDD"
  ], 
  "0": [
   "NOTUSED", 
   "NOTUSED", 
   "ANDD", 
   "ORR", 
   "NOTUSED", 
   "NOTUSED", 
   "ORR", 
   "ORR", 
   "ANDD", 
   "ORR", 
   "ORR", 
   "ANDD", 
   "ORR", 
   "NOTUSED", 
   "ANDD"
  ], 
  "3": [
   "ORR", 
   "ORR", 
   "ANDD", 
   "ORR", 
   "NOTUSED", 
   "ORR", 
   "NOTUSED", 
   "NOTUSED", 
   "ORR", 
   "NOTUSED", 
   "ANDD", 
   "NOTUSED", 
   "ANDD", 
   "ORR", 
   "NOTUSED"
  ], 
  "2": [
   "ANDD", 
   "ORR", 
   "ANDD", 
   "ANDD", 
   "ANDD", 
   "ORR", 
   "NOTUSED", 
   "ORR", 
   "NOTUSED", 
   "ANDD", 
   "ORR", 
   "ORR", 
   "ANDD", 
   "NOTUSED", 
   "ORR"
  ], 
  "5": [
   "NOTUSED", 
   "ANDD", 
   "ORR", 
   "ORR", 
   "ORR", 
   "NOTUSED", 
   "ANDD", 
   "NOTUSED", 
   "ANDD", 
   "NOTUSED", 
   "NOTUSED", 
   "ORR", 
   "NOTUSED", 
   "ANDD", 
   "ANDD"
  ], 
  "4": [
   "NOTUSED", 
   "ANDD", 
   "ANDD", 
   "NOTUSED", 
   "NOTUSED", 
   "ORR", 
   "ANDD", 
   "NOTUSED", 
   "ANDD", 
   "ORR", 
   "ORR", 
   "ORR", 
   "ORR", 
   "ORR", 
   "ANDD"
  ], 
  "7": [
   "ORR", 
   "ANDD", 
   "ORR", 
   "NOTUSED", 
   "NOTUSED", 
   "NOTUSED", 
   "NOTUSED", 
   "NOTUSED", 
   "NOTUSED", 
   "ORR", 
   "NOTUSED", 
   "ANDD", 
   "ORR", 
   "ORR", 
   "ORR"
  ], 
  "6": [
   "ORR", 
   "ANDD", 
   "NOTUSED", 
   "NOTUSED", 
   "ANDD", 
   "ANDD", 
   "NOTUSED", 
   "NOTUSED", 
   "ANDD", 
   "NOTUSED", 
   "NOTUSED", 
   "ANDD", 
   "ORR", 
   "ORR", 
   "ORR"
  ], 
  "9": [
   "ORR", 
   "NOTUSED", 
   "ANDD", 
   "NOTUSED", 
   "ORR", 
   "NOTUSED", 
   "NOTUSED", 
   "ORR", 
   "NOTUSED", 
   "ANDD", 
   "NOTUSED", 
   "ANDD", 
   "ORR", 
   "NOTUSED", 
   "NOTUSED"
  ], 
  "8": [
   "ANDD", 
   "NOTUSED", 
   "NOTUSED", 
   "ORR", 
   "ANDD", 
   "ANDD", 
   "ANDD", 
   "NOTUSED", 
   "ANDD", 
   "NOTUSED", 
   "NOTUSED", 
   "ANDD", 
   "ORR", 
   "ANDD", 
   "ORR"
  ]
 }
}