{
 "random_seed": 1700879394, 
 "PARAMETERS": {
  "RADIUS1": 687267.322, 
  "QUADS": 2, 
  "RADIUS2": 335390.086, 
  "DIST": 872477.504, 
  "F_PTS": 28, 
  "K_PTS": 7, 
  "EPSILON": 0.31, 
  "LENGTH1": 84217.692, 
  "G_PTS": 66, 
  "Q_PTS": 39, 
  "N_PTS": 70, 
  "C_PTS": 25, 
  "AREA2": 557440.783, 
  "LENGTH2": 999567.063, 
  "B_PTS": 4, 
  "D_PTS": 7, 
  "AREA1": 606264.989, 
  "A_PTS": 50, 
  "E_PTS": 46
 }, 
 "NUMPOINTS": 87, 
 "points": [
  [
   -746465.856, 
   780451.324
  ], 
  [
   -419322.598, 
   360418.706
  ], 
  [
   -675547.479, 
   -509835.199
  ], 
  [
   410490.064, 
   218168.273
  ], 
  [
   321894.935, 
   525446.275
  ], 
  [
   163926.207, 
   -101285.72
  ], 
  [
   890509.911, 
   334156.374
  ], 
  [
   -593594.544, 
   -387031.458
  ], 
  [
   929780.059, 
   -31791.694
  ], 
  [
   -15917.007, 
   -123756.027
  ], 
  [
   692694.107, 
   276601.906
  ], 
  [
   -811692.853, 
   -953873.653
  ], 
  [
   245448.709, 
   -165751.15
  ], 
  [
   630776.411, 
   -13222.829
  ], 
  [
   -29704.881, 
   -245759.273
  ], 
  [
   -909223.304, 
   -29664.251
  ], 
  [
   -443665.608, 
   305107.186
  ], 
  [
   -48212.678, 
   583723.235
  ], 
  [
   290696.619, 
   -997547.839
  ], 
  [
   -945284.465, 
   290001.956
  ], 
  [
   119303.123, 
   795814.034
  ], 
  [
   -50361.221, 
   550229.922
  ], 
  [
   724149.378, 
   -209155.297
  ], 
  [
   -498562.198, 
   369901.118
  ], 
  [
   527988.054, 
   -753081.101
  ], 
  [
   -322474.385, 
   807392.813
  ], 
  [
   -782114.373, 
   -15127.857
  ], 
  [
   -190281.694, 
   -525546.288
  ], 
  [
   440051.379, 
   -518762.237
  ], 
  [
   598464.569, 
   -998349.425
  ], 
  [
   568639.675, 
   -440339.395
  ], 
  [
   389457.42, 
   -801965.111
  ], 
  [
   818766.914, 
   -569961.177
  ], 
  [
   -485178.064, 
   -752630.549
  ], 
  [
   527565.074, 
   -935002.467
  ], 
  [
   773557.203, 
   336329.049
  ], 
  [
   -364234.789, 
   218463.006
  ], 
  [
   -706132.658, 
   -281714.871
  ], 
  [
   -355555.16, 
   -454692.995
  ], 
  [
   -556401.956, 
   -736393.762
  ], 
  [
   -396764.304, 
   -101796.527
  ], 
  [
   97946.512, 
   456068.367
  ], 
  [
   633464.35, 
   215470.089
  ], 
  [
   -46702.16, 
   958291.859
  ], 
  [
   -536932.835, 
   -632359.178
  ], 
  [
   958531.446, 
   -495659.894
  ], 
  [
   356664.449, 
   34883.461
  ], 
  [
   -496724.61, 
   -561364.974
  ], 
  [
   229769.533, 
   142128.477
  ], 
  [
   -563297.383, 
   -598704.948
  ], 
  [
   693440.981, 
   292863.636
  ], 
  [
   -225904.249, 
   -695334.723
  ], 
  [
   738972.663, 
   192351.107
  ], 
  [
   -705478.288, 
   -549859.016
  ], 
  [
   -239401.168, 
   87654.631
  ], 
  [
   815830.992, 
   -80280.146
  ], 
  [
   7389.084, 
   -764984.902
  ], 
  [
   -384004.754, 
   -825011.709
  ], 
  [
   -909259.651, 
   -368340.871
  ], 
  [
   438449.564, 
   -427874.6
  ], 
  [
   962037.172, 
   -308950.757
  ], 
  [
   -568357.582, 
   197347.144
  ], 
  [
   844421.558, 
   -84595.222
  ], 
  [
   945051.793, 
   -608839.408
  ], 
  [
   154448.165, 
   378331.444
  ], 
  [
   -692209.675, 
   -822379.434
  ], 
  [
   376437.65, 
   -173055.215
  ], 
  [
   398045.881, 
   -788505.822
  ], 
  [
   -806135.05, 
   408277.029
  ], 
  [
   -419221.134, 
   -598331.178
  ], 
  [
   -559512.644, 
   701570.606
  ], 
  [
   -988554.605, 
   615387.645
  ], 
  [
   -879899.665, 
   -356227.978
  ], 
  [
   -356954.035, 
   -115240.084
  ], 
  [
   756983.5, 
   36058.594
  ], 
  [
   -81159.767, 
   473709.406
  ], 
  [
   -809827.235, 
   330670.15
  ], 
  [
   633745.648, 
   612946.025
  ], 
  [
   272056.54, 
   -248032.228
  ], 
  [
   -389028.325, 
   901027.04
  ], 
  [
   812262.174, 
   297389.603
  ], 
  [
   -602605.832, 
   -614835.784
  ], 
  [
   564355.815, 
   107370.973
  ], 
  [
   553801.356, 
   -577108.037
  ], 
  [
   54321.831, 
   -896846.776
  ], 
  [
   587483.047, 
   -405686.583
  ], 
  [
   -188937.697, 
   211681.342
  ]
 ], 
 "PUV": [
  false, 
  false, 
  false, 
  false, 
  true, 
  false, 
  true, 
  false, 
  false, 
  false, 
  true, 
  false, 
  false, 
  true, 
  true
 ], 
 "LCM": {
  "11": [
   "ANDD", 
   "ANDD", 
   "NOTUSED", 
   "NOTUSED", 
   "NOTUSED", 
   "ORR", 
   "ORR", 
   "ANDD", 
   "ANDD", 
   "ORR", 
   "ANDD", 
   "ANDD", 
   "ORR", 
   "ANDD", 
   "ORR"
  ], 
  "10": [
   "ORR", 
   "ANDD", 
   "ANDD", 
   "ANDD", 
   "ORR", 
   "NOTUSED", 
   "ORR", 
   "ORR", 
   "ORR", 
   "ORR", 
   "ANDD", 
   "ANDD", 
   "ANDD", 
   "ORR", 
   "ANDD"
  ], 
  "13": [
   "ANDD", 
   "ANDD", 
   "ORR", 
   "ANDD", 
   "ORR", 
   "NOTUSED", 
   "ANDD", 
   "ORR", 
   "ANDD", 
   "NOTUSED", 
   "ORR", 
   "ANDD", 
   "NOTUSED", 
   "ORR", 
   "ORR"
  ], 
  "12": [
   "ANDD", 
   "ORR", 
   "NOTUSED", 
   "ANDD", 
   "ANDD", 
   "NOTUSED", 
   "NOTUSED", 
   "NOTUSED", 
   "ORR", 
   "ORR", 
   "ANDD", 
   "ORR", 
   "ORR", 
   "NOTUSED", 
   "ORR"
  ], 
  "14": [
   "NOTUSED", 
   "ANDD", 
   "NOTUSED", 
   "NOTUSED", 
   "ANDD", 
   "ORR", 
   "ORR", 
   "ORR", 
   "ANDD", 
   "ORR", 
   "ANDD", 
   "ORR", 
   "ORR", 
   "ORR", 
   "NOTUSED"
  ], 
  "1": [
   "ANDD", 
   "ANDD", 
   "ORR", 
   "ANDD", 
   "ANDD", 
   "ANDD", 
   "NOTUSED", 
   "NOTUSED", 
   "ANDD", 
   "ANDD", 
   "ANDD", 
   "ANDD", 
   "ORR", 
   "ANDD", 
   "ANDD"
  ], 
  "0": [
   "ORR", 
   "ANDD", 
   "ANDD", 
   "ANDD", 
   "ORR", 
   "NOTUSED", 
   "NOTUSED", 
   "ANDD", 
   "NOTUSED", 
   "ANDD", 
   "ORR", 
   "ANDD", 
   "ANDD", 
   "ANDD", 
   "NOTUSED"
  ], 
  "3": [
   "ANDD", 
   "ANDD", 
   "ORR", 
   "ORR", 
   "ANDD", 
   "ORR", 
   "ORR", 
   "ANDD", 
   "ORR", 
   "ORR", 
   "ANDD", 
   "NOTUSED", 
   "ANDD", 
   "ANDD", 
   "NOTUSED"
  ], 
  "2": [
   "ANDD", 
   "ORR", 
   "ORR", 
   "ORR", 
   "ORR", 
   "NOTUSED", 
   "NOTUSED", 
   "ANDD", 
   "ANDD", 
   "ANDD", 
   "ANDD", 
   "NOTUSED", 
   "NOTUSED", 
   "ORR", 
   "NOTUSED"
  ], 
  "5": [
   "NOTUSED", 
   "ANDD", 
   "NOTUSED", 
   "ORR", 
   "NOTUSED", 
   "NOTUSED", 
   "ORR", 
   "ORR", 
   "ANDD", 
   "ORR", 
   "NOTUSED", 
   "ORR", 
   "NOTUSED", 
   "NOTUSED", 
   "ORR"
  ], 
  "4": [
   "ORR", 
   "ANDD", 
   "ORR", 
   "ANDD", 
   "NOTUSED", 
   "NOTUSED", 
   "ORR", 
   "ORR", 
   "NOTUSED", 
   "NOTUSED", 
   "ORR", 
   "NOTUSED", 
   "ANDD", 
   "ORR", 
   "ANDD"
  ], 
  "7": [
   "ANDD", 
   "NOTUSED", 
   "ANDD", 
   "ANDD", 
   "ORR", 
   "ORR", 
   "ANDD", 
   "ANDD", 
   "ANDD", 
   "NOTUSED", 
   "ORR", 
   "ANDD", 
   "NOTUSED", 
   "ORR", 
   "ORR"
  ], 
  "6": [
   "NOTUSED", 
   "NOTUSED", 
   "NOTUSED", 
   "ORR", 
   "ORR", 
   "ORR", 
   "NOTUSED", 
   "ANDD", 
   "ORR", 
   "ORR", 
   "ORR", 
   "ORR", 
   "NOTUSED", 
   "ANDD", 
   "ORR"
  ], 
  "9": [
   "ANDD", 
   "ANDD", 
   "ANDD", 
   "ORR", 
   "NOTUSED", 
   "ORR", 
   "ORR", 
   "NOTUSED", 
   "ORR", 
   "NOTUSED", 
   "ORR", 
   "ORR", 
   "ORR", 
   "NOTUSED", 
   "ORR"
  ], 
  "8": [
   "NOTUSED", 
   "ANDD", 
   "ANDD", 
   "ORR", 
   "NOTUSED", 
   "ANDD", 
   "ORR", 
   "ANDD", 
   "ANDD", 
   "ORR", 
   "ORR", 
   "ANDD", 
   "ORR", 
   "ANDD", 
   "ANDD"
  ]
 }
}