{
 "random_seed": 3028551280, 
 "PARAMETERS": {
  "RADIUS1": 573766.484, 
  "QUADS": 1, 
  "RADIUS2": 183954.675, 
  "DIST": 357293.882, 
  "F_PTS": 22, 
  "K_PTS": 34, 
  "EPSILON": 0.521, 
  "LENGTH1": 652172.51, 
  "G_PTS": 7, 
  "Q_PTS": 41, 
  "N_PTS": 9, 
  "C_PTS": 23, 
  "AREA2": 57050.199, 
  "LENGTH2": 47731.474, 
  "B_PTS": 6, 
  "D_PTS": 6, 
  "AREA1": 57423.98, 
  "A_PTS": 31, 
  "E_PTS": 3
 }, 
 "NUMPOINTS": 41, 
 "points": [
  [
   935143.809, 
   731228.696
  ], 
  [
   843953.658, 
   836638.921
  ], 
  [
   -877183.599, 
   -868143.028
  ], 
  [
   16816.634, 
   38016.85
  ], 
  [
   -300123.905, 
   601607.62
  ], 
  [
   772314.646, 
   586356.638
  ], 
  [
   -902890.233, 
   -194243.99
  ], 
  [
   337557.756, 
   12821.378
  ], 
  [
   136281.956, 
   -545448.923
  ], 
  [
   572188.736, 
   -227393.837
  ], 
  [
   699459.869, 
   -525579.208
  ], 
  [
   -593255.41, 
   284059.706
  ], 
  [
   809058.495, 
   571091.718
  ], 
  [
   -48120.035, 
   -965024.345
  ], 
  [
   301125.93, 
   556745.467
  ], 
  [
   891653.765, 
   805970.846
  ], 
  [
   -648539.894, 
   -839332.049
  ], 
  [
   533117.162, 
   737120.275
  ], 
  [
   691965.296, 
   -154420.152
  ], 
  [
   -66927.035, 
   864071.615
  ], 
  [
   -510916.708, 
   -333810.419
  ], 
  [
   743794.718, 
   3737.24
  ], 
  [
   -259345.814, 
   173483.077
  ], 
  [
   -775620.776, 
   -698106.476
  ], 
  [
   53622.304, 
   741921.031
  ], 
  [
   750765.04, 
   -809385.797
  ], 
  [
   134212.3, 
   -62463.323
  ], 
  [
   -304948.361, 
   117234.672
  ], 
  [
   250503.917, 
   730471.296
  ], 
  [
   4151.402, 
   954129.176
  ], 
  [
   448751.286, 
   267973.587
  ], 
  [
   -668024.091, 
   309945.865
  ], 
  [
   -835111.915, 
   245507.593
  ], 
  [
   -361754.266, 
   790237.997
  ], 
  [
   -87443.61, 
   -480950.005
  ], 
  [
   -337346.2, 
   838176.194
  ], 
  [
   -302535.381, 
   23706.536
  ], 
  [
   677417.88, 
   307609.971
  ], 
  [
   279236.199, 
   -700230.922
  ], 
  [
   394811.756, 
   -675665.891
  ], 
  [
   82541.222, 
   202061.558
  ]
 ], 
 "PUV": [
  false, 
  true, 
  true, 
  true, 
  false, 
  true, 
  true, 
  false, 
  false, 
  false, 
  true, 
  false, 
  false, 
  false, 
  false
 ], 
 "LCM": {
  "11": [
   "NOTUSED", 
   "ORR", 
   "ORR", 
   "ORR", 
   "ORR", 
   "ANDD", 
   "ORR", 
   "ORR", 
   "ANDD", 
   "NOTUSED", 
   "NOTUSED", 
   "ANDD", 
   "NOTUSED", 
   "ANDD", 
   "ORR"
  ], 
  "10": [
   "ANDD", 
   "NOTUSED", 
   "NOTUSED", 
   "ORR", 
   "ORR", 
   "ANDD", 
   "NOTUSED", 
   "ANDD", 
   "ANDD", 
   "ANDD", 
   "NOTUSED", 
   "NOTUSED", 
   "NOTUSED", 
   "ANDD", 
   "ANDD"
  ], 
  "13": [
   "ORR", 
   "ORR", 
   "ANDD", 
   "NOTUSED", 
   "NOTUSED", 
   "NOTUSED", 
   "ORR", 
   "NOTUSED", 
   "ORR", 
   "NOTUSED", 
   "ANDD", 
   "ANDD", 
   "ORR", 
   "NOTUSED", 
   "ANDD"
  ], 
  "12": [
   "ORR", 
   "NOTUSED", 
   "ORR", 
   "NOTUSED", 
   "NOTUSED", 
   "NOTUSED", 
   "ANDD", 
   "NOTUSED", 
   "ANDD", 
   "NOTUSED", 
   "NOTUSED", 
   "NOTUSED", 
   "NOTUSED", 
   "ORR", 
   "ORR"
  ], 
  "14": [
   "NOTUSED", 
   "ORR", 
   "ANDD", 
   "ORR", 
   "ORR", 
   "NOTUSED", 
   "ANDD", 
   "ANDD", 
   "NOTUSED", 
   "ORR", 
   "ANDD", 
   "ORR", 
   "ORR", 
   "ANDD", 
   "ORR"
  ], 
  "1": [
   "NOTUSED", 
   "ORR", 
   "ANDD", 
   "ANDD", 
   "NOTUSED", 
   "NOTUSED", 
   "NOTUSED", 
   "ORR", 
   "ANDD", 
   "NOTUSED", 
   "NOTUSED", 
   "ORR", 
   "NOTUSED", 
   "ORR", 
   "ORR"
  ], 
  "0": [
   "ORR", 
   "NOTUSED", 
   "ANDD", 
   "ORR", 
   "ANDD", 
   "ORR", 
   "NOTUSED", 
   "ORR", 
   "ANDD", 
   "ANDD", 
   "ANDD", 
   "NOTUSED", 
   "ORR", 
   "ORR", 
   "NOTUSED"
  ], 
  "3": [
   "ORR", 
   "ANDD", 
   "ANDD", 
   "NOTUSED", 
   "ORR", 
   "ORR", 
   "ANDD", 
   "ANDD", 
   "ANDD", 
   "ORR", 
   "ORR", 
   "ORR", 
   "NOTUSED", 
   "NOTUSED", 
   "ORR"
  ], 
  "2": [
   "ANDD", 
   "ANDD", 
   "ANDD", 
   "ANDD", 
   "ANDD", 
   "ANDD", 
   "ORR", 
   "ANDD", 
   "NOTUSED", 
   "ORR", 
   "NOTUSED", 
   "ORR", 
   "ORR", 
   "ANDD", 
   "ANDD"
  ], 
  "5": [
   "ORR", 
   "NOTUSED", 
   "ANDD", 
   "ORR", 
   "ANDD", 
   "NOTUSED", 
   "ANDD", 
   "ANDD", 
   "ORR", 
   "NOTUSED", 
   "ANDD", 
   "ANDD", 
   "NOTUSED", 
   "NOTUSED", 
   "NOTUSED"
  ], 
  "4": [
   "ANDD", 
   "NOTUSED", 
   "ANDD", 
   "ORR", 
   "ORR", 
   "ANDD", 
   "NOTUSED", 
   "ORR", 
   "ORR", 
   "NOTUSED", 
   "ORR", 
   "ORR", 
   "NOTUSED", 
   "NOTUSED", 
   "ORR"
  ], 
  "7": [
   "ORR", 
   "ORR", 
   "ANDD", 
   "ANDD", 
   "ORR", 
   "ANDD", 
   "ORR", 
   "ORR", 
   "ORR", 
   "NOTUSED", 
   "ANDD", 
   "ORR", 
   "NOTUSED", 
   "NOTUSED", 
   "ANDD"
  ], 
  "6": [
   "NOTUSED", 
   "NOTUSED", 
   "ORR", 
   "ANDD", 
   "NOTUSED", 
   "ANDD", 
   "NOTUSED", 
   "ORR", 
   "ANDD", 
   "NOTUSED", 
   "NOTUSED", 
   "ORR", 
   "ANDD", 
   "ORR", 
   "ANDD"
  ], 
  "9": [
   "ANDD", 
   "NOTUSED", 
   "ORR", 
   "ORR", 
   "NOTUSED", 
   "NOTUSED", 
   "NOTUSED", 
   "NOTUSED", 
   "ANDD", 
   "NOTUSED", 
   "ANDD", 
   "NOTUSED", 
   "NOTUSED", 
   "NOTUSED", 
   "ORR"
  ], 
  "8": [
   "ANDD", 
   "ANDD", 
   "NOTUSED", 
   "ANDD", 
   "ORR", 
   "ORR", 
   "ANDD", 
   "ORR", 
   "ORR", 
   "ANDD", 
   "ANDD", 
   "ANDD", 
   "ANDD", 
   "ORR", 
   "NOTUSED"
  ]
 }
}