{
 "random_seed": 1274135040, 
 "PARAMETERS": {
  "RADIUS1": 339171.266, 
  "QUADS": 3, 
  "RADIUS2": 576558.438, 
  "DIST": 875928.835, 
  "F_PTS": 35, 
  "K_PTS": 13, 
  "EPSILON": 2.705, 
  "LENGTH1": 361392.147, 
  "G_PTS": 76, 
  "Q_PTS": 74, 
  "N_PTS": 50, 
  "C_PTS": 61, 
  "AREA2": 976185.972, 
  "LENGTH2": 441638.938, 
  "B_PTS": 13, 
  "D_PTS": 3, 
  "AREA1": 481541.808, 
  "A_PTS": 4, 
  "E_PTS": 41
 }, 
 "NUMPOINTS": 81, 
 "points": [
  [
   -688964.867, 
   -727572.338
  ], 
  [
   92966.347, 
   -436415.407
  ], 
  [
   942463.881, 
   154517.151
  ], 
  [
   -727123.389, 
   -979416.068
  ], 
  [
   -915200.914, 
   -643633.594
  ], 
  [
   933346.069, 
   -526991.356
  ], 
  [
   656841.196, 
   -129401.092
  ], 
  [
   -279164.94, 
   719721.863
  ], 
  [
   -496816.742, 
   663934.839
  ], 
  [
   -314954.867, 
   -326784.079
  ], 
  [
   107151.846, 
   -429083.851
  ], 
  [
   -668388.115, 
   -910365.583
  ], 
  [
   626082.832, 
   -443855.993
  ], 
  [
   -201783.393, 
   -960816.392
  ], 
  [
   356277.377, 
   -81087.18
  ], 
  [
   952410.157, 
   -867676.794
  ], 
  [
   110907.35, 
   853859.518
  ], 
  [
   -233846.857, 
   940425.921
  ], 
  [
   -428861.345, 
   218222.286
  ], 
  [
   -342706.782, 
   -176219.153
  ], 
  [
   220576.956, 
   469596.12
  ], 
  [
   -623947.215, 
   -29565.715
  ], 
  [
   86360.854, 
   782084.963
  ], 
  [
   -947757.303, 
   801509.808
  ], 
  [
   539944.811, 
   618191.361
  ], 
  [
   -758613.62, 
   -111602.733
  ], 
  [
   564131.204, 
   695809.981
  ], 
  [
   -632388.924, 
   445124.706
  ], 
  [
   -489245.705, 
   971215.039
  ], 
  [
   664823.079, 
   412110.351
  ], 
  [
   847125.638, 
   552214.427
  ], 
  [
   -255751.674, 
   571826.267
  ], 
  [
   125342.918, 
   -776045.249
  ], 
  [
   -716638.382, 
   -956245.859
  ], 
  [
   899363.146, 
   -744340.986
  ], 
  [
   -223104.352, 
   -964930.596
  ], 
  [
   -723965.497, 
   -252048.454
  ], 
  [
   -15307.605, 
   652777.983
  ], 
  [
   305936.466, 
   -489974.144
  ], 
  [
   286919.402, 
   -688249.258
  ], 
  [
   -371299.182, 
   -422602.638
  ], 
  [
   -176923.262, 
   725789.949
  ], 
  [
   -365394.906, 
   237502.2
  ], 
  [
   -823471.202, 
   -23548.21
  ], 
  [
   -741524.091, 
   123747.293
  ], 
  [
   775661.745, 
   445879.175
  ], 
  [
   124202.96, 
   -548994.672
  ], 
  [
   -679511.253, 
   -714971.78
  ], 
  [
   311300.273, 
   919580.099
  ], 
  [
   650903.233, 
   538349.209
  ], 
  [
   -314479.69, 
   135818.744
  ], 
  [
   -378329.768, 
   279314.897
  ], 
  [
   884833.875, 
   616555.606
  ], 
  [
   -396896.409, 
   862855.622
  ], 
  [
   -564206.005, 
   -755444.721
  ], 
  [
   881758.19, 
   125790.564
  ], 
  [
   -822122.318, 
   395219.701
  ], 
  [
   -314418.63, 
   829370.813
  ], 
  [
   432074.437, 
   -105209.338
  ], 
  [
   393158.357, 
   209621.362
  ], 
  [
   269728.253, 
   8029.113
  ], 
  [
   719358.44, 
   -779871.896
  ], 
  [
   471054.901, 
   661238.336
  ], 
  [
   139277.474, 
   -962848.083
  ], 
  [
   -25858.776, 
   -352440.836
  ], 
  [
   -184916.493, 
   801766.121
  ], 
  [
   448658.061, 
   -301614.902
  ], 
  [
   -277321.389, 
   153185.566
  ], 
  [
   712759.683, 
   -127454.765
  ], 
  [
   844337.532, 
   908732.689
  ], 
  [
   -668544.007, 
   502204.39
  ], 
  [
   66845.809, 
   -299370.592
  ], 
  [
   294512.297, 
   798930.169
  ], 
  [
   -784603.267, 
   -61962.975
  ], 
  [
   -285455.835, 
   530939.327
  ], 
  [
   -37975.612, 
   158422.717
  ], 
  [
   906519.228, 
   11328.16
  ], 
  [
   -692782.363, 
   -874075.307
  ], 
  [
   -515394.775, 
   -215913.332
  ], 
  [
   864115.864, 
   430463.976
  ], 
  [
   -32518.141, 
   -383848.806
  ]
 ], 
 "PUV": [
  true, 
  false, 
  true, 
  false, 
  false, 
  false, 
  true, 
  true, 
  true, 
  true, 
  false, 
  true, 
  false, 
  true, 
  true
 ], 
 "LCM": {
  "11": [
   "NOTUSED", 
   "ORR", 
   "NOTUSED", 
   "ANDD", 
   "ANDD", 
   "ANDD", 
   "ANDD", 
   "NOTUSED", 
   "NOTUSED", 
   "ANDD", 
   "ORR", 
   "NOTUSED", 
   "ORR", 
   "ORR", 
   "ORR"
  ], 
  "10": [
   "ANDD", 
   "NOTUSED", 
   "NOTUSED", 
   "NOTUSED", 
   "ANDD", 
   "NOTUSED", 
   "ANDD", 
   "NOTUSED", 
   "ANDD", 
   "ANDD", 
   "NOTUSED", 
   "ORR", 
   "ANDD", 
   "NOTUSED", 
   "NOTUSED"
  ], 
  "13": [
   "NOTUSED", 
   "ANDD", 
   "NOTUSED", 
   "ANDD", 
   "ANDD", 
   "ANDD", 
   "NOTUSED", 
   "NOTUSED", 
   "ANDD", 
   "ORR", 
   "NOTUSED", 
   "ORR", 
   "ANDD", 
   "NOTUSED", 
   "ANDD"
  ], 
  "12": [
   "ORR", 
   "ORR", 
   "ORR", 
   "ANDD", 
   "ORR", 
   "NOTUSED", 
   "ANDD", 
   "NOTUSED", 
   "ORR", 
   "NOTUSED", 
   "ANDD", 
   "ORR", 
   "ORR", 
   "ANDD", 
   "ORR"
  ], 
  "14": [
   "ANDD", 
   "ORR", 
   "ORR", 
   "ORR", 
   "NOTUSED", 
   "ORR", 
   "ANDD", 
   "ORR", 
   "ANDD", 
   "NOTUSED", 
   "NOTUSED", 
   "ORR", 
   "ORR", 
   "ANDD", 
   "ORR"
  ], 
  "1": [
   "ANDD", 
   "ORR", 
   "ANDD", 
   "NOTUSED", 
   "ORR", 
   "ORR", 
   "ANDD", 
   "ANDD", 
   "NOTUSED", 
   "ANDD", 
   "NOTUSED", 
   "ORR", 
   "ORR", 
   "ANDD", 
   "ORR"
  ], 
  "0": [
   "ANDD", 
   "ANDD", 
   "ANDD", 
   "NOTUSED", 
   "ANDD", 
   "ORR", 
   "ORR", 
   "ANDD", 
   "ANDD", 
   "ANDD", 
   "ANDD", 
   "NOTUSED", 
   "ORR", 
   "NOTUSED", 
   "ANDD"
  ], 
  "3": [
   "NOTUSED", 
   "NOTUSED", 
   "NOTUSED", 
   "NOTUSED", 
   "NOTUSED", 
   "ANDD", 
   "ORR", 
   "ORR", 
   "NOTUSED", 
   "ANDD", 
   "NOTUSED", 
   "ANDD", 
   "ANDD", 
   "ANDD", 
   "ORR"
  ], 
  "2": [
   "ANDD", 
   "ANDD", 
   "ORR", 
   "NOTUSED", 
   "ORR", 
   "ANDD", 
   "ANDD", 
   "NOTUSED", 
   "NOTUSED", 
   "NOTUSED", 
   "NOTUSED", 
   "NOTUSED", 
   "ORR", 
   "NOTUSED", 
   "ORR"
  ], 
  "5": [
   "ORR", 
   "ORR", 
   "ANDD", 
   "ANDD", 
   "ORR", 
   "NOTUSED", 
   "ANDD", 
   "NOTUSED", 
   "ORR", 
   "NOTUSED", 
   "NOTUSED", 
   "ANDD", 
   "NOTUSED", 
   "ANDD", 
   "ORR"
  ], 
  "4": [
   "ANDD", 
   "ORR", 
   "ORR", 
   "NOTUSED", 
   "NOTUSED", 
   "ORR", 
   "ORR", 
   "NOTUSED", 
   "NOTUSED", 
   "ANDD", 
   "ANDD", 
   "ANDD", 
   "ORR", 
   "ANDD", 
   "NOTUSED"
  ], 
  "7": [
   "ANDD", 
   "ANDD", 
   "NOTUSED", 
   "ORR", 
   "NOTUSED", 
   "NOTUSED", 
   "ANDD", 
   "ORR", 
   "NOTUSED", 
   "ORR", 
   "NOTUSED", 
   "NOTUSED", 
   "NOTUSED", 
   "NOTUSED", 
   "ORR"
  ], 
  "6": [
   "ORR", 
   "ANDD", 
   "ANDD", 
   "ORR", 
   "ORR", 
   "ANDD", 
   "ANDD", 
   "ANDD", 
   "ANDD", 
   "ANDD", 
   "ANDD", 
   "ANDD", 
   "ANDD", 
   "NOTUSED", 
   "ANDD"
  ], 
  "9": [
   "ANDD", 
   "ANDD", 
   "NOTUSED", 
   "ANDD", 
   "ANDD", 
   "NOTUSED", 
   "ANDD", 
   "ORR", 
   "NOTUSED", 
   "NOTUSED", 
   "ANDD", 
   "ANDD", 
   "NOTUSED", 
   "ORR", 
   "NOTUSED"
  ], 
  "8": [
   "ANDD", 
   "NOTUSED", 
   "NOTUSED", 
   "NOTUSED", 
   "NOTUSED", 
   "ORR", 
   "ANDD", 
   "NOTUSED", 
   "ANDD", 
   "NOTUSED", 
   "ANDD", 
   "NOTUSED", 
   "ORR", 
   "ANDD", 
   "ANDD"
  ]
 }
}