{
 "random_seed": 3913516448, 
 "PARAMETERS": {
  "RADIUS1": 868221.052, 
  "QUADS": 3, 
  "RADIUS2": 268149.867, 
  "DIST": 404841.936, 
  "F_PTS": 16, 
  "K_PTS": 21, 
  "EPSILON": 2.129, 
  "LENGTH1": 589604.994, 
  "G_PTS": 47, 
  "Q_PTS": 37, 
  "N_PTS": 13, 
  "C_PTS": 23, 
  "AREA2": 360441.205, 
  "LENGTH2": 388548.269, 
  "B_PTS": 21, 
  "D_PTS": 1, 
  "AREA1": 290612.516, 
  "A_PTS": 4, 
  "E_PTS": 3
 }, 
 "NUMPOINTS": 49, 
 "points": [
  [
   305360.186, 
   509515.403
  ], 
  [
   -257672.135, 
   617015.385
  ], 
  [
   -4649.419, 
   -223906.827
  ], 
  [
   -974296.861, 
   228060.683
  ], 
  [
   401798.317, 
   -153177.905
  ], 
  [
   -652902.093, 
   -459685.192
  ], 
  [
   -152318.72, 
   415452.44
  ], 
  [
   -669675.838, 
   -230471.147
  ], 
  [
   -600267.246, 
   319342.4
  ], 
  [
   583963.012, 
   565417.553
  ], 
  [
   424972.261, 
   -820778.53
  ], 
  [
   -826388.077, 
   -265047.246
  ], 
  [
   -890902.53, 
   -393811.336
  ], 
  [
   -14695.885, 
   -612241.743
  ], 
  [
   -647868.24, 
   -205486.603
  ], 
  [
   -677333.011, 
   653695.334
  ], 
  [
   740509.252, 
   858935.414
  ], 
  [
   -584668.811, 
   669546.45
  ], 
  [
   -328379.857, 
   -309268.124
  ], 
  [
   491333.382, 
   -871922.048
  ], 
  [
   -409158.203, 
   349846.938
  ], 
  [
   816677.584, 
   341077.051
  ], 
  [
   -751952.519, 
   -898522.852
  ], 
  [
   -998183.47, 
   -517917.861
  ], 
  [
   969350.371, 
   -188031.732
  ], 
  [
   -204690.746, 
   -851669.585
  ], 
  [
   -223843.404, 
   801886.974
  ], 
  [
   907651.936, 
   -880580.881
  ], 
  [
   403023.988, 
   949347.398
  ], 
  [
   685157.479, 
   -690984.818
  ], 
  [
   -503363.0, 
   677866.957
  ], 
  [
   -766519.047, 
   -494464.36
  ], 
  [
   742118.06, 
   766338.974
  ], 
  [
   -969663.874, 
   909895.728
  ], 
  [
   918124.082, 
   727619.521
  ], 
  [
   582096.808, 
   -297561.442
  ], 
  [
   -395465.766, 
   485104.852
  ], 
  [
   995536.093, 
   693361.991
  ], 
  [
   825335.08, 
   -199881.439
  ], 
  [
   -714218.061, 
   627438.418
  ], 
  [
   -653626.369, 
   657339.282
  ], 
  [
   627082.576, 
   -23511.264
  ], 
  [
   921083.703, 
   527942.505
  ], 
  [
   658470.77, 
   -705080.074
  ], 
  [
   350217.374, 
   448838.436
  ], 
  [
   -149694.837, 
   672416.209
  ], 
  [
   -959885.944, 
   282069.223
  ], 
  [
   -553970.151, 
   -453903.101
  ], 
  [
   548316.823, 
   302269.751
  ]
 ], 
 "PUV": [
  true, 
  false, 
  false, 
  false, 
  false, 
  true, 
  false, 
  false, 
  true, 
  false, 
  true, 
  false, 
  false, 
  true, 
  false
 ], 
 "LCM": {
  "11": [
   "NOTUSED", 
   "NOTUSED", 
   "ANDD", 
   "ORR", 
   "NOTUSED", 
   "ORR", 
   "ANDD", 
   "ORR", 
   "ORR", 
   "ORR", 
   "NOTUSED", 
   "NOTUSED", 
   "ANDD", 
   "ORR", 
   "NOTUSED"
  ], 
  "10": [
   "NOTUSED", 
   "ANDD", 
   "NOTUSED", 
   "ANDD", 
   "ANDD", 
   "ANDD", 
   "ANDD", 
   "ANDD", 
   "ORR", 
   "NOTUSED", 
   "ORR", 
   "NOTUSED", 
   "ANDD", 
   "NOTUSED", 
   "NOTUSED"
  ], 
  "13": [
   "ANDD", 
   "ORR", 
   "NOTUSED", 
   "NOTUSED", 
   "ANDD", 
   "NOTUSED", 
   "ORR", 
   "ORR", 
   "ANDD", 
   "ANDD", 
   "NOTUSED", 
   "ORR", 
   "NOTUSED", 
   "NOTUSED", 
   "ORR"
  ], 
  "12": [
   "ORR", 
   "NOTUSED", 
   "ANDD", 
   "NOTUSED", 
   "NOTUSED", 
   "ANDD", 
   "NOTUSED", 
   "NOTUSED", 
   "ANDD", 
   "ANDD", 
   "ANDD", 
   "ANDD", 
   "NOTUSED", 
   "NOTUSED", 
   "NOTUSED"
  ], 
  "14": [
   "ANDD", 
   "ORR", 
   "ANDD", 
   "NOTUSED", 
   "NOTUSED", 
   "ORR", 
   "NOTUSED", 
   "NOTUSED", 
   "NOTUSED", 
   "ORR", 
   "NOTUSED", 
   "NOTUSED", 
   "NOTUSED", 
   "ORR", 
   "ORR"
  ], 
  "1": [
   "ORR", 
   "NOTUSED", 
   "ANDD", 
   "NOTUSED", 
   "NOTUSED", 
   "ORR", 
   "ORR", 
   "ANDD", 
   "ANDD", 
   "ANDD", 
   "ANDD", 
   "NOTUSED", 
   "NOTUSED", 
   "ORR", 
   "ORR"
  ], 
  "0": [
   "ORR", 
   "ORR", 
   "ANDD", 
   "ANDD", 
   "ANDD", 
   "ANDD", 
   "ORR", 
   "NOTUSED", 
   "ANDD", 
   "ANDD", 
   "NOTUSED", 
   "NOTUSED", 
   "ORR", 
   "ANDD", 
   "ANDD"
  ], 
  "3": [
   "ANDD", 
   "NOTUSED", 
   "ORR", 
   "NOTUSED", 
   "ORR", 
   "ANDD", 
   "ANDD", 
   "ANDD", 
   "NOTUSED", 
   "ORR", 
   "ANDD", 
   "ORR", 
   "NOTUSED", 
   "NOTUSED", 
   "NOTUSED"
  ], 
  "2": [
   "ANDD", 
   "ANDD", 
   "ORR", 
   "ORR", 
   "NOTUSED", 
   "ANDD", 
   "ORR", 
   "NOTUSED", 
   "ORR", 
   "NOTUSED", 
   "NOTUSED", 
   "ANDD", 
   "ANDD", 
   "NOTUSED", 
   "ANDD"
  ], 
  "5": [
   "ANDD", 
   "ORR", 
   "ANDD", 
   "ANDD", 
   "ORR", 
   "ANDD", 
   "ORR", 
   "ORR", 
   "ANDD", 
   "NOTUSED", 
   "ANDD", 
   "ORR", 
   "ANDD", 
   "NOTUSED", 
   "ORR"
  ], 
  "4": [
   "ANDD", 
   "NOTUSED", 
   "NOTUSED", 
   "ORR", 
   "ANDD", 
   "ORR", 
   "NOTUSED", 
   "ORR", 
   "ORR", 
   "ORR", 
   "ANDD", 
   "NOTUSED", 
   "NOTUSED", 
   "ANDD", 
   "NOTUSED"
  ], 
  "7": [
   "NOTUSED", 
   "ANDD", 
   "NOTUSED", 
   "ANDD", 
   "ORR", 
   "ORR", 
   "ANDD", 
   "NOTUSED", 
   "ANDD", 
   "NOTUSED", 
   "ANDD", 
   "ORR", 
   "NOTUSED", 
   "ORR", 
   "NOTUSED"
  ], 
  "6": [
   "ORR", 
   "ORR", 
   "ORR", 
   "ANDD", 
   "NOTUSED", 
   "ORR", 
   "NOTUSED", 
   "ANDD", 
   "ANDD", 
   "ORR", 
   "ANDD", 
   "ANDD", 
   "NOTUSED", 
   "ORR", 
   "NOTUSED"
  ], 
  "9": [
   "ANDD", 
   "ANDD", 
   "NOTUSED", 
   "ORR", 
   "ORR", 
   "NOTUSED", 
   "ORR", 
   "NOTUSED", 
   "ANDD", 
   "ORR", 
   "NOTUSED", 
   "ORR", 
   "ANDD", 
   "ANDD", 
   "ORR"
  ], 
  "8": [
   "ANDD", 
   "ANDD", 
   "ORR", 
   "NOTUSED", 
   "ORR", 
   "ANDD", 
   "ANDD", 
   "ANDD", 
   "NOTUSED", 
   "ANDD", 
   "ORR", 
   "ORR", 
   "ANDD", 
   "ANDD", 
   "NOTUSED"
  ]
 }
}