{
 "random_seed": 252241532, 
 "PARAMETERS": {
  "RADIUS1": 348582.663, 
  "QUADS": 1, 
  "RADIUS2": 496162.595, 
  "DIST": 658388.565, 
  "F_PTS": 66, 
  "K_PTS": 82, 
  "EPSILON": 1.808, 
  "LENGTH1": 435655.059, 
  "G_PTS": 29, 
  "Q_PTS": 76, 
  "N_PTS": 6, 
  "C_PTS": 20, 
  "AREA2": 91499.654, 
  "LENGTH2": 401952.45, 
  "B_PTS": 23, 
  "D_PTS": 74, 
  "AREA1": 861625.395, 
  "A_PTS": 60, 
  "E_PTS": 28
 }, 
 "NUMPOINTS": 99, 
 "points": [
  [
   -387364.287, 
   746654.825
  ], 
  [
   -255012.94, 
   -63272.166
  ], 
  [
   802747.248, 
   -556475.792
  ], 
  [
   591593.767, 
   -117594.431
  ], 
  [
   965844.193, 
   -821634.303
  ], 
  [
   -412708.282, 
   -932514.889
  ], 
  [
   194055.227, 
   -577360.532
  ], 
  [
   2011.436, 
   708055.913
  ], 
  [
   -236658.85, 
   959039.857
  ], 
  [
   14549.325, 
   -22147.262
  ], 
  [
   775679.223, 
   -659873.207
  ], 
  [
   -734823.683, 
   50235.334
  ], 
  [
   576151.833, 
   914622.667
  ], 
  [
   750217.942, 
   -284695.069
  ], 
  [
   733238.251, 
   -466584.146
  ], 
  [
   620494.737, 
   649095.665
  ], 
  [
   215009.068, 
   -525200.101
  ], 
  [
   -193537.237, 
   -630484.224
  ], 
  [
   -400519.883, 
   184369.339
  ], 
  [
   -460702.775, 
   644354.881
  ], 
  [
   -291857.029, 
   -277353.988
  ], 
  [
   538379.656, 
   715134.989
  ], 
  [
   831795.744, 
   -104695.31
  ], 
  [
   883788.879, 
   440272.851
  ], 
  [
   345425.915, 
   -227963.1
  ], 
  [
   308052.597, 
   -907929.847
  ], 
  [
   -293355.35, 
   -307517.502
  ], 
  [
   491621.078, 
   336168.041
  ], 
  [
   633594.666, 
   667313.129
  ], 
  [
   474559.809, 
   851839.76
  ], 
  [
   -267926.571, 
   636141.446
  ], 
  [
   -415833.545, 
   -37511.127
  ], 
  [
   612453.059, 
   231636.407
  ], 
  [
   296387.544, 
   -697233.306
  ], 
  [
   206327.177, 
   -224385.229
  ], 
  [
   -257390.132, 
   -428542.192
  ], 
  [
   308144.993, 
   283237.202
  ], 
  [
   -705037.953, 
   640769.214
  ], 
  [
   39429.223, 
   385069.138
  ], 
  [
   697912.884, 
   -83141.649
  ], 
  [
   537629.31, 
   283002.328
  ], 
  [
   -187931.603, 
   568388.601
  ], 
  [
   -657468.251, 
   438196.145
  ], 
  [
   436391.24, 
   -874317.358
  ], 
  [
   253599.448, 
   749947.57
  ], 
  [
   -672499.969, 
   -39025.92
  ], 
  [
   -608675.136, 
   -429335.457
  ], 
  [
   -754715.794, 
   -70313.468
  ], 
  [
   38015.706, 
   -886405.538
  ], 
  [
   -341176.197, 
   605003.644
  ], 
  [
   980927.034, 
   456326.946
  ], 
  [
   -877386.48, 
   37992.836
  ], 
  [
   225324.263, 
   -230535.457
  ], 
  [
   -262107.659, 
   878891.166
  ], 
  [
   -618266.578, 
   -641129.92
  ], 
  [
   23806.834, 
   -845229.533
  ], 
  [
   -154889.369, 
   -746340.862
  ], 
  [
   995003.601, 
   499663.208
  ], 
  [
   -164083.605, 
   662603.56
  ], 
  [
   476184.512, 
   744032.294
  ], 
  [
   640909.518, 
   -996081.684
  ], 
  [
   590076.277, 
   -402611.311
  ], 
  [
   -480559.667, 
   -61404.675
  ], 
  [
   -489859.904, 
   -827133.474
  ], 
  [
   -723984.069, 
   515608.533
  ], 
  [
   -671663.953, 
   794656.138
  ], 
  [
   -58637.993, 
   -107679.156
  ], 
  [
   124959.035, 
   345975.745
  ], 
  [
   229753.378, 
   -927874.361
  ], 
  [
   600325.41, 
   -478860.877
  ], 
  [
   532002.356, 
   -98038.836
  ], 
  [
   180553.775, 
   17836.731
  ], 
  [
   573003.058, 
   -461582.475
  ], 
  [
   -27776.187, 
   -27673.841
  ], 
  [
   941875.742, 
   -721435.114
  ], 
  [
   -562689.988, 
   -527101.466
  ], 
  [
   -196373.833, 
   317789.601
  ], 
  [
   142852.411, 
   144095.976
  ], 
  [
   -108632.01, 
   -815940.469
  ], 
  [
   103535.41, 
   -128821.335
  ], 
  [
   -634776.221, 
   828952.756
  ], 
  [
   801664.241, 
   -661645.653
  ], 
  [
   -626927.215, 
   510606.963
  ], 
  [
   -983646.25, 
   839790.77
  ], 
  [
   214004.46, 
   -154458.327
  ], 
  [
   878329.922, 
   805233.788
  ], 
  [
   -723020.084, 
   -776376.0
  ], 
  [
   -300194.417, 
   -171560.117
  ], 
  [
   238288.497, 
   388225.391
  ], 
  [
   425670.419, 
   680541.565
  ], 
  [
   -36589.268, 
   94374.628
  ], 
  [
   581887.447, 
   833135.792
  ], 
  [
   -862340.429, 
   850433.979
  ], 
  [
   542740.174, 
   -283570.835
  ], 
  [
   -910286.671, 
   983322.601
  ], 
  [
   -170384.334, 
   -923831.464
  ], 
  [
   553370.601, 
   -646850.363
  ], 
  [
   704589.816, 
   992178.075
  ], 
  [
   353244.692, 
   -54153.58
  ]
 ], 
 "PUV": [
  true, 
  false, 
  true, 
  true, 
  false, 
  false, 
  true, 
  true, 
  true, 
  false, 
  true, 
  false, 
  true, 
  true, 
  false
 ], 
 "LCM": {
  "11": [
   "ORR", 
   "ORR", 
   "ORR", 
   "ANDD", 
   "NOTUSED", 
   "ORR", 
   "ORR", 
   "ORR", 
   "ORR", 
   "ANDD", 
   "ANDD", 
   "ORR", 
   "ANDD", 
   "NOTUSED", 
   "ANDD"
  ], 
  "10": [
   "NOTUSED", 
   "ORR", 
   "ANDD", 
   "NOTUSED", 
   "NOTUSED", 
   "NOTUSED", 
   "NOTUSED", 
   "NOTUSED", 
   "ORR", 
   "NOTUSED", 
   "ANDD", 
   "ANDD", 
   "NOTUSED", 
   "ORR", 
   "ORR"
  ], 
  "13": [
   "NOTUSED", 
   "ORR", 
   "ORR", 
   "ORR", 
   "ANDD", 
   "ANDD", 
   "ORR", 
   "ORR", 
   "ANDD", 
   "ORR", 
   "ORR", 
   "NOTUSED", 
   "ANDD", 
   "NOTUSED", 
   "ANDD"
  ], 
  "12": [
   "NOTUSED", 
   "ORR", 
   "ANDD", 
   "NOTUSED", 
   "ANDD", 
   "ANDD", 
   "ORR", 
   "ORR", 
   "ORR", 
   "NOTUSED", 
   "NOTUSED", 
   "ANDD", 
   "ANDD", 
   "ANDD", 
   "ORR"
  ], 
  "14": [
   "ORR", 
   "ANDD", 
   "NOTUSED", 
   "ORR", 
   "ANDD", 
   "ANDD", 
   "ANDD", 
   "ORR", 
   "NOTUSED", 
   "ANDD", 
   "ORR", 
   "ANDD", 
   "ORR", 
   "ANDD", 
   "ORR"
  ], 
  "1": [
   "ANDD", 
   "ORR", 
   "NOTUSED", 
   "NOTUSED", 
   "ORR", 
   "NOTUSED", 
   "NOTUSED", 
   "ORR", 
   "NOTUSED", 
   "ANDD", 
   "ORR", 
   "ORR", 
   "ORR", 
   "ORR", 
   "ANDD"
  ], 
  "0": [
   "ANDD", 
   "ANDD", 
   "ORR", 
   "ANDD", 
   "NOTUSED", 
   "ANDD", 
   "NOTUSED", 
   "NOTUSED", 
   "ANDD", 
   "ORR", 
   "NOTUSED", 
   "ORR", 
   "NOTUSED", 
   "NOTUSED", 
   "ORR"
  ], 
  "3": [
   "ANDD", 
   "NOTUSED", 
   "ANDD", 
   "ORR", 
   "ANDD", 
   "ORR", 
   "NOTUSED", 
   "NOTUSED", 
   "NOTUSED", 
   "NOTUSED", 
   "NOTUSED", 
   "ANDD", 
   "NOTUSED", 
   "ORR", 
   "ORR"
  ], 
  "2": [
   "ORR", 
   "NOTUSED", 
   "NOTUSED", 
   "ANDD", 
   "ANDD", 
   "ANDD", 
   "NOTUSED", 
   "ANDD", 
   "NOTUSED", 
   "NOTUSED", 
   "ANDD", 
   "ORR", 
   "ANDD", 
   "ORR", 
   "NOTUSED"
  ], 
  "5": [
   "ANDD", 
   "NOTUSED", 
   "ANDD", 
   "ORR", 
   "NOTUSED", 
   "ORR", 
   "ANDD", 
   "NOTUSED", 
   "NOTUSED", 
   "ORR", 
   "NOTUSED", 
   "ORR", 
   "ANDD", 
   "ANDD", 
   "ANDD"
  ], 
  "4": [
   "NOTUSED", 
   "ORR", 
   "ANDD", 
   "ANDD", 
   "ORR", 
   "NOTUSED", 
   "NOTUSED", 
   "NOTUSED", 
   "ANDD", 
   "NOTUSED", 
   "NOTUSED", 
   "NOTUSED", 
   "ANDD", 
   "ANDD", 
   "ANDD"
  ], 
  "7": [
   "NOTUSED", 
   "ORR", 
   "ANDD", 
   "NOTUSED", 
   "NOTUSED", 
   "NOTUSED", 
   "NOTUSED", 
   "ORR", 
   "ANDD", 
   "ORR", 
   "NOTUSED", 
   "ORR", 
   "ORR", 
   "ORR", 
   "ORR"
  ], 
  "6": [
   "NOTUSED", 
   "NOTUSED", 
   "NOTUSED", 
   "NOTUSED", 
   "NOTUSED", 
   "ANDD", 
   "ANDD", 
   "NOTUSED", 
   "NOTUSED", 
   "ORR", 
   "NOTUSED", 
   "ORR", 
   "ORR", 
   "ORR", 
   "ANDD"
  ], 
  "9": [
   "ORR", 
   "ANDD", 
   "NOTUSED", 
   "NOTUSED", 
   "NOTUSED", 
   "ORR", 
   "ORR", 
   "ORR", 
   "NOTUSED", 
   "NOTUSED", 
   "NOTUSED", 
   "ANDD", 
   "NOTUSED", 
   "ORR", 
   "ANDD"
  ], 
  "8": [
   "ANDD", 
   "NOTUSED", 
   "NOTUSED", 
   "NOTUSED", 
   "ANDD", 
   "NOTUSED", 
   "NOTUSED", 
   "ANDD", 
   "ANDD", 
   "NOTUSED", 
   "ORR", 
   "ORR", 
   "ORR", 
   "ANDD", 
   "NOTUSED"
  ]
 }
}