{
 "random_seed": 3843495260, 
 "PARAMETERS": {
  "RADIUS1": 109456.65, 
  "QUADS": 2, 
  "RADIUS2": 956445.722, 
  "DIST": 133063.918, 
  "F_PTS": 15, 
  "K_PTS": 24, 
  "EPSILON": 1.297, 
  "LENGTH1": 984359.923, 
  "G_PTS": 9, 
  "Q_PTS": 38, 
  "N_PTS": 36, 
  "C_PTS": 4, 
  "AREA2": 960949.942, 
  "LENGTH2": 279680.813, 
  "B_PTS": 1, 
  "D_PTS": 6, 
  "AREA1": 763534.618, 
  "A_PTS": 3, 
  "E_PTS": 25
 }, 
 "NUMPOINTS": 44, 
 "points": [
  [
   -619464.958, 
   -986141.861
  ], 
  [
   -259121.584, 
   -220378.599
  ], 
  [
   897832.746, 
   -147689.829
  ], 
  [
   -7588.272, 
   683900.68
  ], 
  [
   966088.967, 
   61942.552
  ], 
  [
   6514.415, 
   -11019.316
  ], 
  [
   -666568.11, 
   -711244.367
  ], 
  [
   -372638.494, 
   275858.172
  ], 
  [
   -163990.374, 
   257775.482
  ], 
  [
   -511527.849, 
   767902.871
  ], 
  [
   62614.988, 
   928004.917
  ], 
  [
   -655971.154, 
   626518.53
  ], 
  [
   -854211.728, 
   -636399.972
  ], 
  [
   671678.212, 
   141106.067
  ], 
  [
   -746305.682, 
   -36363.685
  ], 
  [
   -18282.014, 
   949645.491
  ], 
  [
   -294925.744, 
   777291.257
  ], 
  [
   -832464.956, 
   -422792.421
  ], 
  [
   697091.539, 
   447101.571
  ], 
  [
   -840301.13, 
   -833909.811
  ], 
  [
   -321925.167, 
   -902507.019
  ], 
  [
   735389.692, 
   1493.846
  ], 
  [
   209974.432, 
   -138538.897
  ], 
  [
   689509.499, 
   -644257.002
  ], 
  [
   236416.366, 
   -285269.685
  ], 
  [
   863906.849, 
   -953673.199
  ], 
  [
   335233.553, 
   302999.476
  ], 
  [
   -609553.078, 
   430780.102
  ], 
  [
   -434616.662, 
   899345.633
  ], 
  [
   -427871.252, 
   313492.658
  ], 
  [
   -44088.887, 
   133266.536
  ], 
  [
   -574770.3, 
   -891906.445
  ], 
  [
   -386533.233, 
   -835234.426
  ], 
  [
   -362690.276, 
   -193598.021
  ], 
  [
   -351398.679, 
   -184995.455
  ], 
  [
   -107734.965, 
   228147.758
  ], 
  [
   -304934.819, 
   288123.157
  ], 
  [
   -731381.904, 
   -875113.228
  ], 
  [
   256821.972, 
   -629408.04
  ], 
  [
   331688.46, 
   -890282.124
  ], 
  [
   736082.46, 
   -185984.114
  ], 
  [
   -723508.108, 
   443774.282
  ], 
  [
   -476350.8, 
   -336770.26
  ], 
  [
   -440817.664, 
   669402.092
  ]
 ], 
 "PUV": [
  true, 
  false, 
  true, 
  false, 
  true, 
  false, 
  false, 
  false, 
  true, 
  true, 
  false, 
  true, 
  true, 
  false, 
  false
 ], 
 "LCM": {
  "11": [
   "ANDD", 
   "NOTUSED", 
   "ORR", 
   "ORR", 
   "ANDD", 
   "NOTUSED", 
   "ORR", 
   "NOTUSED", 
   "ANDD", 
   "ORR", 
   "ANDD", 
   "ORR", 
   "ORR", 
   "ORR", 
   "NOTUSED"
  ], 
  "10": [
   "ORR", 
   "NOTUSED", 
   "ORR", 
   "ANDD", 
   "NOTUSED", 
   "ANDD", 
   "NOTUSED", 
   "NOTUSED", 
   "NOTUSED", 
   "ANDD", 
   "ORR", 
   "ANDD", 
   "ORR", 
   "NOTUSED", 
   "ORR"
  ], 
  "13": [
   "ORR", 
   "NOTUSED", 
   "NOTUSED", 
   "ORR", 
   "ORR", 
   "ORR", 
   "ANDD", 
   "ORR", 
   "NOTUSED", 
   "ANDD", 
   "NOTUSED", 
   "ORR", 
   "ANDD", 
   "ORR", 
   "NOTUSED"
  ], 
  "12": [
   "ORR", 
   "ANDD", 
   "ANDD", 
   "NOTUSED", 
   "ANDD", 
   "ANDD", 
   "ORR", 
   "NOTUSED", 
   "ORR", 
   "ANDD", 
   "ORR", 
   "ORR", 
   "ANDD", 
   "ANDD", 
   "NOTUSED"
  ], 
  "14": [
   "ORR", 
   "ORR", 
   "ANDD", 
   "NOTUSED", 
   "NOTUSED", 
   "NOTUSED", 
   "NOTUSED", 
   "NOTUSED", 
   "NOTUSED", 
   "NOTUSED", 
   "ORR", 
   "NOTUSED", 
   "NOTUSED", 
   "NOTUSED", 
   "ANDD"
  ], 
  "1": [
   "ORR", 
   "NOTUSED", 
   "ANDD", 
   "ORR", 
   "ORR", 
   "ANDD", 
   "ANDD", 
   "NOTUSED", 
   "ORR", 
   "ANDD", 
   "NOTUSED", 
   "NOTUSED", 
   "ANDD", 
   "NOTUSED", 
   "ORR"
  ], 
  "0": [
   "NOTUSED", 
   "ORR", 
   "NOTUSED", 
   "ANDD", 
   "ANDD", 
   "NOTUSED", 
   "ORR", 
   "ORR", 
   "ORR", 
   "ANDD", 
   "ORR", 
   "ANDD", 
   "ORR", 
   "ORR", 
   "ORR"
  ], 
  "3": [
   "ANDD", 
   "ORR", 
   "ANDD", 
   "ORR", 
   "ORR", 
   "NOTUSED", 
   "NOTUSED", 
   "ORR", 
   "ANDD", 
   "ORR", 
   "ANDD", 
   "ORR", 
   "NOTUSED", 
   "ORR", 
   "NOTUSED"
  ], 
  "2": [
   "NOTUSED", 
   "ANDD", 
   "ORR", 
   "ANDD", 
   "ANDD", 
   "ANDD", 
   "ORR", 
   "ANDD", 
   "ORR", 
   "ORR", 
   "ORR", 
   "ORR", 
   "ANDD", 
   "NOTUSED", 
   "ANDD"
  ], 
  "5": [
   "NOTUSED", 
   "ANDD", 
   "ANDD", 
   "NOTUSED", 
   "ANDD", 
   "ORR", 
   "ORR", 
   "ORR", 
   "ANDD", 
   "ORR", 
   "ANDD", 
   "NOTUSED", 
   "ANDD", 
   "ORR", 
   "NOTUSED"
  ], 
  "4": [
   "ANDD", 
   "ORR", 
   "ANDD", 
   "ORR", 
   "ORR", 
   "ANDD", 
   "NOTUSED", 
   "ORR", 
   "NOTUSED", 
   "NOTUSED", 
   "NOTUSED", 
   "ANDD", 
   "ANDD", 
   "ORR", 
   "NOTUSED"
  ], 
  "7": [
   "ORR", 
   "NOTUSED", 
   "ANDD", 
   "ORR", 
   "ORR", 
   "ORR", 
   "ANDD", 
   "NOTUSED", 
   "NOTUSED", 
   "ANDD", 
   "NOTUSED", 
   "NOTUSED", 
   "NOTUSED", 
   "ORR", 
   "NOTUSED"
  ], 
  "6": [
   "ORR", 
   "ANDD", 
   "ORR", 
   "NOTUSED", 
   "NOTUSED", 
   "ORR", 
   "ORR", 
   "ANDD", 
   "NOTUSED", 
   "ORR", 
   "NOTUSED", 
   "ORR", 
   "ORR", 
   "ANDD", 
   "NOTUSED"
  ], 
  "9": [
   "ANDD", 
   "ANDD", 
   "ORR", 
   "ORR", 
   "NOTUSED", 
   "ORR", 
   "ORR", 
   "ANDD", 
   "NOTUSED", 
   "ANDD", 
   "ANDD", 
   "ORR", 
   "ANDD", 
   "ANDD", 
   "NOTUSED"
  ], 
  "8": [
   "ORR", 
   "ORR", 
   "ORR", 
   "ANDD", 
   "NOTUSED", 
   "ANDD", 
   "NOTUSED", 
   "NOTUSED", 
   "ORR", 
   "NOTUSED", 
   "NOTUSED", 
   "ANDD", 
   "ORR", 
   "NOTUSED", 
   "NOTUSED"
  ]
 }
}