{
 "random_seed": 2735620724, 
 "PARAMETERS": {
  "RADIUS1": 856006.243, 
  "QUADS": 3, 
  "RADIUS2": 651167.602, 
  "DIST": 766316.245, 
  "F_PTS": 54, 
  "K_PTS": 8, 
  "EPSILON": 0.2, 
  "LENGTH1": 759472.274, 
  "G_PTS": 23, 
  "Q_PTS": 21, 
  "N_PTS": 26, 
  "C_PTS": 9, 
  "AREA2": 164050.713, 
  "LENGTH2": 203700.496, 
  "B_PTS": 23, 
  "D_PTS": 44, 
  "AREA1": 900811.979, 
  "A_PTS": 48, 
  "E_PTS": 23
 }, 
 "NUMPOINTS": 93, 
 "points": [
  [
   -89671.613, 
   -499536.496
  ], 
  [
   219135.955, 
   -322145.606
  ], 
  [
   517439.564, 
   -697650.866
  ], 
  [
   941293.958, 
   -74336.011
  ], 
  [
   31145.564, 
   -610617.362
  ], 
  [
   -317132.457, 
   235216.209
  ], 
  [
   -65007.932, 
   -771614.358
  ], 
  [
   -557163.683, 
   68437.711
  ], 
  [
   -826574.282, 
   721429.483
  ], 
  [
   -82864.512, 
   523315.46
  ], 
  [
   721749.135, 
   -90164.498
  ], 
  [
   380452.547, 
   -622443.459
  ], 
  [
   -936164.321, 
   -855419.853
  ], 
  [
   -705320.158, 
   808404.157
  ], 
  [
   -84384.018, 
   -338228.189
  ], 
  [
   -883804.432, 
   359303.135
  ], 
  [
   809699.199, 
   451587.449
  ], 
  [
   -159150.011, 
   502247.418
  ], 
  [
   -954979.187, 
   82352.589
  ], 
  [
   864252.679, 
   894915.14
  ], 
  [
   110197.712, 
   798579.982
  ], 
  [
   24436.465, 
   496387.437
  ], 
  [
   -488992.637, 
   -949300.139
  ], 
  [
   309348.359, 
   145339.589
  ], 
  [
   188418.554, 
   804610.176
  ], 
  [
   -635145.287, 
   -647149.822
  ], 
  [
   -778353.868, 
   82348.283
  ], 
  [
   866133.168, 
   -662293.627
  ], 
  [
   -7314.927, 
   -364742.281
  ], 
  [
   -451152.803, 
   -172708.394
  ], 
  [
   205652.98, 
   606145.535
  ], 
  [
   -941482.169, 
   675956.882
  ], 
  [
   -782497.555, 
   828407.993
  ], 
  [
   -512312.654, 
   292484.246
  ], 
  [
   -859213.644, 
   213754.094
  ], 
  [
   381799.73, 
   -268199.684
  ], 
  [
   -695945.226, 
   103320.151
  ], 
  [
   -140509.214, 
   466796.14
  ], 
  [
   592828.899, 
   123161.74
  ], 
  [
   -241093.497, 
   -973906.414
  ], 
  [
   -786310.732, 
   -939336.929
  ], 
  [
   32512.363, 
   -388593.736
  ], 
  [
   -520224.497, 
   352193.162
  ], 
  [
   422184.329, 
   708654.865
  ], 
  [
   890553.883, 
   -255346.201
  ], 
  [
   -330031.196, 
   -951398.923
  ], 
  [
   582937.141, 
   -721318.667
  ], 
  [
   233803.007, 
   330802.955
  ], 
  [
   470905.286, 
   -85918.218
  ], 
  [
   355814.004, 
   -544162.865
  ], 
  [
   -994620.313, 
   -344999.527
  ], 
  [
   -57866.33, 
   838872.383
  ], 
  [
   -504100.896, 
   -219722.509
  ], 
  [
   788840.471, 
   -825466.35
  ], 
  [
   -637917.913, 
   510494.95
  ], 
  [
   -298051.962, 
   550531.772
  ], 
  [
   24044.851, 
   -604350.625
  ], 
  [
   -530952.559, 
   445425.86
  ], 
  [
   997950.065, 
   -133579.032
  ], 
  [
   791300.205, 
   32675.022
  ], 
  [
   -553654.785, 
   -57771.038
  ], 
  [
   -584551.826, 
   140377.146
  ], 
  [
   -481650.007, 
   -918435.682
  ], 
  [
   997357.422, 
   -234645.5
  ], 
  [
   -214906.953, 
   -51806.26
  ], 
  [
   346789.372, 
   673370.68
  ], 
  [
   888932.7, 
   301568.098
  ], 
  [
   341049.862, 
   345405.554
  ], 
  [
   -204631.737, 
   433998.638
  ], 
  [
   981213.699, 
   847700.119
  ], 
  [
   -169250.571, 
   -609784.486
  ], 
  [
   495001.148, 
   984046.117
  ], 
  [
   47106.829, 
   339757.373
  ], 
  [
   -248544.254, 
   362417.502
  ], 
  [
   1425.401, 
   -464512.773
  ], 
  [
   -859572.636, 
   964912.383
  ], 
  [
   -289666.713, 
   988476.067
  ], 
  [
   165784.762, 
   369759.529
  ], 
  [
   -774680.27, 
   -460016.184
  ], 
  [
   -783272.842, 
   -690666.669
  ], 
  [
   492670.117, 
   937917.973
  ], 
  [
   -129480.677, 
   -806491.103
  ], 
  [
   765909.048, 
   150951.712
  ], 
  [
   717686.306, 
   3330.457
  ], 
  [
   132425.405, 
   -358880.316
  ], 
  [
   -180013.267, 
   275212.21
  ], 
  [
   475005.007, 
   -553473.114
  ], 
  [
   -527066.666, 
   892647.206
  ], 
  [
   -837609.507, 
   -850251.425
  ], 
  [
   -202807.767, 
   -285662.608
  ], 
  [
   999310.72, 
   192012.791
  ], 
  [
   760972.803, 
   -771490.993
  ], 
  [
   -726222.419, 
   -912811.95
  ]
 ], 
 "PUV": [
  false, 
  true, 
  true, 
  false, 
  false, 
  false, 
  true, 
  true, 
  true, 
  true, 
  false, 
  true, 
  true, 
  true, 
  false
 ], 
 "LCM": {
  "11": [
   "ANDD", 
   "ORR", 
   "NOTUSED", 
   "ANDD", 
   "NOTUSED", 
   "ANDD", 
   "NOTUSED", 
   "NOTUSED", 
   "ANDD", 
   "ANDD", 
   "NOTUSED", 
   "ANDD", 
   "NOTUSED", 
   "NOTUSED", 
   "NOTUSED"
  ], 
  "10": [
   "ANDD", 
   "ANDD", 
   "ORR", 
   "ORR", 
   "ANDD", 
   "ORR", 
   "ORR", 
   "ORR", 
   "NOTUSED", 
   "ANDD", 
   "ORR", 
   "NOTUSED", 
   "NOTUSED", 
   "ORR", 
   "ANDD"
  ], 
  "13": [
   "NOTUSED", 
   "ORR", 
   "ANDD", 
   "NOTUSED", 
   "ORR", 
   "NOTUSED", 
   "ORR", 
   "ORR", 
   "ANDD", 
   "ANDD", 
   "ORR", 
   "NOTUSED", 
   "ORR", 
   "NOTUSED", 
   "NOTUSED"
  ], 
  "12": [
   "ORR", 
   "NOTUSED", 
   "ORR", 
   "ORR", 
   "ANDD", 
   "ANDD", 
   "NOTUSED", 
   "NOTUSED", 
   "NOTUSED", 
   "ORR", 
   "NOTUSED", 
   "NOTUSED", 
   "ANDD", 
   "ORR", 
   "ANDD"
  ], 
  "14": [
   "ANDD", 
   "ORR", 
   "ANDD", 
   "ORR", 
   "ORR", 
   "ANDD", 
   "ANDD", 
   "ORR", 
   "NOTUSED", 
   "NOTUSED", 
   "ANDD", 
   "NOTUSED", 
   "ANDD", 
   "NOTUSED", 
   "NOTUSED"
  ], 
  "1": [
   "NOTUSED", 
   "ORR", 
   "NOTUSED", 
   "NOTUSED", 
   "ANDD", 
   "NOTUSED", 
   "NOTUSED", 
   "ANDD", 
   "NOTUSED", 
   "ORR", 
   "ANDD", 
   "ORR", 
   "NOTUSED", 
   "ORR", 
   "ORR"
  ], 
  "0": [
   "NOTUSED", 
   "NOTUSED", 
   "ANDD", 
   "ANDD", 
   "ANDD", 
   "NOTUSED", 
   "NOTUSED", 
   "ORR", 
   "ANDD", 
   "NOTUSED", 
   "ANDD", 
   "ANDD", 
   "ORR", 
   "NOTUSED", 
   "ANDD"
  ], 
  "3": [
   "ANDD", 
   "NOTUSED", 
   "NOTUSED", 
   "ANDD", 
   "NOTUSED", 
   "ANDD", 
   "ORR", 
   "ORR", 
   "ANDD", 
   "ANDD", 
   "ORR", 
   "ANDD", 
   "ORR", 
   "NOTUSED", 
   "ORR"
  ], 
  "2": [
   "ANDD", 
   "NOTUSED", 
   "ORR", 
   "NOTUSED", 
   "ORR", 
   "ANDD", 
   "NOTUSED", 
   "ANDD", 
   "NOTUSED", 
   "ANDD", 
   "ORR", 
   "NOTUSED", 
   "ORR", 
   "ANDD", 
   "ANDD"
  ], 
  "5": [
   "NOTUSED", 
   "NOTUSED", 
   "ANDD", 
   "ANDD", 
   "ORR", 
   "NOTUSED", 
   "NOTUSED", 
   "NOTUSED", 
   "ANDD", 
   "ANDD", 
   "ORR", 
   "ANDD", 
   "ANDD", 
   "NOTUSED", 
   "ANDD"
  ], 
  "4": [
   "ANDD", 
   "ANDD", 
   "ORR", 
   "NOTUSED", 
   "ORR", 
   "ORR", 
   "ANDD", 
   "ANDD", 
   "NOTUSED", 
   "ORR", 
   "ANDD", 
   "NOTUSED", 
   "ANDD", 
   "ORR", 
   "ORR"
  ], 
  "7": [
   "ORR", 
   "ANDD", 
   "ANDD", 
   "ORR", 
   "ANDD", 
   "NOTUSED", 
   "ANDD", 
   "NOTUSED", 
   "ANDD", 
   "ORR", 
   "ORR", 
   "NOTUSED", 
   "NOTUSED", 
   "ORR", 
   "ORR"
  ], 
  "6": [
   "NOTUSED", 
   "NOTUSED", 
   "NOTUSED", 
   "ORR", 
   "ANDD", 
   "NOTUSED", 
   "ANDD", 
   "ANDD", 
   "ANDD", 
   "ORR", 
   "ORR", 
   "NOTUSED", 
   "NOTUSED", 
   "ORR", 
   "ANDD"
  ], 
  "9": [
   "NOTUSED", 
   "ORR", 
   "ANDD", 
   "ANDD", 
   "ORR", 
   "ANDD", 
   "ORR", 
   "ORR", 
   "NOTUSED", 
   "NOTUSED", 
   "ANDD", 
   "ANDD", 
   "ORR", 
   "ANDD", 
   "NOTUSED"
  ], 
  "8": [
   "ANDD", 
   "NOTUSED", 
   "NOTUSED", 
   "ANDD", 
   "NOTUSED", 
   "ANDD", 
   "ANDD", 
   "ANDD", 
   "ORR", 
   "NOTUSED", 
   "NOTUSED", 
   "ANDD", 
   "NOTUSED", 
   "ANDD", 
   "NOTUSED"
  ]
 }
}