{
 "random_seed": 790217416, 
 "PARAMETERS": {
  "RADIUS1": 281075.672, 
  "QUADS": 2, 
  "RADIUS2": 156458.389, 
  "DIST": 818355.185, 
  "F_PTS": 53, 
  "K_PTS": 24, 
  "EPSILON": 0.381, 
  "LENGTH1": 811621.741, 
  "G_PTS": 25, 
  "Q_PTS": 20, 
  "N_PTS": 76, 
  "C_PTS": 12, 
  "AREA2": 226501.251, 
  "LENGTH2": 622488.405, 
  "B_PTS": 28, 
  "D_PTS": 44, 
  "AREA1": 338767.148, 
  "A_PTS": 2, 
  "E_PTS": 9
 }, 
 "NUMPOINTS": 98, 
 "points": [
  [
   875035.995, 
   -782339.387
  ], 
  [
   400952.441, 
   656742.432
  ], 
  [
   734904.11, 
   767822.408
  ], 
  [
   267962.472, 
   -858226.909
  ], 
  [
   -303649.347, 
   40837.97
  ], 
  [
   -986138.494, 
   -483200.413
  ], 
  [
   -375986.709, 
   612250.893
  ], 
  [
   -350180.79, 
   704495.833
  ], 
  [
   -941376.496, 
   -866359.918
  ], 
  [
   683377.416, 
   777375.12
  ], 
  [
   771230.789, 
   -322690.349
  ], 
  [
   531000.143, 
   143775.235
  ], 
  [
   812786.088, 
   -255569.866
  ], 
  [
   965448.737, 
   375310.079
  ], 
  [
   -901897.563, 
   -363010.564
  ], 
  [
   497007.306, 
   -625273.596
  ], 
  [
   -176815.537, 
   -771955.775
  ], 
  [
   864081.862, 
   472640.765
  ], 
  [
   -582560.998, 
   -776313.59
  ], 
  [
   -30718.187, 
   782159.7
  ], 
  [
   -414828.911, 
   296584.792
  ], 
  [
   221473.975, 
   662801.459
  ], 
  [
   -866188.325, 
   -335411.693
  ], 
  [
   -187593.101, 
   567592.065
  ], 
  [
   -443273.924, 
   556522.484
  ], 
  [
   -859316.833, 
   588033.607
  ], 
  [
   -270468.619, 
   -957207.021
  ], 
  [
   -221249.517, 
   702199.031
  ], 
  [
   -721073.39, 
   -411703.212
  ], 
  [
   -545629.726, 
   -564227.527
  ], 
  [
   -755039.793, 
   -853231.775
  ], 
  [
   706382.007, 
   -765543.088
  ], 
  [
   -166657.407, 
   -175561.217
  ], 
  [
   -707735.49, 
   500439.985
  ], 
  [
   -628418.113, 
   -728081.226
  ], 
  [
   875459.593, 
   169933.031
  ], 
  [
   -744453.218, 
   688214.127
  ], 
  [
   969966.401, 
   448016.059
  ], 
  [
   -380888.894, 
   -577333.134
  ], 
  [
   414653.833, 
   321988.832
  ], 
  [
   410252.649, 
   224967.177
  ], 
  [
   -560434.459, 
   -337582.97
  ], 
  [
   772849.084, 
   -594549.397
  ], 
  [
   128998.194, 
   -36407.052
  ], 
  [
   -663777.788, 
   280485.345
  ], 
  [
   -65743.032, 
   117637.897
  ], 
  [
   425224.918, 
   -125238.213
  ], 
  [
   -687121.765, 
   671805.53
  ], 
  [
   104762.696, 
   633912.112
  ], 
  [
   174604.382, 
   414409.99
  ], 
  [
   -571680.252, 
   -800573.135
  ], 
  [
   -861839.117, 
   346148.327
  ], 
  [
   -718697.9, 
   -328754.579
  ], 
  [
   -469730.512, 
   -143175.162
  ], 
  [
   -583339.305, 
   587093.331
  ], 
  [
   81230.575, 
   274942.744
  ], 
  [
   -884902.327, 
   962609.003
  ], 
  [
   712910.31, 
   644133.303
  ], 
  [
   -476140.331, 
   845709.332
  ], 
  [
   -861728.534, 
   897373.866
  ], 
  [
   -472650.042, 
   -75554.404
  ], 
  [
   -778545.703, 
   279178.855
  ], 
  [
   295584.348, 
   116933.063
  ], 
  [
   196048.796, 
   -402743.359
  ], 
  [
   131860.576, 
   451822.118
  ], 
  [
   -932647.924, 
   918475.667
  ], 
  [
   430443.809, 
   139332.19
  ], 
  [
   52996.13, 
   -135649.894
  ], 
  [
   236241.65, 
   -755380.966
  ], 
  [
   946871.617, 
   739226.754
  ], 
  [
   -222016.825, 
   869864.988
  ], 
  [
   815957.35, 
   545753.839
  ], 
  [
   674087.573, 
   -206361.856
  ], 
  [
   450720.128, 
   974394.922
  ], 
  [
   -571819.981, 
   159266.617
  ], 
  [
   399056.337, 
   -475582.438
  ], 
  [
   -957416.313, 
   498935.496
  ], 
  [
   716904.665, 
   -268327.432
  ], 
  [
   -717408.39, 
   792130.184
  ], 
  [
   974767.519, 
   688359.784
  ], 
  [
   314823.402, 
   732290.247
  ], 
  [
   277820.423, 
   751026.367
  ], 
  [
   -450079.771, 
   332327.659
  ], 
  [
   -907952.952, 
   -491337.689
  ], 
  [
   -288690.497, 
   -40980.225
  ], 
  [
   -149369.329, 
   883787.796
  ], 
  [
   -114020.176, 
   200798.088
  ], 
  [
   965698.29, 
   -190210.481
  ], 
  [
   665161.84, 
   -628057.27
  ], 
  [
   344220.948, 
   -424306.123
  ], 
  [
   242299.831, 
   -479641.374
  ], 
  [
   235752.171, 
   -576615.709
  ], 
  [
   869382.977, 
   874343.927
  ], 
  [
   -819027.955, 
   420739.464
  ], 
  [
   850461.665, 
   711075.278
  ], 
  [
   720428.494, 
   -723016.116
  ], 
  [
   612306.459, 
   -908972.593
  ], 
  [
   189853.283, 
   480802.899
  ]
 ], 
 "PUV": [
  true, 
  true, 
  false, 
  true, 
  false, 
  true, 
  false, 
  true, 
  false, 
  false, 
  false, 
  false, 
  false, 
  true, 
  false
 ], 
 "LCM": {
  "11": [
   "NOTUSED", 
   "ANDD", 
   "ORR", 
   "ORR", 
   "ORR", 
   "ANDD", 
   "ANDD", 
   "ORR", 
   "ORR", 
   "NOTUSED", 
   "NOTUSED", 
   "ORR", 
   "ANDD", 
   "NOTUSED", 
   "NOTUSED"
  ], 
  "10": [
   "ANDD", 
   "NOTUSED", 
   "ORR", 
   "NOTUSED", 
   "ORR", 
   "NOTUSED", 
   "ORR", 
   "ORR", 
   "ANDD", 
   "ANDD", 
   "ANDD", 
   "NOTUSED", 
   "ANDD", 
   "NOTUSED", 
   "ORR"
  ], 
  "13": [
   "ANDD", 
   "NOTUSED", 
   "NOTUSED", 
   "NOTUSED", 
   "NOTUSED", 
   "NOTUSED", 
   "ORR", 
   "ANDD", 
   "NOTUSED", 
   "NOTUSED", 
   "NOTUSED", 
   "NOTUSED", 
   "NOTUSED", 
   "ANDD", 
   "ANDD"
  ], 
  "12": [
   "ORR", 
   "NOTUSED", 
   "ANDD", 
   "ANDD", 
   "ORR", 
   "ORR", 
   "ORR", 
   "ORR", 
   "ORR", 
   "NOTUSED", 
   "ANDD", 
   "ANDD", 
   "NOTUSED", 
   "NOTUSED", 
   "ANDD"
  ], 
  "14": [
   "ANDD", 
   "ORR", 
   "ANDD", 
   "ORR", 
   "NOTUSED", 
   "NOTUSED", 
   "ANDD", 
   "ORR", 
   "ANDD", 
   "ANDD", 
   "ORR", 
   "NOTUSED", 
   "ANDD", 
   "ANDD", 
   "ANDD"
  ], 
  "1": [
   "ANDD", 
   "ANDD", 
   "ANDD", 
   "NOTUSED", 
   "NOTUSED", 
   "NOTUSED", 
   "ORR", 
   "NOTUSED", 
   "ORR", 
   "NOTUSED", 
   "NOTUSED", 
   "ANDD", 
   "NOTUSED", 
   "NOTUSED", 
   "ORR"
  ], 
  "0": [
   "ANDD", 
   "ANDD", 
   "ANDD", 
   "ORR", 
   "NOTUSED", 
   "ORR", 
   "NOTUSED", 
   "ANDD", 
   "ORR", 
   "ORR", 
   "ANDD", 
   "NOTUSED", 
   "ORR", 
   "ANDD", 
   "ANDD"
  ], 
  "3": [
   "ORR", 
   "NOTUSED", 
   "ANDD", 
   "NOTUSED", 
   "NOTUSED", 
   "ORR", 
   "NOTUSED", 
   "ORR", 
   "ORR", 
   "ORR", 
   "NOTUSED", 
   "ORR", 
   "ANDD", 
   "NOTUSED", 
   "ORR"
  ], 
  "2": [
   "ANDD", 
   "ANDD", 
   "ANDD", 
   "ANDD", 
   "ORR", 
   "ANDD", 
   "ORR", 
   "NOTUSED", 
   "NOTUSED", 
   "ANDD", 
   "ORR", 
   "ORR", 
   "ANDD", 
   "NOTUSED", 
   "ANDD"
  ], 
  "5": [
   "ORR", 
   "NOTUSED", 
   "ANDD", 
   "ORR", 
   "ORR", 
   "NOTUSED", 
   "ORR", 
   "NOTUSED", 
   "ORR", 
   "NOTUSED", 
   "NOTUSED", 
   "ANDD", 
   "ORR", 
   "NOTUSED", 
   "NOTUSED"
  ], 
  "4": [
   "NOTUSED", 
   "NOTUSED", 
   "ORR", 
   "NOTUSED", 
   "ANDD", 
   "ORR", 
   "ANDD", 
   "NOTUSED", 
   "ORR", 
   "ORR", 
   "ORR", 
   "ORR", 
   "ORR", 
   "NOTUSED", 
   "NOTUSED"
  ], 
  "7": [
   "ANDD", 
   "NOTUSED", 
   "NOTUSED", 
   "ORR", 
   "NOTUSED", 
   "NOTUSED", 
   "NOTUSED", 
   "ORR", 
   "NOTUSED", 
   "NOTUSED", 
   "ORR", 
   "ORR", 
   "ORR", 
   "ANDD", 
   "ORR"
  ], 
  "6": [
   "NOTUSED", 
   "ORR", 
   "ORR", 
   "NOTUSED", 
   "ANDD", 
   "ORR", 
   "NOTUSED", 
   "NOTUSED", 
   "ORR", 
   "NOTUSED", 
   "ORR", 
   "ANDD", 
   "ORR", 
   "ORR", 
   "ANDD"
  ], 
  "9": [
   "ORR", 
   "NOTUSED", 
   "ANDD", 
   "ORR", 
   "ORR", 
   "NOTUSED", 
   "NOTUSED", 
   "NOTUSED", 
   "NOTUSED", 
   "ORR", 
   "ANDD", 
   "NOTUSED", 
   "NOTUSED", 
   "NOTUSED", 
   "ANDD"
  ], 
  "8": [
   "ORR", 
   "ORR", 
   "NOTUSED", 
   "ORR", 
   "ORR", 
   "ORR", 
   "ORR", 
   "NOTUSED", 
   "ORR", 
   "NOTUSED", 
   "ANDD", 
   "ORR", 
   "ORR", 
   "NOTUSED", 
   "ANDD"
  ]
 }
}