{
 "random_seed": 3633433664, 
 "PARAMETERS": {
  "RADIUS1": 991925.899, 
  "QUADS": 2, 
  "RADIUS2": 8449.146, 
  "DIST": 153863.167, 
  "F_PTS": 1, 
  "K_PTS": 1, 
  "EPSILON": 3.015, 
  "LENGTH1": 148229.523, 
  "G_PTS": 14, 
  "Q_PTS": 13, 
  "N_PTS": 18, 
  "C_PTS": 6, 
  "AREA2": 460789.826, 
  "LENGTH2": 814295.945, 
  "B_PTS": 6, 
  "D_PTS": 1, 
  "AREA1": 205097.578, 
  "A_PTS": 4, 
  "E_PTS": 12
 }, 
 "NUMPOINTS": 19, 
 "points": [
  [
   -962827.933, 
   151715.975
  ], 
  [
   908945.043, 
   -463316.933
  ], 
  [
   68750.655, 
   716154.786
  ], 
  [
   -797403.399, 
   762033.96
  ], 
  [
   -483673.323, 
   728206.729
  ], 
  [
   -83023.31, 
   -421514.566
  ], 
  [
   -938937.251, 
   828792.866
  ], 
  [
   -458761.756, 
   -18792.763
  ], 
  [
   -795532.308, 
   -850453.435
  ], 
  [
   -242621.377, 
   195790.866
  ], 
  [
   -620845.309, 
   -365095.576
  ], 
  [
   83065.372, 
   -249087.607
  ], 
  [
   -357475.704, 
   517551.651
  ], 
  [
   -610677.514, 
   -166617.362
  ], 
  [
   -1884.863, 
   171388.049
  ], 
  [
   273575.873, 
   -598207.445
  ], 
  [
   741161.63, 
   -189831.663
  ], 
  [
   159025.451, 
   455883.769
  ], 
  [
   572209.302, 
   -492137.737
  ]
 ], 
 "PUV": [
  true, 
  true, 
  false, 
  true, 
  true, 
  true, 
  true, 
  false, 
  true, 
  true, 
  true, 
  true, 
  false, 
  true, 
  true
 ], 
 "LCM": {
  "11": [
   "ANDD", 
   "ANDD", 
   "ORR", 
   "ORR", 
   "ORR", 
   "ORR", 
   "ANDD", 
   "ANDD", 
   "ORR", 
   "ANDD", 
   "NOTUSED", 
   "NOTUSED", 
   "ANDD", 
   "NOTUSED", 
   "ORR"
  ], 
  "10": [
   "ORR", 
   "ORR", 
   "ORR", 
   "ORR", 
   "ANDD", 
   "ORR", 
   "NOTUSED", 
   "ANDD", 
   "ANDD", 
   "ORR", 
   "ORR", 
   "NOTUSED", 
   "ORR", 
   "NOTUSED", 
   "ORR"
  ], 
  "13": [
   "ANDD", 
   "NOTUSED", 
   "ANDD", 
   "ORR", 
   "ANDD", 
   "ANDD", 
   "ORR", 
   "ANDD", 
   "ORR", 
   "ORR", 
   "NOTUSED", 
   "NOTUSED", 
   "ORR", 
   "ANDD", 
   "NOTUSED"
  ], 
  "12": [
   "ORR", 
   "ANDD", 
   "ORR", 
   "NOTUSED", 
   "ORR", 
   "NOTUSED", 
   "NOTUSED", 
   "ORR", 
   "ANDD", 
   "ANDD", 
   "ORR", 
   "ANDD", 
   "ANDD", 
   "ORR", 
   "NOTUSED"
  ], 
  "14": [
   "ANDD", 
   "NOTUSED", 
   "ANDD", 
   "ORR", 
   "ORR", 
   "NOTUSED", 
   "ANDD", 
   "NOTUSED", 
   "ANDD", 
   "NOTUSED", 
   "ORR", 
   "ORR", 
   "NOTUSED", 
   "NOTUSED", 
   "ANDD"
  ], 
  "1": [
   "ORR", 
   "NOTUSED", 
   "ANDD", 
   "ANDD", 
   "NOTUSED", 
   "ORR", 
   "NOTUSED", 
   "ANDD", 
   "ANDD", 
   "ANDD", 
   "ORR", 
   "ANDD", 
   "ANDD", 
   "NOTUSED", 
   "NOTUSED"
  ], 
  "0": [
   "NOTUSED", 
   "ORR", 
   "NOTUSED", 
   "NOTUSED", 
   "ANDD", 
   "ANDD", 
   "ANDD", 
   "NOTUSED", 
   "ORR", 
   "ORR", 
   "ORR", 
   "ANDD", 
   "ORR", 
   "ANDD", 
   "ANDD"
  ], 
  "3": [
   "NOTUSED", 
   "ANDD", 
   "NOTUSED", 
   "ORR", 
   "NOTUSED", 
   "ANDD", 
   "ANDD", 
   "NOTUSED", 
   "ORR", 
   "ORR", 
   "ORR", 
   "ORR", 
   "NOTUSED", 
   "ORR", 
   "ORR"
  ], 
  "2": [
   "NOTUSED", 
   "ANDD", 
   "NOTUSED", 
   "NOTUSED", 
   "ANDD", 
   "NOTUSED", 
   "NOTUSED", 
   "ORR", 
   "ORR", 
   "ORR", 
   "ORR", 
   "ORR", 
   "ORR", 
   "ANDD", 
   "ANDD"
  ], 
  "5": [
   "ANDD", 
   "ORR", 
   "NOTUSED", 
   "ANDD", 
   "ANDD", 
   "ANDD", 
   "ANDD", 
   "NOTUSED", 
   "ANDD", 
   "ANDD", 
   "ORR", 
   "ORR", 
   "NOTUSED", 
   "ANDD", 
   "NOTUSED"
  ], 
  "4": [
   "ANDD", 
   "NOTUSED", 
   "ANDD", 
   "NOTUSED", 
   "NOTUSED", 
   "ANDD", 
   "ANDD", 
   "ANDD", 
   "ANDD", 
   "ANDD", 
   "ANDD", 
   "ORR", 
   "ORR", 
   "ANDD", 
   "ORR"
  ], 
  "7": [
   "NOTUSED", 
   "ANDD", 
   "ORR", 
   "NOTUSED", 
   "ANDD", 
   "NOTUSED", 
   "ANDD", 
   "ORR", 
   "ANDD", 
   "ANDD", 
   "ANDD", 
   "ANDD", 
   "ORR", 
   "ANDD", 
   "NOTUSED"
  ], 
  "6": [
   "ANDD", 
   "NOTUSED", 
   "NOTUSED", 
   "ANDD", 
   "ANDD", 
   "ANDD", 
   "NOTUSED", 
   "ANDD", 
   "NOTUSED", 
   "NOTUSED", 
   "NOTUSED", 
   "ANDD", 
   "NOTUSED", 
   "ORR", 
   "ANDD"
  ], 
  "9": [
   "ORR", 
   "ANDD", 
   "ORR", 
   "ORR", 
   "ANDD", 
   "ANDD", 
   "NOTUSED", 
   "ANDD", 
   "NOTUSED", 
   "NOTUSED", 
   "ORR", 
   "ANDD", 
   "ANDD", 
   "ORR", 
   "NOTUSED"
  ], 
  "8": [
   "ORR", 
   "ANDD", 
   "ORR", 
   "ORR", 
   "ANDD", 
   "ANDD", 
   "NOTUSED", 
   "ANDD", 
   "ANDD", 
   "NOTUSED", 
   "ANDD", 
   "ORR", 
   "ANDD", 
   "ORR", 
   "ANDD"
  ]
 }
}