{
 "random_seed": 494191120, 
 "PARAMETERS": {
  "RADIUS1": 338559.646, 
  "QUADS": 3, 
  "RADIUS2": 18348.835, 
  "DIST": 62646.85, 
  "F_PTS": 23, 
  "K_PTS": 16, 
  "EPSILON": 1.798, 
  "LENGTH1": 163000.336, 
  "G_PTS": 11, 
  "Q_PTS": 15, 
  "N_PTS": 10, 
  "C_PTS": 29, 
  "AREA2": 126272.086, 
  "LENGTH2": 443106.886, 
  "B_PTS": 40, 
  "D_PTS": 12, 
  "AREA1": 643145.491, 
  "A_PTS": 1, 
  "E_PTS": 17
 }, 
 "NUMPOINTS": 45, 
 "points": [
  [
   41848.631, 
   984996.361
  ], 
  [
   654830.856, 
   607259.547
  ], 
  [
   953128.703, 
   805067.713
  ], 
  [
   -559144.478, 
   -697599.098
  ], 
  [
   796573.687, 
   271632.592
  ], 
  [
   -611580.369, 
   -276515.798
  ], 
  [
   431112.272, 
   -84733.507
  ], 
  [
   -633399.6, 
   -493103.596
  ], 
  [
   -796279.729, 
   -919968.29
  ], 
  [
   -102673.41, 
   -145956.054
  ], 
  [
   -885405.685, 
   481895.591
  ], 
  [
   -559937.479, 
   -399447.549
  ], 
  [
   -438006.999, 
   -470821.795
  ], 
  [
   11457.577, 
   672631.614
  ], 
  [
   -133834.209, 
   788045.238
  ], 
  [
   844458.743, 
   -833702.508
  ], 
  [
   64768.206, 
   -25209.591
  ], 
  [
   820738.127, 
   477699.219
  ], 
  [
   -696178.363, 
   -969308.098
  ], 
  [
   -711390.91, 
   -663089.912
  ], 
  [
   823816.965, 
   -680858.158
  ], 
  [
   80164.665, 
   -640828.805
  ], 
  [
   135063.271, 
   486860.842
  ], 
  [
   10023.549, 
   992852.658
  ], 
  [
   301402.407, 
   -611722.927
  ], 
  [
   475525.678, 
   308361.754
  ], 
  [
   534574.046, 
   -138298.247
  ], 
  [
   -456011.688, 
   -47052.891
  ], 
  [
   -224460.263, 
   533538.265
  ], 
  [
   728460.016, 
   -557900.456
  ], 
  [
   272156.912, 
   338615.525
  ], 
  [
   342989.106, 
   991155.138
  ], 
  [
   -126453.661, 
   -916838.063
  ], 
  [
   -155179.837, 
   256250.855
  ], 
  [
   548576.283, 
   -881106.021
  ], 
  [
   182238.385, 
   244444.585
  ], 
  [
   615123.568, 
   -181207.852
  ], 
  [
   -48729.253, 
   25633.883
  ], 
  [
   119535.429, 
   649341.814
  ], 
  [
   -23245.39, 
   -539913.057
  ], 
  [
   -233458.774, 
   -57010.921
  ], 
  [
   -184927.265, 
   -526054.775
  ], 
  [
   670088.592, 
   -109652.257
  ], 
  [
   -771450.46, 
   -198508.584
  ], 
  [
   301399.636, 
   -26655.518
  ]
 ], 
 "PUV": [
  true, 
  true, 
  false, 
  false, 
  true, 
  true, 
  true, 
  false, 
  false, 
  true, 
  true, 
  true, 
  false, 
  true, 
  true
 ], 
 "LCM": {
  "11": [
   "NOTUSED", 
   "ANDD", 
   "ORR", 
   "ANDD", 
   "NOTUSED", 
   "ANDD", 
   "ANDD", 
   "ORR", 
   "NOTUSED", 
   "ORR", 
   "ORR", 
   "ORR", 
   "ANDD", 
   "NOTUSED", 
   "ANDD"
  ], 
  "10": [
   "ANDD", 
   "ORR", 
   "ANDD", 
   "NOTUSED", 
   "NOTUSED", 
   "ANDD", 
   "NOTUSED", 
   "ORR", 
   "ANDD", 
   "ANDD", 
   "ORR", 
   "ORR", 
   "ORR", 
   "ORR", 
   "ANDD"
  ], 
  "13": [
   "ORR", 
   "ORR", 
   "NOTUSED", 
   "ANDD", 
   "NOTUSED", 
   "NOTUSED", 
   "NOTUSED", 
   "NOTUSED", 
   "ANDD", 
   "NOTUSED", 
   "ORR", 
   "NOTUSED", 
   "ORR", 
   "ANDD", 
   "ORR"
  ], 
  "12": [
   "ORR", 
   "ANDD", 
   "ANDD", 
   "ORR", 
   "ORR", 
   "ANDD", 
   "ANDD", 
   "ANDD", 
   "ANDD", 
   "ORR", 
   "ORR", 
   "ANDD", 
   "ORR", 
   "ORR", 
   "NOTUSED"
  ], 
  "14": [
   "ANDD", 
   "ANDD", 
   "ORR", 
   "ANDD", 
   "ANDD", 
   "ANDD", 
   "ORR", 
   "ANDD", 
   "ORR", 
   "ANDD", 
   "ANDD", 
   "ANDD", 
   "NOTUSED", 
   "ORR", 
   "NOTUSED"
  ], 
  "1": [
   "NOTUSED", 
   "ANDD", 
   "ANDD", 
   "ANDD", 
   "NOTUSED", 
   "ORR", 
   "ANDD", 
   "NOTUSED", 
   "ORR", 
   "ORR", 
   "ORR", 
   "ANDD", 
   "ANDD", 
   "ORR", 
   "ANDD"
  ], 
  "0": [
   "ORR", 
   "NOTUSED", 
   "NOTUSED", 
   "ORR", 
   "ANDD", 
   "ANDD", 
   "ORR", 
   "NOTUSED", 
   "ANDD", 
   "ORR", 
   "ANDD", 
   "NOTUSED", 
   "ORR", 
   "ORR", 
   "ANDD"
  ], 
  "3": [
   "ORR", 
   "ANDD", 
   "ANDD", 
   "NOTUSED", 
   "ANDD", 
   "ANDD", 
   "ANDD", 
   "ORR", 
   "NOTUSED", 
   "ANDD", 
   "NOTUSED", 
   "ANDD", 
   "ORR", 
   "ANDD", 
   "ANDD"
  ], 
  "2": [
   "NOTUSED", 
   "ANDD", 
   "ANDD", 
   "ANDD", 
   "ORR", 
   "ANDD", 
   "NOTUSED", 
   "NOTUSED", 
   "ORR", 
   "NOTUSED", 
   "ANDD", 
   "ORR", 
   "ANDD", 
   "NOTUSED", 
   "ORR"
  ], 
  "5": [
   "ANDD", 
   "ORR", 
   "ANDD", 
   "ANDD", 
   "NOTUSED", 
   "ORR", 
   "ORR", 
   "ANDD", 
   "ORR", 
   "ORR", 
   "ANDD", 
   "ANDD", 
   "ANDD", 
   "NOTUSED", 
   "ANDD"
  ], 
  "4": [
   "ANDD", 
   "NOTUSED", 
   "ORR", 
   "ANDD", 
   "ORR", 
   "NOTUSED", 
   "NOTUSED", 
   "NOTUSED", 
   "ORR", 
   "NOTUSED", 
   "NOTUSED", 
   "NOTUSED", 
   "ORR", 
   "NOTUSED", 
   "ANDD"
  ], 
  "7": [
   "NOTUSED", 
   "NOTUSED", 
   "NOTUSED", 
   "ORR", 
   "NOTUSED", 
   "ANDD", 
   "NOTUSED", 
   "NOTUSED", 
   "ANDD", 
   "NOTUSED", 
   "ORR", 
   "ORR", 
   "ANDD", 
   "NOTUSED", 
   "ANDD"
  ], 
  "6": [
   "ORR", 
   "ANDD", 
   "NOTUSED", 
   "ANDD", 
   "NOTUSED", 
   "ORR", 
   "ANDD", 
   "NOTUSED", 
   "ANDD", 
   "NOTUSED", 
   "NOTUSED", 
   "ANDD", 
   "ANDD", 
   "NOTUSED", 
   "ORR"
  ], 
  "9": [
   "ORR", 
   "ORR", 
   "NOTUSED", 
   "ANDD", 
   "NOTUSED", 
   "ORR", 
   "NOTUSED", 
   "NOTUSED", 
   "NOTUSED", 
   "NOTUSED", 
   "ANDD", 
   "ORR", 
   "ORR", 
   "NOTUSED", 
   "ANDD"
  ], 
  "8": [
   "ANDD", 
   "ORR", 
   "ORR", 
   "NOTUSED", 
   "ORR", 
   "ORR", 
   "ANDD", 
   "ANDD", 
   "NOTUSED", 
   "NOTUSED", 
   "ANDD", 
   "NOTUSED", 
   "ANDD", 
   "ANDD", 
   "ORR"
  ]
 }
}