{
 "random_seed": 1357002804, 
 "PARAMETERS": {
  "RADIUS1": 450043.784, 
  "QUADS": 3, 
  "RADIUS2": 972428.749, 
  "DIST": 931271.993, 
  "F_PTS": 12, 
  "K_PTS": 40, 
  "EPSILON": 2.972, 
  "LENGTH1": 360952.816, 
  "G_PTS": 32, 
  "Q_PTS": 49, 
  "N_PTS": 78, 
  "C_PTS": 69, 
  "AREA2": 655826.285, 
  "LENGTH2": 12341.912, 
  "B_PTS": 40, 
  "D_PTS": 3, 
  "AREA1": 492830.292, 
  "A_PTS": 10, 
  "E_PTS": 59
 }, 
 "NUMPOINTS": 96, 
 "points": [
  [
   979693.801, 
   -335878.644
  ], 
  [
   -867364.073, 
   432454.097
  ], 
  [
   325633.589, 
   874737.173
  ], 
  [
   -428682.347, 
   -955034.427
  ], 
  [
   -502165.123, 
   773388.104
  ], 
  [
   816886.013, 
   470957.207
  ], 
  [
   -682465.045, 
   484223.21
  ], 
  [
   -577337.593, 
   -297365.987
  ], 
  [
   -429886.531, 
   118350.186
  ], 
  [
   -564307.207, 
   -701214.179
  ], 
  [
   -657403.955, 
   -755735.159
  ], 
  [
   -617395.035, 
   -211009.504
  ], 
  [
   380641.592, 
   -58801.103
  ], 
  [
   307855.839, 
   193311.111
  ], 
  [
   401151.857, 
   425736.179
  ], 
  [
   940300.427, 
   -235897.561
  ], 
  [
   -581085.315, 
   791526.005
  ], 
  [
   -416574.694, 
   278858.102
  ], 
  [
   -169330.989, 
   690937.914
  ], 
  [
   387195.048, 
   -380141.154
  ], 
  [
   -225576.485, 
   -800859.065
  ], 
  [
   669403.28, 
   -205687.785
  ], 
  [
   -506275.337, 
   -558508.166
  ], 
  [
   49290.119, 
   -625203.253
  ], 
  [
   -47141.38, 
   134998.738
  ], 
  [
   332246.972, 
   1747.336
  ], 
  [
   396049.265, 
   -630751.037
  ], 
  [
   957908.715, 
   -312497.482
  ], 
  [
   -646934.744, 
   170034.275
  ], 
  [
   594458.072, 
   -481128.421
  ], 
  [
   -361020.588, 
   57598.82
  ], 
  [
   -345394.526, 
   763268.239
  ], 
  [
   -144779.4, 
   -526314.661
  ], 
  [
   -58282.671, 
   338410.044
  ], 
  [
   -40445.465, 
   -329064.005
  ], 
  [
   174178.233, 
   713567.675
  ], 
  [
   916955.562, 
   878860.316
  ], 
  [
   -939931.746, 
   927415.511
  ], 
  [
   -886871.866, 
   407911.682
  ], 
  [
   684894.692, 
   -986049.95
  ], 
  [
   -106767.378, 
   -570570.297
  ], 
  [
   256697.563, 
   -920989.938
  ], 
  [
   -984421.1, 
   -563986.174
  ], 
  [
   -383773.327, 
   585554.074
  ], 
  [
   594743.342, 
   -766216.081
  ], 
  [
   -206757.233, 
   879678.499
  ], 
  [
   839269.034, 
   795692.669
  ], 
  [
   683799.615, 
   402303.863
  ], 
  [
   -845706.175, 
   -667329.769
  ], 
  [
   -343357.029, 
   -571750.602
  ], 
  [
   804458.085, 
   809758.855
  ], 
  [
   288578.935, 
   -535545.611
  ], 
  [
   564685.644, 
   372338.904
  ], 
  [
   11389.04, 
   249998.251
  ], 
  [
   -339642.07, 
   761497.387
  ], 
  [
   -207641.625, 
   -241447.588
  ], 
  [
   682025.899, 
   716762.006
  ], 
  [
   -772052.555, 
   -561632.428
  ], 
  [
   217986.313, 
   -603869.944
  ], 
  [
   266417.306, 
   592174.45
  ], 
  [
   474922.563, 
   151012.429
  ], 
  [
   -544303.915, 
   735240.561
  ], 
  [
   -362118.76, 
   518702.426
  ], 
  [
   -834280.622, 
   -186460.33
  ], 
  [
   961164.695, 
   -790401.259
  ], 
  [
   -643239.375, 
   -365164.426
  ], 
  [
   -36390.836, 
   734763.499
  ], 
  [
   -830243.095, 
   707670.268
  ], 
  [
   993076.22, 
   -495585.445
  ], 
  [
   36345.865, 
   997939.417
  ], 
  [
   -960485.12, 
   -85776.562
  ], 
  [
   -526.785, 
   995013.793
  ], 
  [
   879801.953, 
   222731.253
  ], 
  [
   802901.891, 
   -85717.283
  ], 
  [
   -222123.323, 
   240461.262
  ], 
  [
   -40675.989, 
   -419364.5
  ], 
  [
   -283098.277, 
   857410.466
  ], 
  [
   972012.313, 
   430318.261
  ], 
  [
   -83993.394, 
   -561804.138
  ], 
  [
   -27255.864, 
   65831.133
  ], 
  [
   -802227.142, 
   -483701.384
  ], 
  [
   -180362.604, 
   207057.528
  ], 
  [
   -81619.857, 
   -394815.742
  ], 
  [
   -418448.7, 
   -155104.888
  ], 
  [
   -735478.432, 
   53860.59
  ], 
  [
   637010.77, 
   -130647.143
  ], 
  [
   -502695.598, 
   -958791.957
  ], 
  [
   -801254.433, 
   940757.726
  ], 
  [
   381963.3, 
   632746.732
  ], 
  [
   185523.831, 
   611576.741
  ], 
  [
   -52380.834, 
   386667.726
  ], 
  [
   940467.695, 
   -913241.019
  ], 
  [
   885481.428, 
   78691.136
  ], 
  [
   9997.437, 
   -996493.282
  ], 
  [
   -567668.569, 
   222034.675
  ], 
  [
   366323.281, 
   -691125.548
  ]
 ], 
 "PUV": [
  true, 
  false, 
  true, 
  false, 
  false, 
  false, 
  false, 
  false, 
  false, 
  true, 
  true, 
  true, 
  true, 
  false, 
  false
 ], 
 "LCM": {
  "11": [
   "ANDD", 
   "NOTUSED", 
   "ORR", 
   "NOTUSED", 
   "ANDD", 
   "ORR", 
   "NOTUSED", 
   "ORR", 
   "ORR", 
   "NOTUSED", 
   "ORR", 
   "ORR", 
   "ORR", 
   "ORR", 
   "NOTUSED"
  ], 
  "10": [
   "ORR", 
   "ORR", 
   "ANDD", 
   "ANDD", 
   "ANDD", 
   "ORR", 
   "ANDD", 
   "ANDD", 
   "NOTUSED", 
   "ORR", 
   "NOTUSED", 
   "ORR", 
   "NOTUSED", 
   "ANDD", 
   "ORR"
  ], 
  "13": [
   "NOTUSED", 
   "NOTUSED", 
   "ANDD", 
   "ANDD", 
   "ORR", 
   "NOTUSED", 
   "ORR", 
   "NOTUSED", 
   "NOTUSED", 
   "ANDD", 
   "ANDD", 
   "ORR", 
   "NOTUSED", 
   "ORR", 
   "ANDD"
  ], 
  "12": [
   "ANDD", 
   "ORR", 
   "ORR", 
   "ANDD", 
   "ANDD", 
   "ORR", 
   "ANDD", 
   "ANDD", 
   "ANDD", 
   "NOTUSED", 
   "NOTUSED", 
   "ORR", 
   "NOTUSED", 
   "NOTUSED", 
   "NOTUSED"
  ], 
  "14": [
   "ANDD", 
   "ANDD", 
   "NOTUSED", 
   "ORR", 
   "NOTUSED", 
   "NOTUSED", 
   "NOTUSED", 
   "NOTUSED", 
   "ORR", 
   "ORR", 
   "ORR", 
   "NOTUSED", 
   "NOTUSED", 
   "ANDD", 
   "ORR"
  ], 
  "1": [
   "ANDD", 
   "ORR", 
   "ANDD", 
   "NOTUSED", 
   "NOTUSED", 
   "ANDD", 
   "ORR", 
   "ANDD", 
   "ANDD", 
   "ANDD", 
   "ORR", 
   "NOTUSED", 
   "ORR", 
   "NOTUSED", 
   "ANDD"
  ], 
  "0": [
   "NOTUSED", 
   "ANDD", 
   "ORR", 
   "NOTUSED", 
   "ORR", 
   "NOTUSED", 
   "NOTUSED", 
   "NOTUSED", 
   "ANDD", 
   "NOTUSED", 
   "ORR", 
   "ANDD", 
   "ANDD", 
   "NOTUSED", 
   "ANDD"
  ], 
  "3": [
   "NOTUSED", 
   "NOTUSED", 
   "ANDD", 
   "ANDD", 
   "ANDD", 
   "ANDD", 
   "ORR", 
   "NOTUSED", 
   "ANDD", 
   "ANDD", 
   "ANDD", 
   "NOTUSED", 
   "ANDD", 
   "ANDD", 
   "ORR"
  ], 
  "2": [
   "ORR", 
   "ANDD", 
   "ORR", 
   "ANDD", 
   "ORR", 
   "ORR", 
   "NOTUSED", 
   "ANDD", 
   "ORR", 
   "ORR", 
   "ANDD", 
   "ORR", 
   "ORR", 
   "ANDD", 
   "NOTUSED"
  ], 
  "5": [
   "NOTUSED", 
   "ANDD", 
   "ORR", 
   "ANDD", 
   "NOTUSED", 
   "ORR", 
   "ORR", 
   "ANDD", 
   "NOTUSED", 
   "ANDD", 
   "ORR", 
   "ORR", 
   "ORR", 
   "NOTUSED", 
   "NOTUSED"
  ], 
  "4": [
   "ORR", 
   "NOTUSED", 
   "ORR", 
   "ANDD", 
   "NOTUSED", 
   "NOTUSED", 
   "NOTUSED", 
   "ORR", 
   "ORR", 
   "ORR", 
   "ANDD", 
   "ANDD", 
   "ANDD", 
   "ORR", 
   "NOTUSED"
  ], 
  "7": [
   "NOTUSED", 
   "ANDD", 
   "ANDD", 
   "NOTUSED", 
   "ORR", 
   "ANDD", 
   "NOTUSED", 
   "ANDD", 
   "ORR", 
   "ANDD", 
   "ANDD", 
   "ORR", 
   "ANDD", 
   "NOTUSED", 
   "NOTUSED"
  ], 
  "6": [
   "NOTUSED", 
   "ORR", 
   "NOTUSED", 
   "ORR", 
   "NOTUSED", 
   "ORR", 
   "ORR", 
   "NOTUSED", 
   "ORR", 
   "ANDD", 
   "ANDD", 
   "NOTUSED", 
   "ANDD", 
   "ORR", 
   "NOTUSED"
  ], 
  "9": [
   "NOTUSED", 
   "ANDD", 
   "ORR", 
   "ANDD", 
   "ORR", 
   "ANDD", 
   "ANDD", 
   "ANDD", 
   "ORR", 
   "ANDD", 
   "ORR", 
   "NOTUSED", 
   "NOTUSED", 
   "ANDD", 
   "ORR"
  ], 
  "8": [
   "ANDD", 
   "ANDD", 
   "ORR", 
   "ANDD", 
   "ORR", 
   "NOTUSED", 
   "ORR", 
   "ORR", 
   "NOTUSED", 
   "ORR", 
   "NOTUSED", 
   "ORR", 
   "ANDD", 
   "NOTUSED", 
   "ORR"
  ]
 }
}