{
 "random_seed": 3375539240, 
 "PARAMETERS": {
  "RADIUS1": 140829.753, 
  "QUADS": 1, 
  "RADIUS2": 340044.297, 
  "DIST": 851092.667, 
  "F_PTS": 36, 
  "K_PTS": 5, 
  "EPSILON": 1.655, 
  "LENGTH1": 575567.142, 
  "G_PTS": 62, 
  "Q_PTS": 5, 
  "N_PTS": 71, 
  "C_PTS": 1, 
  "AREA2": 300441.155, 
  "LENGTH2": 835565.483, 
  "B_PTS": 4, 
  "D_PTS": 15, 
  "AREA1": 958489.574, 
  "A_PTS": 24, 
  "E_PTS": 29
 }, 
 "NUMPOINTS": 74, 
 "points": [
  [
   382569.44, 
   -338564.086
  ], 
  [
   -645711.061, 
   302844.279
  ], 
  [
   -734110.701, 
   -171633.017
  ], 
  [
   -599982.505, 
   968978.251
  ], 
  [
   -819480.389, 
   -513321.118
  ], 
  [
   389280.348, 
   -985768.39
  ], 
  [
   -257907.827, 
   -810201.907
  ], 
  [
   -603548.43, 
   350533.673
  ], 
  [
   -686658.923, 
   880125.19
  ], 
  [
   -10479.246, 
   -385566.59
  ], 
  [
   348860.007, 
   437695.443
  ], 
  [
   266222.208, 
   -280445.104
  ], 
  [
   -18766.308, 
   203533.779
  ], 
  [
   -571394.17, 
   -228079.542
  ], 
  [
   -994363.492, 
   -311343.16
  ], 
  [
   775366.712, 
   -545576.802
  ], 
  [
   -626193.731, 
   220594.063
  ], 
  [
   270543.352, 
   -459003.254
  ], 
  [
   -846693.649, 
   754711.631
  ], 
  [
   -370557.136, 
   208393.767
  ], 
  [
   -163890.078, 
   13755.694
  ], 
  [
   -519925.327, 
   343047.442
  ], 
  [
   -719760.884, 
   -373809.425
  ], 
  [
   -918789.668, 
   -482019.511
  ], 
  [
   -297008.178, 
   -562330.533
  ], 
  [
   193732.462, 
   -712169.492
  ], 
  [
   -872783.257, 
   -150541.059
  ], 
  [
   -417214.783, 
   -301946.09
  ], 
  [
   926199.83, 
   332.456
  ], 
  [
   31525.364, 
   -606107.352
  ], 
  [
   -702225.599, 
   557927.85
  ], 
  [
   632702.956, 
   -55301.125
  ], 
  [
   -697681.853, 
   -408035.768
  ], 
  [
   -354126.904, 
   -95458.471
  ], 
  [
   -174500.044, 
   -562761.428
  ], 
  [
   660570.142, 
   487235.403
  ], 
  [
   944820.077, 
   -135403.427
  ], 
  [
   -820716.199, 
   180295.945
  ], 
  [
   -793595.668, 
   -991200.441
  ], 
  [
   740942.411, 
   789278.501
  ], 
  [
   -947014.308, 
   796896.814
  ], 
  [
   901395.016, 
   -494986.867
  ], 
  [
   -213723.154, 
   -765226.824
  ], 
  [
   405028.422, 
   374172.814
  ], 
  [
   743683.307, 
   -616646.283
  ], 
  [
   392386.866, 
   272634.41
  ], 
  [
   -479108.459, 
   -559898.153
  ], 
  [
   -53092.925, 
   800166.265
  ], 
  [
   -910135.536, 
   482375.603
  ], 
  [
   512715.948, 
   -932973.12
  ], 
  [
   -40192.595, 
   -90795.984
  ], 
  [
   228824.846, 
   -977277.448
  ], 
  [
   331974.958, 
   -522849.786
  ], 
  [
   744299.486, 
   -38611.897
  ], 
  [
   472558.197, 
   389385.246
  ], 
  [
   -809068.235, 
   -551889.949
  ], 
  [
   438538.437, 
   -700975.173
  ], 
  [
   -831576.34, 
   -831311.521
  ], 
  [
   -905598.848, 
   827232.583
  ], 
  [
   -153564.113, 
   291796.631
  ], 
  [
   -934970.526, 
   504725.015
  ], 
  [
   641437.954, 
   69129.513
  ], 
  [
   970054.29, 
   53171.185
  ], 
  [
   263370.377, 
   -160277.704
  ], 
  [
   -636172.401, 
   -413422.671
  ], 
  [
   -943308.945, 
   -75738.271
  ], 
  [
   26230.583, 
   992399.163
  ], 
  [
   94218.833, 
   16525.966
  ], 
  [
   587086.629, 
   -329622.295
  ], 
  [
   -282740.769, 
   335967.122
  ], 
  [
   193524.018, 
   -841495.111
  ], 
  [
   -885115.689, 
   -820937.296
  ], 
  [
   999177.8, 
   984177.48
  ], 
  [
   100419.329, 
   -312601.34
  ]
 ], 
 "PUV": [
  false, 
  true, 
  false, 
  true, 
  true, 
  false, 
  true, 
  false, 
  false, 
  false, 
  true, 
  true, 
  false, 
  true, 
  false
 ], 
 "LCM": {
  "11": [
   "ORR", 
   "NOTUSED", 
   "NOTUSED", 
   "ANDD", 
   "NOTUSED", 
   "NOTUSED", 
   "NOTUSED", 
   "NOTUSED", 
   "ANDD", 
   "ORR", 
   "NOTUSED", 
   "ANDD", 
   "ANDD", 
   "ORR", 
   "ANDD"
  ], 
  "10": [
   "ANDD", 
   "ORR", 
   "NOTUSED", 
   "ANDD", 
   "ORR", 
   "NOTUSED", 
   "ORR", 
   "ANDD", 
   "ANDD", 
   "ORR", 
   "NOTUSED", 
   "NOTUSED", 
   "NOTUSED", 
   "ORR", 
   "ORR"
  ], 
  "13": [
   "ANDD", 
   "ORR", 
   "ORR", 
   "NOTUSED", 
   "ANDD", 
   "ANDD", 
   "NOTUSED", 
   "ANDD", 
   "ORR", 
   "NOTUSED", 
   "ORR", 
   "ORR", 
   "ANDD", 
   "ORR", 
   "ORR"
  ], 
  "12": [
   "ANDD", 
   "NOTUSED", 
   "ANDD", 
   "NOTUSED", 
   "ANDD", 
   "ANDD", 
   "ANDD", 
   "ORR", 
   "ORR", 
   "ORR", 
   "NOTUSED", 
   "ANDD", 
   "NOTUSED", 
   "ANDD", 
   "ANDD"
  ], 
  "14": [
   "ANDD", 
   "NOTUSED", 
   "NOTUSED", 
   "ANDD", 
   "ANDD", 
   "NOTUSED", 
   "NOTUSED", 
   "ORR", 
   "ANDD", 
   "ORR", 
   "ORR", 
   "ANDD", 
   "ANDD", 
   "ORR", 
   "ORR"
  ], 
  "1": [
   "ORR", 
   "NOTUSED", 
   "ORR", 
   "NOTUSED", 
   "NOTUSED", 
   "ORR", 
   "ORR", 
   "ORR", 
   "ANDD", 
   "NOTUSED", 
   "ORR", 
   "NOTUSED", 
   "NOTUSED", 
   "ORR", 
   "NOTUSED"
  ], 
  "0": [
   "NOTUSED", 
   "ORR", 
   "NOTUSED", 
   "ANDD", 
   "ANDD", 
   "NOTUSED", 
   "NOTUSED", 
   "NOTUSED", 
   "ORR", 
   "ANDD", 
   "ANDD", 
   "ORR", 
   "ANDD", 
   "ANDD", 
   "ANDD"
  ], 
  "3": [
   "ANDD", 
   "NOTUSED", 
   "ANDD", 
   "ORR", 
   "ANDD", 
   "ANDD", 
   "NOTUSED", 
   "NOTUSED", 
   "ANDD", 
   "NOTUSED", 
   "ANDD", 
   "ANDD", 
   "NOTUSED", 
   "NOTUSED", 
   "ANDD"
  ], 
  "2": [
   "NOTUSED", 
   "ORR", 
   "NOTUSED", 
   "ANDD", 
   "NOTUSED", 
   "ANDD", 
   "NOTUSED", 
   "ORR", 
   "ANDD", 
   "NOTUSED", 
   "NOTUSED", 
   "NOTUSED", 
   "ANDD", 
   "ORR", 
   "NOTUSED"
  ], 
  "5": [
   "NOTUSED", 
   "ORR", 
   "ANDD", 
   "ANDD", 
   "NOTUSED", 
   "ORR", 
   "ANDD", 
   "NOTUSED", 
   "NOTUSED", 
   "ANDD", 
   "NOTUSED", 
   "NOTUSED", 
   "ANDD", 
   "ANDD", 
   "NOTUSED"
  ], 
  "4": [
   "ANDD", 
   "NOTUSED", 
   "NOTUSED", 
   "ANDD", 
   "ANDD", 
   "NOTUSED", 
   "ORR", 
   "ANDD", 
   "ANDD", 
   "NOTUSED", 
   "ORR", 
   "NOTUSED", 
   "ANDD", 
   "ANDD", 
   "ANDD"
  ], 
  "7": [
   "NOTUSED", 
   "ORR", 
   "ORR", 
   "NOTUSED", 
   "ANDD", 
   "NOTUSED", 
   "ANDD", 
   "ORR", 
   "ORR", 
   "ORR", 
   "ANDD", 
   "NOTUSED", 
   "ORR", 
   "ANDD", 
   "ORR"
  ], 
  "6": [
   "NOTUSED", 
   "ORR", 
   "NOTUSED", 
   "NOTUSED", 
   "ORR", 
   "ANDD", 
   "ANDD", 
   "ANDD", 
   "NOTUSED", 
   "ORR", 
   "ORR", 
   "NOTUSED", 
   "ANDD", 
   "NOTUSED", 
   "NOTUSED"
  ], 
  "9": [
   "ANDD", 
   "NOTUSED", 
   "NOTUSED", 
   "NOTUSED", 
   "NOTUSED", 
   "ANDD", 
   "ORR", 
   "ORR", 
   "ANDD", 
   "ANDD", 
   "ORR", 
   "ORR", 
   "ORR", 
   "NOTUSED", 
   "ORR"
  ], 
  "8": [
   "ORR", 
   "ANDD", 
   "ANDD", 
   "ANDD", 
   "ANDD", 
   "NOTUSED", 
   "NOTUSED", 
   "ORR", 
   "NOTUSED", 
   "ANDD", 
   "ANDD", 
   "ANDD", 
   "ORR", 
   "ORR", 
   "ANDD"
  ]
 }
}