{
 "random_seed": 1258191920, 
 "PARAMETERS": {
  "RADIUS1": 508274.315, 
  "QUADS": 1, 
  "RADIUS2": 547.572, 
  "DIST": 198448.271, 
  "F_PTS": 3, 
  "K_PTS": 21, 
  "EPSILON": 3.062, 
  "LENGTH1": 967236.17, 
  "G_PTS": 27, 
  "Q_PTS": 30, 
  "N_PTS": 44, 
  "C_PTS": 18, 
  "AREA2": 516474.447, 
  "LENGTH2": 9786.567, 
  "B_PTS": 8, 
  "D_PTS": 32, 
  "AREA1": 919663.49, 
  "A_PTS": 49, 
  "E_PTS": 48
 }, 
 "NUMPOINTS": 62, 
 "points": [
  [
   -341992.619, 
   311367.344
  ], 
  [
   671231.165, 
   -664205.357
  ], 
  [
   -80047.171, 
   -870058.69
  ], 
  [
   960289.283, 
   -25622.84
  ], 
  [
   -418006.045, 
   935159.622
  ], 
  [
   284645.747, 
   520614.341
  ], 
  [
   531479.863, 
   503075.138
  ], 
  [
   2955.025, 
   15687.984
  ], 
  [
   861783.088, 
   802035.713
  ], 
  [
   -662560.848, 
   681372.897
  ], 
  [
   -821289.656, 
   -326485.614
  ], 
  [
   -393777.818, 
   -736578.338
  ], 
  [
   -21050.529, 
   -300194.963
  ], 
  [
   318811.938, 
   -833166.397
  ], 
  [
   -32184.267, 
   813298.524
  ], 
  [
   -233656.974, 
   932413.935
  ], 
  [
   370505.88, 
   -790203.566
  ], 
  [
   -624152.122, 
   -228808.148
  ], 
  [
   102385.892, 
   -276098.18
  ], 
  [
   -819829.268, 
   694841.662
  ], 
  [
   -106318.292, 
   -382363.767
  ], 
  [
   -208038.879, 
   -101541.998
  ], 
  [
   -849260.083, 
   -620542.696
  ], 
  [
   -139613.551, 
   791775.929
  ], 
  [
   893836.999, 
   -645414.792
  ], 
  [
   177078.651, 
   -524918.75
  ], 
  [
   -255364.281, 
   -474948.359
  ], 
  [
   587702.358, 
   771938.344
  ], 
  [
   -805153.935, 
   822791.806
  ], 
  [
   385466.993, 
   -81483.664
  ], 
  [
   295825.363, 
   735335.474
  ], 
  [
   -528757.432, 
   -803086.712
  ], 
  [
   373527.692, 
   477688.908
  ], 
  [
   -108465.918, 
   -991550.418
  ], 
  [
   974785.743, 
   343262.318
  ], 
  [
   -102492.982, 
   -579823.161
  ], 
  [
   205835.386, 
   747326.221
  ], 
  [
   -55177.681, 
   -190887.739
  ], 
  [
   111118.926, 
   -167598.778
  ], 
  [
   768409.711, 
   -54780.639
  ], 
  [
   310488.238, 
   -207824.213
  ], 
  [
   -965217.457, 
   -21653.557
  ], 
  [
   -845453.274, 
   128643.928
  ], 
  [
   18012.788, 
   77111.175
  ], 
  [
   734055.059, 
   -372672.303
  ], 
  [
   -204570.995, 
   936485.844
  ], 
  [
   911653.013, 
   -240965.703
  ], 
  [
   -740653.919, 
   -407842.868
  ], 
  [
   -523699.854, 
   662004.889
  ], 
  [
   44926.405, 
   827183.615
  ], 
  [
   997493.105, 
   475759.59
  ], 
  [
   397886.558, 
   -686533.021
  ], 
  [
   -872721.701, 
   783742.507
  ], 
  [
   -975774.156, 
   -485774.37
  ], 
  [
   127216.704, 
   -110551.348
  ], 
  [
   -572784.608, 
   81422.699
  ], 
  [
   973050.24, 
   -38737.891
  ], 
  [
   664974.279, 
   -155258.033
  ], 
  [
   82968.666, 
   -53578.295
  ], 
  [
   246374.661, 
   -492898.167
  ], 
  [
   10457.094, 
   720399.87
  ], 
  [
   425356.692, 
   137821.87
  ]
 ], 
 "PUV": [
  false, 
  true, 
  false, 
  true, 
  true, 
  false, 
  false, 
  false, 
  false, 
  true, 
  true, 
  true, 
  false, 
  false, 
  false
 ], 
 "LCM": {
  "11": [
   "ANDD", 
   "ORR", 
   "NOTUSED", 
   "ORR", 
   "NOTUSED", 
   "NOTUSED", 
   "ANDD", 
   "ANDD", 
   "ORR", 
   "NOTUSED", 
   "ORR", 
   "ANDD", 
   "ANDD", 
   "ORR", 
   "ANDD"
  ], 
  "10": [
   "NOTUSED", 
   "ORR", 
   "NOTUSED", 
   "NOTUSED", 
   "NOTUSED", 
   "NOTUSED", 
   "ORR", 
   "ANDD", 
   "NOTUSED", 
   "ORR", 
   "NOTUSED", 
   "ORR", 
   "NOTUSED", 
   "ANDD", 
   "ANDD"
  ], 
  "13": [
   "ORR", 
   "NOTUSED", 
   "ANDD", 
   "ANDD", 
   "NOTUSED", 
   "ANDD", 
   "ORR", 
   "ANDD", 
   "ANDD", 
   "NOTUSED", 
   "ANDD", 
   "ORR", 
   "ORR", 
   "NOTUSED", 
   "ANDD"
  ], 
  "12": [
   "ANDD", 
   "ANDD", 
   "NOTUSED", 
   "NOTUSED", 
   "ANDD", 
   "ANDD", 
   "NOTUSED", 
   "NOTUSED", 
   "ANDD", 
   "ORR", 
   "NOTUSED", 
   "ANDD", 
   "ORR", 
   "ORR", 
   "NOTUSED"
  ], 
  "14": [
   "ANDD", 
   "ANDD", 
   "ORR", 
   "ORR", 
   "ANDD", 
   "ANDD", 
   "ANDD", 
   "ANDD", 
   "NOTUSED", 
   "NOTUSED", 
   "ANDD", 
   "ANDD", 
   "NOTUSED", 
   "ANDD", 
   "NOTUSED"
  ], 
  "1": [
   "NOTUSED", 
   "ANDD", 
   "ANDD", 
   "ORR", 
   "ORR", 
   "ORR", 
   "ORR", 
   "NOTUSED", 
   "ANDD", 
   "NOTUSED", 
   "ORR", 
   "ORR", 
   "ANDD", 
   "NOTUSED", 
   "ANDD"
  ], 
  "0": [
   "ORR", 
   "NOTUSED", 
   "ORR", 
   "ORR", 
   "ORR", 
   "ANDD", 
   "ORR", 
   "ORR", 
   "ANDD", 
   "ORR", 
   "NOTUSED", 
   "ANDD", 
   "ANDD", 
   "ORR", 
   "ANDD"
  ], 
  "3": [
   "ORR", 
   "ORR", 
   "ANDD", 
   "NOTUSED", 
   "NOTUSED", 
   "ANDD", 
   "ANDD", 
   "ORR", 
   "NOTUSED", 
   "ANDD", 
   "NOTUSED", 
   "ORR", 
   "NOTUSED", 
   "ANDD", 
   "ORR"
  ], 
  "2": [
   "ORR", 
   "ANDD", 
   "ORR", 
   "ANDD", 
   "ORR", 
   "ORR", 
   "ORR", 
   "NOTUSED", 
   "ANDD", 
   "ORR", 
   "NOTUSED", 
   "NOTUSED", 
   "NOTUSED", 
   "ANDD", 
   "ORR"
  ], 
  "5": [
   "ANDD", 
   "ORR", 
   "ORR", 
   "ANDD", 
   "ANDD", 
   "NOTUSED", 
   "NOTUSED", 
   "ANDD", 
   "ANDD", 
   "ORR", 
   "NOTUSED", 
   "NOTUSED", 
   "ANDD", 
   "ANDD", 
   "ANDD"
  ], 
  "4": [
   "ORR", 
   "ORR", 
   "ORR", 
   "NOTUSED", 
   "ORR", 
   "ANDD", 
   "NOTUSED", 
   "NOTUSED", 
   "ANDD", 
   "ANDD", 
   "NOTUSED", 
   "NOTUSED", 
   "ANDD", 
   "NOTUSED", 
   "ANDD"
  ], 
  "7": [
   "ORR", 
   "NOTUSED", 
   "NOTUSED", 
   "ORR", 
   "NOTUSED", 
   "ANDD", 
   "NOTUSED", 
   "NOTUSED", 
   "NOTUSED", 
   "NOTUSED", 
   "ANDD", 
   "ANDD", 
   "NOTUSED", 
   "ANDD", 
   "ANDD"
  ], 
  "6": [
   "ORR", 
   "ORR", 
   "ORR", 
   "ANDD", 
   "NOTUSED", 
   "NOTUSED", 
   "ANDD", 
   "NOTUSED", 
   "ORR", 
   "NOTUSED", 
   "ORR", 
   "ANDD", 
   "NOTUSED", 
   "ORR", 
   "ANDD"
  ], 
  "9": [
   "ORR", 
   "NOTUSED", 
   "ORR", 
   "ANDD", 
   "ANDD", 
   "ORR", 
   "NOTUSED", 
   "NOTUSED", 
   "ANDD", 
   "NOTUSED", 
   "ORR", 
   "NOTUSED", 
   "ORR", 
   "NOTUSED", 
   "NOTUSED"
  ], 
  "8": [
   "ANDD", 
   "ANDD", 
   "ANDD", 
   "NOTUSED", 
   "ANDD", 
   "ANDD", 
   "ORR", 
   "NOTUSED", 
   "ORR", 
   "ANDD", 
   "NOTUSED", 
   "ORR", 
   "ANDD", 
   "ANDD", 
   "NOTUSED"
  ]
 }
}