{
 "random_seed": 1286982862, 
 "PARAMETERS": {
  "RADIUS1": 479578.913, 
  "QUADS": 2, 
  "RADIUS2": 616546.299, 
  "DIST": 823346.687, 
  "F_PTS": 11, 
  "K_PTS": 41, 
  "EPSILON": 0.85, 
  "LENGTH1": 781807.013, 
  "G_PTS": 69, 
  "Q_PTS": 8, 
  "N_PTS": 72, 
  "C_PTS": 35, 
  "AREA2": 593060.382, 
  "LENGTH2": 859296.319, 
  "B_PTS": 26, 
  "D_PTS": 14, 
  "AREA1": 488905.606, 
  "A_PTS": 55, 
  "E_PTS": 37
 }, 
 "NUMPOINTS": 84, 
 "points": [
  [
   -248220.167, 
   -764510.359
  ], 
  [
   -904288.032, 
   -540627.193
  ], 
  [
   367759.37, 
   933709.973
  ], 
  [
   -948474.37, 
   -92297.788
  ], 
  [
   663677.416, 
   -632862.383
  ], 
  [
   848024.383, 
   -468524.7
  ], 
  [
   -474560.363, 
   132308.152
  ], 
  [
   -636494.042, 
   906811.241
  ], 
  [
   -700785.434, 
   -302612.215
  ], 
  [
   591862.83, 
   959911.172
  ], 
  [
   543892.19, 
   748433.556
  ], 
  [
   -632306.705, 
   452148.991
  ], 
  [
   351116.377, 
   497754.97
  ], 
  [
   386812.935, 
   -825084.96
  ], 
  [
   -175004.687, 
   -26618.137
  ], 
  [
   -365974.776, 
   572475.038
  ], 
  [
   613461.088, 
   -773030.497
  ], 
  [
   513296.845, 
   630207.522
  ], 
  [
   882145.685, 
   698653.875
  ], 
  [
   505504.93, 
   -989470.257
  ], 
  [
   -496168.718, 
   213921.87
  ], 
  [
   975146.752, 
   265588.871
  ], 
  [
   7616.13, 
   261007.588
  ], 
  [
   607839.591, 
   262180.48
  ], 
  [
   172832.517, 
   668084.214
  ], 
  [
   -541858.044, 
   -170868.869
  ], 
  [
   -673049.425, 
   -418826.032
  ], 
  [
   493252.886, 
   204467.54
  ], 
  [
   -856515.053, 
   -512534.99
  ], 
  [
   -861458.229, 
   -353906.251
  ], 
  [
   663341.406, 
   294249.552
  ], 
  [
   449327.673, 
   -236757.383
  ], 
  [
   470116.059, 
   382325.293
  ], 
  [
   945392.506, 
   -333261.724
  ], 
  [
   -10705.534, 
   965118.667
  ], 
  [
   617128.199, 
   -622631.162
  ], 
  [
   176838.542, 
   -833607.163
  ], 
  [
   -808535.219, 
   -754337.629
  ], 
  [
   642543.396, 
   180577.103
  ], 
  [
   -554018.362, 
   -234574.721
  ], 
  [
   529974.386, 
   147980.337
  ], 
  [
   -769611.809, 
   -590827.537
  ], 
  [
   -77743.637, 
   198559.633
  ], 
  [
   -396513.28, 
   -633642.619
  ], 
  [
   732561.123, 
   417280.546
  ], 
  [
   -128811.179, 
   -37781.421
  ], 
  [
   16040.032, 
   612016.096
  ], 
  [
   -20021.846, 
   -410791.015
  ], 
  [
   -153058.07, 
   -770613.812
  ], 
  [
   345680.188, 
   870259.432
  ], 
  [
   -967812.492, 
   -104004.259
  ], 
  [
   -161757.541, 
   1613.323
  ], 
  [
   -951387.565, 
   -315418.579
  ], 
  [
   847253.383, 
   398849.58
  ], 
  [
   185961.686, 
   445706.701
  ], 
  [
   -34173.661, 
   225682.172
  ], 
  [
   -253859.396, 
   -721765.223
  ], 
  [
   41468.074, 
   255029.395
  ], 
  [
   835261.5, 
   -70197.619
  ], 
  [
   -529834.45, 
   215834.053
  ], 
  [
   -55227.31, 
   -778221.025
  ], 
  [
   813620.163, 
   61831.873
  ], 
  [
   -566870.454, 
   -909007.3
  ], 
  [
   -571529.236, 
   -748338.531
  ], 
  [
   -567745.899, 
   -328712.577
  ], 
  [
   456623.607, 
   82227.11
  ], 
  [
   -666703.496, 
   586804.238
  ], 
  [
   -652038.801, 
   -602550.152
  ], 
  [
   572139.352, 
   -435095.252
  ], 
  [
   351209.544, 
   -907362.863
  ], 
  [
   -772208.63, 
   61661.517
  ], 
  [
   743622.063, 
   -483109.365
  ], 
  [
   -852526.1, 
   198136.456
  ], 
  [
   -436121.395, 
   64493.208
  ], 
  [
   -671026.63, 
   803101.76
  ], 
  [
   642509.801, 
   -765667.109
  ], 
  [
   387851.021, 
   -243812.598
  ], 
  [
   -899949.846, 
   -583727.21
  ], 
  [
   35236.34, 
   341512.884
  ], 
  [
   -530065.501, 
   453989.031
  ], 
  [
   -407852.858, 
   -297352.863
  ], 
  [
   -498359.236, 
   -443064.721
  ], 
  [
   54205.15, 
   -758192.699
  ], 
  [
   -403521.153, 
   -888054.065
  ]
 ], 
 "PUV": [
  true, 
  true, 
  false, 
  false, 
  false, 
  false, 
  false, 
  true, 
  false, 
  true, 
  true, 
  true, 
  false, 
  true, 
  true
 ], 
 "LCM": {
  "11": [
   "ORR", 
   "ORR", 
   "ORR", 
   "ANDD", 
   "NOTUSED", 
   "NOTUSED", 
   "NOTUSED", 
   "ANDD", 
   "ANDD", 
   "ORR", 
   "ANDD", 
   "NOTUSED", 
   "NOTUSED", 
   "ANDD", 
   "ORR"
  ], 
  "10": [
   "ORR", 
   "ORR", 
   "NOTUSED", 
   "ANDD", 
   "NOTUSED", 
   "NOTUSED", 
   "NOTUSED", 
   "ORR", 
   "ANDD", 
   "NOTUSED", 
   "NOTUSED", 
   "ANDD", 
   "NOTUSED", 
   "ORR", 
   "ORR"
  ], 
  "13": [
   "ORR", 
   "ANDD", 
   "ANDD", 
   "ORR", 
   "ORR", 
   "ORR", 
   "ANDD", 
   "NOTUSED", 
   "ANDD", 
   "ORR", 
   "ORR", 
   "ANDD", 
   "NOTUSED", 
   "NOTUSED", 
   "ANDD"
  ], 
  "12": [
   "NOTUSED", 
   "ANDD", 
   "ORR", 
   "NOTUSED", 
   "ANDD", 
   "ORR", 
   "ANDD", 
   "ANDD", 
   "ANDD", 
   "NOTUSED", 
   "NOTUSED", 
   "NOTUSED", 
   "ORR", 
   "NOTUSED", 
   "ANDD"
  ], 
  "14": [
   "ANDD", 
   "ANDD", 
   "ANDD", 
   "ANDD", 
   "NOTUSED", 
   "NOTUSED", 
   "ORR", 
   "NOTUSED", 
   "NOTUSED", 
   "ANDD", 
   "ORR", 
   "ORR", 
   "ANDD", 
   "ANDD", 
   "ANDD"
  ], 
  "1": [
   "NOTUSED", 
   "ORR", 
   "NOTUSED", 
   "ANDD", 
   "ANDD", 
   "ANDD", 
   "ANDD", 
   "ANDD", 
   "ANDD", 
   "NOTUSED", 
   "ORR", 
   "ORR", 
   "ANDD", 
   "ANDD", 
   "ANDD"
  ], 
  "0": [
   "ORR", 
   "NOTUSED", 
   "NOTUSED", 
   "ANDD", 
   "ORR", 
   "NOTUSED", 
   "NOTUSED", 
   "NOTUSED", 
   "NOTUSED", 
   "ORR", 
   "ORR", 
   "ORR", 
   "NOTUSED", 
   "ORR", 
   "ANDD"
  ], 
  "3": [
   "ANDD", 
   "ANDD", 
   "ANDD", 
   "ANDD", 
   "NOTUSED", 
   "NOTUSED", 
   "NOTUSED", 
   "ORR", 
   "ANDD", 
   "ORR", 
   "ANDD", 
   "ANDD", 
   "NOTUSED", 
   "ORR", 
   "ANDD"
  ], 
  "2": [
   "NOTUSED", 
   "NOTUSED", 
   "ORR", 
   "ANDD", 
   "NOTUSED", 
   "NOTUSED", 
   "ORR", 
   "ANDD", 
   "ORR", 
   "ANDD", 
   "NOTUSED", 
   "ORR", 
   "ORR", 
   "ANDD", 
   "ANDD"
  ], 
  "5": [
   "NOTUSED", 
   "ANDD", 
   "NOTUSED", 
   "NOTUSED", 
   "ORR", 
   "ANDD", 
   "NOTUSED", 
   "ORR", 
   "ORR", 
   "ANDD", 
   "NOTUSED", 
   "NOTUSED", 
   "ORR", 
   "ORR", 
   "NOTUSED"
  ], 
  "4": [
   "ORR", 
   "ANDD", 
   "NOTUSED", 
   "NOTUSED", 
   "ANDD", 
   "ORR", 
   "ORR", 
   "ORR", 
   "NOTUSED", 
   "ORR", 
   "NOTUSED", 
   "NOTUSED", 
   "ANDD", 
   "ORR", 
   "NOTUSED"
  ], 
  "7": [
   "NOTUSED", 
   "ANDD", 
   "ANDD", 
   "ORR", 
   "ORR", 
   "ORR", 
   "NOTUSED", 
   "NOTUSED", 
   "NOTUSED", 
   "ORR", 
   "ORR", 
   "ANDD", 
   "ANDD", 
   "NOTUSED", 
   "NOTUSED"
  ], 
  "6": [
   "NOTUSED", 
   "ANDD", 
   "ORR", 
   "NOTUSED", 
   "ORR", 
   "NOTUSED", 
   "ORR", 
   "NOTUSED", 
   "ANDD", 
   "ORR", 
   "NOTUSED", 
   "NOTUSED", 
   "ANDD", 
   "ANDD", 
   "ORR"
  ], 
  "9": [
   "ORR", 
   "NOTUSED", 
   "ANDD", 
   "ORR", 
   "ORR", 
   "ANDD", 
   "ORR", 
   "ORR", 
   "ORR", 
   "ANDD", 
   "NOTUSED", 
   "ORR", 
   "NOTUSED", 
   "ORR", 
   "ANDD"
  ], 
  "8": [
   "NOTUSED", 
   "ANDD", 
   "ORR", 
   "ANDD", 
   "NOTUSED", 
   "ORR", 
   "ANDD", 
   "NOTUSED", 
   "ORR", 
   "ORR", 
   "ANDD", 
   "ANDD", 
   "ANDD", 
   "ANDD", 
   "NOTUSED"
  ]
 }
}