{
 "random_seed": 3101666968, 
 "PARAMETERS": {
  "RADIUS1": 271334.263, 
  "QUADS": 1, 
  "RADIUS2": 689764.362, 
  "DIST": 939119.848, 
  "F_PTS": 8, 
  "K_PTS": 38, 
  "EPSILON": 2.67, 
  "LENGTH1": 927958.144, 
  "G_PTS": 13, 
  "Q_PTS": 9, 
  "N_PTS": 24, 
  "C_PTS": 6, 
  "AREA2": 484086.209, 
  "LENGTH2": 989846.965, 
  "B_PTS": 24, 
  "D_PTS": 11, 
  "AREA1": 308745.129, 
  "A_PTS": 11, 
  "E_PTS": 28
 }, 
 "NUMPOINTS": 56, 
 "points": [
  [
   -895556.071, 
   -798865.293
  ], 
  [
   -54474.855, 
   201384.373
  ], 
  [
   334151.619, 
   -945497.725
  ], 
  [
   878723.16, 
   -213428.189
  ], 
  [
   -483783.857, 
   632175.418
  ], 
  [
   289130.628, 
   69222.65
  ], 
  [
   -100249.354, 
   264370.214
  ], 
  [
   -28258.392, 
   -308624.273
  ], 
  [
   -434659.484, 
   -366998.77
  ], 
  [
   394559.115, 
   -557903.794
  ], 
  [
   -828377.822, 
   632607.517
  ], 
  [
   37212.059, 
   541206.788
  ], 
  [
   13918.93, 
   672546.768
  ], 
  [
   -350861.374, 
   -604763.217
  ], 
  [
   -153981.999, 
   267437.025
  ], 
  [
   -576583.191, 
   -823359.312
  ], 
  [
   -64843.691, 
   203605.96
  ], 
  [
   348347.751, 
   -123155.618
  ], 
  [
   666012.058, 
   430755.28
  ], 
  [
   813499.291, 
   -84920.095
  ], 
  [
   -98479.738, 
   702300.012
  ], 
  [
   50479.418, 
   123295.457
  ], 
  [
   -326021.088, 
   220754.173
  ], 
  [
   274626.231, 
   596940.917
  ], 
  [
   66913.576, 
   -215986.77
  ], 
  [
   -113211.812, 
   -822063.753
  ], 
  [
   171503.836, 
   394786.904
  ], 
  [
   -909038.108, 
   -833874.462
  ], 
  [
   -923936.031, 
   -429324.801
  ], 
  [
   -52366.859, 
   -628682.714
  ], 
  [
   211648.874, 
   -715497.288
  ], 
  [
   532656.73, 
   473864.606
  ], 
  [
   160833.09, 
   -848585.084
  ], 
  [
   980218.591, 
   -121807.677
  ], 
  [
   -435953.296, 
   -456588.881
  ], 
  [
   437291.718, 
   -370527.396
  ], 
  [
   -451717.566, 
   -576025.007
  ], 
  [
   -520767.969, 
   -174122.746
  ], 
  [
   929293.47, 
   862699.004
  ], 
  [
   30134.373, 
   -128204.585
  ], 
  [
   -62797.7, 
   397001.854
  ], 
  [
   362580.969, 
   509959.871
  ], 
  [
   937064.442, 
   -304066.071
  ], 
  [
   -412105.924, 
   689310.948
  ], 
  [
   2444.666, 
   -798276.109
  ], 
  [
   8239.473, 
   -417886.625
  ], 
  [
   649372.395, 
   -346489.168
  ], 
  [
   -849103.052, 
   -811376.134
  ], 
  [
   96672.582, 
   -193594.943
  ], 
  [
   -947147.926, 
   775986.257
  ], 
  [
   537253.989, 
   -715002.702
  ], 
  [
   -361616.431, 
   597380.001
  ], 
  [
   387335.609, 
   -646597.456
  ], 
  [
   -280338.182, 
   -447902.753
  ], 
  [
   616254.398, 
   287031.843
  ], 
  [
   -47520.145, 
   947366.291
  ]
 ], 
 "PUV": [
  false, 
  false, 
  false, 
  false, 
  false, 
  true, 
  true, 
  true, 
  false, 
  false, 
  true, 
  true, 
  false, 
  true, 
  false
 ], 
 "LCM": {
  "11": [
   "ORR", 
   "NOTUSED", 
   "NOTUSED", 
   "ORR", 
   "ORR", 
   "ORR", 
   "NOTUSED", 
   "NOTUSED", 
   "NOTUSED", 
   "ANDD", 
   "ANDD", 
   "NOTUSED", 
   "NOTUSED", 
   "NOTUSED", 
   "ANDD"
  ], 
  "10": [
   "ANDD", 
   "NOTUSED", 
   "NOTUSED", 
   "ANDD", 
   "ANDD", 
   "ORR", 
   "ORR", 
   "NOTUSED", 
   "NOTUSED", 
   "ORR", 
   "ORR", 
   "ANDD", 
   "ANDD", 
   "ANDD", 
   "ANDD"
  ], 
  "13": [
   "ORR", 
   "NOTUSED", 
   "ANDD", 
   "ANDD", 
   "NOTUSED", 
   "ANDD", 
   "ORR", 
   "NOTUSED", 
   "ANDD", 
   "ORR", 
   "ANDD", 
   "NOTUSED", 
   "ORR", 
   "ORR", 
   "ORR"
  ], 
  "12": [
   "NOTUSED", 
   "ANDD", 
   "NOTUSED", 
   "NOTUSED", 
   "ORR", 
   "ANDD", 
   "ORR", 
   "ANDD", 
   "NOTUSED", 
   "ANDD", 
   "ANDD", 
   "NOTUSED", 
   "ANDD", 
   "ORR", 
   "ANDD"
  ], 
  "14": [
   "NOTUSED", 
   "ANDD", 
   "ANDD", 
   "ANDD", 
   "ANDD", 
   "NOTUSED", 
   "ORR", 
   "ANDD", 
   "NOTUSED", 
   "NOTUSED", 
   "ANDD", 
   "ANDD", 
   "ANDD", 
   "ORR", 
   "NOTUSED"
  ], 
  "1": [
   "NOTUSED", 
   "NOTUSED", 
   "ORR", 
   "ANDD", 
   "NOTUSED", 
   "ANDD", 
   "NOTUSED", 
   "NOTUSED", 
   "ORR", 
   "ORR", 
   "NOTUSED", 
   "NOTUSED", 
   "ANDD", 
   "NOTUSED", 
   "ANDD"
  ], 
  "0": [
   "ORR", 
   "NOTUSED", 
   "ORR", 
   "ORR", 
   "NOTUSED", 
   "NOTUSED", 
   "ORR", 
   "ANDD", 
   "ANDD", 
   "ANDD", 
   "ANDD", 
   "ORR", 
   "NOTUSED", 
   "ORR", 
   "NOTUSED"
  ], 
  "3": [
   "ORR", 
   "ANDD", 
   "NOTUSED", 
   "NOTUSED", 
   "ANDD", 
   "ORR", 
   "NOTUSED", 
   "ANDD", 
   "ORR", 
   "ANDD", 
   "ANDD", 
   "ORR", 
   "NOTUSED", 
   "ANDD", 
   "ANDD"
  ], 
  "2": [
   "ORR", 
   "ORR", 
   "ANDD", 
   "NOTUSED", 
   "NOTUSED", 
   "ORR", 
   "NOTUSED", 
   "NOTUSED", 
   "NOTUSED", 
   "ORR", 
   "NOTUSED", 
   "NOTUSED", 
   "NOTUSED", 
   "ANDD", 
   "ANDD"
  ], 
  "5": [
   "NOTUSED", 
   "ANDD", 
   "ORR", 
   "ORR", 
   "ANDD", 
   "NOTUSED", 
   "ORR", 
   "ORR", 
   "NOTUSED", 
   "ANDD", 
   "ORR", 
   "ORR", 
   "ANDD", 
   "ANDD", 
   "NOTUSED"
  ], 
  "4": [
   "NOTUSED", 
   "NOTUSED", 
   "NOTUSED", 
   "ANDD", 
   "ORR", 
   "ANDD", 
   "ANDD", 
   "ANDD", 
   "NOTUSED", 
   "ANDD", 
   "ANDD", 
   "ORR", 
   "ORR", 
   "NOTUSED", 
   "ANDD"
  ], 
  "7": [
   "ANDD", 
   "NOTUSED", 
   "NOTUSED", 
   "ANDD", 
   "ANDD", 
   "ORR", 
   "ORR", 
   "ANDD", 
   "ORR", 
   "NOTUSED", 
   "NOTUSED", 
   "NOTUSED", 
   "ANDD", 
   "NOTUSED", 
   "ANDD"
  ], 
  "6": [
   "ORR", 
   "NOTUSED", 
   "NOTUSED", 
   "NOTUSED", 
   "ANDD", 
   "ORR", 
   "ANDD", 
   "ORR", 
   "ORR", 
   "ORR", 
   "ORR", 
   "NOTUSED", 
   "ORR", 
   "ORR", 
   "ORR"
  ], 
  "9": [
   "ANDD", 
   "ORR", 
   "ORR", 
   "ANDD", 
   "ANDD", 
   "ANDD", 
   "ORR", 
   "NOTUSED", 
   "ANDD", 
   "ORR", 
   "ORR", 
   "ANDD", 
   "ANDD", 
   "ORR", 
   "NOTUSED"
  ], 
  "8": [
   "ANDD", 
   "ORR", 
   "NOTUSED", 
   "ORR", 
   "NOTUSED", 
   "NOTUSED", 
   "ORR", 
   "ORR", 
   "ORR", 
   "ANDD", 
   "NOTUSED", 
   "NOTUSED", 
   "NOTUSED", 
   "ANDD", 
   "NOTUSED"
  ]
 }
}