{
 "random_seed": 959051182, 
 "PARAMETERS": {
  "RADIUS1": 468045.504, 
  "QUADS": 3, 
  "RADIUS2": 4679.348, 
  "DIST": 814891.337, 
  "F_PTS": 45, 
  "K_PTS": 8, 
  "EPSILON": 1.012, 
  "LENGTH1": 484867.469, 
  "G_PTS": 72, 
  "Q_PTS": 63, 
  "N_PTS": 24, 
  "C_PTS": 5, 
  "AREA2": 304214.247, 
  "LENGTH2": 859197.031, 
  "B_PTS": 19, 
  "D_PTS": 22, 
  "AREA1": 877791.443, 
  "A_PTS": 5, 
  "E_PTS": 25
 }, 
 "NUMPOINTS": 74, 
 "points": [
  [
   995472.508, 
   782635.22
  ], 
  [
   -880049.551, 
   -984612.202
  ], 
  [
   791491.495, 
   -617827.21
  ], 
  [
   -900401.562, 
   234897.772
  ], 
  [
   362954.196, 
   -726651.25
  ], 
  [
   115042.459, 
   717180.067
  ], 
  [
   -589310.826, 
   -822713.523
  ], 
  [
   -647415.649, 
   -515719.19
  ], 
  [
   725181.843, 
   -75948.629
  ], 
  [
   140214.042, 
   364974.488
  ], 
  [
   -23968.181, 
   67296.805
  ], 
  [
   39034.35, 
   603419.15
  ], 
  [
   866380.385, 
   229511.854
  ], 
  [
   -972050.619, 
   -496338.491
  ], 
  [
   -540959.377, 
   -485446.29
  ], 
  [
   -786830.028, 
   658218.962
  ], 
  [
   -979167.96, 
   -648825.847
  ], 
  [
   -715502.648, 
   355531.534
  ], 
  [
   -509191.863, 
   -291758.421
  ], 
  [
   66416.456, 
   320672.747
  ], 
  [
   21328.979, 
   -144008.265
  ], 
  [
   -62194.227, 
   -462298.898
  ], 
  [
   918837.066, 
   -883149.36
  ], 
  [
   181674.579, 
   -750450.965
  ], 
  [
   767095.155, 
   246621.886
  ], 
  [
   -315283.204, 
   314049.623
  ], 
  [
   -197559.079, 
   109130.564
  ], 
  [
   -273084.959, 
   -598000.915
  ], 
  [
   293430.93, 
   457326.328
  ], 
  [
   800749.102, 
   174619.362
  ], 
  [
   737019.095, 
   253562.943
  ], 
  [
   615988.882, 
   32359.807
  ], 
  [
   -595057.665, 
   -668381.728
  ], 
  [
   221892.3, 
   -668436.386
  ], 
  [
   -871913.293, 
   -234511.556
  ], 
  [
   -350537.848, 
   696239.702
  ], 
  [
   -914341.516, 
   -924003.927
  ], 
  [
   754955.581, 
   -624036.556
  ], 
  [
   -23718.113, 
   -849503.906
  ], 
  [
   342146.618, 
   510396.566
  ], 
  [
   -474038.244, 
   359020.069
  ], 
  [
   -39079.692, 
   -480538.43
  ], 
  [
   -373398.527, 
   -890738.982
  ], 
  [
   489338.888, 
   -305904.197
  ], 
  [
   -355195.048, 
   -268220.831
  ], 
  [
   56601.313, 
   -378427.449
  ], 
  [
   626143.804, 
   654612.556
  ], 
  [
   -697971.795, 
   775832.303
  ], 
  [
   -823504.212, 
   910009.785
  ], 
  [
   591185.656, 
   795486.608
  ], 
  [
   -31601.711, 
   -60350.81
  ], 
  [
   744358.738, 
   -223441.776
  ], 
  [
   93588.045, 
   -108122.468
  ], 
  [
   -900201.66, 
   -843873.805
  ], 
  [
   -130352.672, 
   509185.482
  ], 
  [
   170906.143, 
   228988.999
  ], 
  [
   -620059.279, 
   -51674.474
  ], 
  [
   997161.388, 
   -53169.428
  ], 
  [
   -231740.678, 
   68495.003
  ], 
  [
   41887.161, 
   492210.289
  ], 
  [
   -149266.446, 
   524875.019
  ], 
  [
   804030.256, 
   -924279.778
  ], 
  [
   91673.008, 
   -248050.609
  ], 
  [
   145977.234, 
   -546780.708
  ], 
  [
   -52569.356, 
   -96843.411
  ], 
  [
   943340.627, 
   543742.328
  ], 
  [
   72768.204, 
   860536.801
  ], 
  [
   -420127.514, 
   560846.09
  ], 
  [
   544106.22, 
   937783.799
  ], 
  [
   -8352.772, 
   967282.053
  ], 
  [
   477479.435, 
   -241059.777
  ], 
  [
   -823560.43, 
   950874.971
  ], 
  [
   -133935.584, 
   497984.282
  ], 
  [
   -974599.802, 
   -522383.283
  ]
 ], 
 "PUV": [
  false, 
  false, 
  false, 
  true, 
  false, 
  false, 
  true, 
  false, 
  true, 
  false, 
  true, 
  true, 
  false, 
  false, 
  true
 ], 
 "LCM": {
  "11": [
   "ANDD", 
   "ANDD", 
   "ORR", 
   "ORR", 
   "ANDD", 
   "NOTUSED", 
   "ANDD", 
   "NOTUSED", 
   "NOTUSED", 
   "ORR", 
   "ANDD", 
   "ORR", 
   "NOTUSED", 
   "NOTUSED", 
   "NOTUSED"
  ], 
  "10": [
   "ORR", 
   "NOTUSED", 
   "ORR", 
   "ANDD", 
   "ANDD", 
   "ORR", 
   "ANDD", 
   "NOTUSED", 
   "NOTUSED", 
   "ANDD", 
   "NOTUSED", 
   "ANDD", 
   "ORR", 
   "ANDD", 
   "NOTUSED"
  ], 
  "13": [
   "NOTUSED", 
   "ORR", 
   "NOTUSED", 
   "NOTUSED", 
   "NOTUSED", 
   "NOTUSED", 
   "ANDD", 
   "NOTUSED", 
   "ORR", 
   "ORR", 
   "ANDD", 
   "NOTUSED", 
   "ORR", 
   "ORR", 
   "NOTUSED"
  ], 
  "12": [
   "NOTUSED", 
   "ORR", 
   "NOTUSED", 
   "NOTUSED", 
   "ANDD", 
   "ANDD", 
   "ORR", 
   "NOTUSED", 
   "ANDD", 
   "ORR", 
   "ORR", 
   "NOTUSED", 
   "ANDD", 
   "ORR", 
   "ANDD"
  ], 
  "14": [
   "NOTUSED", 
   "ORR", 
   "NOTUSED", 
   "ANDD", 
   "ANDD", 
   "ORR", 
   "NOTUSED", 
   "ORR", 
   "ANDD", 
   "ORR", 
   "NOTUSED", 
   "NOTUSED", 
   "ANDD", 
   "NOTUSED", 
   "NOTUSED"
  ], 
  "1": [
   "ORR", 
   "ORR", 
   "ORR", 
   "ORR", 
   "ORR", 
   "NOTUSED", 
   "NOTUSED", 
   "ANDD", 
   "ORR", 
   "ORR", 
   "NOTUSED", 
   "ANDD", 
   "ORR", 
   "ORR", 
   "ORR"
  ], 
  "0": [
   "NOTUSED", 
   "ORR", 
   "ANDD", 
   "NOTUSED", 
   "NOTUSED", 
   "NOTUSED", 
   "ORR", 
   "ANDD", 
   "NOTUSED", 
   "NOTUSED", 
   "ORR", 
   "ANDD", 
   "NOTUSED", 
   "NOTUSED", 
   "NOTUSED"
  ], 
  "3": [
   "NOTUSED", 
   "ORR", 
   "ORR", 
   "ORR", 
   "ANDD", 
   "ORR", 
   "ORR", 
   "ORR", 
   "ORR", 
   "NOTUSED", 
   "ANDD", 
   "ORR", 
   "NOTUSED", 
   "NOTUSED", 
   "ANDD"
  ], 
  "2": [
   "ANDD", 
   "ORR", 
   "ORR", 
   "ORR", 
   "NOTUSED", 
   "ORR", 
   "ANDD", 
   "ORR", 
   "NOTUSED", 
   "ORR", 
   "ORR", 
   "ORR", 
   "NOTUSED", 
   "NOTUSED", 
   "NOTUSED"
  ], 
  "5": [
   "NOTUSED", 
   "NOTUSED", 
   "ORR", 
   "ORR", 
   "ANDD", 
   "ANDD", 
   "ANDD", 
   "NOTUSED", 
   "NOTUSED", 
   "ANDD", 
   "ORR", 
   "NOTUSED", 
   "ANDD", 
   "NOTUSED", 
   "ORR"
  ], 
  "4": [
   "NOTUSED", 
   "ORR", 
   "NOTUSED", 
   "ANDD", 
   "NOTUSED", 
   "ANDD", 
   "NOTUSED", 
   "ORR", 
   "NOTUSED", 
   "ORR", 
   "ANDD", 
   "ANDD", 
   "ANDD", 
   "NOTUSED", 
   "ANDD"
  ], 
  "7": [
   "ANDD", 
   "ANDD", 
   "ORR", 
   "ORR", 
   "ORR", 
   "NOTUSED", 
   "NOTUSED", 
   "ANDD", 
   "NOTUSED", 
   "ORR", 
   "NOTUSED", 
   "NOTUSED", 
   "NOTUSED", 
   "NOTUSED", 
   "ORR"
  ], 
  "6": [
   "ORR", 
   "NOTUSED", 
   "ANDD", 
   "ORR", 
   "NOTUSED", 
   "ANDD", 
   "ANDD", 
   "NOTUSED", 
   "ORR", 
   "ANDD", 
   "ANDD", 
   "ANDD", 
   "ORR", 
   "ANDD", 
   "NOTUSED"
  ], 
  "9": [
   "NOTUSED", 
   "ORR", 
   "ORR", 
   "NOTUSED", 
   "ORR", 
   "ANDD", 
   "ANDD", 
   "ORR", 
   "NOTUSED", 
   "ANDD", 
   "ANDD", 
   "ORR", 
   "ORR", 
   "ORR", 
   "ORR"
  ], 
  "8": [
   "NOTUSED", 
   "ORR", 
   "NOTUSED", 
   "ORR", 
   "NOTUSED", 
   "NOTUSED", 
   "ORR", 
   "NOTUSED", 
   "NOTUSED", 
   "NOTUSED", 
   "NOTUSED", 
   "NOTUSED", 
   "ANDD", 
   "ORR", 
   "ANDD"
  ]
 }
}