{
 "random_seed": 2200758192, 
 "PARAMETERS": {
  "RADIUS1": 881677.774, 
  "QUADS": 3, 
  "RADIUS2": 926742.021, 
  "DIST": 807705.462, 
  "F_PTS": 4, 
  "K_PTS": 28, 
  "EPSILON": 0.874, 
  "LENGTH1": 137494.283, 
  "G_PTS": 32, 
  "Q_PTS": 31, 
  "N_PTS": 29, 
  "C_PTS": 49, 
  "AREA2": 28561.098, 
  "LENGTH2": 711898.064, 
  "B_PTS": 70, 
  "D_PTS": 2, 
  "AREA1": 283375.424, 
  "A_PTS": 9, 
  "E_PTS": 26
 }, 
 "NUMPOINTS": 98, 
 "points": [
  [
   452531.56, 
   593187.381
  ], 
  [
   971281.326, 
   729289.33
  ], 
  [
   -747635.953, 
   -889653.501
  ], 
  [
   529493.358, 
   -766744.621
  ], 
  [
   963027.966, 
   -941017.803
  ], 
  [
   167254.686, 
   742058.379
  ], 
  [
   310826.543, 
   219893.011
  ], 
  [
   137468.66, 
   -368591.692
  ], 
  [
   -552997.853, 
   -498836.605
  ], 
  [
   875052.363, 
   -496237.012
  ], 
  [
   -102582.097, 
   -438699.412
  ], 
  [
   940670.02, 
   -411956.927
  ], 
  [
   572288.465, 
   -987348.556
  ], 
  [
   -158027.467, 
   -147737.664
  ], 
  [
   -233940.962, 
   -13429.212
  ], 
  [
   -737152.767, 
   552383.727
  ], 
  [
   922305.233, 
   14899.227
  ], 
  [
   875489.621, 
   -459150.539
  ], 
  [
   -175472.91, 
   40415.323
  ], 
  [
   2941.68, 
   -22127.388
  ], 
  [
   180593.907, 
   -672696.82
  ], 
  [
   847966.237, 
   474853.233
  ], 
  [
   -410995.713, 
   382021.426
  ], 
  [
   559602.614, 
   56506.9
  ], 
  [
   -668713.695, 
   695992.852
  ], 
  [
   581377.14, 
   302683.193
  ], 
  [
   538509.848, 
   747499.957
  ], 
  [
   -41196.267, 
   431107.157
  ], 
  [
   -51185.497, 
   130403.735
  ], 
  [
   758385.615, 
   -551884.856
  ], 
  [
   508695.625, 
   -69244.525
  ], 
  [
   291563.532, 
   160569.513
  ], 
  [
   719450.527, 
   -20338.517
  ], 
  [
   -774645.79, 
   -657551.786
  ], 
  [
   518386.762, 
   417482.157
  ], 
  [
   552606.754, 
   537079.939
  ], 
  [
   -368034.396, 
   845390.119
  ], 
  [
   -891947.95, 
   12126.857
  ], 
  [
   916908.012, 
   91692.024
  ], 
  [
   -377069.751, 
   729629.78
  ], 
  [
   438866.684, 
   500272.446
  ], 
  [
   -606949.837, 
   -160030.06
  ], 
  [
   -773333.948, 
   238064.168
  ], 
  [
   -334523.858, 
   -624777.675
  ], 
  [
   565918.572, 
   -776131.738
  ], 
  [
   -672721.244, 
   -934013.847
  ], 
  [
   -478836.308, 
   -520924.447
  ], 
  [
   810267.042, 
   -935509.893
  ], 
  [
   442743.069, 
   662557.237
  ], 
  [
   -166222.626, 
   -241139.387
  ], 
  [
   -43051.694, 
   867082.397
  ], 
  [
   277373.87, 
   593499.297
  ], 
  [
   -374093.942, 
   -212264.513
  ], 
  [
   -92231.852, 
   573994.212
  ], 
  [
   -902301.526, 
   -21378.669
  ], 
  [
   -694405.645, 
   -906008.147
  ], 
  [
   -774135.586, 
   -400410.312
  ], 
  [
   -55425.058, 
   -362534.597
  ], 
  [
   316531.294, 
   18666.041
  ], 
  [
   329273.828, 
   -686687.464
  ], 
  [
   26188.307, 
   -996974.532
  ], 
  [
   -423447.285, 
   -189978.767
  ], 
  [
   -450224.769, 
   72200.119
  ], 
  [
   46003.055, 
   236935.457
  ], 
  [
   -149045.868, 
   839372.196
  ], 
  [
   941757.773, 
   -792077.937
  ], 
  [
   -236050.327, 
   -165636.035
  ], 
  [
   260206.001, 
   -559775.458
  ], 
  [
   -433151.302, 
   242308.497
  ], 
  [
   -139992.32, 
   -626741.093
  ], 
  [
   -525758.85, 
   823407.381
  ], 
  [
   342196.682, 
   777071.532
  ], 
  [
   657703.942, 
   229918.815
  ], 
  [
   -8384.256, 
   609332.343
  ], 
  [
   79071.831, 
   -561141.076
  ], 
  [
   747044.164, 
   -575943.257
  ], 
  [
   -559244.94, 
   579128.633
  ], 
  [
   -364511.556, 
   421108.312
  ], 
  [
   -877423.886, 
   -518670.982
  ], 
  [
   320500.252, 
   523796.775
  ], 
  [
   404868.019, 
   -667339.931
  ], 
  [
   5878.454, 
   -773251.917
  ], 
  [
   -773404.101, 
   485875.49
  ], 
  [
   -318786.348, 
   580740.249
  ], 
  [
   -413144.132, 
   687535.721
  ], 
  [
   -696367.693, 
   -64052.905
  ], 
  [
   -334496.044, 
   32250.655
  ], 
  [
   -537280.821, 
   -460385.511
  ], 
  [
   -798851.599, 
   948804.843
  ], 
  [
   914384.181, 
   -526230.11
  ], 
  [
   742233.772, 
   26580.123
  ], 
  [
   528212.447, 
   -342876.424
  ], 
  [
   937789.703, 
   776503.9
  ], 
  [
   156659.64, 
   120097.869
  ], 
  [
   708913.588, 
   -448153.272
  ], 
  [
   306079.86, 
   -302267.004
  ], 
  [
   -313253.972, 
   -692843.261
  ], 
  [
   -147199.626, 
   334395.599
  ]
 ], 
 "PUV": [
  true, 
  false, 
  false, 
  false, 
  false, 
  true, 
  false, 
  false, 
  true, 
  false, 
  false, 
  false, 
  true, 
  false, 
  true
 ], 
 "LCM": {
  "11": [
   "ANDD", 
   "NOTUSED", 
   "ORR", 
   "ANDD", 
   "NOTUSED", 
   "ORR", 
   "ORR", 
   "NOTUSED", 
   "ORR", 
   "ANDD", 
   "NOTUSED", 
   "ORR", 
   "NOTUSED", 
   "ANDD", 
   "NOTUSED"
  ], 
  "10": [
   "NOTUSED", 
   "ANDD", 
   "ORR", 
   "ANDD", 
   "NOTUSED", 
   "NOTUSED", 
   "NOTUSED", 
   "ANDD", 
   "ANDD", 
   "ORR", 
   "ORR", 
   "NOTUSED", 
   "NOTUSED", 
   "ANDD", 
   "ANDD"
  ], 
  "13": [
   "ANDD", 
   "ANDD", 
   "ANDD", 
   "ANDD", 
   "ORR", 
   "ORR", 
   "ANDD", 
   "NOTUSED", 
   "NOTUSED", 
   "NOTUSED", 
   "ANDD", 
   "ANDD", 
   "ORR", 
   "NOTUSED", 
   "NOTUSED"
  ], 
  "12": [
   "ANDD", 
   "NOTUSED", 
   "ANDD", 
   "ANDD", 
   "ORR", 
   "NOTUSED", 
   "ANDD", 
   "ORR", 
   "ANDD", 
   "ORR", 
   "NOTUSED", 
   "NOTUSED", 
   "NOTUSED", 
   "ORR", 
   "ANDD"
  ], 
  "14": [
   "NOTUSED", 
   "ANDD", 
   "ORR", 
   "ORR", 
   "NOTUSED", 
   "NOTUSED", 
   "NOTUSED", 
   "ANDD", 
   "ANDD", 
   "NOTUSED", 
   "ANDD", 
   "NOTUSED", 
   "ANDD", 
   "NOTUSED", 
   "NOTUSED"
  ], 
  "1": [
   "ORR", 
   "NOTUSED", 
   "ORR", 
   "ORR", 
   "NOTUSED", 
   "NOTUSED", 
   "ORR", 
   "ORR", 
   "ORR", 
   "ORR", 
   "ANDD", 
   "NOTUSED", 
   "NOTUSED", 
   "ANDD", 
   "ANDD"
  ], 
  "0": [
   "ANDD", 
   "ORR", 
   "NOTUSED", 
   "ORR", 
   "NOTUSED", 
   "ANDD", 
   "NOTUSED", 
   "ANDD", 
   "ORR", 
   "NOTUSED", 
   "NOTUSED", 
   "ANDD", 
   "ANDD", 
   "ANDD", 
   "NOTUSED"
  ], 
  "3": [
   "ORR", 
   "ORR", 
   "NOTUSED", 
   "ORR", 
   "ORR", 
   "NOTUSED", 
   "ANDD", 
   "NOTUSED", 
   "NOTUSED", 
   "NOTUSED", 
   "ANDD", 
   "ANDD", 
   "ANDD", 
   "ANDD", 
   "ORR"
  ], 
  "2": [
   "NOTUSED", 
   "ORR", 
   "ORR", 
   "NOTUSED", 
   "ORR", 
   "ORR", 
   "ORR", 
   "ANDD", 
   "ANDD", 
   "ORR", 
   "ORR", 
   "ORR", 
   "ANDD", 
   "ANDD", 
   "ORR"
  ], 
  "5": [
   "ANDD", 
   "NOTUSED", 
   "ORR", 
   "NOTUSED", 
   "NOTUSED", 
   "NOTUSED", 
   "ORR", 
   "ORR", 
   "NOTUSED", 
   "NOTUSED", 
   "NOTUSED", 
   "ORR", 
   "NOTUSED", 
   "ORR", 
   "NOTUSED"
  ], 
  "4": [
   "NOTUSED", 
   "NOTUSED", 
   "ORR", 
   "ORR", 
   "ORR", 
   "NOTUSED", 
   "ORR", 
   "NOTUSED", 
   "ANDD", 
   "ANDD", 
   "NOTUSED", 
   "NOTUSED", 
   "ORR", 
   "ORR", 
   "NOTUSED"
  ], 
  "7": [
   "ANDD", 
   "ORR", 
   "ANDD", 
   "NOTUSED", 
   "NOTUSED", 
   "ORR", 
   "ORR", 
   "ORR", 
   "NOTUSED", 
   "ORR", 
   "ANDD", 
   "NOTUSED", 
   "ORR", 
   "NOTUSED", 
   "ANDD"
  ], 
  "6": [
   "NOTUSED", 
   "ORR", 
   "ORR", 
   "ANDD", 
   "ORR", 
   "ORR", 
   "NOTUSED", 
   "ORR", 
   "ANDD", 
   "ORR", 
   "NOTUSED", 
   "ORR", 
   "ANDD", 
   "ANDD", 
   "NOTUSED"
  ], 
  "9": [
   "NOTUSED", 
   "ORR", 
   "ORR", 
   "NOTUSED", 
   "ANDD", 
   "NOTUSED", 
   "ORR", 
   "ORR", 
   "ANDD", 
   "NOTUSED", 
   "ORR", 
   "ANDD", 
   "ORR", 
   "NOTUSED", 
   "NOTUSED"
  ], 
  "8": [
   "ORR", 
   "ORR", 
   "ANDD", 
   "NOTUSED", 
   "ANDD", 
   "NOTUSED", 
   "ANDD", 
   "NOTUSED", 
   "ANDD", 
   "ANDD", 
   "ANDD", 
   "ORR", 
   "ANDD", 
   "NOTUSED", 
   "ANDD"
  ]
 }
}