{
 "random_seed": 3394596712, 
 "PARAMETERS": {
  "RADIUS1": 731488.687, 
  "QUADS": 3, 
  "RADIUS2": 51291.801, 
  "DIST": 337620.089, 
  "F_PTS": 23, 
  "K_PTS": 52, 
  "EPSILON": 2.844, 
  "LENGTH1": 485542.997, 
  "G_PTS": 33, 
  "Q_PTS": 55, 
  "N_PTS": 9, 
  "C_PTS": 16, 
  "AREA2": 677466.344, 
  "LENGTH2": 448216.296, 
  "B_PTS": 19, 
  "D_PTS": 44, 
  "AREA1": 122192.143, 
  "A_PTS": 4, 
  "E_PTS": 30
 }, 
 "NUMPOINTS": 66, 
 "points": [
  [
   -100223.874, 
   -249591.793
  ], 
  [
   -846100.823, 
   -474448.885
  ], 
  [
   682466.109, 
   818876.212
  ], 
  [
   13583.749, 
   -595198.985
  ], 
  [
   521245.593, 
   -870451.181
  ], 
  [
   394056.472, 
   512511.568
  ], 
  [
   384433.84, 
   -88951.302
  ], 
  [
   970620.284, 
   -608428.213
  ], 
  [
   981890.085, 
   -236028.96
  ], 
  [
   -415325.407, 
   72295.109
  ], 
  [
   558211.943, 
   -133852.202
  ], 
  [
   -368735.576, 
   802538.035
  ], 
  [
   -963311.184, 
   -642525.99
  ], 
  [
   -875483.936, 
   -577333.807
  ], 
  [
   -432611.381, 
   -952029.974
  ], 
  [
   -771116.598, 
   280077.391
  ], 
  [
   -976964.077, 
   577417.626
  ], 
  [
   -534121.938, 
   573422.163
  ], 
  [
   -835488.812, 
   -178625.17
  ], 
  [
   -215118.659, 
   -608637.629
  ], 
  [
   -52205.736, 
   946509.584
  ], 
  [
   111738.158, 
   215929.891
  ], 
  [
   -166079.162, 
   970611.226
  ], 
  [
   289897.414, 
   227116.309
  ], 
  [
   -821771.672, 
   439953.786
  ], 
  [
   -854059.328, 
   -58591.418
  ], 
  [
   -451837.434, 
   993511.672
  ], 
  [
   705940.143, 
   -96685.959
  ], 
  [
   428710.304, 
   309508.268
  ], 
  [
   86148.929, 
   715075.927
  ], 
  [
   -403021.837, 
   -217380.817
  ], 
  [
   404174.678, 
   716330.268
  ], 
  [
   -642713.242, 
   -17988.714
  ], 
  [
   57634.935, 
   -596517.425
  ], 
  [
   222638.513, 
   66417.298
  ], 
  [
   571623.888, 
   -502708.37
  ], 
  [
   380039.391, 
   917897.06
  ], 
  [
   -162790.915, 
   -544455.136
  ], 
  [
   -824640.831, 
   -445411.857
  ], 
  [
   817211.607, 
   -1346.817
  ], 
  [
   -899372.225, 
   851963.09
  ], 
  [
   -298679.527, 
   414790.008
  ], 
  [
   234875.834, 
   -67908.409
  ], 
  [
   -635871.48, 
   -646465.185
  ], 
  [
   -241924.604, 
   720986.552
  ], 
  [
   690226.338, 
   -116188.178
  ], 
  [
   80952.996, 
   513726.334
  ], 
  [
   319837.024, 
   -162813.386
  ], 
  [
   308059.932, 
   565071.274
  ], 
  [
   159119.114, 
   395454.173
  ], 
  [
   593210.441, 
   550809.666
  ], 
  [
   -686237.788, 
   221508.788
  ], 
  [
   -886267.08, 
   788520.602
  ], 
  [
   -453633.479, 
   904774.527
  ], 
  [
   -300766.041, 
   914204.692
  ], 
  [
   -371403.672, 
   -968459.109
  ], 
  [
   134962.224, 
   -148556.302
  ], 
  [
   -404747.235, 
   -800414.46
  ], 
  [
   -317150.744, 
   -692272.335
  ], 
  [
   -465828.855, 
   -394185.305
  ], 
  [
   -58816.5, 
   868818.426
  ], 
  [
   -172797.771, 
   -316814.717
  ], 
  [
   910327.528, 
   956509.492
  ], 
  [
   -609111.153, 
   -278976.748
  ], 
  [
   673045.056, 
   936984.093
  ], 
  [
   -577265.561, 
   -880974.894
  ]
 ], 
 "PUV": [
  true, 
  false, 
  true, 
  false, 
  false, 
  false, 
  false, 
  false, 
  true, 
  true, 
  true, 
  true, 
  true, 
  false, 
  false
 ], 
 "LCM": {
  "11": [
   "ANDD", 
   "ORR", 
   "ANDD", 
   "NOTUSED", 
   "ANDD", 
   "ANDD", 
   "NOTUSED", 
   "ORR", 
   "ANDD", 
   "ANDD", 
   "ANDD", 
   "ANDD", 
   "ORR", 
   "ORR", 
   "NOTUSED"
  ], 
  "10": [
   "ANDD", 
   "NOTUSED", 
   "ORR", 
   "ANDD", 
   "ORR", 
   "NOTUSED", 
   "ANDD", 
   "ANDD", 
   "ANDD", 
   "ORR", 
   "ANDD", 
   "ANDD", 
   "NOTUSED", 
   "NOTUSED", 
   "NOTUSED"
  ], 
  "13": [
   "ORR", 
   "NOTUSED", 
   "ORR", 
   "NOTUSED", 
   "NOTUSED", 
   "ORR", 
   "ANDD", 
   "ANDD", 
   "NOTUSED", 
   "ANDD", 
   "NOTUSED", 
   "ORR", 
   "ORR", 
   "ANDD", 
   "ORR"
  ], 
  "12": [
   "ANDD", 
   "ANDD", 
   "NOTUSED", 
   "ORR", 
   "ORR", 
   "ANDD", 
   "ORR", 
   "ORR", 
   "ORR", 
   "ORR", 
   "NOTUSED", 
   "ORR", 
   "NOTUSED", 
   "ORR", 
   "NOTUSED"
  ], 
  "14": [
   "ANDD", 
   "NOTUSED", 
   "NOTUSED", 
   "NOTUSED", 
   "NOTUSED", 
   "ANDD", 
   "ANDD", 
   "ANDD", 
   "NOTUSED", 
   "NOTUSED", 
   "NOTUSED", 
   "NOTUSED", 
   "NOTUSED", 
   "ORR", 
   "NOTUSED"
  ], 
  "1": [
   "ORR", 
   "ANDD", 
   "NOTUSED", 
   "NOTUSED", 
   "ORR", 
   "ORR", 
   "ANDD", 
   "ANDD", 
   "ORR", 
   "ORR", 
   "NOTUSED", 
   "ORR", 
   "ANDD", 
   "NOTUSED", 
   "NOTUSED"
  ], 
  "0": [
   "ANDD", 
   "ORR", 
   "ANDD", 
   "NOTUSED", 
   "ANDD", 
   "ANDD", 
   "NOTUSED", 
   "NOTUSED", 
   "NOTUSED", 
   "ORR", 
   "ANDD", 
   "ANDD", 
   "ANDD", 
   "ORR", 
   "ANDD"
  ], 
  "3": [
   "NOTUSED", 
   "NOTUSED", 
   "ORR", 
   "ANDD", 
   "ANDD", 
   "NOTUSED", 
   "NOTUSED", 
   "NOTUSED", 
   "ANDD", 
   "ORR", 
   "ANDD", 
   "NOTUSED", 
   "ORR", 
   "NOTUSED", 
   "NOTUSED"
  ], 
  "2": [
   "ANDD", 
   "NOTUSED", 
   "NOTUSED", 
   "ORR", 
   "ORR", 
   "NOTUSED", 
   "ORR", 
   "ANDD", 
   "ORR", 
   "ANDD", 
   "ORR", 
   "ANDD", 
   "NOTUSED", 
   "ORR", 
   "NOTUSED"
  ], 
  "5": [
   "ANDD", 
   "ORR", 
   "NOTUSED", 
   "NOTUSED", 
   "NOTUSED", 
   "ANDD", 
   "ANDD", 
   "ANDD", 
   "ANDD", 
   "NOTUSED", 
   "NOTUSED", 
   "ANDD", 
   "ANDD", 
   "ORR", 
   "ANDD"
  ], 
  "4": [
   "ANDD", 
   "ORR", 
   "ORR", 
   "ANDD", 
   "NOTUSED", 
   "NOTUSED", 
   "ANDD", 
   "ANDD", 
   "ORR", 
   "ORR", 
   "ORR", 
   "ANDD", 
   "ORR", 
   "NOTUSED", 
   "NOTUSED"
  ], 
  "7": [
   "NOTUSED", 
   "ANDD", 
   "ANDD", 
   "NOTUSED", 
   "ANDD", 
   "ANDD", 
   "NOTUSED", 
   "NOTUSED", 
   "ANDD", 
   "ORR", 
   "ANDD", 
   "ORR", 
   "ORR", 
   "ANDD", 
   "ANDD"
  ], 
  "6": [
   "NOTUSED", 
   "ANDD", 
   "ORR", 
   "NOTUSED", 
   "ANDD", 
   "ANDD", 
   "NOTUSED", 
   "NOTUSED", 
   "ANDD", 
   "ANDD", 
   "ANDD", 
   "NOTUSED", 
   "ORR", 
   "ANDD", 
   "ANDD"
  ], 
  "9": [
   "ORR", 
   "ORR", 
   "ANDD", 
   "ORR", 
   "ORR", 
   "NOTUSED", 
   "ANDD", 
   "ORR", 
   "ANDD", 
   "ANDD", 
   "ORR", 
   "ANDD", 
   "ORR", 
   "ANDD", 
   "NOTUSED"
  ], 
  "8": [
   "NOTUSED", 
   "ORR", 
   "ORR", 
   "ANDD", 
   "ORR", 
   "ANDD", 
   "ANDD", 
   "ANDD", 
   "ORR", 
   "ANDD", 
   "ANDD", 
   "ANDD", 
   "ORR", 
   "NOTUSED", 
   "NOTUSED"
  ]
 }
}