{
 "random_seed": 3391484084, 
 "PARAMETERS": {
  "RADIUS1": 612001.209, 
  "QUADS": 2, 
  "RADIUS2": 984291.17, 
  "DIST": 270846.325, 
  "F_PTS": 8, 
  "K_PTS": 65, 
  "EPSILON": 2.368, 
  "LENGTH1": 860354.569, 
  "G_PTS": 11, 
  "Q_PTS": 55, 
  "N_PTS": 38, 
  "C_PTS": 11, 
  "AREA2": 324794.101, 
  "LENGTH2": 190542.563, 
  "B_PTS": 33, 
  "D_PTS": 32, 
  "AREA1": 746968.288, 
  "A_PTS": 30, 
  "E_PTS": 25
 }, 
 "NUMPOINTS": 67, 
 "points": [
  [
   -746922.299, 
   405025.452
  ], 
  [
   493796.462, 
   -846037.707
  ], 
  [
   271131.61, 
   -796173.796
  ], 
  [
   953070.484, 
   477848.457
  ], 
  [
   -874079.396, 
   -362029.825
  ], 
  [
   -90680.087, 
   387945.347
  ], 
  [
   503903.083, 
   -31169.883
  ], 
  [
   729681.091, 
   118311.429
  ], 
  [
   766438.508, 
   -289790.551
  ], 
  [
   408794.358, 
   -102722.794
  ], 
  [
   642504.383, 
   -198528.092
  ], 
  [
   389863.116, 
   441472.254
  ], 
  [
   -687735.821, 
   -548294.553
  ], 
  [
   796755.448, 
   -223670.629
  ], 
  [
   -725614.481, 
   470602.282
  ], 
  [
   240734.415, 
   552792.764
  ], 
  [
   752298.483, 
   -563628.09
  ], 
  [
   686973.325, 
   -639786.06
  ], 
  [
   -39599.409, 
   512198.168
  ], 
  [
   714739.61, 
   -527270.711
  ], 
  [
   -386869.432, 
   235007.956
  ], 
  [
   -639269.845, 
   892317.83
  ], 
  [
   32615.744, 
   482493.846
  ], 
  [
   -836831.222, 
   963814.355
  ], 
  [
   -304908.501, 
   -439457.95
  ], 
  [
   -540792.193, 
   453308.263
  ], 
  [
   645010.309, 
   100356.888
  ], 
  [
   821417.91, 
   401231.288
  ], 
  [
   820702.043, 
   671731.877
  ], 
  [
   937639.612, 
   -366545.62
  ], 
  [
   800995.759, 
   -300459.203
  ], 
  [
   -432345.554, 
   420372.537
  ], 
  [
   -877623.079, 
   342616.643
  ], 
  [
   -783183.065, 
   944691.052
  ], 
  [
   530321.951, 
   -689193.855
  ], 
  [
   -727003.337, 
   -437617.546
  ], 
  [
   -643548.268, 
   935580.561
  ], 
  [
   573650.104, 
   509225.975
  ], 
  [
   -203752.117, 
   507479.691
  ], 
  [
   215255.73, 
   649991.658
  ], 
  [
   -378809.544, 
   -290376.265
  ], 
  [
   133582.584, 
   -393312.64
  ], 
  [
   -553868.347, 
   972831.184
  ], 
  [
   692467.966, 
   904614.897
  ], 
  [
   173232.49, 
   869879.463
  ], 
  [
   555283.608, 
   -603909.989
  ], 
  [
   374121.669, 
   412574.066
  ], 
  [
   531688.092, 
   892153.502
  ], 
  [
   -674829.917, 
   -192593.909
  ], 
  [
   874453.036, 
   597528.977
  ], 
  [
   914813.568, 
   -646695.568
  ], 
  [
   -234845.227, 
   955019.69
  ], 
  [
   629342.948, 
   -623520.124
  ], 
  [
   -352946.89, 
   -870454.016
  ], 
  [
   703850.244, 
   -450837.083
  ], 
  [
   675847.122, 
   498453.549
  ], 
  [
   711288.984, 
   -999238.203
  ], 
  [
   930824.974, 
   626335.45
  ], 
  [
   771486.478, 
   -874046.699
  ], 
  [
   -517086.325, 
   929127.623
  ], 
  [
   623474.495, 
   -297389.224
  ], 
  [
   -213195.444, 
   36075.806
  ], 
  [
   19151.67, 
   -348462.291
  ], 
  [
   -728421.456, 
   455812.67
  ], 
  [
   -758340.194, 
   -520268.949
  ], 
  [
   621218.062, 
   -739103.329
  ], 
  [
   95569.802, 
   -183578.609
  ]
 ], 
 "PUV": [
  true, 
  false, 
  false, 
  true, 
  false, 
  true, 
  false, 
  true, 
  false, 
  true, 
  true, 
  true, 
  false, 
  false, 
  true
 ], 
 "LCM": {
  "11": [
   "ORR", 
   "NOTUSED", 
   "NOTUSED", 
   "NOTUSED", 
   "ANDD", 
   "ANDD", 
   "NOTUSED", 
   "ORR", 
   "ANDD", 
   "ORR", 
   "NOTUSED", 
   "ANDD", 
   "ORR", 
   "NOTUSED", 
   "ANDD"
  ], 
  "10": [
   "ANDD", 
   "ANDD", 
   "ORR", 
   "NOTUSED", 
   "ANDD", 
   "NOTUSED", 
   "ORR", 
   "ANDD", 
   "ANDD", 
   "ORR", 
   "ORR", 
   "NOTUSED", 
   "NOTUSED", 
   "ANDD", 
   "NOTUSED"
  ], 
  "13": [
   "ORR", 
   "ANDD", 
   "NOTUSED", 
   "ORR", 
   "ANDD", 
   "ORR", 
   "ORR", 
   "ANDD", 
   "ANDD", 
   "ANDD", 
   "ANDD", 
   "NOTUSED", 
   "ANDD", 
   "ORR", 
   "ANDD"
  ], 
  "12": [
   "ANDD", 
   "ORR", 
   "ORR", 
   "ORR", 
   "ORR", 
   "ANDD", 
   "ORR", 
   "ORR", 
   "ORR", 
   "ANDD", 
   "NOTUSED", 
   "ORR", 
   "NOTUSED", 
   "ANDD", 
   "ORR"
  ], 
  "14": [
   "ANDD", 
   "NOTUSED", 
   "NOTUSED", 
   "NOTUSED", 
   "ORR", 
   "ORR", 
   "ANDD", 
   "ANDD", 
   "ANDD", 
   "NOTUSED", 
   "NOTUSED", 
   "ANDD", 
   "ORR", 
   "ANDD", 
   "ANDD"
  ], 
  "1": [
   "ANDD", 
   "ORR", 
   "NOTUSED", 
   "NOTUSED", 
   "ANDD", 
   "NOTUSED", 
   "ORR", 
   "NOTUSED", 
   "ORR", 
   "ORR", 
   "ANDD", 
   "NOTUSED", 
   "ORR", 
   "ANDD", 
   "NOTUSED"
  ], 
  "0": [
   "ANDD", 
   "ANDD", 
   "ORR", 
   "ORR", 
   "ORR", 
   "NOTUSED", 
   "ORR", 
   "ORR", 
   "NOTUSED", 
   "NOTUSED", 
   "ANDD", 
   "ORR", 
   "ANDD", 
   "ORR", 
   "ANDD"
  ], 
  "3": [
   "ORR", 
   "NOTUSED", 
   "NOTUSED", 
   "NOTUSED", 
   "ANDD", 
   "NOTUSED", 
   "ORR", 
   "ANDD", 
   "ORR", 
   "NOTUSED", 
   "NOTUSED", 
   "NOTUSED", 
   "ORR", 
   "ORR", 
   "NOTUSED"
  ], 
  "2": [
   "ORR", 
   "NOTUSED", 
   "NOTUSED", 
   "NOTUSED", 
   "ORR", 
   "NOTUSED", 
   "ORR", 
   "ANDD", 
   "NOTUSED", 
   "NOTUSED", 
   "ORR", 
   "NOTUSED", 
   "ORR", 
   "NOTUSED", 
   "NOTUSED"
  ], 
  "5": [
   "NOTUSED", 
   "NOTUSED", 
   "NOTUSED", 
   "NOTUSED", 
   "NOTUSED", 
   "ORR", 
   "ORR", 
   "NOTUSED", 
   "ANDD", 
   "ANDD", 
   "NOTUSED", 
   "ANDD", 
   "ANDD", 
   "ORR", 
   "ORR"
  ], 
  "4": [
   "ORR", 
   "ANDD", 
   "ORR", 
   "ANDD", 
   "NOTUSED", 
   "NOTUSED", 
   "NOTUSED", 
   "ANDD", 
   "NOTUSED", 
   "ANDD", 
   "ANDD", 
   "ANDD", 
   "ORR", 
   "ANDD", 
   "ORR"
  ], 
  "7": [
   "ORR", 
   "NOTUSED", 
   "ANDD", 
   "ANDD", 
   "ANDD", 
   "NOTUSED", 
   "ANDD", 
   "NOTUSED", 
   "ANDD", 
   "ORR", 
   "ANDD", 
   "ORR", 
   "ORR", 
   "ANDD", 
   "ANDD"
  ], 
  "6": [
   "ORR", 
   "ORR", 
   "ORR", 
   "ORR", 
   "NOTUSED", 
   "ORR", 
   "ORR", 
   "ANDD", 
   "ORR", 
   "NOTUSED", 
   "ORR", 
   "NOTUSED", 
   "ORR", 
   "ORR", 
   "ANDD"
  ], 
  "9": [
   "NOTUSED", 
   "ORR", 
   "NOTUSED", 
   "NOTUSED", 
   "ANDD", 
   "ANDD", 
   "NOTUSED", 
   "ORR", 
   "ORR", 
   "ANDD", 
   "ORR", 
   "ORR", 
   "ANDD", 
   "ANDD", 
   "NOTUSED"
  ], 
  "8": [
   "NOTUSED", 
   "ORR", 
   "NOTUSED", 
   "ORR", 
   "NOTUSED", 
   "ANDD", 
   "ORR", 
   "ANDD", 
   "NOTUSED", 
   "ORR", 
   "ANDD", 
   "ANDD", 
   "ORR", 
   "ANDD", 
   "ANDD"
  ]
 }
}