{
 "random_seed": 704252740, 
 "PARAMETERS": {
  "RADIUS1": 509917.735, 
  "QUADS": 1, 
  "RADIUS2": 807960.977, 
  "DIST": 894371.496, 
  "F_PTS": 72, 
  "K_PTS": 28, 
  "EPSILON": 2.533, 
  "LENGTH1": 952437.705, 
  "G_PTS": 14, 
  "Q_PTS": 28, 
  "N_PTS": 76, 
  "C_PTS": 35, 
  "AREA2": 199826.12, 
  "LENGTH2": 287803.817, 
  "B_PTS": 21, 
  "D_PTS": 21, 
  "AREA1": 728994.866, 
  "A_PTS": 41, 
  "E_PTS": 12
 }, 
 "NUMPOINTS": 92, 
 "points": [
  [
   622504.885, 
   258956.263
  ], 
  [
   -432552.935, 
   977962.709
  ], 
  [
   531986.352, 
   -651968.666
  ], 
  [
   192466.886, 
   -118704.092
  ], 
  [
   -789398.564, 
   647061.951
  ], 
  [
   -136314.246, 
   -947303.029
  ], 
  [
   -474407.348, 
   645941.891
  ], 
  [
   678436.878, 
   28012.708
  ], 
  [
   -488567.42, 
   -200905.726
  ], 
  [
   198058.006, 
   -680800.113
  ], 
  [
   405236.251, 
   -848828.03
  ], 
  [
   -778510.055, 
   930116.119
  ], 
  [
   -892699.442, 
   -401316.437
  ], 
  [
   294994.375, 
   -198958.19
  ], 
  [
   952984.395, 
   234865.661
  ], 
  [
   657552.062, 
   -113156.735
  ], 
  [
   -70635.312, 
   180703.039
  ], 
  [
   593392.376, 
   273004.274
  ], 
  [
   -193674.006, 
   -630789.209
  ], 
  [
   -59768.027, 
   483948.138
  ], 
  [
   -290897.765, 
   995645.159
  ], 
  [
   -519238.417, 
   66775.231
  ], 
  [
   444497.33, 
   931059.826
  ], 
  [
   251095.647, 
   725128.443
  ], 
  [
   -390037.157, 
   118480.912
  ], 
  [
   505936.252, 
   776897.658
  ], 
  [
   767137.621, 
   467656.257
  ], 
  [
   869345.05, 
   -341899.777
  ], 
  [
   83799.625, 
   525569.868
  ], 
  [
   90498.769, 
   -444916.464
  ], 
  [
   -709018.059, 
   470436.027
  ], 
  [
   137709.83, 
   -377636.989
  ], 
  [
   49655.545, 
   -287046.7
  ], 
  [
   -842346.221, 
   955695.391
  ], 
  [
   20224.571, 
   157154.814
  ], 
  [
   344958.192, 
   -699016.921
  ], 
  [
   -273328.715, 
   -368158.251
  ], 
  [
   214731.283, 
   -577326.251
  ], 
  [
   578619.284, 
   321598.332
  ], 
  [
   -366515.306, 
   -270802.953
  ], 
  [
   487033.887, 
   372991.993
  ], 
  [
   -492030.946, 
   240609.09
  ], 
  [
   77226.749, 
   335882.062
  ], 
  [
   749847.791, 
   873728.318
  ], 
  [
   137621.628, 
   98375.867
  ], 
  [
   980405.387, 
   -614115.974
  ], 
  [
   -502210.452, 
   818570.113
  ], 
  [
   631404.625, 
   939032.9
  ], 
  [
   -659134.584, 
   488373.587
  ], 
  [
   -681768.682, 
   -504662.602
  ], 
  [
   -106566.953, 
   131183.76
  ], 
  [
   550960.638, 
   -245278.518
  ], 
  [
   -360917.913, 
   791137.975
  ], 
  [
   950516.809, 
   901290.335
  ], 
  [
   48535.796, 
   764477.518
  ], 
  [
   -946240.214, 
   -856323.982
  ], 
  [
   -162958.592, 
   451236.88
  ], 
  [
   656364.771, 
   -400146.581
  ], 
  [
   -204881.639, 
   -163925.962
  ], 
  [
   -657879.578, 
   -516744.059
  ], 
  [
   466721.601, 
   -584247.014
  ], 
  [
   -328874.566, 
   -291840.486
  ], 
  [
   -987519.498, 
   -649770.874
  ], 
  [
   -497997.668, 
   206380.479
  ], 
  [
   759510.201, 
   -882802.453
  ], 
  [
   -545030.182, 
   247457.739
  ], 
  [
   454228.741, 
   -794148.083
  ], 
  [
   124262.784, 
   719980.314
  ], 
  [
   532364.79, 
   606309.499
  ], 
  [
   -534400.636, 
   353434.094
  ], 
  [
   -582235.676, 
   -615742.098
  ], 
  [
   -368726.962, 
   493356.841
  ], 
  [
   -602238.002, 
   181852.388
  ], 
  [
   560132.557, 
   898718.093
  ], 
  [
   -481759.962, 
   -101703.794
  ], 
  [
   -563523.699, 
   -50492.864
  ], 
  [
   656224.586, 
   -679475.744
  ], 
  [
   -968145.968, 
   389366.315
  ], 
  [
   73461.395, 
   -838168.295
  ], 
  [
   -110319.668, 
   174187.215
  ], 
  [
   -718039.08, 
   -480319.939
  ], 
  [
   148420.225, 
   435894.847
  ], 
  [
   -799236.078, 
   -129682.173
  ], 
  [
   791783.726, 
   455787.647
  ], 
  [
   -303202.672, 
   645192.68
  ], 
  [
   -54494.834, 
   -947803.524
  ], 
  [
   90816.267, 
   605009.78
  ], 
  [
   236357.469, 
   -871951.551
  ], 
  [
   399414.35, 
   -161568.683
  ], 
  [
   -872501.553, 
   1239.488
  ], 
  [
   -297274.525, 
   -921123.246
  ], 
  [
   14253.08, 
   -341143.377
  ]
 ], 
 "PUV": [
  true, 
  false, 
  true, 
  true, 
  false, 
  true, 
  true, 
  false, 
  true, 
  false, 
  true, 
  true, 
  false, 
  false, 
  true
 ], 
 "LCM": {
  "11": [
   "NOTUSED", 
   "ORR", 
   "ANDD", 
   "ORR", 
   "NOTUSED", 
   "NOTUSED", 
   "ANDD", 
   "ANDD", 
   "NOTUSED", 
   "ANDD", 
   "NOTUSED", 
   "NOTUSED", 
   "ANDD", 
   "ORR", 
   "ANDD"
  ], 
  "10": [
   "NOTUSED", 
   "ORR", 
   "ANDD", 
   "NOTUSED", 
   "ANDD", 
   "ANDD", 
   "ANDD", 
   "ORR", 
   "ANDD", 
   "ORR", 
   "ORR", 
   "NOTUSED", 
   "ANDD", 
   "ORR", 
   "NOTUSED"
  ], 
  "13": [
   "ANDD", 
   "ANDD", 
   "ANDD", 
   "ANDD", 
   "NOTUSED", 
   "ANDD", 
   "ANDD", 
   "ORR", 
   "ANDD", 
   "NOTUSED", 
   "ORR", 
   "ORR", 
   "NOTUSED", 
   "ANDD", 
   "NOTUSED"
  ], 
  "12": [
   "ANDD", 
   "NOTUSED", 
   "ORR", 
   "ORR", 
   "ANDD", 
   "NOTUSED", 
   "ORR", 
   "ANDD", 
   "ANDD", 
   "ANDD", 
   "ANDD", 
   "ANDD", 
   "NOTUSED", 
   "NOTUSED", 
   "NOTUSED"
  ], 
  "14": [
   "ANDD", 
   "NOTUSED", 
   "ANDD", 
   "NOTUSED", 
   "ORR", 
   "ORR", 
   "NOTUSED", 
   "ORR", 
   "NOTUSED", 
   "NOTUSED", 
   "NOTUSED", 
   "ANDD", 
   "NOTUSED", 
   "NOTUSED", 
   "ANDD"
  ], 
  "1": [
   "NOTUSED", 
   "ANDD", 
   "NOTUSED", 
   "ORR", 
   "ANDD", 
   "ORR", 
   "ANDD", 
   "NOTUSED", 
   "ORR", 
   "ANDD", 
   "ORR", 
   "ORR", 
   "NOTUSED", 
   "ANDD", 
   "NOTUSED"
  ], 
  "0": [
   "ANDD", 
   "NOTUSED", 
   "ANDD", 
   "ANDD", 
   "NOTUSED", 
   "ANDD", 
   "NOTUSED", 
   "ORR", 
   "ANDD", 
   "ANDD", 
   "NOTUSED", 
   "NOTUSED", 
   "ANDD", 
   "ANDD", 
   "ANDD"
  ], 
  "3": [
   "ANDD", 
   "ORR", 
   "ORR", 
   "ORR", 
   "ORR", 
   "NOTUSED", 
   "ORR", 
   "ANDD", 
   "ANDD", 
   "ANDD", 
   "NOTUSED", 
   "ORR", 
   "ORR", 
   "ANDD", 
   "NOTUSED"
  ], 
  "2": [
   "ANDD", 
   "NOTUSED", 
   "ANDD", 
   "ORR", 
   "ORR", 
   "ORR", 
   "ORR", 
   "ANDD", 
   "ANDD", 
   "ORR", 
   "ANDD", 
   "ANDD", 
   "ORR", 
   "ANDD", 
   "ANDD"
  ], 
  "5": [
   "ANDD", 
   "ORR", 
   "ORR", 
   "NOTUSED", 
   "NOTUSED", 
   "NOTUSED", 
   "ORR", 
   "ANDD", 
   "NOTUSED", 
   "ORR", 
   "ANDD", 
   "NOTUSED", 
   "NOTUSED", 
   "ANDD", 
   "ORR"
  ], 
  "4": [
   "NOTUSED", 
   "ANDD", 
   "ORR", 
   "ORR", 
   "NOTUSED", 
   "NOTUSED", 
   "ANDD", 
   "ANDD", 
   "ANDD", 
   "ORR", 
   "ANDD", 
   "NOTUSED", 
   "ANDD", 
   "NOTUSED", 
   "ORR"
  ], 
  "7": [
   "ORR", 
   "NOTUSED", 
   "ANDD", 
   "ANDD", 
   "ANDD", 
   "ANDD", 
   "NOTUSED", 
   "ORR", 
   "ANDD", 
   "ORR", 
   "ORR", 
   "ANDD", 
   "ANDD", 
   "ORR", 
   "ORR"
  ], 
  "6": [
   "NOTUSED", 
   "ANDD", 
   "ORR", 
   "ORR", 
   "ANDD", 
   "ORR", 
   "NOTUSED", 
   "NOTUSED", 
   "ANDD", 
   "ORR", 
   "ANDD", 
   "ANDD", 
   "ORR", 
   "ANDD", 
   "NOTUSED"
  ], 
  "9": [
   "ANDD", 
   "ANDD", 
   "ORR", 
   "ANDD", 
   "ORR", 
   "ORR", 
   "ORR", 
   "ORR", 
   "ORR", 
   "NOTUSED", 
   "ORR", 
   "ANDD", 
   "ANDD", 
   "NOTUSED", 
   "NOTUSED"
  ], 
  "8": [
   "ANDD", 
   "ORR", 
   "ANDD", 
   "ANDD", 
   "ANDD", 
   "NOTUSED", 
   "ANDD", 
   "ANDD", 
   "ANDD", 
   "ORR", 
   "ANDD", 
   "NOTUSED", 
   "ANDD", 
   "ANDD", 
   "NOTUSED"
  ]
 }
}