{
 "random_seed": 2203853136, 
 "PARAMETERS": {
  "RADIUS1": 811595.028, 
  "QUADS": 1, 
  "RADIUS2": 441584.069, 
  "DIST": 447524.943, 
  "F_PTS": 14, 
  "K_PTS": 31, 
  "EPSILON": 1.538, 
  "LENGTH1": 514560.889, 
  "G_PTS": 15, 
  "Q_PTS": 37, 
  "N_PTS": 27, 
  "C_PTS": 20, 
  "AREA2": 52354.956, 
  "LENGTH2": 685883.633, 
  "B_PTS": 5, 
  "D_PTS": 1, 
  "AREA1": 224395.645, 
  "A_PTS": 33, 
  "E_PTS": 41
 }, 
 "NUMPOINTS": 73, 
 "points": [
  [
   138896.267, 
   -930299.717
  ], 
  [
   315281.306, 
   -850219.833
  ], 
  [
   -248571.029, 
   717114.347
  ], 
  [
   278515.364, 
   -665947.878
  ], 
  [
   -286415.487, 
   134722.416
  ], 
  [
   -375725.568, 
   -267293.665
  ], 
  [
   -529178.66, 
   -182119.138
  ], 
  [
   -825999.806, 
   -947577.798
  ], 
  [
   800884.675, 
   564470.328
  ], 
  [
   919019.017, 
   752520.189
  ], 
  [
   591604.505, 
   -393060.433
  ], 
  [
   176847.928, 
   -781512.839
  ], 
  [
   749458.032, 
   -348138.282
  ], 
  [
   -611486.551, 
   -756703.516
  ], 
  [
   -433816.977, 
   329716.598
  ], 
  [
   -108361.864, 
   726570.661
  ], 
  [
   937269.005, 
   37701.358
  ], 
  [
   266380.006, 
   86591.281
  ], 
  [
   -296512.26, 
   -822921.792
  ], 
  [
   -833674.225, 
   437010.504
  ], 
  [
   835238.895, 
   -200163.875
  ], 
  [
   -16591.314, 
   941481.417
  ], 
  [
   34237.116, 
   -499915.075
  ], 
  [
   963268.613, 
   261623.726
  ], 
  [
   612928.457, 
   -388924.209
  ], 
  [
   -947418.923, 
   706136.14
  ], 
  [
   -738933.796, 
   882072.618
  ], 
  [
   637431.446, 
   355166.583
  ], 
  [
   941907.86, 
   47085.713
  ], 
  [
   -949063.175, 
   -518715.633
  ], 
  [
   153749.867, 
   768829.811
  ], 
  [
   653360.854, 
   -407794.678
  ], 
  [
   -340107.643, 
   -292254.223
  ], 
  [
   -411276.586, 
   -420271.496
  ], 
  [
   794346.585, 
   531094.011
  ], 
  [
   -187558.914, 
   852127.426
  ], 
  [
   -166296.164, 
   856733.065
  ], 
  [
   -226054.874, 
   829004.889
  ], 
  [
   235177.772, 
   -628102.225
  ], 
  [
   -636681.198, 
   -862244.277
  ], 
  [
   -328503.461, 
   724712.256
  ], 
  [
   914548.32, 
   -670162.565
  ], 
  [
   -25736.382, 
   343202.449
  ], 
  [
   -527329.815, 
   -459715.058
  ], 
  [
   602374.018, 
   196832.903
  ], 
  [
   -843225.452, 
   759979.774
  ], 
  [
   859043.386, 
   -432538.747
  ], 
  [
   810797.993, 
   -410466.739
  ], 
  [
   344526.727, 
   -178519.887
  ], 
  [
   -680126.59, 
   623050.013
  ], 
  [
   -486444.658, 
   -275657.985
  ], 
  [
   -802250.816, 
   -13442.928
  ], 
  [
   -932113.33, 
   -314716.062
  ], 
  [
   -594787.098, 
   515346.74
  ], 
  [
   -243495.975, 
   -957420.977
  ], 
  [
   719953.593, 
   -25912.876
  ], 
  [
   880171.286, 
   -381583.396
  ], 
  [
   870350.697, 
   178916.086
  ], 
  [
   512522.579, 
   386323.114
  ], 
  [
   319461.933, 
   20761.313
  ], 
  [
   -16347.295, 
   898191.199
  ], 
  [
   987988.515, 
   -640141.25
  ], 
  [
   -720419.229, 
   -37491.407
  ], 
  [
   879251.592, 
   -375678.337
  ], 
  [
   269366.501, 
   -531388.945
  ], 
  [
   834552.418, 
   694267.308
  ], 
  [
   190774.339, 
   -704085.512
  ], 
  [
   -717937.904, 
   577179.878
  ], 
  [
   388280.975, 
   -873622.349
  ], 
  [
   90441.489, 
   -81888.143
  ], 
  [
   -60989.025, 
   742342.72
  ], 
  [
   22950.948, 
   -637721.177
  ], 
  [
   -296120.515, 
   226481.183
  ]
 ], 
 "PUV": [
  true, 
  true, 
  true, 
  false, 
  true, 
  false, 
  true, 
  false, 
  false, 
  true, 
  false, 
  false, 
  true, 
  false, 
  true
 ], 
 "LCM": {
  "11": [
   "ORR", 
   "ORR", 
   "ORR", 
   "NOTUSED", 
   "NOTUSED", 
   "ANDD", 
   "ORR", 
   "ANDD", 
   "ANDD", 
   "NOTUSED", 
   "NOTUSED", 
   "ORR", 
   "ANDD", 
   "ORR", 
   "NOTUSED"
  ], 
  "10": [
   "ORR", 
   "ORR", 
   "ANDD", 
   "ANDD", 
   "NOTUSED", 
   "ORR", 
   "ORR", 
   "ANDD", 
   "NOTUSED", 
   "NOTUSED", 
   "ANDD", 
   "NOTUSED", 
   "ORR", 
   "ORR", 
   "ORR"
  ], 
  "13": [
   "ORR", 
   "ORR", 
   "ANDD", 
   "ORR", 
   "ORR", 
   "NOTUSED", 
   "ANDD", 
   "NOTUSED", 
   "ANDD", 
   "ANDD", 
   "ORR", 
   "ORR", 
   "NOTUSED", 
   "ANDD", 
   "ANDD"
  ], 
  "12": [
   "ANDD", 
   "ORR", 
   "NOTUSED", 
   "ANDD", 
   "NOTUSED", 
   "ANDD", 
   "ANDD", 
   "ORR", 
   "NOTUSED", 
   "ANDD", 
   "ORR", 
   "ANDD", 
   "ANDD", 
   "NOTUSED", 
   "ANDD"
  ], 
  "14": [
   "ORR", 
   "NOTUSED", 
   "NOTUSED", 
   "ANDD", 
   "ORR", 
   "NOTUSED", 
   "ORR", 
   "ORR", 
   "NOTUSED", 
   "ANDD", 
   "ORR", 
   "NOTUSED", 
   "ANDD", 
   "ANDD", 
   "ORR"
  ], 
  "1": [
   "NOTUSED", 
   "ANDD", 
   "ANDD", 
   "NOTUSED", 
   "NOTUSED", 
   "ORR", 
   "NOTUSED", 
   "NOTUSED", 
   "ANDD", 
   "ORR", 
   "ORR", 
   "ORR", 
   "ORR", 
   "ORR", 
   "NOTUSED"
  ], 
  "0": [
   "ORR", 
   "NOTUSED", 
   "ORR", 
   "ORR", 
   "ORR", 
   "NOTUSED", 
   "ORR", 
   "NOTUSED", 
   "NOTUSED", 
   "ANDD", 
   "ORR", 
   "ORR", 
   "ANDD", 
   "ORR", 
   "ORR"
  ], 
  "3": [
   "ORR", 
   "NOTUSED", 
   "ORR", 
   "NOTUSED", 
   "NOTUSED", 
   "ORR", 
   "NOTUSED", 
   "ORR", 
   "NOTUSED", 
   "ANDD", 
   "ANDD", 
   "NOTUSED", 
   "ANDD", 
   "ORR", 
   "ANDD"
  ], 
  "2": [
   "ORR", 
   "ANDD", 
   "NOTUSED", 
   "ORR", 
   "ORR", 
   "ANDD", 
   "ORR", 
   "ORR", 
   "ORR", 
   "NOTUSED", 
   "ANDD", 
   "ORR", 
   "NOTUSED", 
   "ANDD", 
   "NOTUSED"
  ], 
  "5": [
   "NOTUSED", 
   "ORR", 
   "ANDD", 
   "ORR", 
   "NOTUSED", 
   "ORR", 
   "NOTUSED", 
   "NOTUSED", 
   "ANDD", 
   "ORR", 
   "ORR", 
   "ANDD", 
   "ANDD", 
   "NOTUSED", 
   "NOTUSED"
  ], 
  "4": [
   "ORR", 
   "NOTUSED", 
   "ORR", 
   "NOTUSED", 
   "ANDD", 
   "NOTUSED", 
   "ANDD", 
   "ANDD", 
   "ANDD", 
   "ORR", 
   "NOTUSED", 
   "NOTUSED", 
   "NOTUSED", 
   "ORR", 
   "ORR"
  ], 
  "7": [
   "NOTUSED", 
   "NOTUSED", 
   "ORR", 
   "ORR", 
   "ANDD", 
   "NOTUSED", 
   "ORR", 
   "NOTUSED", 
   "ANDD", 
   "ANDD", 
   "ANDD", 
   "ANDD", 
   "ORR", 
   "NOTUSED", 
   "ORR"
  ], 
  "6": [
   "ORR", 
   "NOTUSED", 
   "ORR", 
   "NOTUSED", 
   "ANDD", 
   "NOTUSED", 
   "ORR", 
   "ORR", 
   "ORR", 
   "ANDD", 
   "ORR", 
   "ORR", 
   "ANDD", 
   "ANDD", 
   "ORR"
  ], 
  "9": [
   "ANDD", 
   "ORR", 
   "NOTUSED", 
   "ANDD", 
   "ORR", 
   "ORR", 
   "ANDD", 
   "ANDD", 
   "ANDD", 
   "ANDD", 
   "NOTUSED", 
   "NOTUSED", 
   "ANDD", 
   "ANDD", 
   "ANDD"
  ], 
  "8": [
   "NOTUSED", 
   "ANDD", 
   "ORR", 
   "NOTUSED", 
   "ANDD", 
   "ANDD", 
   "ORR", 
   "ANDD", 
   "ORR", 
   "ANDD", 
   "NOTUSED", 
   "ANDD", 
   "NOTUSED", 
   "ANDD", 
   "NOTUSED"
  ]
 }
}