{
 "random_seed": 1735897956, 
 "PARAMETERS": {
  "RADIUS1": 780518.172, 
  "QUADS": 1, 
  "RADIUS2": 946906.666, 
  "DIST": 570808.865, 
  "F_PTS": 20, 
  "K_PTS": 25, 
  "EPSILON": 1.926, 
  "LENGTH1": 374477.353, 
  "G_PTS": 39, 
  "Q_PTS": 45, 
  "N_PTS": 51, 
  "C_PTS": 15, 
  "AREA2": 875716.731, 
  "LENGTH2": 297925.026, 
  "B_PTS": 11, 
  "D_PTS": 4, 
  "AREA1": 286116.087, 
  "A_PTS": 23, 
  "E_PTS": 11
 }, 
 "NUMPOINTS": 55, 
 "points": [
  [
   -322448.449, 
   216822.618
  ], 
  [
   -872725.367, 
   36685.708
  ], 
  [
   378175.55, 
   -869685.243
  ], 
  [
   556085.023, 
   -708006.184
  ], 
  [
   451128.749, 
   418480.28
  ], 
  [
   -319674.716, 
   -7568.516
  ], 
  [
   -989933.89, 
   -930742.499
  ], 
  [
   -305606.511, 
   -231624.91
  ], 
  [
   743893.555, 
   375318.672
  ], 
  [
   -329603.982, 
   302751.402
  ], 
  [
   653105.067, 
   677337.524
  ], 
  [
   -801588.098, 
   -165625.478
  ], 
  [
   77879.127, 
   591307.072
  ], 
  [
   -79678.575, 
   -3352.403
  ], 
  [
   165662.542, 
   -911521.176
  ], 
  [
   -953679.158, 
   -228849.213
  ], 
  [
   -517104.473, 
   -6638.434
  ], 
  [
   693347.277, 
   -464074.859
  ], 
  [
   994265.812, 
   594533.952
  ], 
  [
   796905.333, 
   -360032.695
  ], 
  [
   -2781.572, 
   276223.528
  ], 
  [
   884205.585, 
   -340689.301
  ], 
  [
   808186.837, 
   70806.194
  ], 
  [
   -678558.499, 
   -749246.427
  ], 
  [
   -461639.586, 
   256520.466
  ], 
  [
   -5261.424, 
   951779.343
  ], 
  [
   -702702.45, 
   -922649.917
  ], 
  [
   462834.037, 
   -924739.293
  ], 
  [
   565433.819, 
   220814.397
  ], 
  [
   537805.568, 
   728262.245
  ], 
  [
   -415999.671, 
   502476.492
  ], 
  [
   -171214.923, 
   -12482.829
  ], 
  [
   407227.56, 
   533636.894
  ], 
  [
   244904.928, 
   -948821.187
  ], 
  [
   774990.31, 
   48852.634
  ], 
  [
   -493793.184, 
   155071.856
  ], 
  [
   380532.901, 
   -418724.343
  ], 
  [
   103654.817, 
   -291632.436
  ], 
  [
   608730.116, 
   996015.371
  ], 
  [
   -671453.236, 
   691300.101
  ], 
  [
   -712581.649, 
   827308.459
  ], 
  [
   -353825.005, 
   692076.936
  ], 
  [
   487032.516, 
   -367756.156
  ], 
  [
   450010.713, 
   777906.791
  ], 
  [
   733879.092, 
   -666955.745
  ], 
  [
   -987450.869, 
   693979.774
  ], 
  [
   383873.549, 
   456537.845
  ], 
  [
   187216.513, 
   -899536.482
  ], 
  [
   943871.892, 
   -649529.602
  ], 
  [
   -772697.976, 
   -767121.195
  ], 
  [
   -313301.592, 
   -91399.001
  ], 
  [
   -235287.539, 
   -180592.841
  ], 
  [
   657073.691, 
   674785.934
  ], 
  [
   -398253.082, 
   438925.513
  ], 
  [
   -622353.381, 
   91537.349
  ]
 ], 
 "PUV": [
  false, 
  true, 
  true, 
  false, 
  false, 
  true, 
  true, 
  true, 
  true, 
  false, 
  true, 
  false, 
  true, 
  false, 
  true
 ], 
 "LCM": {
  "11": [
   "NOTUSED", 
   "ANDD", 
   "ORR", 
   "ANDD", 
   "ANDD", 
   "ANDD", 
   "ORR", 
   "ORR", 
   "ORR", 
   "NOTUSED", 
   "NOTUSED", 
   "ORR", 
   "ORR", 
   "ANDD", 
   "NOTUSED"
  ], 
  "10": [
   "ORR", 
   "ANDD", 
   "ANDD", 
   "NOTUSED", 
   "ORR", 
   "ORR", 
   "ORR", 
   "ORR", 
   "ORR", 
   "NOTUSED", 
   "ANDD", 
   "NOTUSED", 
   "ANDD", 
   "ORR", 
   "NOTUSED"
  ], 
  "13": [
   "ORR", 
   "ANDD", 
   "ORR", 
   "ORR", 
   "ORR", 
   "ANDD", 
   "NOTUSED", 
   "ANDD", 
   "ORR", 
   "ORR", 
   "ORR", 
   "ANDD", 
   "ANDD", 
   "ANDD", 
   "ORR"
  ], 
  "12": [
   "ORR", 
   "NOTUSED", 
   "NOTUSED", 
   "NOTUSED", 
   "ORR", 
   "ANDD", 
   "ORR", 
   "ORR", 
   "NOTUSED", 
   "ORR", 
   "ANDD", 
   "ORR", 
   "ORR", 
   "ANDD", 
   "NOTUSED"
  ], 
  "14": [
   "ANDD", 
   "ANDD", 
   "ORR", 
   "NOTUSED", 
   "ORR", 
   "NOTUSED", 
   "ANDD", 
   "ORR", 
   "ANDD", 
   "ORR", 
   "NOTUSED", 
   "NOTUSED", 
   "NOTUSED", 
   "ORR", 
   "NOTUSED"
  ], 
  "1": [
   "ORR", 
   "NOTUSED", 
   "NOTUSED", 
   "ANDD", 
   "ANDD", 
   "ANDD", 
   "ANDD", 
   "ANDD", 
   "NOTUSED", 
   "NOTUSED", 
   "ANDD", 
   "ANDD", 
   "NOTUSED", 
   "ANDD", 
   "ANDD"
  ], 
  "0": [
   "NOTUSED", 
   "ORR", 
   "ANDD", 
   "ORR", 
   "ORR", 
   "ORR", 
   "NOTUSED", 
   "NOTUSED", 
   "NOTUSED", 
   "ANDD", 
   "ORR", 
   "NOTUSED", 
   "ORR", 
   "ORR", 
   "ANDD"
  ], 
  "3": [
   "ORR", 
   "ANDD", 
   "NOTUSED", 
   "ORR", 
   "NOTUSED", 
   "NOTUSED", 
   "ORR", 
   "ORR", 
   "NOTUSED", 
   "NOTUSED", 
   "NOTUSED", 
   "ANDD", 
   "NOTUSED", 
   "ORR", 
   "NOTUSED"
  ], 
  "2": [
   "ANDD", 
   "NOTUSED", 
   "ANDD", 
   "NOTUSED", 
   "ORR", 
   "NOTUSED", 
   "NOTUSED", 
   "ANDD", 
   "ANDD", 
   "NOTUSED", 
   "ANDD", 
   "ORR", 
   "NOTUSED", 
   "ORR", 
   "ORR"
  ], 
  "5": [
   "ORR", 
   "ANDD", 
   "NOTUSED", 
   "NOTUSED", 
   "NOTUSED", 
   "ORR", 
   "ANDD", 
   "ANDD", 
   "ORR", 
   "NOTUSED", 
   "ORR", 
   "ANDD", 
   "ANDD", 
   "ANDD", 
   "NOTUSED"
  ], 
  "4": [
   "ORR", 
   "ANDD", 
   "ORR", 
   "NOTUSED", 
   "ORR", 
   "NOTUSED", 
   "ANDD", 
   "NOTUSED", 
   "ORR", 
   "ANDD", 
   "ORR", 
   "ANDD", 
   "ORR", 
   "ORR", 
   "ORR"
  ], 
  "7": [
   "NOTUSED", 
   "ANDD", 
   "ANDD", 
   "ORR", 
   "NOTUSED", 
   "ANDD", 
   "ANDD", 
   "ORR", 
   "NOTUSED", 
   "ORR", 
   "ORR", 
   "ORR", 
   "ORR", 
   "ANDD", 
   "ORR"
  ], 
  "6": [
   "NOTUSED", 
   "ANDD", 
   "NOTUSED", 
   "ORR", 
   "ANDD", 
   "ANDD", 
   "NOTUSED", 
   "ANDD", 
   "ANDD", 
   "ANDD", 
   "ORR", 
   "ORR", 
   "ORR", 
   "NOTUSED", 
   "ANDD"
  ], 
  "9": [
   "ANDD", 
   "NOTUSED", 
   "NOTUSED", 
   "NOTUSED", 
   "ANDD", 
   "NOTUSED", 
   "ANDD", 
   "ORR", 
   "ORR", 
   "ORR", 
   "NOTUSED", 
   "NOTUSED", 
   "ORR", 
   "ORR", 
   "ORR"
  ], 
  "8": [
   "NOTUSED", 
   "NOTUSED", 
   "ANDD", 
   "NOTUSED", 
   "ORR", 
   "ORR", 
   "ANDD", 
   "NOTUSED", 
   "ORR", 
   "ORR", 
   "ORR", 
   "ORR", 
   "NOTUSED", 
   "ORR", 
   "ANDD"
  ]
 }
}