{
 "random_seed": 80294600, 
 "PARAMETERS": {
  "RADIUS1": 196952.172, 
  "QUADS": 2, 
  "RADIUS2": 835748.851, 
  "DIST": 600059.669, 
  "F_PTS": 10, 
  "K_PTS": 15, 
  "EPSILON": 2.325, 
  "LENGTH1": 737929.623, 
  "G_PTS": 12, 
  "Q_PTS": 25, 
  "N_PTS": 12, 
  "C_PTS": 16, 
  "AREA2": 708841.319, 
  "LENGTH2": 349829.136, 
  "B_PTS": 25, 
  "D_PTS": 12, 
  "AREA1": 215210.465, 
  "A_PTS": 2, 
  "E_PTS": 14
 }, 
 "NUMPOINTS": 33, 
 "points": [
  [
   67967.128, 
   -167633.618
  ], 
  [
   -540971.897, 
   834272.608
  ], 
  [
   572128.336, 
   -154869.207
  ], 
  [
   -266515.949, 
   -34461.059
  ], 
  [
   -332958.721, 
   -174979.547
  ], 
  [
   92247.662, 
   -367075.672
  ], 
  [
   -956577.712, 
   -888234.051
  ], 
  [
   34649.416, 
   -76456.401
  ], 
  [
   -730265.62, 
   715124.782
  ], 
  [
   526519.635, 
   101095.509
  ], 
  [
   -92144.725, 
   806936.337
  ], 
  [
   56158.564, 
   666568.161
  ], 
  [
   -352667.592, 
   419578.344
  ], 
  [
   422879.145, 
   -963406.373
  ], 
  [
   665129.517, 
   -212220.561
  ], 
  [
   245201.736, 
   78619.031
  ], 
  [
   538884.606, 
   915012.805
  ], 
  [
   620775.883, 
   -451372.176
  ], 
  [
   -29581.789, 
   898434.581
  ], 
  [
   -228040.12, 
   904203.158
  ], 
  [
   -578113.937, 
   493916.538
  ], 
  [
   476925.756, 
   -612951.252
  ], 
  [
   242799.583, 
   -780061.257
  ], 
  [
   166580.781, 
   392693.619
  ], 
  [
   -712139.789, 
   573432.711
  ], 
  [
   -51253.766, 
   -547617.96
  ], 
  [
   -295012.267, 
   551307.278
  ], 
  [
   -490311.015, 
   -332887.118
  ], 
  [
   -677636.867, 
   886149.527
  ], 
  [
   535512.277, 
   -547648.372
  ], 
  [
   307250.733, 
   509675.559
  ], 
  [
   663496.121, 
   166548.407
  ], 
  [
   -38917.256, 
   -802328.172
  ]
 ], 
 "PUV": [
  false, 
  false, 
  false, 
  true, 
  true, 
  true, 
  true, 
  true, 
  false, 
  false, 
  true, 
  true, 
  false, 
  true, 
  true
 ], 
 "LCM": {
  "11": [
   "ORR", 
   "NOTUSED", 
   "ORR", 
   "ANDD", 
   "ANDD", 
   "NOTUSED", 
   "ANDD", 
   "ORR", 
   "ORR", 
   "ORR", 
   "NOTUSED", 
   "ANDD", 
   "NOTUSED", 
   "NOTUSED", 
   "ANDD"
  ], 
  "10": [
   "NOTUSED", 
   "ORR", 
   "NOTUSED", 
   "NOTUSED", 
   "ANDD", 
   "NOTUSED", 
   "NOTUSED", 
   "ORR", 
   "ANDD", 
   "ANDD", 
   "ANDD", 
   "NOTUSED", 
   "ANDD", 
   "ANDD", 
   "NOTUSED"
  ], 
  "13": [
   "NOTUSED", 
   "ORR", 
   "ANDD", 
   "NOTUSED", 
   "ANDD", 
   "ANDD", 
   "ANDD", 
   "ANDD", 
   "ORR", 
   "ANDD", 
   "ANDD", 
   "NOTUSED", 
   "ANDD", 
   "NOTUSED", 
   "NOTUSED"
  ], 
  "12": [
   "ORR", 
   "ANDD", 
   "ANDD", 
   "NOTUSED", 
   "ANDD", 
   "ORR", 
   "ANDD", 
   "ORR", 
   "NOTUSED", 
   "ANDD", 
   "ANDD", 
   "NOTUSED", 
   "NOTUSED", 
   "ANDD", 
   "ORR"
  ], 
  "14": [
   "NOTUSED", 
   "NOTUSED", 
   "ANDD", 
   "ANDD", 
   "ORR", 
   "ORR", 
   "ORR", 
   "ANDD", 
   "ANDD", 
   "NOTUSED", 
   "NOTUSED", 
   "ANDD", 
   "ORR", 
   "NOTUSED", 
   "ANDD"
  ], 
  "1": [
   "ORR", 
   "NOTUSED", 
   "ANDD", 
   "NOTUSED", 
   "NOTUSED", 
   "NOTUSED", 
   "NOTUSED", 
   "ORR", 
   "NOTUSED", 
   "ORR", 
   "ORR", 
   "NOTUSED", 
   "ANDD", 
   "ORR", 
   "NOTUSED"
  ], 
  "0": [
   "ORR", 
   "ORR", 
   "ORR", 
   "ANDD", 
   "ANDD", 
   "NOTUSED", 
   "ORR", 
   "NOTUSED", 
   "NOTUSED", 
   "ORR", 
   "NOTUSED", 
   "ORR", 
   "ORR", 
   "NOTUSED", 
   "NOTUSED"
  ], 
  "3": [
   "ANDD", 
   "NOTUSED", 
   "ANDD", 
   "NOTUSED", 
   "ANDD", 
   "NOTUSED", 
   "NOTUSED", 
   "ANDD", 
   "ANDD", 
   "ANDD", 
   "NOTUSED", 
   "ANDD", 
   "NOTUSED", 
   "NOTUSED", 
   "ANDD"
  ], 
  "2": [
   "ORR", 
   "ANDD", 
   "ANDD", 
   "ANDD", 
   "ORR", 
   "ANDD", 
   "ORR", 
   "NOTUSED", 
   "ORR", 
   "ANDD", 
   "NOTUSED", 
   "ORR", 
   "ANDD", 
   "ANDD", 
   "ANDD"
  ], 
  "5": [
   "NOTUSED", 
   "NOTUSED", 
   "ANDD", 
   "NOTUSED", 
   "ANDD", 
   "ANDD", 
   "ORR", 
   "ANDD", 
   "ORR", 
   "ORR", 
   "NOTUSED", 
   "NOTUSED", 
   "ORR", 
   "ANDD", 
   "ORR"
  ], 
  "4": [
   "ANDD", 
   "NOTUSED", 
   "ORR", 
   "ANDD", 
   "ANDD", 
   "ANDD", 
   "ORR", 
   "NOTUSED", 
   "NOTUSED", 
   "ORR", 
   "ANDD", 
   "ANDD", 
   "ANDD", 
   "ANDD", 
   "ORR"
  ], 
  "7": [
   "NOTUSED", 
   "ORR", 
   "NOTUSED", 
   "ANDD", 
   "NOTUSED", 
   "ANDD", 
   "ORR", 
   "ANDD", 
   "ANDD", 
   "ANDD", 
   "ORR", 
   "ORR", 
   "ORR", 
   "ANDD", 
   "ANDD"
  ], 
  "6": [
   "ORR", 
   "NOTUSED", 
   "ORR", 
   "NOTUSED", 
   "ORR", 
   "ORR", 
   "ANDD", 
   "ORR", 
   "ORR", 
   "ANDD", 
   "NOTUSED", 
   "ANDD", 
   "ANDD", 
   "ANDD", 
   "ORR"
  ], 
  "9": [
   "ORR", 
   "ORR", 
   "ANDD", 
   "ANDD", 
   "ORR", 
   "ORR", 
   "ANDD", 
   "ANDD", 
   "ORR", 
   "ORR", 
   "ANDD", 
   "ORR", 
   "ANDD", 
   "ANDD", 
   "NOTUSED"
  ], 
  "8": [
   "NOTUSED", 
   "NOTUSED", 
   "ORR", 
   "ANDD", 
   "NOTUSED", 
   "ORR", 
   "ORR", 
   "ANDD", 
   "ORR", 
   "ORR", 
   "ANDD", 
   "ORR", 
   "NOTUSED", 
   "ORR", 
   "ANDD"
  ]
 }
}