{
 "random_seed": 4273352592, 
 "PARAMETERS": {
  "RADIUS1": 622478.808, 
  "QUADS": 3, 
  "RADIUS2": 446687.31, 
  "DIST": 926947.005, 
  "F_PTS": 50, 
  "K_PTS": 58, 
  "EPSILON": 0.014, 
  "LENGTH1": 193904.355, 
  "G_PTS": 19, 
  "Q_PTS": 50, 
  "N_PTS": 18, 
  "C_PTS": 41, 
  "AREA2": 979766.335, 
  "LENGTH2": 188873.577, 
  "B_PTS": 12, 
  "D_PTS": 17, 
  "AREA1": 570905.165, 
  "A_PTS": 39, 
  "E_PTS": 3
 }, 
 "NUMPOINTS": 62, 
 "points": [
  [
   -825685.536, 
   327407.604
  ], 
  [
   -168496.498, 
   586025.859
  ], 
  [
   -220438.399, 
   489757.669
  ], 
  [
   -675719.965, 
   -147206.103
  ], 
  [
   958525.219, 
   78005.827
  ], 
  [
   480778.622, 
   634051.061
  ], 
  [
   284523.622, 
   -58331.056
  ], 
  [
   -219637.001, 
   838455.21
  ], 
  [
   594217.37, 
   -5799.754
  ], 
  [
   338687.008, 
   589782.373
  ], 
  [
   -463318.187, 
   -99057.947
  ], 
  [
   -158516.158, 
   886788.885
  ], 
  [
   -841658.42, 
   371559.349
  ], 
  [
   316790.867, 
   299556.621
  ], 
  [
   75508.308, 
   62984.861
  ], 
  [
   764581.243, 
   739547.737
  ], 
  [
   -808577.945, 
   -713019.165
  ], 
  [
   797997.046, 
   534728.029
  ], 
  [
   -533304.223, 
   297140.714
  ], 
  [
   -601974.427, 
   496536.562
  ], 
  [
   929301.618, 
   810951.736
  ], 
  [
   288472.532, 
   -964247.235
  ], 
  [
   -354374.131, 
   867663.189
  ], 
  [
   -515370.9, 
   354841.529
  ], 
  [
   147190.847, 
   391626.202
  ], 
  [
   680894.725, 
   197246.301
  ], 
  [
   291669.861, 
   338260.184
  ], 
  [
   280909.287, 
   -755288.237
  ], 
  [
   802920.922, 
   -610805.546
  ], 
  [
   -32512.926, 
   302475.477
  ], 
  [
   -422848.011, 
   -141071.438
  ], 
  [
   -37271.665, 
   -866372.609
  ], 
  [
   -378491.138, 
   -969657.407
  ], 
  [
   175024.863, 
   969388.445
  ], 
  [
   230277.779, 
   -587696.754
  ], 
  [
   -842378.515, 
   -824294.273
  ], 
  [
   -344028.277, 
   -387791.112
  ], 
  [
   211855.259, 
   970429.198
  ], 
  [
   213254.351, 
   882309.343
  ], 
  [
   -855278.793, 
   507685.035
  ], 
  [
   -300797.234, 
   -67518.298
  ], 
  [
   89610.891, 
   360688.331
  ], 
  [
   732652.724, 
   52608.866
  ], 
  [
   643118.696, 
   -784809.182
  ], 
  [
   24181.512, 
   721611.094
  ], 
  [
   -594918.528, 
   -991573.854
  ], 
  [
   90451.062, 
   -166067.114
  ], 
  [
   858477.612, 
   301347.145
  ], 
  [
   342328.165, 
   -493325.489
  ], 
  [
   -189635.967, 
   964005.348
  ], 
  [
   -646076.169, 
   -785673.276
  ], 
  [
   138792.51, 
   484252.832
  ], 
  [
   969473.264, 
   369607.034
  ], 
  [
   -861379.338, 
   -662598.471
  ], 
  [
   -768765.904, 
   -589367.517
  ], 
  [
   349137.016, 
   281431.389
  ], 
  [
   -775421.345, 
   489327.662
  ], 
  [
   915112.775, 
   -317657.509
  ], 
  [
   -738421.964, 
   -521552.519
  ], 
  [
   -228891.656, 
   624076.141
  ], 
  [
   -690812.613, 
   705869.278
  ], 
  [
   -812671.654, 
   -355345.022
  ]
 ], 
 "PUV": [
  true, 
  false, 
  true, 
  false, 
  true, 
  false, 
  true, 
  false, 
  false, 
  true, 
  true, 
  false, 
  true, 
  false, 
  false
 ], 
 "LCM": {
  "11": [
   "ORR", 
   "NOTUSED", 
   "NOTUSED", 
   "ORR", 
   "ANDD", 
   "NOTUSED", 
   "NOTUSED", 
   "ANDD", 
   "ANDD", 
   "ORR", 
   "ANDD", 
   "NOTUSED", 
   "NOTUSED", 
   "NOTUSED", 
   "ORR"
  ], 
  "10": [
   "ANDD", 
   "ANDD", 
   "ANDD", 
   "NOTUSED", 
   "ANDD", 
   "ORR", 
   "ANDD", 
   "ORR", 
   "NOTUSED", 
   "NOTUSED", 
   "ANDD", 
   "ANDD", 
   "ANDD", 
   "ORR", 
   "NOTUSED"
  ], 
  "13": [
   "NOTUSED", 
   "NOTUSED", 
   "NOTUSED", 
   "NOTUSED", 
   "ORR", 
   "ORR", 
   "NOTUSED", 
   "NOTUSED", 
   "ANDD", 
   "ANDD", 
   "ORR", 
   "NOTUSED", 
   "NOTUSED", 
   "ANDD", 
   "ANDD"
  ], 
  "12": [
   "ANDD", 
   "ANDD", 
   "ORR", 
   "ORR", 
   "NOTUSED", 
   "NOTUSED", 
   "NOTUSED", 
   "ANDD", 
   "ANDD", 
   "NOTUSED", 
   "ANDD", 
   "NOTUSED", 
   "ORR", 
   "NOTUSED", 
   "ANDD"
  ], 
  "14": [
   "ORR", 
   "ORR", 
   "ORR", 
   "NOTUSED", 
   "ANDD", 
   "NOTUSED", 
   "NOTUSED", 
   "ORR", 
   "NOTUSED", 
   "ANDD", 
   "NOTUSED", 
   "ORR", 
   "ANDD", 
   "ANDD", 
   "ORR"
  ], 
  "1": [
   "ANDD", 
   "NOTUSED", 
   "ANDD", 
   "ANDD", 
   "ORR", 
   "ORR", 
   "ORR", 
   "ORR", 
   "NOTUSED", 
   "NOTUSED", 
   "ANDD", 
   "NOTUSED", 
   "ANDD", 
   "NOTUSED", 
   "ORR"
  ], 
  "0": [
   "ORR", 
   "ANDD", 
   "ANDD", 
   "NOTUSED", 
   "ANDD", 
   "ANDD", 
   "ORR", 
   "ANDD", 
   "ANDD", 
   "ANDD", 
   "ANDD", 
   "ORR", 
   "ANDD", 
   "NOTUSED", 
   "ORR"
  ], 
  "3": [
   "NOTUSED", 
   "ANDD", 
   "ANDD", 
   "ORR", 
   "NOTUSED", 
   "ORR", 
   "ANDD", 
   "ANDD", 
   "ANDD", 
   "ANDD", 
   "NOTUSED", 
   "ORR", 
   "ORR", 
   "NOTUSED", 
   "NOTUSED"
  ], 
  "2": [
   "ANDD", 
   "ANDD", 
   "ORR", 
   "ANDD", 
   "ANDD", 
   "ANDD", 
   "ORR", 
   "ORR", 
   "ANDD", 
   "ORR", 
   "ANDD", 
   "NOTUSED", 
   "ORR", 
   "NOTUSED", 
   "ORR"
  ], 
  "5": [
   "ANDD", 
   "ORR", 
   "ANDD", 
   "ORR", 
   "ANDD", 
   "NOTUSED", 
   "ANDD", 
   "ORR", 
   "ANDD", 
   "NOTUSED", 
   "ORR", 
   "NOTUSED", 
   "NOTUSED", 
   "ORR", 
   "NOTUSED"
  ], 
  "4": [
   "ANDD", 
   "ORR", 
   "ANDD", 
   "NOTUSED", 
   "ORR", 
   "ANDD", 
   "ANDD", 
   "ANDD", 
   "NOTUSED", 
   "NOTUSED", 
   "ANDD", 
   "ANDD", 
   "NOTUSED", 
   "ORR", 
   "ANDD"
  ], 
  "7": [
   "ANDD", 
   "ORR", 
   "ORR", 
   "ANDD", 
   "ANDD", 
   "ORR", 
   "ORR", 
   "NOTUSED", 
   "ORR", 
   "ANDD", 
   "ORR", 
   "ANDD", 
   "ANDD", 
   "NOTUSED", 
   "ORR"
  ], 
  "6": [
   "ORR", 
   "ORR", 
   "ORR", 
   "ANDD", 
   "ANDD", 
   "ANDD", 
   "ANDD", 
   "ORR", 
   "ANDD", 
   "ANDD", 
   "ANDD", 
   "NOTUSED", 
   "NOTUSED", 
   "NOTUSED", 
   "NOTUSED"
  ], 
  "9": [
   "ANDD", 
   "NOTUSED", 
   "ORR", 
   "ANDD", 
   "NOTUSED", 
   "NOTUSED", 
   "ANDD", 
   "ANDD", 
   "ANDD", 
   "ORR", 
   "NOTUSED", 
   "ORR", 
   "NOTUSED", 
   "ANDD", 
   "ANDD"
  ], 
  "8": [
   "ANDD", 
   "NOTUSED", 
   "ANDD", 
   "ANDD", 
   "NOTUSED", 
   "ANDD", 
   "ANDD", 
   "ORR", 
   "ORR", 
   "ANDD", 
   "NOTUSED", 
   "ANDD", 
   "ANDD", 
   "ANDD", 
   "NOTUSED"
  ]
 }
}