{
 "random_seed": 2235759340, 
 "PARAMETERS": {
  "RADIUS1": 656315.193, 
  "QUADS": 3, 
  "RADIUS2": 213964.164, 
  "DIST": 998095.599, 
  "F_PTS": 16, 
  "K_PTS": 45, 
  "EPSILON": 0.538, 
  "LENGTH1": 454468.688, 
  "G_PTS": 6, 
  "Q_PTS": 45, 
  "N_PTS": 14, 
  "C_PTS": 2, 
  "AREA2": 442758.364, 
  "LENGTH2": 394358.229, 
  "B_PTS": 20, 
  "D_PTS": 3, 
  "AREA1": 869556.374, 
  "A_PTS": 3, 
  "E_PTS": 28
 }, 
 "NUMPOINTS": 48, 
 "points": [
  [
   -436104.076, 
   934252.073
  ], 
  [
   -641905.779, 
   891089.183
  ], 
  [
   624908.02, 
   176777.096
  ], 
  [
   197981.372, 
   743253.94
  ], 
  [
   -411523.411, 
   -688974.599
  ], 
  [
   870831.115, 
   -597177.976
  ], 
  [
   -949748.722, 
   -335204.924
  ], 
  [
   -149735.821, 
   931984.506
  ], 
  [
   -556380.465, 
   480375.495
  ], 
  [
   313381.111, 
   579647.876
  ], 
  [
   179622.171, 
   -946205.181
  ], 
  [
   902111.093, 
   -215700.522
  ], 
  [
   404794.207, 
   267780.472
  ], 
  [
   184826.425, 
   -685103.892
  ], 
  [
   910840.455, 
   -975053.566
  ], 
  [
   -261154.159, 
   946955.752
  ], 
  [
   551970.005, 
   336522.349
  ], 
  [
   -220905.295, 
   -70713.587
  ], 
  [
   -34457.469, 
   188306.379
  ], 
  [
   -769765.322, 
   -811920.05
  ], 
  [
   287873.961, 
   -37218.42
  ], 
  [
   59790.677, 
   642367.08
  ], 
  [
   207504.775, 
   446510.046
  ], 
  [
   -429361.221, 
   914859.422
  ], 
  [
   -263405.552, 
   768679.356
  ], 
  [
   -500548.888, 
   -350236.113
  ], 
  [
   -272034.08, 
   901767.78
  ], 
  [
   839578.771, 
   -24135.201
  ], 
  [
   -932637.787, 
   867461.894
  ], 
  [
   536921.384, 
   -759236.972
  ], 
  [
   753628.432, 
   620995.82
  ], 
  [
   -177542.037, 
   701394.583
  ], 
  [
   -771198.862, 
   670752.901
  ], 
  [
   518105.216, 
   -226794.961
  ], 
  [
   565436.446, 
   896010.789
  ], 
  [
   -54521.066, 
   -14113.927
  ], 
  [
   -875672.044, 
   620443.874
  ], 
  [
   -332339.898, 
   -126580.744
  ], 
  [
   -64409.632, 
   437649.519
  ], 
  [
   356172.514, 
   -8743.529
  ], 
  [
   613768.377, 
   404004.0
  ], 
  [
   117098.366, 
   152012.433
  ], 
  [
   -594905.826, 
   -524031.252
  ], 
  [
   264645.255, 
   575347.962
  ], 
  [
   -14133.519, 
   -467316.942
  ], 
  [
   918931.356, 
   -77333.296
  ], 
  [
   64157.141, 
   -68888.831
  ], 
  [
   -908225.94, 
   -579077.878
  ]
 ], 
 "PUV": [
  true, 
  false, 
  false, 
  true, 
  false, 
  false, 
  true, 
  true, 
  false, 
  true, 
  true, 
  false, 
  true, 
  false, 
  false
 ], 
 "LCM": {
  "11": [
   "ANDD", 
   "ORR", 
   "ANDD", 
   "ANDD", 
   "ORR", 
   "ORR", 
   "ORR", 
   "ORR", 
   "ORR", 
   "ORR", 
   "ANDD", 
   "ANDD", 
   "ORR", 
   "NOTUSED", 
   "NOTUSED"
  ], 
  "10": [
   "ORR", 
   "ANDD", 
   "ANDD", 
   "NOTUSED", 
   "ORR", 
   "ORR", 
   "ANDD", 
   "NOTUSED", 
   "ORR", 
   "NOTUSED", 
   "ORR", 
   "ANDD", 
   "ORR", 
   "NOTUSED", 
   "ANDD"
  ], 
  "13": [
   "NOTUSED", 
   "NOTUSED", 
   "ORR", 
   "NOTUSED", 
   "ORR", 
   "NOTUSED", 
   "ANDD", 
   "NOTUSED", 
   "ANDD", 
   "ANDD", 
   "NOTUSED", 
   "NOTUSED", 
   "ANDD", 
   "ANDD", 
   "NOTUSED"
  ], 
  "12": [
   "ANDD", 
   "ANDD", 
   "NOTUSED", 
   "ORR", 
   "NOTUSED", 
   "NOTUSED", 
   "ANDD", 
   "ANDD", 
   "ORR", 
   "NOTUSED", 
   "ORR", 
   "ORR", 
   "ORR", 
   "ANDD", 
   "ANDD"
  ], 
  "14": [
   "ANDD", 
   "ANDD", 
   "NOTUSED", 
   "ORR", 
   "ANDD", 
   "NOTUSED", 
   "ORR", 
   "ORR", 
   "ORR", 
   "ANDD", 
   "ANDD", 
   "NOTUSED", 
   "ANDD", 
   "NOTUSED", 
   "ORR"
  ], 
  "1": [
   "NOTUSED", 
   "NOTUSED", 
   "ORR", 
   "ANDD", 
   "ORR", 
   "ORR", 
   "NOTUSED", 
   "ANDD", 
   "ORR", 
   "ANDD", 
   "ANDD", 
   "ORR", 
   "ANDD", 
   "NOTUSED", 
   "ANDD"
  ], 
  "0": [
   "NOTUSED", 
   "NOTUSED", 
   "ANDD", 
   "NOTUSED", 
   "NOTUSED", 
   "NOTUSED", 
   "ANDD", 
   "ORR", 
   "ORR", 
   "ORR", 
   "ORR", 
   "ANDD", 
   "ANDD", 
   "NOTUSED", 
   "ANDD"
  ], 
  "3": [
   "NOTUSED", 
   "ANDD", 
   "ANDD", 
   "ANDD", 
   "NOTUSED", 
   "ANDD", 
   "ORR", 
   "NOTUSED", 
   "ANDD", 
   "NOTUSED", 
   "NOTUSED", 
   "ANDD", 
   "ORR", 
   "NOTUSED", 
   "ORR"
  ], 
  "2": [
   "ANDD", 
   "ORR", 
   "ANDD", 
   "ANDD", 
   "NOTUSED", 
   "ORR", 
   "ANDD", 
   "NOTUSED", 
   "ANDD", 
   "NOTUSED", 
   "ANDD", 
   "ANDD", 
   "NOTUSED", 
   "ORR", 
   "NOTUSED"
  ], 
  "5": [
   "NOTUSED", 
   "ORR", 
   "ORR", 
   "ANDD", 
   "ORR", 
   "ORR", 
   "ANDD", 
   "ANDD", 
   "ORR", 
   "NOTUSED", 
   "ORR", 
   "ORR", 
   "NOTUSED", 
   "NOTUSED", 
   "NOTUSED"
  ], 
  "4": [
   "NOTUSED", 
   "ORR", 
   "NOTUSED", 
   "NOTUSED", 
   "ANDD", 
   "ORR", 
   "ORR", 
   "ORR", 
   "ORR", 
   "NOTUSED", 
   "ORR", 
   "ORR", 
   "NOTUSED", 
   "ORR", 
   "ANDD"
  ], 
  "7": [
   "ORR", 
   "ANDD", 
   "NOTUSED", 
   "NOTUSED", 
   "ORR", 
   "ANDD", 
   "ANDD", 
   "ORR", 
   "ORR", 
   "NOTUSED", 
   "NOTUSED", 
   "ORR", 
   "ANDD", 
   "NOTUSED", 
   "ORR"
  ], 
  "6": [
   "ANDD", 
   "NOTUSED", 
   "ANDD", 
   "ORR", 
   "ORR", 
   "ANDD", 
   "ANDD", 
   "ANDD", 
   "ORR", 
   "ORR", 
   "ANDD", 
   "ORR", 
   "ANDD", 
   "ANDD", 
   "ORR"
  ], 
  "9": [
   "ORR", 
   "ANDD", 
   "NOTUSED", 
   "NOTUSED", 
   "NOTUSED", 
   "NOTUSED", 
   "ORR", 
   "NOTUSED", 
   "ANDD", 
   "ANDD", 
   "NOTUSED", 
   "ORR", 
   "NOTUSED", 
   "ANDD", 
   "ANDD"
  ], 
  "8": [
   "ORR", 
   "ORR", 
   "ANDD", 
   "ANDD", 
   "ORR", 
   "ORR", 
   "ORR", 
   "ORR", 
   "ANDD", 
   "ANDD", 
   "ORR", 
   "ORR", 
   "ORR", 
   "ANDD", 
   "ORR"
  ]
 }
}