{
 "random_seed": 2528672458, 
 "PARAMETERS": {
  "RADIUS1": 618799.636, 
  "QUADS": 3, 
  "RADIUS2": 450345.848, 
  "DIST": 571364.056, 
  "F_PTS": 37, 
  "K_PTS": 28, 
  "EPSILON": 2.837, 
  "LENGTH1": 842426.41, 
  "G_PTS": 41, 
  "Q_PTS": 3, 
  "N_PTS": 17, 
  "C_PTS": 8, 
  "AREA2": 566772.435, 
  "LENGTH2": 500167.415, 
  "B_PTS": 14, 
  "D_PTS": 27, 
  "AREA1": 879168.472, 
  "A_PTS": 27, 
  "E_PTS": 25
 }, 
 "NUMPOINTS": 74, 
 "points": [
  [
   -383939.293, 
   675721.425
  ], 
  [
   -996623.853, 
   664987.844
  ], 
  [
   -974366.148, 
   -467726.234
  ], 
  [
   -381980.436, 
   -530176.151
  ], 
  [
   -893654.944, 
   78241.38
  ], 
  [
   578370.965, 
   599706.723
  ], 
  [
   420998.735, 
   412994.864
  ], 
  [
   383626.715, 
   102064.553
  ], 
  [
   376824.219, 
   -825558.964
  ], 
  [
   770100.914, 
   356359.024
  ], 
  [
   -967867.199, 
   807535.28
  ], 
  [
   -479276.254, 
   638939.784
  ], 
  [
   987054.971, 
   991054.959
  ], 
  [
   -92710.415, 
   -52861.978
  ], 
  [
   -722041.412, 
   -532569.765
  ], 
  [
   440314.53, 
   -711286.644
  ], 
  [
   317683.915, 
   684467.706
  ], 
  [
   198622.69, 
   836397.935
  ], 
  [
   240189.242, 
   -38011.86
  ], 
  [
   -743769.707, 
   449044.867
  ], 
  [
   50425.793, 
   736670.797
  ], 
  [
   356653.625, 
   977862.522
  ], 
  [
   -903130.798, 
   -807196.002
  ], 
  [
   711731.147, 
   369561.201
  ], 
  [
   -475576.641, 
   -777103.252
  ], 
  [
   -6446.923, 
   -99077.709
  ], 
  [
   815415.382, 
   762563.57
  ], 
  [
   -373957.4, 
   -386462.83
  ], 
  [
   -590438.743, 
   -857205.843
  ], 
  [
   -682664.809, 
   -932637.56
  ], 
  [
   -364123.589, 
   790585.761
  ], 
  [
   -207433.968, 
   -263352.612
  ], 
  [
   -472614.56, 
   769187.643
  ], 
  [
   -843680.074, 
   407593.624
  ], 
  [
   -314318.988, 
   73525.296
  ], 
  [
   804157.519, 
   95195.779
  ], 
  [
   825927.533, 
   64563.374
  ], 
  [
   -687289.782, 
   370886.452
  ], 
  [
   949517.255, 
   -256713.713
  ], 
  [
   99903.056, 
   717142.935
  ], 
  [
   -899090.9, 
   -179260.986
  ], 
  [
   594305.406, 
   -976303.22
  ], 
  [
   604385.915, 
   673280.922
  ], 
  [
   982663.093, 
   -45723.151
  ], 
  [
   543233.599, 
   -203037.502
  ], 
  [
   736490.013, 
   645667.98
  ], 
  [
   -992265.834, 
   -583840.538
  ], 
  [
   -392603.832, 
   152220.726
  ], 
  [
   -121252.612, 
   -174999.333
  ], 
  [
   -617349.686, 
   -504732.121
  ], 
  [
   -869822.576, 
   -555525.098
  ], 
  [
   391709.884, 
   -618275.747
  ], 
  [
   688718.1, 
   -886060.919
  ], 
  [
   -58618.612, 
   -426637.333
  ], 
  [
   77282.266, 
   -294939.592
  ], 
  [
   397094.734, 
   -500039.442
  ], 
  [
   -196346.047, 
   -319789.784
  ], 
  [
   -683814.64, 
   -460913.091
  ], 
  [
   787345.847, 
   -134582.594
  ], 
  [
   -457025.782, 
   682315.775
  ], 
  [
   607672.374, 
   645113.347
  ], 
  [
   984067.734, 
   838992.615
  ], 
  [
   -291899.296, 
   915298.098
  ], 
  [
   -595337.436, 
   871962.594
  ], 
  [
   225274.009, 
   433912.329
  ], 
  [
   -295539.056, 
   -585420.933
  ], 
  [
   4325.878, 
   955533.177
  ], 
  [
   -529459.084, 
   835753.406
  ], 
  [
   -593967.014, 
   -148923.618
  ], 
  [
   -151912.229, 
   -526751.745
  ], 
  [
   -363508.891, 
   442616.201
  ], 
  [
   -508537.017, 
   162408.889
  ], 
  [
   95448.521, 
   -241389.622
  ], 
  [
   445744.509, 
   516953.291
  ]
 ], 
 "PUV": [
  true, 
  true, 
  false, 
  true, 
  false, 
  false, 
  false, 
  true, 
  false, 
  false, 
  true, 
  false, 
  false, 
  false, 
  true
 ], 
 "LCM": {
  "11": [
   "NOTUSED", 
   "ANDD", 
   "ORR", 
   "NOTUSED", 
   "NOTUSED", 
   "NOTUSED", 
   "ORR", 
   "ORR", 
   "ORR", 
   "ORR", 
   "NOTUSED", 
   "NOTUSED", 
   "ORR", 
   "ANDD", 
   "ORR"
  ], 
  "10": [
   "NOTUSED", 
   "ANDD", 
   "NOTUSED", 
   "ANDD", 
   "ANDD", 
   "ANDD", 
   "ANDD", 
   "ANDD", 
   "ANDD", 
   "NOTUSED", 
   "ANDD", 
   "NOTUSED", 
   "ANDD", 
   "ORR", 
   "NOTUSED"
  ], 
  "13": [
   "ORR", 
   "ORR", 
   "NOTUSED", 
   "ORR", 
   "ANDD", 
   "ANDD", 
   "NOTUSED", 
   "NOTUSED", 
   "ORR", 
   "ORR", 
   "ORR", 
   "ANDD", 
   "NOTUSED", 
   "ANDD", 
   "NOTUSED"
  ], 
  "12": [
   "ANDD", 
   "ORR", 
   "ORR", 
   "ANDD", 
   "ORR", 
   "NOTUSED", 
   "ANDD", 
   "ORR", 
   "ORR", 
   "ORR", 
   "ANDD", 
   "ORR", 
   "ANDD", 
   "NOTUSED", 
   "ORR"
  ], 
  "14": [
   "ORR", 
   "ANDD", 
   "ORR", 
   "ANDD", 
   "NOTUSED", 
   "NOTUSED", 
   "ORR", 
   "ORR", 
   "ORR", 
   "ANDD", 
   "NOTUSED", 
   "ORR", 
   "ORR", 
   "NOTUSED", 
   "ANDD"
  ], 
  "1": [
   "NOTUSED", 
   "ANDD", 
   "ORR", 
   "ORR", 
   "NOTUSED", 
   "ORR", 
   "ANDD", 
   "ANDD", 
   "ORR", 
   "ANDD", 
   "ANDD", 
   "ANDD", 
   "ORR", 
   "ORR", 
   "ANDD"
  ], 
  "0": [
   "ANDD", 
   "NOTUSED", 
   "ANDD", 
   "ORR", 
   "ANDD", 
   "ANDD", 
   "NOTUSED", 
   "ANDD", 
   "ANDD", 
   "ORR", 
   "NOTUSED", 
   "NOTUSED", 
   "ANDD", 
   "ORR", 
   "ORR"
  ], 
  "3": [
   "ORR", 
   "ORR", 
   "ANDD", 
   "NOTUSED", 
   "ANDD", 
   "NOTUSED", 
   "NOTUSED", 
   "ORR", 
   "ORR", 
   "ANDD", 
   "ANDD", 
   "NOTUSED", 
   "ANDD", 
   "ORR", 
   "ANDD"
  ], 
  "2": [
   "ANDD", 
   "ORR", 
   "ANDD", 
   "ANDD", 
   "ANDD", 
   "ANDD", 
   "ANDD", 
   "ANDD", 
   "NOTUSED", 
   "NOTUSED", 
   "NOTUSED", 
   "ORR", 
   "ORR", 
   "NOTUSED", 
   "ORR"
  ], 
  "5": [
   "ANDD", 
   "ORR", 
   "ANDD", 
   "NOTUSED", 
   "ORR", 
   "NOTUSED", 
   "ORR", 
   "ANDD", 
   "ANDD", 
   "NOTUSED", 
   "ANDD", 
   "NOTUSED", 
   "NOTUSED", 
   "ANDD", 
   "NOTUSED"
  ], 
  "4": [
   "ANDD", 
   "NOTUSED", 
   "ANDD", 
   "ANDD", 
   "ORR", 
   "ORR", 
   "ANDD", 
   "NOTUSED", 
   "ORR", 
   "ORR", 
   "ANDD", 
   "NOTUSED", 
   "ORR", 
   "ANDD", 
   "NOTUSED"
  ], 
  "7": [
   "ANDD", 
   "ANDD", 
   "ANDD", 
   "ORR", 
   "NOTUSED", 
   "ANDD", 
   "ANDD", 
   "ANDD", 
   "ANDD", 
   "ORR", 
   "ANDD", 
   "ORR", 
   "ORR", 
   "NOTUSED", 
   "ORR"
  ], 
  "6": [
   "NOTUSED", 
   "ANDD", 
   "ANDD", 
   "NOTUSED", 
   "ANDD", 
   "ORR", 
   "NOTUSED", 
   "ANDD", 
   "ORR", 
   "ANDD", 
   "ANDD", 
   "ORR", 
   "ANDD", 
   "NOTUSED", 
   "ORR"
  ], 
  "9": [
   "ORR", 
   "ANDD", 
   "NOTUSED", 
   "ANDD", 
   "ORR", 
   "NOTUSED", 
   "ANDD", 
   "ORR", 
   "ORR", 
   "ANDD", 
   "NOTUSED", 
   "ORR", 
   "ORR", 
   "ORR", 
   "ANDD"
  ], 
  "8": [
   "ANDD", 
   "ORR", 
   "NOTUSED", 
   "ORR", 
   "ORR", 
   "ANDD", 
   "ORR", 
   "ANDD", 
   "ORR", 
   "ORR", 
   "ANDD", 
   "ORR", 
   "ORR", 
   "ORR", 
   "ORR"
  ]
 }
}