{
 "random_seed": 532323388, 
 "PARAMETERS": {
  "RADIUS1": 304163.025, 
  "QUADS": 3, 
  "RADIUS2": 329979.551, 
  "DIST": 398551.791, 
  "F_PTS": 13, 
  "K_PTS": 64, 
  "EPSILON": 1.955, 
  "LENGTH1": 584059.258, 
  "G_PTS": 48, 
  "Q_PTS": 65, 
  "N_PTS": 16, 
  "C_PTS": 1, 
  "AREA2": 545863.152, 
  "LENGTH2": 906015.952, 
  "B_PTS": 11, 
  "D_PTS": 42, 
  "AREA1": 54753.287, 
  "A_PTS": 49, 
  "E_PTS": 24
 }, 
 "NUMPOINTS": 82, 
 "points": [
  [
   748926.574, 
   -580704.627
  ], 
  [
   -339683.677, 
   -792297.847
  ], 
  [
   186832.99, 
   500272.611
  ], 
  [
   -243553.436, 
   -368838.855
  ], 
  [
   -164108.463, 
   -94840.626
  ], 
  [
   -707936.346, 
   946965.341
  ], 
  [
   -531902.717, 
   421738.324
  ], 
  [
   283258.648, 
   -197651.824
  ], 
  [
   993731.266, 
   -220441.126
  ], 
  [
   820330.805, 
   437479.615
  ], 
  [
   153655.681, 
   -634789.627
  ], 
  [
   -931766.021, 
   -119992.56
  ], 
  [
   648053.22, 
   -344155.075
  ], 
  [
   206962.977, 
   -102159.584
  ], 
  [
   553973.78, 
   796028.453
  ], 
  [
   -871939.348, 
   -170041.863
  ], 
  [
   -898477.79, 
   -447274.37
  ], 
  [
   817797.756, 
   -457311.049
  ], 
  [
   156147.818, 
   856403.155
  ], 
  [
   711548.152, 
   651557.109
  ], 
  [
   -259920.276, 
   125403.578
  ], 
  [
   -27562.486, 
   -62396.138
  ], 
  [
   -774196.843, 
   -810436.995
  ], 
  [
   -619806.218, 
   126519.574
  ], 
  [
   -730293.193, 
   -468770.323
  ], 
  [
   355330.579, 
   -3069.038
  ], 
  [
   511866.521, 
   786899.115
  ], 
  [
   465918.006, 
   -780580.381
  ], 
  [
   -420986.477, 
   -991899.869
  ], 
  [
   -327181.17, 
   499898.979
  ], 
  [
   194748.666, 
   969909.08
  ], 
  [
   345554.141, 
   -90086.996
  ], 
  [
   -79514.181, 
   968167.288
  ], 
  [
   352750.623, 
   -314122.16
  ], 
  [
   933288.755, 
   482633.247
  ], 
  [
   -250164.792, 
   605543.726
  ], 
  [
   -86021.06, 
   -391071.547
  ], 
  [
   -853852.576, 
   -928859.988
  ], 
  [
   471376.653, 
   -227311.399
  ], 
  [
   94741.078, 
   -351605.337
  ], 
  [
   371792.196, 
   -952817.177
  ], 
  [
   -656795.067, 
   761179.35
  ], 
  [
   -772168.857, 
   652148.478
  ], 
  [
   -433010.526, 
   222807.233
  ], 
  [
   -813578.809, 
   -549863.265
  ], 
  [
   481764.234, 
   -340496.594
  ], 
  [
   -846514.802, 
   269213.454
  ], 
  [
   422409.07, 
   -508846.968
  ], 
  [
   -38872.232, 
   393153.059
  ], 
  [
   -445569.368, 
   -920072.699
  ], 
  [
   -584520.276, 
   154948.165
  ], 
  [
   164312.784, 
   147672.068
  ], 
  [
   540277.6, 
   -917841.508
  ], 
  [
   872846.073, 
   550643.547
  ], 
  [
   -257164.341, 
   684631.815
  ], 
  [
   -400448.456, 
   -121089.745
  ], 
  [
   105257.211, 
   -580692.921
  ], 
  [
   737359.074, 
   188638.618
  ], 
  [
   -416412.347, 
   -449377.132
  ], 
  [
   142316.157, 
   32296.326
  ], 
  [
   -289516.067, 
   -945340.781
  ], 
  [
   638456.439, 
   -379373.029
  ], 
  [
   469144.219, 
   -540997.826
  ], 
  [
   515351.488, 
   -99164.353
  ], 
  [
   -791452.007, 
   481482.398
  ], 
  [
   -855027.292, 
   -944402.842
  ], 
  [
   -579154.967, 
   -860474.014
  ], 
  [
   879436.364, 
   -729327.564
  ], 
  [
   -379679.544, 
   -900902.856
  ], 
  [
   -509538.718, 
   -820432.432
  ], 
  [
   -323595.77, 
   413027.261
  ], 
  [
   -89513.893, 
   -828362.984
  ], 
  [
   972770.824, 
   356938.986
  ], 
  [
   355842.331, 
   147394.907
  ], 
  [
   -376122.838, 
   -621137.166
  ], 
  [
   -763523.437, 
   -126308.422
  ], 
  [
   456943.495, 
   307131.082
  ], 
  [
   738303.997, 
   -381343.276
  ], 
  [
   -903807.637, 
   488937.263
  ], 
  [
   625615.225, 
   800258.061
  ], 
  [
   634098.571, 
   -938040.065
  ], 
  [
   -267532.153, 
   213408.232
  ]
 ], 
 "PUV": [
  false, 
  false, 
  true, 
  false, 
  false, 
  true, 
  false, 
  true, 
  true, 
  false, 
  true, 
  true, 
  false, 
  true, 
  false
 ], 
 "LCM": {
  "11": [
   "ANDD", 
   "ORR", 
   "ORR", 
   "NOTUSED", 
   "NOTUSED", 
   "ANDD", 
   "NOTUSED", 
   "NOTUSED", 
   "ANDD", 
   "NOTUSED", 
   "NOTUSED", 
   "ORR", 
   "ORR", 
   "NOTUSED", 
   "ANDD"
  ], 
  "10": [
   "ORR", 
   "NOTUSED", 
   "ORR", 
   "ORR", 
   "NOTUSED", 
   "ANDD", 
   "ORR", 
   "NOTUSED", 
   "ANDD", 
   "ORR", 
   "ANDD", 
   "NOTUSED", 
   "ANDD", 
   "ORR", 
   "ORR"
  ], 
  "13": [
   "ORR", 
   "ORR", 
   "ANDD", 
   "NOTUSED", 
   "ORR", 
   "ANDD", 
   "ORR", 
   "ANDD", 
   "NOTUSED", 
   "ORR", 
   "ORR", 
   "NOTUSED", 
   "ANDD", 
   "ANDD", 
   "ORR"
  ], 
  "12": [
   "ANDD", 
   "ANDD", 
   "ORR", 
   "ANDD", 
   "ANDD", 
   "NOTUSED", 
   "NOTUSED", 
   "NOTUSED", 
   "ORR", 
   "NOTUSED", 
   "ANDD", 
   "ORR", 
   "ORR", 
   "ANDD", 
   "NOTUSED"
  ], 
  "14": [
   "NOTUSED", 
   "ORR", 
   "ANDD", 
   "ANDD", 
   "ORR", 
   "ANDD", 
   "ANDD", 
   "ANDD", 
   "NOTUSED", 
   "NOTUSED", 
   "ORR", 
   "ANDD", 
   "NOTUSED", 
   "ORR", 
   "NOTUSED"
  ], 
  "1": [
   "NOTUSED", 
   "NOTUSED", 
   "NOTUSED", 
   "ANDD", 
   "NOTUSED", 
   "NOTUSED", 
   "ANDD", 
   "ANDD", 
   "NOTUSED", 
   "ORR", 
   "NOTUSED", 
   "ORR", 
   "ANDD", 
   "ORR", 
   "ORR"
  ], 
  "0": [
   "ORR", 
   "NOTUSED", 
   "NOTUSED", 
   "ORR", 
   "NOTUSED", 
   "NOTUSED", 
   "NOTUSED", 
   "ORR", 
   "ORR", 
   "ORR", 
   "ORR", 
   "ANDD", 
   "ANDD", 
   "ORR", 
   "NOTUSED"
  ], 
  "3": [
   "ORR", 
   "ANDD", 
   "ORR", 
   "NOTUSED", 
   "ANDD", 
   "NOTUSED", 
   "ANDD", 
   "NOTUSED", 
   "NOTUSED", 
   "ANDD", 
   "ORR", 
   "NOTUSED", 
   "ANDD", 
   "NOTUSED", 
   "ANDD"
  ], 
  "2": [
   "NOTUSED", 
   "NOTUSED", 
   "NOTUSED", 
   "ORR", 
   "ORR", 
   "ORR", 
   "ORR", 
   "ORR", 
   "ORR", 
   "ORR", 
   "ORR", 
   "ORR", 
   "ORR", 
   "ANDD", 
   "ANDD"
  ], 
  "5": [
   "NOTUSED", 
   "NOTUSED", 
   "ORR", 
   "NOTUSED", 
   "ANDD", 
   "ORR", 
   "ORR", 
   "ORR", 
   "NOTUSED", 
   "ANDD", 
   "ANDD", 
   "ANDD", 
   "NOTUSED", 
   "ANDD", 
   "ANDD"
  ], 
  "4": [
   "NOTUSED", 
   "NOTUSED", 
   "ORR", 
   "ANDD", 
   "ANDD", 
   "ANDD", 
   "ORR", 
   "NOTUSED", 
   "ANDD", 
   "NOTUSED", 
   "NOTUSED", 
   "NOTUSED", 
   "ANDD", 
   "ORR", 
   "ORR"
  ], 
  "7": [
   "ORR", 
   "ANDD", 
   "ORR", 
   "NOTUSED", 
   "NOTUSED", 
   "ORR", 
   "NOTUSED", 
   "ORR", 
   "ANDD", 
   "ANDD", 
   "NOTUSED", 
   "NOTUSED", 
   "NOTUSED", 
   "ANDD", 
   "ANDD"
  ], 
  "6": [
   "NOTUSED", 
   "ANDD", 
   "ORR", 
   "ANDD", 
   "ORR", 
   "ORR", 
   "ANDD", 
   "NOTUSED", 
   "ORR", 
   "ORR", 
   "ORR", 
   "NOTUSED", 
   "NOTUSED", 
   "ORR", 
   "ANDD"
  ], 
  "9": [
   "ORR", 
   "ORR", 
   "ORR", 
   "ANDD", 
   "NOTUSED", 
   "ANDD", 
   "ORR", 
   "ANDD", 
   "ANDD", 
   "ANDD", 
   "ORR", 
   "NOTUSED", 
   "NOTUSED", 
   "ORR", 
   "NOTUSED"
  ], 
  "8": [
   "ORR", 
   "NOTUSED", 
   "ORR", 
   "NOTUSED", 
   "ANDD", 
   "NOTUSED", 
   "ORR", 
   "ANDD", 
   "ANDD", 
   "ANDD", 
   "ANDD", 
   "ANDD", 
   "ORR", 
   "NOTUSED", 
   "NOTUSED"
  ]
 }
}