{
 "random_seed": 943106284, 
 "PARAMETERS": {
  "RADIUS1": 859435.724, 
  "QUADS": 1, 
  "RADIUS2": 841466.457, 
  "DIST": 548125.088, 
  "F_PTS": 8, 
  "K_PTS": 6, 
  "EPSILON": 2.792, 
  "LENGTH1": 790702.947, 
  "G_PTS": 2, 
  "Q_PTS": 71, 
  "N_PTS": 80, 
  "C_PTS": 16, 
  "AREA2": 75813.582, 
  "LENGTH2": 968486.464, 
  "B_PTS": 38, 
  "D_PTS": 53, 
  "AREA1": 658543.404, 
  "A_PTS": 32, 
  "E_PTS": 24
 }, 
 "NUMPOINTS": 83, 
 "points": [
  [
   654915.532, 
   801159.796
  ], 
  [
   570254.529, 
   335967.647
  ], 
  [
   -538205.353, 
   59202.99
  ], 
  [
   95650.473, 
   -205222.142
  ], 
  [
   445576.333, 
   38258.973
  ], 
  [
   -873138.897, 
   208721.849
  ], 
  [
   -467747.08, 
   -897330.432
  ], 
  [
   362908.694, 
   246237.261
  ], 
  [
   -825951.162, 
   236850.403
  ], 
  [
   -894788.275, 
   -118253.039
  ], 
  [
   570359.747, 
   772383.129
  ], 
  [
   -757606.661, 
   -383370.5
  ], 
  [
   423811.583, 
   495055.682
  ], 
  [
   -407141.543, 
   -231571.206
  ], 
  [
   887637.543, 
   104927.176
  ], 
  [
   150659.444, 
   987027.411
  ], 
  [
   -36944.909, 
   -434053.955
  ], 
  [
   304427.211, 
   -38303.7
  ], 
  [
   -535367.729, 
   -709532.362
  ], 
  [
   275058.687, 
   515187.242
  ], 
  [
   -497317.922, 
   8570.208
  ], 
  [
   451612.443, 
   573595.372
  ], 
  [
   -461238.599, 
   552812.181
  ], 
  [
   527976.011, 
   -629505.788
  ], 
  [
   17790.789, 
   106980.93
  ], 
  [
   138462.451, 
   -215727.547
  ], 
  [
   801546.404, 
   -409042.745
  ], 
  [
   -707600.966, 
   260032.136
  ], 
  [
   178160.121, 
   399917.13
  ], 
  [
   -681119.037, 
   -403732.845
  ], 
  [
   -430618.939, 
   -526588.973
  ], 
  [
   67602.683, 
   -785830.618
  ], 
  [
   -76392.254, 
   -120718.492
  ], 
  [
   202911.76, 
   955589.57
  ], 
  [
   106427.638, 
   -68956.614
  ], 
  [
   -299601.444, 
   171188.993
  ], 
  [
   343883.943, 
   905214.424
  ], 
  [
   933367.667, 
   625935.658
  ], 
  [
   91586.014, 
   37111.804
  ], 
  [
   50551.83, 
   -331556.277
  ], 
  [
   -376103.17, 
   635290.546
  ], 
  [
   -746886.698, 
   251735.286
  ], 
  [
   349743.543, 
   21157.44
  ], 
  [
   379223.119, 
   730053.28
  ], 
  [
   -969899.713, 
   552228.243
  ], 
  [
   991119.398, 
   -795242.684
  ], 
  [
   -716807.148, 
   -780971.698
  ], 
  [
   -68059.859, 
   636824.833
  ], 
  [
   -357755.552, 
   -378151.756
  ], 
  [
   -430375.263, 
   481040.855
  ], 
  [
   115758.907, 
   468328.644
  ], 
  [
   28569.035, 
   378026.078
  ], 
  [
   -707622.688, 
   -13162.264
  ], 
  [
   -648818.693, 
   -538331.878
  ], 
  [
   -16282.285, 
   446629.674
  ], 
  [
   -76279.119, 
   489745.519
  ], 
  [
   442049.899, 
   -229789.874
  ], 
  [
   619375.5, 
   96038.207
  ], 
  [
   -939492.32, 
   1702.335
  ], 
  [
   -382895.746, 
   911013.386
  ], 
  [
   468008.507, 
   -739850.273
  ], 
  [
   289155.977, 
   279562.479
  ], 
  [
   -802723.868, 
   -753701.659
  ], 
  [
   -492492.876, 
   523101.571
  ], 
  [
   456217.477, 
   -864137.557
  ], 
  [
   821667.2, 
   -689467.89
  ], 
  [
   336520.688, 
   288448.586
  ], 
  [
   423659.423, 
   133852.628
  ], 
  [
   429763.141, 
   -935668.955
  ], 
  [
   -332496.573, 
   90205.962
  ], 
  [
   250703.145, 
   -943042.285
  ], 
  [
   -338083.155, 
   -811635.131
  ], 
  [
   -669912.91, 
   470164.447
  ], 
  [
   659445.536, 
   -480948.056
  ], 
  [
   64520.594, 
   -499439.533
  ], 
  [
   -741449.122, 
   737976.821
  ], 
  [
   474048.405, 
   377460.358
  ], 
  [
   -734693.209, 
   608937.703
  ], 
  [
   -421414.176, 
   -264546.331
  ], 
  [
   463425.767, 
   -968406.05
  ], 
  [
   205341.605, 
   -713131.172
  ], 
  [
   -75015.541, 
   -333936.469
  ], 
  [
   210739.23, 
   -63099.302
  ]
 ], 
 "PUV": [
  true, 
  false, 
  true, 
  true, 
  true, 
  true, 
  false, 
  true, 
  false, 
  false, 
  true, 
  true, 
  false, 
  false, 
  true
 ], 
 "LCM": {
  "11": [
   "ANDD", 
   "ANDD", 
   "ANDD", 
   "ANDD", 
   "NOTUSED", 
   "NOTUSED", 
   "ORR", 
   "NOTUSED", 
   "ANDD", 
   "ANDD", 
   "ORR", 
   "NOTUSED", 
   "ORR", 
   "NOTUSED", 
   "ORR"
  ], 
  "10": [
   "NOTUSED", 
   "NOTUSED", 
   "ORR", 
   "NOTUSED", 
   "ANDD", 
   "NOTUSED", 
   "ORR", 
   "ORR", 
   "ANDD", 
   "ORR", 
   "ANDD", 
   "ORR", 
   "ORR", 
   "ORR", 
   "ANDD"
  ], 
  "13": [
   "ORR", 
   "ANDD", 
   "NOTUSED", 
   "ORR", 
   "ANDD", 
   "ORR", 
   "NOTUSED", 
   "NOTUSED", 
   "ORR", 
   "ANDD", 
   "ORR", 
   "NOTUSED", 
   "ORR", 
   "ANDD", 
   "ANDD"
  ], 
  "12": [
   "NOTUSED", 
   "ANDD", 
   "NOTUSED", 
   "NOTUSED", 
   "NOTUSED", 
   "ORR", 
   "ORR", 
   "NOTUSED", 
   "NOTUSED", 
   "ORR", 
   "ORR", 
   "ORR", 
   "NOTUSED", 
   "ORR", 
   "NOTUSED"
  ], 
  "14": [
   "ANDD", 
   "NOTUSED", 
   "NOTUSED", 
   "NOTUSED", 
   "ANDD", 
   "ORR", 
   "ORR", 
   "NOTUSED", 
   "NOTUSED", 
   "ANDD", 
   "ANDD", 
   "ORR", 
   "NOTUSED", 
   "ANDD", 
   "NOTUSED"
  ], 
  "1": [
   "ORR", 
   "ORR", 
   "ANDD", 
   "ANDD", 
   "ORR", 
   "ANDD", 
   "ORR", 
   "ORR", 
   "NOTUSED", 
   "NOTUSED", 
   "NOTUSED", 
   "ANDD", 
   "ANDD", 
   "ANDD", 
   "NOTUSED"
  ], 
  "0": [
   "NOTUSED", 
   "ORR", 
   "ORR", 
   "NOTUSED", 
   "ANDD", 
   "ANDD", 
   "NOTUSED", 
   "NOTUSED", 
   "ANDD", 
   "ORR", 
   "NOTUSED", 
   "ANDD", 
   "NOTUSED", 
   "ORR", 
   "ANDD"
  ], 
  "3": [
   "NOTUSED", 
   "ANDD", 
   "NOTUSED", 
   "ORR", 
   "ANDD", 
   "NOTUSED", 
   "NOTUSED", 
   "ORR", 
   "ORR", 
   "ORR", 
   "NOTUSED", 
   "ANDD", 
   "NOTUSED", 
   "ORR", 
   "NOTUSED"
  ], 
  "2": [
   "ORR", 
   "ANDD", 
   "ORR", 
   "NOTUSED", 
   "ANDD", 
   "NOTUSED", 
   "ANDD", 
   "ORR", 
   "ORR", 
   "ORR", 
   "ORR", 
   "ANDD", 
   "NOTUSED", 
   "NOTUSED", 
   "NOTUSED"
  ], 
  "5": [
   "ANDD", 
   "ANDD", 
   "NOTUSED", 
   "NOTUSED", 
   "ORR", 
   "NOTUSED", 
   "ANDD", 
   "ANDD", 
   "ORR", 
   "ORR", 
   "NOTUSED", 
   "NOTUSED", 
   "ORR", 
   "ORR", 
   "ORR"
  ], 
  "4": [
   "ANDD", 
   "ORR", 
   "ANDD", 
   "ANDD", 
   "NOTUSED", 
   "ORR", 
   "ORR", 
   "ANDD", 
   "ANDD", 
   "NOTUSED", 
   "ANDD", 
   "NOTUSED", 
   "NOTUSED", 
   "ANDD", 
   "ANDD"
  ], 
  "7": [
   "NOTUSED", 
   "ORR", 
   "ORR", 
   "ORR", 
   "ANDD", 
   "ANDD", 
   "ORR", 
   "ORR", 
   "NOTUSED", 
   "NOTUSED", 
   "ORR", 
   "NOTUSED", 
   "NOTUSED", 
   "NOTUSED", 
   "NOTUSED"
  ], 
  "6": [
   "NOTUSED", 
   "ORR", 
   "ANDD", 
   "NOTUSED", 
   "ORR", 
   "ANDD", 
   "NOTUSED", 
   "ORR", 
   "NOTUSED", 
   "NOTUSED", 
   "ORR", 
   "ORR", 
   "ORR", 
   "NOTUSED", 
   "ORR"
  ], 
  "9": [
   "ORR", 
   "NOTUSED", 
   "ORR", 
   "ORR", 
   "NOTUSED", 
   "ORR", 
   "NOTUSED", 
   "NOTUSED", 
   "ANDD", 
   "ANDD", 
   "ORR", 
   "ANDD", 
   "ORR", 
   "ANDD", 
   "ANDD"
  ], 
  "8": [
   "ANDD", 
   "NOTUSED", 
   "ORR", 
   "ORR", 
   "ANDD", 
   "ORR", 
   "NOTUSED", 
   "NOTUSED", 
   "ANDD", 
   "ANDD", 
   "ANDD", 
   "ANDD", 
   "NOTUSED", 
   "ORR", 
   "NOTUSED"
  ]
 }
}