{
 "random_seed": 1528949690, 
 "PARAMETERS": {
  "RADIUS1": 657499.578, 
  "QUADS": 2, 
  "RADIUS2": 556574.772, 
  "DIST": 512744.876, 
  "F_PTS": 30, 
  "K_PTS": 22, 
  "EPSILON": 2.312, 
  "LENGTH1": 849531.847, 
  "G_PTS": 43, 
  "Q_PTS": 28, 
  "N_PTS": 42, 
  "C_PTS": 6, 
  "AREA2": 324699.791, 
  "LENGTH2": 798550.532, 
  "B_PTS": 36, 
  "D_PTS": 17, 
  "AREA1": 869493.24, 
  "A_PTS": 17, 
  "E_PTS": 1
 }, 
 "NUMPOINTS": 59, 
 "points": [
  [
   -462387.264, 
   -896862.685
  ], 
  [
   -867669.827, 
   -559936.947
  ], 
  [
   -569377.335, 
   -371539.642
  ], 
  [
   497856.903, 
   -382731.986
  ], 
  [
   648900.985, 
   978718.181
  ], 
  [
   -875149.259, 
   -499906.977
  ], 
  [
   794171.697, 
   138577.497
  ], 
  [
   -992381.798, 
   -598203.072
  ], 
  [
   -220221.45, 
   496475.418
  ], 
  [
   -591515.569, 
   -48808.457
  ], 
  [
   840412.763, 
   -314128.029
  ], 
  [
   4500.843, 
   -315747.151
  ], 
  [
   -802714.384, 
   608839.403
  ], 
  [
   882482.885, 
   -346926.711
  ], 
  [
   -663763.101, 
   911155.047
  ], 
  [
   922580.876, 
   875368.493
  ], 
  [
   -790402.962, 
   416815.563
  ], 
  [
   237038.278, 
   -848819.492
  ], 
  [
   -629144.067, 
   -879453.234
  ], 
  [
   -355337.454, 
   708695.553
  ], 
  [
   287914.468, 
   157228.009
  ], 
  [
   213561.274, 
   -118645.468
  ], 
  [
   881704.252, 
   -990923.897
  ], 
  [
   -45045.335, 
   520931.234
  ], 
  [
   -948352.078, 
   -13968.183
  ], 
  [
   -3297.244, 
   -614435.033
  ], 
  [
   -330550.091, 
   -174768.101
  ], 
  [
   -230165.131, 
   -607645.013
  ], 
  [
   211044.072, 
   -871231.295
  ], 
  [
   -355788.884, 
   -116105.249
  ], 
  [
   725352.042, 
   433045.855
  ], 
  [
   587351.089, 
   -937000.304
  ], 
  [
   -471221.156, 
   772287.987
  ], 
  [
   406263.506, 
   235532.95
  ], 
  [
   -690332.278, 
   493319.982
  ], 
  [
   203462.627, 
   -468119.542
  ], 
  [
   923446.002, 
   -860808.829
  ], 
  [
   268772.326, 
   283680.862
  ], 
  [
   66182.18, 
   141281.569
  ], 
  [
   -227123.763, 
   -734360.48
  ], 
  [
   790012.754, 
   -207601.037
  ], 
  [
   726127.128, 
   159302.062
  ], 
  [
   -35329.131, 
   -658164.116
  ], 
  [
   -589104.837, 
   423498.527
  ], 
  [
   31002.232, 
   -165228.599
  ], 
  [
   -783508.808, 
   -233169.693
  ], 
  [
   341539.189, 
   710963.27
  ], 
  [
   64990.074, 
   840934.93
  ], 
  [
   -675493.093, 
   927303.397
  ], 
  [
   653410.05, 
   898100.832
  ], 
  [
   -300887.339, 
   365846.957
  ], 
  [
   456606.886, 
   -197643.25
  ], 
  [
   657794.354, 
   620259.926
  ], 
  [
   -216273.163, 
   -200585.5
  ], 
  [
   -750391.118, 
   -579192.34
  ], 
  [
   -480975.124, 
   383950.961
  ], 
  [
   530970.969, 
   -12362.887
  ], 
  [
   782255.242, 
   512116.664
  ], 
  [
   -384175.59, 
   -254727.14
  ]
 ], 
 "PUV": [
  false, 
  true, 
  false, 
  true, 
  false, 
  true, 
  true, 
  false, 
  true, 
  false, 
  false, 
  false, 
  true, 
  false, 
  false
 ], 
 "LCM": {
  "11": [
   "ANDD", 
   "ANDD", 
   "NOTUSED", 
   "ANDD", 
   "NOTUSED", 
   "NOTUSED", 
   "ORR", 
   "NOTUSED", 
   "ANDD", 
   "NOTUSED", 
   "NOTUSED", 
   "ORR", 
   "NOTUSED", 
   "ORR", 
   "NOTUSED"
  ], 
  "10": [
   "ORR", 
   "NOTUSED", 
   "NOTUSED", 
   "ORR", 
   "ORR", 
   "ORR", 
   "ORR", 
   "ANDD", 
   "ORR", 
   "ANDD", 
   "NOTUSED", 
   "NOTUSED", 
   "ANDD", 
   "NOTUSED", 
   "ANDD"
  ], 
  "13": [
   "NOTUSED", 
   "NOTUSED", 
   "ORR", 
   "NOTUSED", 
   "ORR", 
   "ORR", 
   "ANDD", 
   "NOTUSED", 
   "ORR", 
   "ANDD", 
   "NOTUSED", 
   "ORR", 
   "NOTUSED", 
   "ANDD", 
   "ANDD"
  ], 
  "12": [
   "ORR", 
   "NOTUSED", 
   "NOTUSED", 
   "ANDD", 
   "ORR", 
   "NOTUSED", 
   "ORR", 
   "ANDD", 
   "NOTUSED", 
   "NOTUSED", 
   "ANDD", 
   "NOTUSED", 
   "ANDD", 
   "NOTUSED", 
   "ANDD"
  ], 
  "14": [
   "ANDD", 
   "ANDD", 
   "ORR", 
   "ORR", 
   "ANDD", 
   "NOTUSED", 
   "ANDD", 
   "ORR", 
   "NOTUSED", 
   "ORR", 
   "ANDD", 
   "NOTUSED", 
   "ANDD", 
   "ANDD", 
   "ANDD"
  ], 
  "1": [
   "ANDD", 
   "NOTUSED", 
   "ANDD", 
   "ORR", 
   "ORR", 
   "ORR", 
   "ORR", 
   "ORR", 
   "ORR", 
   "NOTUSED", 
   "NOTUSED", 
   "ANDD", 
   "NOTUSED", 
   "NOTUSED", 
   "ANDD"
  ], 
  "0": [
   "ORR", 
   "ANDD", 
   "ANDD", 
   "ANDD", 
   "NOTUSED", 
   "NOTUSED", 
   "ANDD", 
   "ANDD", 
   "ANDD", 
   "NOTUSED", 
   "ORR", 
   "ANDD", 
   "ORR", 
   "NOTUSED", 
   "ANDD"
  ], 
  "3": [
   "ANDD", 
   "ORR", 
   "ORR", 
   "ORR", 
   "ANDD", 
   "ANDD", 
   "ANDD", 
   "ORR", 
   "NOTUSED", 
   "ORR", 
   "ORR", 
   "ANDD", 
   "ANDD", 
   "NOTUSED", 
   "ORR"
  ], 
  "2": [
   "ANDD", 
   "ANDD", 
   "ORR", 
   "ORR", 
   "NOTUSED", 
   "ANDD", 
   "ORR", 
   "ORR", 
   "ORR", 
   "ANDD", 
   "NOTUSED", 
   "NOTUSED", 
   "NOTUSED", 
   "ORR", 
   "ORR"
  ], 
  "5": [
   "NOTUSED", 
   "ORR", 
   "ANDD", 
   "ANDD", 
   "ORR", 
   "ORR", 
   "ANDD", 
   "ANDD", 
   "NOTUSED", 
   "NOTUSED", 
   "ORR", 
   "NOTUSED", 
   "NOTUSED", 
   "ORR", 
   "NOTUSED"
  ], 
  "4": [
   "NOTUSED", 
   "ORR", 
   "NOTUSED", 
   "ANDD", 
   "ANDD", 
   "ORR", 
   "NOTUSED", 
   "NOTUSED", 
   "NOTUSED", 
   "NOTUSED", 
   "ORR", 
   "NOTUSED", 
   "ORR", 
   "ORR", 
   "ANDD"
  ], 
  "7": [
   "ANDD", 
   "ORR", 
   "ORR", 
   "ORR", 
   "NOTUSED", 
   "ANDD", 
   "NOTUSED", 
   "ORR", 
   "NOTUSED", 
   "ORR", 
   "ANDD", 
   "NOTUSED", 
   "ANDD", 
   "NOTUSED", 
   "ORR"
  ], 
  "6": [
   "ANDD", 
   "ORR", 
   "ORR", 
   "ANDD", 
   "NOTUSED", 
   "ANDD", 
   "NOTUSED", 
   "NOTUSED", 
   "ANDD", 
   "NOTUSED", 
   "ORR", 
   "ORR", 
   "ORR", 
   "ANDD", 
   "ANDD"
  ], 
  "9": [
   "NOTUSED", 
   "NOTUSED", 
   "ANDD", 
   "ORR", 
   "NOTUSED", 
   "NOTUSED", 
   "NOTUSED", 
   "ORR", 
   "NOTUSED", 
   "NOTUSED", 
   "ANDD", 
   "NOTUSED", 
   "NOTUSED", 
   "ANDD", 
   "ORR"
  ], 
  "8": [
   "ANDD", 
   "ORR", 
   "ORR", 
   "NOTUSED", 
   "NOTUSED", 
   "NOTUSED", 
   "ANDD", 
   "NOTUSED", 
   "ANDD", 
   "NOTUSED", 
   "ORR", 
   "ANDD", 
   "NOTUSED", 
   "ORR", 
   "NOTUSED"
  ]
 }
}