{
 "random_seed": 2136946956, 
 "PARAMETERS": {
  "RADIUS1": 922691.764, 
  "QUADS": 1, 
  "RADIUS2": 270465.646, 
  "DIST": 216421.821, 
  "F_PTS": 29, 
  "K_PTS": 16, 
  "EPSILON": 0.594, 
  "LENGTH1": 418854.381, 
  "G_PTS": 38, 
  "Q_PTS": 80, 
  "N_PTS": 80, 
  "C_PTS": 5, 
  "AREA2": 898696.421, 
  "LENGTH2": 680453.705, 
  "B_PTS": 25, 
  "D_PTS": 11, 
  "AREA1": 571712.092, 
  "A_PTS": 4, 
  "E_PTS": 8
 }, 
 "NUMPOINTS": 80, 
 "points": [
  [
   -841580.787, 
   426737.995
  ], 
  [
   -4628.222, 
   827706.469
  ], 
  [
   -497219.774, 
   161763.454
  ], 
  [
   -91630.581, 
   709427.596
  ], 
  [
   -138750.843, 
   934605.769
  ], 
  [
   -635868.954, 
   684798.36
  ], 
  [
   472337.834, 
   213171.84
  ], 
  [
   -281828.273, 
   895737.074
  ], 
  [
   385523.707, 
   253452.925
  ], 
  [
   -78008.761, 
   -319266.501
  ], 
  [
   699196.916, 
   -821072.0
  ], 
  [
   -233794.626, 
   -278263.38
  ], 
  [
   744387.859, 
   119558.494
  ], 
  [
   -224111.649, 
   474788.865
  ], 
  [
   -522146.667, 
   438985.676
  ], 
  [
   -527571.815, 
   -934899.699
  ], 
  [
   -203275.924, 
   -258943.523
  ], 
  [
   225867.186, 
   -3230.247
  ], 
  [
   180224.702, 
   -434255.77
  ], 
  [
   434044.276, 
   681544.999
  ], 
  [
   576029.423, 
   -426396.761
  ], 
  [
   -977424.048, 
   805879.42
  ], 
  [
   -464271.115, 
   -414517.294
  ], 
  [
   150116.533, 
   -575336.707
  ], 
  [
   94529.63, 
   -68817.542
  ], 
  [
   -635054.418, 
   -718136.137
  ], 
  [
   123598.394, 
   578341.455
  ], 
  [
   -225659.138, 
   -696573.509
  ], 
  [
   310545.22, 
   350511.398
  ], 
  [
   498149.293, 
   179335.508
  ], 
  [
   -778327.132, 
   -738475.628
  ], 
  [
   -174342.196, 
   295570.537
  ], 
  [
   -611228.984, 
   149288.957
  ], 
  [
   -170951.083, 
   -716252.171
  ], 
  [
   -205815.02, 
   406490.315
  ], 
  [
   241163.865, 
   676946.588
  ], 
  [
   42976.082, 
   800260.074
  ], 
  [
   728442.739, 
   590000.129
  ], 
  [
   417301.155, 
   407978.978
  ], 
  [
   -996837.788, 
   -155697.304
  ], 
  [
   990409.004, 
   747754.423
  ], 
  [
   -75586.727, 
   475470.365
  ], 
  [
   -475692.162, 
   -455394.053
  ], 
  [
   -742911.673, 
   -993958.609
  ], 
  [
   399565.986, 
   446557.863
  ], 
  [
   -28159.238, 
   -266722.399
  ], 
  [
   665868.995, 
   -288234.807
  ], 
  [
   574652.468, 
   -589528.443
  ], 
  [
   -66535.001, 
   -473843.717
  ], 
  [
   379185.731, 
   -535094.57
  ], 
  [
   -352582.492, 
   -853336.035
  ], 
  [
   675520.971, 
   403611.144
  ], 
  [
   106875.548, 
   358591.072
  ], 
  [
   99502.381, 
   359386.136
  ], 
  [
   113535.485, 
   -369214.343
  ], 
  [
   291934.487, 
   475311.252
  ], 
  [
   532272.665, 
   -250299.922
  ], 
  [
   -4969.108, 
   640975.117
  ], 
  [
   -244844.552, 
   -655231.428
  ], 
  [
   596430.026, 
   -939516.059
  ], 
  [
   777856.612, 
   -146759.801
  ], 
  [
   297777.574, 
   655461.156
  ], 
  [
   -304634.623, 
   929584.032
  ], 
  [
   -474826.599, 
   546238.107
  ], 
  [
   641080.683, 
   524698.214
  ], 
  [
   -422486.716, 
   750204.793
  ], 
  [
   -190362.801, 
   -943630.962
  ], 
  [
   -340071.017, 
   196780.075
  ], 
  [
   -336570.599, 
   -906437.218
  ], 
  [
   427573.322, 
   912725.57
  ], 
  [
   -319473.34, 
   -748239.732
  ], 
  [
   -656489.427, 
   730414.43
  ], 
  [
   139124.864, 
   288052.015
  ], 
  [
   -777000.914, 
   131159.157
  ], 
  [
   -24611.341, 
   -540163.499
  ], 
  [
   -7221.695, 
   292847.175
  ], 
  [
   22742.667, 
   -563604.918
  ], 
  [
   -832946.33, 
   -185953.423
  ], 
  [
   -171974.38, 
   151979.665
  ], 
  [
   -347774.083, 
   -319454.543
  ]
 ], 
 "PUV": [
  true, 
  false, 
  true, 
  false, 
  false, 
  false, 
  false, 
  false, 
  false, 
  false, 
  true, 
  true, 
  true, 
  false, 
  true
 ], 
 "LCM": {
  "11": [
   "ORR", 
   "NOTUSED", 
   "ORR", 
   "ORR", 
   "ORR", 
   "ANDD", 
   "ORR", 
   "NOTUSED", 
   "NOTUSED", 
   "ANDD", 
   "NOTUSED", 
   "ORR", 
   "NOTUSED", 
   "NOTUSED", 
   "ORR"
  ], 
  "10": [
   "ORR", 
   "NOTUSED", 
   "ORR", 
   "NOTUSED", 
   "ORR", 
   "NOTUSED", 
   "NOTUSED", 
   "ORR", 
   "ORR", 
   "ANDD", 
   "ANDD", 
   "NOTUSED", 
   "ORR", 
   "ANDD", 
   "ORR"
  ], 
  "13": [
   "ANDD", 
   "ORR", 
   "NOTUSED", 
   "NOTUSED", 
   "NOTUSED", 
   "ANDD", 
   "ORR", 
   "NOTUSED", 
   "ORR", 
   "ANDD", 
   "ANDD", 
   "NOTUSED", 
   "ORR", 
   "ORR", 
   "ORR"
  ], 
  "12": [
   "ANDD", 
   "ORR", 
   "NOTUSED", 
   "ORR", 
   "ANDD", 
   "NOTUSED", 
   "NOTUSED", 
   "ORR", 
   "NOTUSED", 
   "ANDD", 
   "ORR", 
   "NOTUSED", 
   "NOTUSED", 
   "ORR", 
   "NOTUSED"
  ], 
  "14": [
   "NOTUSED", 
   "ORR", 
   "ANDD", 
   "NOTUSED", 
   "NOTUSED", 
   "ORR", 
   "ANDD", 
   "NOTUSED", 
   "ORR", 
   "NOTUSED", 
   "ORR", 
   "ORR", 
   "NOTUSED", 
   "ORR", 
   "ORR"
  ], 
  "1": [
   "ANDD", 
   "ORR", 
   "NOTUSED", 
   "ORR", 
   "NOTUSED", 
   "NOTUSED", 
   "NOTUSED", 
   "ANDD", 
   "ANDD", 
   "ORR", 
   "NOTUSED", 
   "NOTUSED", 
   "ORR", 
   "ORR", 
   "ORR"
  ], 
  "0": [
   "NOTUSED", 
   "ANDD", 
   "ANDD", 
   "NOTUSED", 
   "ORR", 
   "ORR", 
   "ANDD", 
   "NOTUSED", 
   "ORR", 
   "ORR", 
   "ORR", 
   "ORR", 
   "ANDD", 
   "ANDD", 
   "NOTUSED"
  ], 
  "3": [
   "NOTUSED", 
   "ORR", 
   "NOTUSED", 
   "NOTUSED", 
   "ORR", 
   "ANDD", 
   "NOTUSED", 
   "NOTUSED", 
   "ORR", 
   "NOTUSED", 
   "NOTUSED", 
   "ORR", 
   "ORR", 
   "NOTUSED", 
   "NOTUSED"
  ], 
  "2": [
   "ANDD", 
   "NOTUSED", 
   "ORR", 
   "NOTUSED", 
   "ANDD", 
   "ANDD", 
   "NOTUSED", 
   "NOTUSED", 
   "ORR", 
   "ORR", 
   "ORR", 
   "ORR", 
   "NOTUSED", 
   "NOTUSED", 
   "ANDD"
  ], 
  "5": [
   "ORR", 
   "NOTUSED", 
   "ANDD", 
   "ANDD", 
   "NOTUSED", 
   "ORR", 
   "NOTUSED", 
   "NOTUSED", 
   "ORR", 
   "ORR", 
   "NOTUSED", 
   "ANDD", 
   "NOTUSED", 
   "ANDD", 
   "ORR"
  ], 
  "4": [
   "ORR", 
   "NOTUSED", 
   "ANDD", 
   "ORR", 
   "ORR", 
   "NOTUSED", 
   "ORR", 
   "ANDD", 
   "ORR", 
   "ANDD", 
   "ORR", 
   "ORR", 
   "ANDD", 
   "NOTUSED", 
   "NOTUSED"
  ], 
  "7": [
   "NOTUSED", 
   "ANDD", 
   "NOTUSED", 
   "NOTUSED", 
   "ANDD", 
   "NOTUSED", 
   "ANDD", 
   "ANDD", 
   "NOTUSED", 
   "ANDD", 
   "ORR", 
   "NOTUSED", 
   "ORR", 
   "NOTUSED", 
   "NOTUSED"
  ], 
  "6": [
   "ANDD", 
   "NOTUSED", 
   "NOTUSED", 
   "NOTUSED", 
   "ORR", 
   "NOTUSED", 
   "NOTUSED", 
   "ANDD", 
   "ANDD", 
   "NOTUSED", 
   "NOTUSED", 
   "ORR", 
   "NOTUSED", 
   "ORR", 
   "ANDD"
  ], 
  "9": [
   "ORR", 
   "ORR", 
   "ORR", 
   "NOTUSED", 
   "ANDD", 
   "ORR", 
   "NOTUSED", 
   "ANDD", 
   "NOTUSED", 
   "NOTUSED", 
   "ANDD", 
   "ANDD", 
   "ANDD", 
   "ANDD", 
   "NOTUSED"
  ], 
  "8": [
   "ORR", 
   "ANDD", 
   "ORR", 
   "ORR", 
   "ORR", 
   "ORR", 
   "ANDD", 
   "NOTUSED", 
   "ANDD", 
   "NOTUSED", 
   "ORR", 
   "NOTUSED", 
   "NOTUSED", 
   "ORR", 
   "ORR"
  ]
 }
}