{
 "random_seed": 102467128, 
 "PARAMETERS": {
  "RADIUS1": 472717.352, 
  "QUADS": 1, 
  "RADIUS2": 931614.333, 
  "DIST": 179591.624, 
  "F_PTS": 3, 
  "K_PTS": 17, 
  "EPSILON": 1.011, 
  "LENGTH1": 546356.225, 
  "G_PTS": 3, 
  "Q_PTS": 30, 
  "N_PTS": 49, 
  "C_PTS": 41, 
  "AREA2": 134209.361, 
  "LENGTH2": 683908.554, 
  "B_PTS": 21, 
  "D_PTS": 7, 
  "AREA1": 222693.428, 
  "A_PTS": 8, 
  "E_PTS": 4
 }, 
 "NUMPOINTS": 73, 
 "points": [
  [
   847383.192, 
   375163.217
  ], 
  [
   60543.527, 
   -570974.222
  ], 
  [
   539657.612, 
   848426.435
  ], 
  [
   967212.188, 
   613897.651
  ], 
  [
   -323829.66, 
   -800991.272
  ], 
  [
   550593.877, 
   551832.821
  ], 
  [
   584952.103, 
   -3989.164
  ], 
  [
   331892.507, 
   100802.32
  ], 
  [
   -356899.29, 
   -401141.324
  ], 
  [
   329374.965, 
   -853495.539
  ], 
  [
   942096.925, 
   311518.877
  ], 
  [
   782276.677, 
   -890343.697
  ], 
  [
   390470.697, 
   -661262.206
  ], 
  [
   693745.092, 
   -730218.345
  ], 
  [
   807568.162, 
   -830015.257
  ], 
  [
   445338.206, 
   -125928.151
  ], 
  [
   -789224.087, 
   -94139.823
  ], 
  [
   898998.011, 
   -113113.846
  ], 
  [
   173455.466, 
   776317.748
  ], 
  [
   -73500.957, 
   -942231.084
  ], 
  [
   386515.067, 
   -729345.788
  ], 
  [
   -465196.967, 
   -634818.764
  ], 
  [
   -95753.284, 
   -807683.084
  ], 
  [
   -148277.942, 
   -836918.696
  ], 
  [
   -249883.62, 
   -160553.146
  ], 
  [
   147164.044, 
   -388915.96
  ], 
  [
   250284.101, 
   71809.79
  ], 
  [
   583210.259, 
   690419.522
  ], 
  [
   97857.39, 
   254125.369
  ], 
  [
   -340059.756, 
   -867302.836
  ], 
  [
   475001.028, 
   -938616.558
  ], 
  [
   842510.212, 
   452865.849
  ], 
  [
   361068.511, 
   549986.363
  ], 
  [
   886323.649, 
   -935680.87
  ], 
  [
   -888786.43, 
   958663.132
  ], 
  [
   516716.586, 
   -494381.248
  ], 
  [
   556209.07, 
   -594935.594
  ], 
  [
   -481536.288, 
   874725.31
  ], 
  [
   385345.698, 
   -382979.362
  ], 
  [
   847395.821, 
   24284.471
  ], 
  [
   -382369.028, 
   38630.26
  ], 
  [
   -924282.61, 
   324037.01
  ], 
  [
   305497.837, 
   -2535.15
  ], 
  [
   167529.281, 
   849049.225
  ], 
  [
   22741.615, 
   -357433.33
  ], 
  [
   -501423.999, 
   -807452.305
  ], 
  [
   -601553.806, 
   173155.811
  ], 
  [
   762952.029, 
   -92509.835
  ], 
  [
   -683772.179, 
   913514.767
  ], 
  [
   -374034.334, 
   416027.58
  ], 
  [
   -315762.388, 
   431194.097
  ], 
  [
   -393546.015, 
   435170.519
  ], 
  [
   -743874.328, 
   -597230.97
  ], 
  [
   -275541.04, 
   853023.968
  ], 
  [
   -966715.481, 
   -868363.767
  ], 
  [
   -414103.774, 
   -225001.047
  ], 
  [
   355327.939, 
   -278810.333
  ], 
  [
   760417.049, 
   648887.76
  ], 
  [
   57526.777, 
   944801.609
  ], 
  [
   739254.019, 
   -87573.273
  ], 
  [
   -802675.502, 
   250068.915
  ], 
  [
   143944.103, 
   -731756.972
  ], 
  [
   -9315.839, 
   -628591.889
  ], 
  [
   101601.555, 
   -481843.613
  ], 
  [
   718148.209, 
   -761709.195
  ], 
  [
   -442545.359, 
   -923799.892
  ], 
  [
   -9075.429, 
   861283.552
  ], 
  [
   -826629.548, 
   -924000.14
  ], 
  [
   -160664.428, 
   943158.56
  ], 
  [
   427543.729, 
   831425.961
  ], 
  [
   -410985.931, 
   -36339.472
  ], 
  [
   -505949.169, 
   -747162.796
  ], 
  [
   522592.389, 
   -273867.673
  ]
 ], 
 "PUV": [
  true, 
  true, 
  true, 
  false, 
  false, 
  false, 
  false, 
  false, 
  true, 
  false, 
  true, 
  true, 
  true, 
  false, 
  true
 ], 
 "LCM": {
  "11": [
   "ANDD", 
   "ORR", 
   "ORR", 
   "ORR", 
   "ANDD", 
   "NOTUSED", 
   "ORR", 
   "NOTUSED", 
   "ANDD", 
   "ANDD", 
   "ANDD", 
   "ORR", 
   "NOTUSED", 
   "ORR", 
   "ORR"
  ], 
  "10": [
   "ORR", 
   "ANDD", 
   "ANDD", 
   "ORR", 
   "ORR", 
   "ORR", 
   "ANDD", 
   "NOTUSED", 
   "ORR", 
   "NOTUSED", 
   "ORR", 
   "ANDD", 
   "ANDD", 
   "ORR", 
   "ANDD"
  ], 
  "13": [
   "ORR", 
   "NOTUSED", 
   "NOTUSED", 
   "ORR", 
   "ORR", 
   "ORR", 
   "ORR", 
   "NOTUSED", 
   "NOTUSED", 
   "ORR", 
   "ORR", 
   "ORR", 
   "ANDD", 
   "ANDD", 
   "ORR"
  ], 
  "12": [
   "NOTUSED", 
   "NOTUSED", 
   "NOTUSED", 
   "NOTUSED", 
   "ANDD", 
   "ANDD", 
   "ORR", 
   "NOTUSED", 
   "ORR", 
   "ANDD", 
   "ANDD", 
   "NOTUSED", 
   "ORR", 
   "ANDD", 
   "ORR"
  ], 
  "14": [
   "NOTUSED", 
   "NOTUSED", 
   "ORR", 
   "NOTUSED", 
   "NOTUSED", 
   "ANDD", 
   "ORR", 
   "ANDD", 
   "ANDD", 
   "ANDD", 
   "ANDD", 
   "ORR", 
   "ORR", 
   "ORR", 
   "ANDD"
  ], 
  "1": [
   "ANDD", 
   "ORR", 
   "ORR", 
   "NOTUSED", 
   "NOTUSED", 
   "ANDD", 
   "ANDD", 
   "ORR", 
   "NOTUSED", 
   "NOTUSED", 
   "ANDD", 
   "ORR", 
   "NOTUSED", 
   "NOTUSED", 
   "NOTUSED"
  ], 
  "0": [
   "NOTUSED", 
   "ANDD", 
   "ORR", 
   "NOTUSED", 
   "ORR", 
   "ANDD", 
   "NOTUSED", 
   "ORR", 
   "NOTUSED", 
   "ORR", 
   "ORR", 
   "ANDD", 
   "NOTUSED", 
   "ORR", 
   "NOTUSED"
  ], 
  "3": [
   "NOTUSED", 
   "NOTUSED", 
   "ANDD", 
   "ORR", 
   "ANDD", 
   "ORR", 
   "ANDD", 
   "ANDD", 
   "NOTUSED", 
   "NOTUSED", 
   "ORR", 
   "ORR", 
   "NOTUSED", 
   "ORR", 
   "NOTUSED"
  ], 
  "2": [
   "ORR", 
   "ORR", 
   "ANDD", 
   "ANDD", 
   "ANDD", 
   "ANDD", 
   "ANDD", 
   "ANDD", 
   "ORR", 
   "ANDD", 
   "ANDD", 
   "ORR", 
   "NOTUSED", 
   "NOTUSED", 
   "ORR"
  ], 
  "5": [
   "ANDD", 
   "ANDD", 
   "ANDD", 
   "ORR", 
   "ORR", 
   "ORR", 
   "ORR", 
   "NOTUSED", 
   "ANDD", 
   "ANDD", 
   "ORR", 
   "NOTUSED", 
   "ANDD", 
   "ORR", 
   "ANDD"
  ], 
  "4": [
   "ORR", 
   "NOTUSED", 
   "ANDD", 
   "ANDD", 
   "ORR", 
   "ORR", 
   "ANDD", 
   "NOTUSED", 
   "ANDD", 
   "ORR", 
   "ORR", 
   "ANDD", 
   "ANDD", 
   "ORR", 
   "NOTUSED"
  ], 
  "7": [
   "ORR", 
   "ORR", 
   "ANDD", 
   "ANDD", 
   "NOTUSED", 
   "NOTUSED", 
   "NOTUSED", 
   "NOTUSED", 
   "NOTUSED", 
   "ANDD", 
   "NOTUSED", 
   "NOTUSED", 
   "NOTUSED", 
   "NOTUSED", 
   "ANDD"
  ], 
  "6": [
   "NOTUSED", 
   "ANDD", 
   "ANDD", 
   "ANDD", 
   "ANDD", 
   "ORR", 
   "NOTUSED", 
   "NOTUSED", 
   "ORR", 
   "ORR", 
   "ANDD", 
   "ORR", 
   "ORR", 
   "ORR", 
   "ORR"
  ], 
  "9": [
   "ORR", 
   "NOTUSED", 
   "ANDD", 
   "NOTUSED", 
   "ORR", 
   "ANDD", 
   "ORR", 
   "ANDD", 
   "ORR", 
   "ORR", 
   "NOTUSED", 
   "ANDD", 
   "ANDD", 
   "ORR", 
   "ANDD"
  ], 
  "8": [
   "NOTUSED", 
   "NOTUSED", 
   "ORR", 
   "NOTUSED", 
   "ANDD", 
   "ANDD", 
   "ORR", 
   "NOTUSED", 
   "ORR", 
   "ORR", 
   "ORR", 
   "ANDD", 
   "ORR", 
   "NOTUSED", 
   "ANDD"
  ]
 }
}