{
 "random_seed": 2684674434, 
 "PARAMETERS": {
  "RADIUS1": 545879.665, 
  "QUADS": 1, 
  "RADIUS2": 752916.672, 
  "DIST": 532627.357, 
  "F_PTS": 7, 
  "K_PTS": 39, 
  "EPSILON": 3.09, 
  "LENGTH1": 907886.16, 
  "G_PTS": 2, 
  "Q_PTS": 53, 
  "N_PTS": 6, 
  "C_PTS": 25, 
  "AREA2": 157266.74, 
  "LENGTH2": 730799.821, 
  "B_PTS": 17, 
  "D_PTS": 14, 
  "AREA1": 792311.178, 
  "A_PTS": 1, 
  "E_PTS": 24
 }, 
 "NUMPOINTS": 54, 
 "points": [
  [
   709978.073, 
   800011.799
  ], 
  [
   432474.964, 
   -731704.016
  ], 
  [
   750223.662, 
   507871.963
  ], 
  [
   -21419.461, 
   291543.342
  ], 
  [
   49744.885, 
   210169.416
  ], 
  [
   -16822.916, 
   159172.118
  ], 
  [
   -190521.305, 
   961586.696
  ], 
  [
   -118049.091, 
   439935.305
  ], 
  [
   258762.766, 
   -888441.346
  ], 
  [
   -976621.51, 
   885495.43
  ], 
  [
   -355164.036, 
   93972.441
  ], 
  [
   36563.002, 
   -75374.964
  ], 
  [
   -928221.07, 
   727624.171
  ], 
  [
   843935.978, 
   753255.239
  ], 
  [
   650266.759, 
   483750.205
  ], 
  [
   -62747.963, 
   -407976.243
  ], 
  [
   76272.466, 
   -559390.109
  ], 
  [
   -179096.625, 
   -814289.42
  ], 
  [
   -156966.867, 
   -491204.845
  ], 
  [
   10845.543, 
   410152.492
  ], 
  [
   -331532.517, 
   -837370.407
  ], 
  [
   -977532.687, 
   -507790.62
  ], 
  [
   -981990.843, 
   -17160.859
  ], 
  [
   -235324.645, 
   -202523.432
  ], 
  [
   -59572.027, 
   -14754.106
  ], 
  [
   196911.88, 
   150953.348
  ], 
  [
   -748459.061, 
   414929.126
  ], 
  [
   869133.98, 
   62423.828
  ], 
  [
   257533.446, 
   669777.13
  ], 
  [
   146061.726, 
   -839817.986
  ], 
  [
   -466402.029, 
   31236.317
  ], 
  [
   618886.628, 
   410935.278
  ], 
  [
   764228.228, 
   -927888.893
  ], 
  [
   701399.914, 
   369451.339
  ], 
  [
   -605996.247, 
   -616564.5
  ], 
  [
   -543535.144, 
   796157.926
  ], 
  [
   -200957.41, 
   245316.943
  ], 
  [
   -795745.051, 
   949083.717
  ], 
  [
   -672043.647, 
   624538.456
  ], 
  [
   -178035.451, 
   175539.185
  ], 
  [
   -408517.53, 
   -983791.466
  ], 
  [
   -168238.202, 
   -552750.242
  ], 
  [
   -67105.928, 
   -682859.126
  ], 
  [
   -881418.328, 
   -329509.795
  ], 
  [
   901381.542, 
   763827.977
  ], 
  [
   459940.08, 
   376864.346
  ], 
  [
   562828.812, 
   -320777.554
  ], 
  [
   -458926.209, 
   -824867.154
  ], 
  [
   355312.304, 
   250255.963
  ], 
  [
   -573928.679, 
   95342.688
  ], 
  [
   -464833.327, 
   942064.508
  ], 
  [
   119155.86, 
   931345.562
  ], 
  [
   947478.396, 
   -720033.169
  ], 
  [
   57461.1, 
   -390382.397
  ]
 ], 
 "PUV": [
  false, 
  false, 
  false, 
  false, 
  false, 
  true, 
  false, 
  false, 
  true, 
  false, 
  true, 
  true, 
  true, 
  false, 
  true
 ], 
 "LCM": {
  "11": [
   "ANDD", 
   "ANDD", 
   "ORR", 
   "NOTUSED", 
   "ANDD", 
   "ORR", 
   "NOTUSED", 
   "NOTUSED", 
   "ANDD", 
   "ORR", 
   "ANDD", 
   "ORR", 
   "NOTUSED", 
   "ANDD", 
   "ANDD"
  ], 
  "10": [
   "ORR", 
   "ORR", 
   "NOTUSED", 
   "ANDD", 
   "NOTUSED", 
   "ORR", 
   "ORR", 
   "ORR", 
   "ANDD", 
   "ORR", 
   "ANDD", 
   "ANDD", 
   "ANDD", 
   "ANDD", 
   "ANDD"
  ], 
  "13": [
   "NOTUSED", 
   "ORR", 
   "ORR", 
   "ORR", 
   "NOTUSED", 
   "ANDD", 
   "ORR", 
   "ANDD", 
   "ORR", 
   "ORR", 
   "ANDD", 
   "ANDD", 
   "NOTUSED", 
   "ANDD", 
   "NOTUSED"
  ], 
  "12": [
   "ORR", 
   "ORR", 
   "ANDD", 
   "ORR", 
   "ANDD", 
   "ORR", 
   "NOTUSED", 
   "ANDD", 
   "NOTUSED", 
   "ANDD", 
   "ANDD", 
   "NOTUSED", 
   "ANDD", 
   "NOTUSED", 
   "ORR"
  ], 
  "14": [
   "NOTUSED", 
   "ANDD", 
   "NOTUSED", 
   "NOTUSED", 
   "NOTUSED", 
   "NOTUSED", 
   "ANDD", 
   "ORR", 
   "ANDD", 
   "ANDD", 
   "ANDD", 
   "ANDD", 
   "ORR", 
   "NOTUSED", 
   "NOTUSED"
  ], 
  "1": [
   "ORR", 
   "ORR", 
   "ORR", 
   "NOTUSED", 
   "ORR", 
   "NOTUSED", 
   "ORR", 
   "ORR", 
   "ORR", 
   "ORR", 
   "ORR", 
   "ANDD", 
   "ORR", 
   "ORR", 
   "ANDD"
  ], 
  "0": [
   "ANDD", 
   "ORR", 
   "NOTUSED", 
   "ANDD", 
   "ANDD", 
   "ORR", 
   "ORR", 
   "NOTUSED", 
   "NOTUSED", 
   "ANDD", 
   "ORR", 
   "ANDD", 
   "ORR", 
   "NOTUSED", 
   "NOTUSED"
  ], 
  "3": [
   "ANDD", 
   "NOTUSED", 
   "ORR", 
   "ORR", 
   "ANDD", 
   "ORR", 
   "ANDD", 
   "NOTUSED", 
   "ORR", 
   "ORR", 
   "ANDD", 
   "NOTUSED", 
   "ORR", 
   "ORR", 
   "NOTUSED"
  ], 
  "2": [
   "NOTUSED", 
   "ORR", 
   "ORR", 
   "ORR", 
   "ORR", 
   "NOTUSED", 
   "ANDD", 
   "ANDD", 
   "NOTUSED", 
   "ORR", 
   "NOTUSED", 
   "ORR", 
   "ANDD", 
   "ORR", 
   "NOTUSED"
  ], 
  "5": [
   "ORR", 
   "NOTUSED", 
   "NOTUSED", 
   "ORR", 
   "ORR", 
   "ORR", 
   "ORR", 
   "ANDD", 
   "NOTUSED", 
   "NOTUSED", 
   "ORR", 
   "ORR", 
   "ORR", 
   "ANDD", 
   "NOTUSED"
  ], 
  "4": [
   "ANDD", 
   "ORR", 
   "ORR", 
   "ANDD", 
   "ANDD", 
   "ORR", 
   "ORR", 
   "ANDD", 
   "NOTUSED", 
   "NOTUSED", 
   "NOTUSED", 
   "ANDD", 
   "ANDD", 
   "NOTUSED", 
   "NOTUSED"
  ], 
  "7": [
   "NOTUSED", 
   "ORR", 
   "ANDD", 
   "NOTUSED", 
   "ANDD", 
   "ANDD", 
   "ORR", 
   "ANDD", 
   "ANDD", 
   "NOTUSED", 
   "ORR", 
   "NOTUSED", 
   "ANDD", 
   "ANDD", 
   "ORR"
  ], 
  "6": [
   "ORR", 
   "ORR", 
   "ANDD", 
   "ANDD", 
   "ORR", 
   "ORR", 
   "ANDD", 
   "ORR", 
   "NOTUSED", 
   "NOTUSED", 
   "ORR", 
   "NOTUSED", 
   "NOTUSED", 
   "ORR", 
   "ANDD"
  ], 
  "9": [
   "ANDD", 
   "ORR", 
   "ORR", 
   "ORR", 
   "NOTUSED", 
   "NOTUSED", 
   "NOTUSED", 
   "NOTUSED", 
   "ANDD", 
   "ANDD", 
   "ORR", 
   "ORR", 
   "ANDD", 
   "ORR", 
   "ANDD"
  ], 
  "8": [
   "NOTUSED", 
   "ORR", 
   "NOTUSED", 
   "ORR", 
   "NOTUSED", 
   "NOTUSED", 
   "NOTUSED", 
   "ANDD", 
   "ORR", 
   "ANDD", 
   "ANDD", 
   "ANDD", 
   "NOTUSED", 
   "ORR", 
   "ANDD"
  ]
 }
}