{
 "random_seed": 2028811074, 
 "PARAMETERS": {
  "RADIUS1": 72457.917, 
  "QUADS": 1, 
  "RADIUS2": 31853.304, 
  "DIST": 483657.298, 
  "F_PTS": 4, 
  "K_PTS": 52, 
  "EPSILON": 2.881, 
  "LENGTH1": 957233.539, 
  "G_PTS": 36, 
  "Q_PTS": 40, 
  "N_PTS": 4, 
  "C_PTS": 37, 
  "AREA2": 521618.462, 
  "LENGTH2": 819655.32, 
  "B_PTS": 36, 
  "D_PTS": 11, 
  "AREA1": 238779.04, 
  "A_PTS": 15, 
  "E_PTS": 18
 }, 
 "NUMPOINTS": 63, 
 "points": [
  [
   -153078.187, 
   -975072.312
  ], 
  [
   873446.073, 
   723002.492
  ], 
  [
   594091.437, 
   -345830.35
  ], 
  [
   -326375.775, 
   -308564.368
  ], 
  [
   -957799.328, 
   988918.794
  ], 
  [
   -164969.83, 
   -748036.85
  ], 
  [
   -270688.094, 
   -702797.692
  ], 
  [
   -482709.979, 
   982364.633
  ], 
  [
   -858796.969, 
   580591.937
  ], 
  [
   56251.223, 
   410590.749
  ], 
  [
   -140767.582, 
   352415.666
  ], 
  [
   551175.361, 
   -125052.413
  ], 
  [
   -866024.151, 
   190322.839
  ], 
  [
   -631139.753, 
   914825.858
  ], 
  [
   -486659.965, 
   -504997.399
  ], 
  [
   548307.982, 
   706878.468
  ], 
  [
   -254420.271, 
   693995.593
  ], 
  [
   -430677.011, 
   684775.164
  ], 
  [
   -849014.172, 
   -34312.991
  ], 
  [
   -697471.582, 
   -122347.979
  ], 
  [
   414893.552, 
   121155.519
  ], 
  [
   -177621.002, 
   880594.822
  ], 
  [
   282492.386, 
   -89867.016
  ], 
  [
   835756.017, 
   -450188.265
  ], 
  [
   46249.926, 
   495060.098
  ], 
  [
   584810.634, 
   -486046.544
  ], 
  [
   -692541.144, 
   77836.75
  ], 
  [
   -866325.579, 
   -852161.865
  ], 
  [
   577765.319, 
   880986.392
  ], 
  [
   419287.155, 
   986067.075
  ], 
  [
   -398930.07, 
   966874.673
  ], 
  [
   -133564.478, 
   -878964.643
  ], 
  [
   91234.681, 
   -480288.186
  ], 
  [
   -74675.708, 
   -895035.184
  ], 
  [
   65872.232, 
   -228427.123
  ], 
  [
   -98217.704, 
   293217.189
  ], 
  [
   808639.651, 
   419558.982
  ], 
  [
   431534.617, 
   848109.157
  ], 
  [
   739294.64, 
   -19893.633
  ], 
  [
   604379.408, 
   -830852.753
  ], 
  [
   661121.758, 
   105080.288
  ], 
  [
   -956832.947, 
   -341261.082
  ], 
  [
   137034.617, 
   -137374.49
  ], 
  [
   -748682.687, 
   -688611.65
  ], 
  [
   524020.088, 
   -461522.513
  ], 
  [
   161343.765, 
   866304.479
  ], 
  [
   -649587.611, 
   897783.515
  ], 
  [
   -222689.757, 
   388488.378
  ], 
  [
   -683615.195, 
   -727477.235
  ], 
  [
   420401.792, 
   -31003.962
  ], 
  [
   -255699.84, 
   391817.117
  ], 
  [
   628253.815, 
   191142.443
  ], 
  [
   -20302.239, 
   322243.65
  ], 
  [
   -331833.875, 
   -184838.384
  ], 
  [
   -633096.199, 
   -981192.705
  ], 
  [
   -475430.951, 
   607495.535
  ], 
  [
   307564.229, 
   248921.66
  ], 
  [
   -888138.816, 
   -393019.121
  ], 
  [
   -484284.207, 
   89748.261
  ], 
  [
   -66806.244, 
   -665994.968
  ], 
  [
   -561967.749, 
   838696.195
  ], 
  [
   -485231.559, 
   -251636.696
  ], 
  [
   -78746.289, 
   -445891.254
  ]
 ], 
 "PUV": [
  true, 
  true, 
  false, 
  false, 
  true, 
  true, 
  false, 
  false, 
  false, 
  true, 
  false, 
  false, 
  true, 
  true, 
  true
 ], 
 "LCM": {
  "11": [
   "ANDD", 
   "ANDD", 
   "ORR", 
   "ORR", 
   "NOTUSED", 
   "ORR", 
   "ORR", 
   "NOTUSED", 
   "ORR", 
   "NOTUSED", 
   "NOTUSED", 
   "NOTUSED", 
   "NOTUSED", 
   "NOTUSED", 
   "ORR"
  ], 
  "10": [
   "ANDD", 
   "ANDD", 
   "NOTUSED", 
   "ANDD", 
   "NOTUSED", 
   "ORR", 
   "NOTUSED", 
   "ORR", 
   "ORR", 
   "ANDD", 
   "NOTUSED", 
   "NOTUSED", 
   "NOTUSED", 
   "ANDD", 
   "ORR"
  ], 
  "13": [
   "ANDD", 
   "NOTUSED", 
   "ORR", 
   "ORR", 
   "ANDD", 
   "NOTUSED", 
   "ANDD", 
   "ORR", 
   "NOTUSED", 
   "ANDD", 
   "ANDD", 
   "NOTUSED", 
   "NOTUSED", 
   "ORR", 
   "ANDD"
  ], 
  "12": [
   "ORR", 
   "ORR", 
   "ANDD", 
   "ORR", 
   "NOTUSED", 
   "NOTUSED", 
   "NOTUSED", 
   "ORR", 
   "NOTUSED", 
   "ORR", 
   "NOTUSED", 
   "NOTUSED", 
   "NOTUSED", 
   "NOTUSED", 
   "ORR"
  ], 
  "14": [
   "NOTUSED", 
   "NOTUSED", 
   "NOTUSED", 
   "ORR", 
   "NOTUSED", 
   "ORR", 
   "NOTUSED", 
   "ORR", 
   "NOTUSED", 
   "ORR", 
   "ORR", 
   "ORR", 
   "ORR", 
   "ANDD", 
   "ORR"
  ], 
  "1": [
   "ANDD", 
   "NOTUSED", 
   "ORR", 
   "ORR", 
   "ANDD", 
   "ANDD", 
   "NOTUSED", 
   "ORR", 
   "ORR", 
   "ORR", 
   "ANDD", 
   "ANDD", 
   "ORR", 
   "NOTUSED", 
   "NOTUSED"
  ], 
  "0": [
   "ORR", 
   "ANDD", 
   "ORR", 
   "ORR", 
   "ANDD", 
   "ORR", 
   "ORR", 
   "NOTUSED", 
   "ANDD", 
   "ANDD", 
   "ANDD", 
   "ANDD", 
   "ORR", 
   "ANDD", 
   "NOTUSED"
  ], 
  "3": [
   "ORR", 
   "ORR", 
   "ANDD", 
   "ANDD", 
   "ORR", 
   "ANDD", 
   "NOTUSED", 
   "ORR", 
   "ANDD", 
   "ANDD", 
   "ANDD", 
   "ORR", 
   "ORR", 
   "ORR", 
   "ORR"
  ], 
  "2": [
   "ORR", 
   "ORR", 
   "ANDD", 
   "ANDD", 
   "NOTUSED", 
   "NOTUSED", 
   "ANDD", 
   "NOTUSED", 
   "ORR", 
   "ANDD", 
   "NOTUSED", 
   "ORR", 
   "ANDD", 
   "ORR", 
   "NOTUSED"
  ], 
  "5": [
   "ORR", 
   "ANDD", 
   "NOTUSED", 
   "ANDD", 
   "ORR", 
   "ORR", 
   "ANDD", 
   "ORR", 
   "NOTUSED", 
   "ORR", 
   "ORR", 
   "ORR", 
   "NOTUSED", 
   "NOTUSED", 
   "ORR"
  ], 
  "4": [
   "ANDD", 
   "ANDD", 
   "NOTUSED", 
   "ORR", 
   "ORR", 
   "ORR", 
   "NOTUSED", 
   "NOTUSED", 
   "NOTUSED", 
   "ANDD", 
   "NOTUSED", 
   "NOTUSED", 
   "NOTUSED", 
   "ANDD", 
   "NOTUSED"
  ], 
  "7": [
   "NOTUSED", 
   "ORR", 
   "NOTUSED", 
   "ORR", 
   "NOTUSED", 
   "ORR", 
   "ORR", 
   "ORR", 
   "NOTUSED", 
   "ANDD", 
   "ORR", 
   "NOTUSED", 
   "ORR", 
   "ORR", 
   "ORR"
  ], 
  "6": [
   "ORR", 
   "NOTUSED", 
   "ANDD", 
   "NOTUSED", 
   "NOTUSED", 
   "ANDD", 
   "ORR", 
   "ORR", 
   "NOTUSED", 
   "NOTUSED", 
   "NOTUSED", 
   "ORR", 
   "NOTUSED", 
   "ANDD", 
   "NOTUSED"
  ], 
  "9": [
   "ANDD", 
   "ORR", 
   "ANDD", 
   "ANDD", 
   "ANDD", 
   "ORR", 
   "NOTUSED", 
   "ANDD", 
   "ORR", 
   "ANDD", 
   "ANDD", 
   "NOTUSED", 
   "ORR", 
   "ANDD", 
   "ORR"
  ], 
  "8": [
   "ANDD", 
   "ORR", 
   "ORR", 
   "ANDD", 
   "NOTUSED", 
   "NOTUSED", 
   "NOTUSED", 
   "NOTUSED", 
   "ORR", 
   "ORR", 
   "ORR", 
   "ORR", 
   "NOTUSED", 
   "NOTUSED", 
   "NOTUSED"
  ]
 }
}