{
 "random_seed": 548267152, 
 "PARAMETERS": {
  "RADIUS1": 534328.523, 
  "QUADS": 1, 
  "RADIUS2": 292663.288, 
  "DIST": 950397.661, 
  "F_PTS": 7, 
  "K_PTS": 1, 
  "EPSILON": 1.808, 
  "LENGTH1": 752760.662, 
  "G_PTS": 2, 
  "Q_PTS": 4, 
  "N_PTS": 43, 
  "C_PTS": 27, 
  "AREA2": 57817.333, 
  "LENGTH2": 391026.112, 
  "B_PTS": 33, 
  "D_PTS": 6, 
  "AREA1": 228124.404, 
  "A_PTS": 26, 
  "E_PTS": 58
 }, 
 "NUMPOINTS": 76, 
 "points": [
  [
   585687.42, 
   128306.857
  ], 
  [
   851104.753, 
   -331873.797
  ], 
  [
   607004.117, 
   40486.783
  ], 
  [
   698988.988, 
   112847.987
  ], 
  [
   -485144.952, 
   429033.427
  ], 
  [
   -271031.557, 
   636878.792
  ], 
  [
   -105545.948, 
   -130323.902
  ], 
  [
   788711.575, 
   -808034.288
  ], 
  [
   -522910.792, 
   -616818.831
  ], 
  [
   865117.309, 
   9082.665
  ], 
  [
   78464.175, 
   260762.982
  ], 
  [
   355973.719, 
   386404.692
  ], 
  [
   769526.013, 
   854902.744
  ], 
  [
   -656752.626, 
   -476073.465
  ], 
  [
   -528185.962, 
   240797.595
  ], 
  [
   -395247.278, 
   642988.977
  ], 
  [
   613642.288, 
   259215.614
  ], 
  [
   845838.194, 
   -354770.613
  ], 
  [
   -890405.108, 
   395930.628
  ], 
  [
   -550359.391, 
   -210350.965
  ], 
  [
   -422099.024, 
   -763087.024
  ], 
  [
   -567929.32, 
   -347515.813
  ], 
  [
   -514982.684, 
   177621.374
  ], 
  [
   -834605.114, 
   740679.531
  ], 
  [
   -437532.903, 
   143647.626
  ], 
  [
   180525.479, 
   -991628.184
  ], 
  [
   317225.59, 
   -399100.582
  ], 
  [
   -846777.511, 
   -624776.696
  ], 
  [
   -609415.082, 
   -543806.293
  ], 
  [
   -389549.7, 
   -117361.663
  ], 
  [
   -830089.965, 
   381794.441
  ], 
  [
   93698.997, 
   -135285.574
  ], 
  [
   -612933.412, 
   42077.895
  ], 
  [
   34617.92, 
   -719223.64
  ], 
  [
   -430536.997, 
   -8590.614
  ], 
  [
   -310373.338, 
   409129.99
  ], 
  [
   613045.272, 
   -276428.351
  ], 
  [
   611474.998, 
   -177904.848
  ], 
  [
   828589.748, 
   472801.701
  ], 
  [
   -180082.032, 
   279618.019
  ], 
  [
   979587.715, 
   194311.294
  ], 
  [
   -946155.236, 
   -79200.834
  ], 
  [
   676262.897, 
   -202611.551
  ], 
  [
   687946.565, 
   746389.742
  ], 
  [
   -855136.022, 
   914880.739
  ], 
  [
   592799.323, 
   273174.572
  ], 
  [
   -929190.579, 
   -37167.496
  ], 
  [
   -408700.83, 
   870494.402
  ], 
  [
   344916.888, 
   -638737.886
  ], 
  [
   -286511.114, 
   -128902.085
  ], 
  [
   -237685.359, 
   -720734.726
  ], 
  [
   -800846.616, 
   612404.499
  ], 
  [
   498880.984, 
   673036.479
  ], 
  [
   -457916.906, 
   154833.337
  ], 
  [
   768125.826, 
   383390.994
  ], 
  [
   -227496.418, 
   129668.297
  ], 
  [
   -772404.165, 
   288300.486
  ], 
  [
   809289.429, 
   -577518.368
  ], 
  [
   454556.774, 
   -387566.237
  ], 
  [
   803540.115, 
   -844673.321
  ], 
  [
   398790.254, 
   -689665.152
  ], 
  [
   -136387.156, 
   -938326.405
  ], 
  [
   -247572.101, 
   -486802.836
  ], 
  [
   746472.322, 
   -521589.361
  ], 
  [
   -828514.451, 
   -150923.071
  ], 
  [
   -190792.755, 
   113940.033
  ], 
  [
   855666.636, 
   -235448.934
  ], 
  [
   545021.809, 
   -652875.619
  ], 
  [
   -173848.542, 
   -436113.32
  ], 
  [
   480399.673, 
   -299164.977
  ], 
  [
   -899957.106, 
   -755507.613
  ], 
  [
   -435636.523, 
   441637.287
  ], 
  [
   881824.307, 
   817351.426
  ], 
  [
   347245.33, 
   828000.935
  ], 
  [
   -6133.077, 
   -308290.111
  ], 
  [
   -230860.695, 
   37869.6
  ]
 ], 
 "PUV": [
  true, 
  true, 
  false, 
  false, 
  true, 
  false, 
  true, 
  true, 
  false, 
  false, 
  true, 
  false, 
  true, 
  true, 
  false
 ], 
 "LCM": {
  "11": [
   "ORR", 
   "ORR", 
   "ORR", 
   "NOTUSED", 
   "NOTUSED", 
   "ANDD", 
   "ORR", 
   "ORR", 
   "ANDD", 
   "ORR", 
   "ORR", 
   "NOTUSED", 
   "ORR", 
   "NOTUSED", 
   "NOTUSED"
  ], 
  "10": [
   "ANDD", 
   "NOTUSED", 
   "ANDD", 
   "NOTUSED", 
   "NOTUSED", 
   "NOTUSED", 
   "NOTUSED", 
   "ORR", 
   "ORR", 
   "ORR", 
   "ANDD", 
   "ORR", 
   "NOTUSED", 
   "ORR", 
   "ORR"
  ], 
  "13": [
   "ANDD", 
   "ORR", 
   "ORR", 
   "NOTUSED", 
   "NOTUSED", 
   "ANDD", 
   "ORR", 
   "NOTUSED", 
   "ANDD", 
   "NOTUSED", 
   "ORR", 
   "NOTUSED", 
   "ORR", 
   "NOTUSED", 
   "ORR"
  ], 
  "12": [
   "ORR", 
   "ANDD", 
   "ORR", 
   "NOTUSED", 
   "NOTUSED", 
   "ANDD", 
   "ORR", 
   "ORR", 
   "NOTUSED", 
   "ORR", 
   "NOTUSED", 
   "ORR", 
   "ORR", 
   "ORR", 
   "NOTUSED"
  ], 
  "14": [
   "ANDD", 
   "ORR", 
   "ANDD", 
   "NOTUSED", 
   "NOTUSED", 
   "ORR", 
   "ANDD", 
   "ANDD", 
   "ANDD", 
   "NOTUSED", 
   "ORR", 
   "NOTUSED", 
   "NOTUSED", 
   "ORR", 
   "ORR"
  ], 
  "1": [
   "ORR", 
   "NOTUSED", 
   "ANDD", 
   "ORR", 
   "ANDD", 
   "ANDD", 
   "ANDD", 
   "NOTUSED", 
   "ANDD", 
   "ORR", 
   "NOTUSED", 
   "ORR", 
   "ANDD", 
   "ORR", 
   "ORR"
  ], 
  "0": [
   "ORR", 
   "ORR", 
   "NOTUSED", 
   "NOTUSED", 
   "ANDD", 
   "NOTUSED", 
   "NOTUSED", 
   "ANDD", 
   "NOTUSED", 
   "ANDD", 
   "ANDD", 
   "ORR", 
   "ORR", 
   "ANDD", 
   "ANDD"
  ], 
  "3": [
   "NOTUSED", 
   "ORR", 
   "ANDD", 
   "NOTUSED", 
   "ORR", 
   "ORR", 
   "ORR", 
   "NOTUSED", 
   "ORR", 
   "ANDD", 
   "NOTUSED", 
   "NOTUSED", 
   "NOTUSED", 
   "NOTUSED", 
   "NOTUSED"
  ], 
  "2": [
   "NOTUSED", 
   "ANDD", 
   "ANDD", 
   "ANDD", 
   "ORR", 
   "ORR", 
   "NOTUSED", 
   "ORR", 
   "ORR", 
   "ANDD", 
   "ANDD", 
   "ORR", 
   "ORR", 
   "ORR", 
   "ANDD"
  ], 
  "5": [
   "NOTUSED", 
   "ANDD", 
   "ORR", 
   "ORR", 
   "ORR", 
   "ORR", 
   "NOTUSED", 
   "NOTUSED", 
   "NOTUSED", 
   "NOTUSED", 
   "NOTUSED", 
   "ANDD", 
   "ANDD", 
   "ANDD", 
   "ORR"
  ], 
  "4": [
   "ANDD", 
   "ANDD", 
   "ORR", 
   "ORR", 
   "ANDD", 
   "ORR", 
   "NOTUSED", 
   "NOTUSED", 
   "NOTUSED", 
   "ORR", 
   "NOTUSED", 
   "NOTUSED", 
   "NOTUSED", 
   "NOTUSED", 
   "NOTUSED"
  ], 
  "7": [
   "ANDD", 
   "NOTUSED", 
   "ORR", 
   "NOTUSED", 
   "NOTUSED", 
   "NOTUSED", 
   "ORR", 
   "NOTUSED", 
   "NOTUSED", 
   "ANDD", 
   "ORR", 
   "ORR", 
   "ORR", 
   "NOTUSED", 
   "ANDD"
  ], 
  "6": [
   "NOTUSED", 
   "ANDD", 
   "NOTUSED", 
   "ORR", 
   "NOTUSED", 
   "NOTUSED", 
   "ANDD", 
   "ORR", 
   "ORR", 
   "NOTUSED", 
   "NOTUSED", 
   "ORR", 
   "ORR", 
   "ORR", 
   "ANDD"
  ], 
  "9": [
   "ANDD", 
   "ORR", 
   "ANDD", 
   "ANDD", 
   "ORR", 
   "NOTUSED", 
   "NOTUSED", 
   "ANDD", 
   "NOTUSED", 
   "NOTUSED", 
   "ORR", 
   "ORR", 
   "ORR", 
   "NOTUSED", 
   "NOTUSED"
  ], 
  "8": [
   "NOTUSED", 
   "ANDD", 
   "ORR", 
   "ORR", 
   "NOTUSED", 
   "NOTUSED", 
   "ORR", 
   "NOTUSED", 
   "ANDD", 
   "NOTUSED", 
   "ORR", 
   "ANDD", 
   "NOTUSED", 
   "ANDD", 
   "ANDD"
  ]
 }
}