{
 "random_seed": 459189798, 
 "PARAMETERS": {
  "RADIUS1": 532183.501, 
  "QUADS": 3, 
  "RADIUS2": 564708.663, 
  "DIST": 431679.247, 
  "F_PTS": 9, 
  "K_PTS": 49, 
  "EPSILON": 2.647, 
  "LENGTH1": 352500.239, 
  "G_PTS": 17, 
  "Q_PTS": 40, 
  "N_PTS": 35, 
  "C_PTS": 11, 
  "AREA2": 586276.033, 
  "LENGTH2": 344174.22, 
  "B_PTS": 32, 
  "D_PTS": 24, 
  "AREA1": 970101.751, 
  "A_PTS": 13, 
  "E_PTS": 1
 }, 
 "NUMPOINTS": 54, 
 "points": [
  [
   356300.93, 
   -53088.858
  ], 
  [
   807030.877, 
   -294235.252
  ], 
  [
   322402.237, 
   -162593.136
  ], 
  [
   747800.042, 
   -851368.739
  ], 
  [
   -414701.781, 
   71467.615
  ], 
  [
   902875.266, 
   366274.412
  ], 
  [
   -355576.775, 
   -112751.398
  ], 
  [
   212778.227, 
   -147759.226
  ], 
  [
   379623.992, 
   366672.369
  ], 
  [
   -939288.45, 
   411577.136
  ], 
  [
   403126.065, 
   -203164.211
  ], 
  [
   856196.72, 
   470592.038
  ], 
  [
   -896673.215, 
   -871320.491
  ], 
  [
   180781.449, 
   822922.254
  ], 
  [
   945555.524, 
   -807819.201
  ], 
  [
   895599.346, 
   -994777.558
  ], 
  [
   290700.359, 
   -851760.339
  ], 
  [
   326865.945, 
   932317.603
  ], 
  [
   443178.784, 
   -702895.056
  ], 
  [
   -717273.802, 
   -902475.876
  ], 
  [
   -739732.67, 
   721322.881
  ], 
  [
   -305970.865, 
   233125.469
  ], 
  [
   -635185.684, 
   -602727.059
  ], 
  [
   -421717.445, 
   -236029.413
  ], 
  [
   188041.334, 
   -806221.025
  ], 
  [
   570688.504, 
   -484684.408
  ], 
  [
   253920.99, 
   634694.052
  ], 
  [
   88705.018, 
   -373258.817
  ], 
  [
   611419.291, 
   137466.701
  ], 
  [
   -454935.177, 
   -182197.835
  ], 
  [
   4059.464, 
   -749057.488
  ], 
  [
   -607908.325, 
   -811017.112
  ], 
  [
   -899251.273, 
   -277968.289
  ], 
  [
   586188.313, 
   -320577.283
  ], 
  [
   -841491.03, 
   -634268.237
  ], 
  [
   650164.205, 
   285368.996
  ], 
  [
   608966.972, 
   141981.61
  ], 
  [
   431391.118, 
   71817.926
  ], 
  [
   646501.631, 
   -628447.72
  ], 
  [
   -84160.91, 
   854016.852
  ], 
  [
   691702.118, 
   103408.809
  ], 
  [
   446105.497, 
   -297527.889
  ], 
  [
   -496650.46, 
   7948.602
  ], 
  [
   22061.626, 
   -649861.777
  ], 
  [
   -555077.276, 
   603477.575
  ], 
  [
   -911768.585, 
   -240701.27
  ], 
  [
   486690.976, 
   274698.999
  ], 
  [
   -720080.762, 
   515432.814
  ], 
  [
   -783775.983, 
   -794645.38
  ], 
  [
   -818398.685, 
   -857227.603
  ], 
  [
   -721032.063, 
   -427823.647
  ], 
  [
   -676249.562, 
   803845.657
  ], 
  [
   -41820.446, 
   157939.444
  ], 
  [
   64868.161, 
   270895.7
  ]
 ], 
 "PUV": [
  true, 
  false, 
  true, 
  true, 
  true, 
  true, 
  true, 
  false, 
  true, 
  true, 
  false, 
  true, 
  false, 
  false, 
  true
 ], 
 "LCM": {
  "11": [
   "ORR", 
   "NOTUSED", 
   "ANDD", 
   "NOTUSED", 
   "ANDD", 
   "NOTUSED", 
   "ANDD", 
   "ORR", 
   "ORR", 
   "NOTUSED", 
   "ORR", 
   "NOTUSED", 
   "ANDD", 
   "NOTUSED", 
   "NOTUSED"
  ], 
  "10": [
   "ORR", 
   "ANDD", 
   "ORR", 
   "NOTUSED", 
   "NOTUSED", 
   "ANDD", 
   "NOTUSED", 
   "ANDD", 
   "ORR", 
   "ANDD", 
   "ORR", 
   "ORR", 
   "ANDD", 
   "NOTUSED", 
   "ORR"
  ], 
  "13": [
   "NOTUSED", 
   "ORR", 
   "NOTUSED", 
   "ANDD", 
   "ANDD", 
   "NOTUSED", 
   "ORR", 
   "NOTUSED", 
   "NOTUSED", 
   "ANDD", 
   "NOTUSED", 
   "NOTUSED", 
   "NOTUSED", 
   "NOTUSED", 
   "NOTUSED"
  ], 
  "12": [
   "NOTUSED", 
   "ORR", 
   "ORR", 
   "ORR", 
   "NOTUSED", 
   "ORR", 
   "NOTUSED", 
   "NOTUSED", 
   "ORR", 
   "ANDD", 
   "ANDD", 
   "ANDD", 
   "NOTUSED", 
   "NOTUSED", 
   "NOTUSED"
  ], 
  "14": [
   "ORR", 
   "NOTUSED", 
   "ANDD", 
   "NOTUSED", 
   "ANDD", 
   "ANDD", 
   "ORR", 
   "ORR", 
   "ANDD", 
   "NOTUSED", 
   "ORR", 
   "NOTUSED", 
   "NOTUSED", 
   "NOTUSED", 
   "NOTUSED"
  ], 
  "1": [
   "NOTUSED", 
   "ORR", 
   "ANDD", 
   "ANDD", 
   "ANDD", 
   "NOTUSED", 
   "ORR", 
   "NOTUSED", 
   "ANDD", 
   "NOTUSED", 
   "ANDD", 
   "NOTUSED", 
   "ORR", 
   "ORR", 
   "NOTUSED"
  ], 
  "0": [
   "ORR", 
   "NOTUSED", 
   "NOTUSED", 
   "ANDD", 
   "ORR", 
   "NOTUSED", 
   "ORR", 
   "ORR", 
   "NOTUSED", 
   "ORR", 
   "ORR", 
   "ORR", 
   "NOTUSED", 
   "NOTUSED", 
   "ORR"
  ], 
  "3": [
   "ANDD", 
   "ANDD", 
   "ORR", 
   "ORR", 
   "ORR", 
   "NOTUSED", 
   "ANDD", 
   "NOTUSED", 
   "ANDD", 
   "ANDD", 
   "NOTUSED", 
   "NOTUSED", 
   "ORR", 
   "ANDD", 
   "NOTUSED"
  ], 
  "2": [
   "NOTUSED", 
   "ANDD", 
   "ANDD", 
   "ORR", 
   "NOTUSED", 
   "ORR", 
   "NOTUSED", 
   "NOTUSED", 
   "ANDD", 
   "NOTUSED", 
   "ORR", 
   "ANDD", 
   "ORR", 
   "NOTUSED", 
   "ANDD"
  ], 
  "5": [
   "NOTUSED", 
   "NOTUSED", 
   "ORR", 
   "NOTUSED", 
   "ORR", 
   "ANDD", 
   "ANDD", 
   "ANDD", 
   "NOTUSED", 
   "ORR", 
   "ANDD", 
   "NOTUSED", 
   "ORR", 
   "NOTUSED", 
   "ANDD"
  ], 
  "4": [
   "ORR", 
   "ANDD", 
   "NOTUSED", 
   "ORR", 
   "NOTUSED", 
   "ORR", 
   "NOTUSED", 
   "NOTUSED", 
   "ORR", 
   "NOTUSED", 
   "NOTUSED", 
   "ANDD", 
   "NOTUSED", 
   "ANDD", 
   "ANDD"
  ], 
  "7": [
   "ORR", 
   "NOTUSED", 
   "NOTUSED", 
   "NOTUSED", 
   "NOTUSED", 
   "ANDD", 
   "NOTUSED", 
   "ORR", 
   "NOTUSED", 
   "ANDD", 
   "ANDD", 
   "ORR", 
   "NOTUSED", 
   "NOTUSED", 
   "ORR"
  ], 
  "6": [
   "ORR", 
   "ORR", 
   "NOTUSED", 
   "ANDD", 
   "NOTUSED", 
   "ANDD", 
   "ORR", 
   "NOTUSED", 
   "ORR", 
   "ORR", 
   "NOTUSED", 
   "ANDD", 
   "NOTUSED", 
   "ORR", 
   "ORR"
  ], 
  "9": [
   "ORR", 
   "NOTUSED", 
   "NOTUSED", 
   "ANDD", 
   "NOTUSED", 
   "ORR", 
   "ORR", 
   "ANDD", 
   "ORR", 
   "ORR", 
   "ANDD", 
   "NOTUSED", 
   "ANDD", 
   "ANDD", 
   "NOTUSED"
  ], 
  "8": [
   "NOTUSED", 
   "ANDD", 
   "ANDD", 
   "ANDD", 
   "ORR", 
   "NOTUSED", 
   "ORR", 
   "NOTUSED", 
   "ORR", 
   "ORR", 
   "ORR", 
   "ORR", 
   "ORR", 
   "NOTUSED", 
   "ANDD"
  ]
 }
}