{
 "random_seed": 2327952124, 
 "PARAMETERS": {
  "RADIUS1": 570457.941, 
  "QUADS": 3, 
  "RADIUS2": 109374.907, 
  "DIST": 538313.368, 
  "F_PTS": 32, 
  "K_PTS": 15, 
  "EPSILON": 2.04, 
  "LENGTH1": 434326.55, 
  "G_PTS": 12, 
  "Q_PTS": 5, 
  "N_PTS": 13, 
  "C_PTS": 6, 
  "AREA2": 673309.58, 
  "LENGTH2": 935344.47, 
  "B_PTS": 12, 
  "D_PTS": 14, 
  "AREA1": 102346.542, 
  "A_PTS": 35, 
  "E_PTS": 11
 }, 
 "NUMPOINTS": 56, 
 "points": [
  [
   301057.595, 
   767614.104
  ], 
  [
   870350.09, 
   181678.566
  ], 
  [
   -215394.341, 
   -626044.324
  ], 
  [
   -752573.234, 
   -600272.196
  ], 
  [
   -452037.386, 
   -393185.102
  ], 
  [
   -268824.039, 
   694625.963
  ], 
  [
   -5334.316, 
   298178.742
  ], 
  [
   -345547.19, 
   541683.59
  ], 
  [
   -285411.175, 
   71745.803
  ], 
  [
   -602630.393, 
   -320429.513
  ], 
  [
   558930.303, 
   339081.226
  ], 
  [
   522408.493, 
   330895.993
  ], 
  [
   -581456.716, 
   650306.317
  ], 
  [
   -535785.05, 
   -432190.342
  ], 
  [
   393066.757, 
   -644287.519
  ], 
  [
   -437886.185, 
   -507981.519
  ], 
  [
   -439174.873, 
   -933996.804
  ], 
  [
   284759.869, 
   668451.062
  ], 
  [
   479908.393, 
   714290.258
  ], 
  [
   -666205.115, 
   746249.68
  ], 
  [
   943501.344, 
   -876140.064
  ], 
  [
   572268.731, 
   875952.799
  ], 
  [
   -578648.186, 
   622920.637
  ], 
  [
   -299068.142, 
   707989.172
  ], 
  [
   92833.739, 
   669531.52
  ], 
  [
   -942261.746, 
   -312288.151
  ], 
  [
   991287.423, 
   993046.264
  ], 
  [
   -996515.835, 
   -781473.997
  ], 
  [
   166268.839, 
   -121991.359
  ], 
  [
   797604.342, 
   352184.405
  ], 
  [
   -796195.857, 
   -26173.582
  ], 
  [
   663064.893, 
   793495.032
  ], 
  [
   -511079.597, 
   -865364.606
  ], 
  [
   -522675.994, 
   -548544.092
  ], 
  [
   794858.235, 
   -252228.094
  ], 
  [
   533225.9, 
   355372.714
  ], 
  [
   -308063.406, 
   961716.465
  ], 
  [
   -179429.235, 
   -964072.166
  ], 
  [
   -851181.243, 
   989597.194
  ], 
  [
   204091.221, 
   460759.82
  ], 
  [
   -20942.551, 
   -950496.491
  ], 
  [
   460262.489, 
   560476.437
  ], 
  [
   565823.072, 
   -303051.118
  ], 
  [
   -812380.063, 
   625057.685
  ], 
  [
   -301882.232, 
   508160.897
  ], 
  [
   -632392.673, 
   983444.252
  ], 
  [
   -564729.978, 
   -479597.833
  ], 
  [
   -714260.854, 
   548185.054
  ], 
  [
   99770.396, 
   729693.423
  ], 
  [
   -862791.66, 
   915609.578
  ], 
  [
   -254031.4, 
   -888590.15
  ], 
  [
   -823468.963, 
   -154934.713
  ], 
  [
   205619.155, 
   634841.454
  ], 
  [
   -882702.485, 
   930094.6
  ], 
  [
   -322622.804, 
   -620033.054
  ], 
  [
   844699.851, 
   -536000.025
  ]
 ], 
 "PUV": [
  false, 
  true, 
  false, 
  true, 
  true, 
  true, 
  false, 
  true, 
  false, 
  true, 
  false, 
  true, 
  true, 
  true, 
  true
 ], 
 "LCM": {
  "11": [
   "ANDD", 
   "ANDD", 
   "ORR", 
   "ORR", 
   "ANDD", 
   "NOTUSED", 
   "NOTUSED", 
   "ANDD", 
   "NOTUSED", 
   "NOTUSED", 
   "ANDD", 
   "NOTUSED", 
   "ORR", 
   "ANDD", 
   "NOTUSED"
  ], 
  "10": [
   "NOTUSED", 
   "ANDD", 
   "NOTUSED", 
   "ORR", 
   "NOTUSED", 
   "ORR", 
   "ORR", 
   "ORR", 
   "ANDD", 
   "ORR", 
   "NOTUSED", 
   "ANDD", 
   "ANDD", 
   "ANDD", 
   "ORR"
  ], 
  "13": [
   "NOTUSED", 
   "ORR", 
   "ORR", 
   "NOTUSED", 
   "NOTUSED", 
   "ORR", 
   "NOTUSED", 
   "ORR", 
   "ANDD", 
   "ANDD", 
   "ANDD", 
   "ANDD", 
   "ANDD", 
   "ANDD", 
   "ORR"
  ], 
  "12": [
   "ORR", 
   "NOTUSED", 
   "NOTUSED", 
   "ANDD", 
   "ORR", 
   "ORR", 
   "NOTUSED", 
   "ANDD", 
   "ANDD", 
   "ORR", 
   "ANDD", 
   "ORR", 
   "ANDD", 
   "ANDD", 
   "ANDD"
  ], 
  "14": [
   "ORR", 
   "ANDD", 
   "NOTUSED", 
   "NOTUSED", 
   "ORR", 
   "ANDD", 
   "ANDD", 
   "ANDD", 
   "NOTUSED", 
   "ANDD", 
   "ORR", 
   "NOTUSED", 
   "ANDD", 
   "ORR", 
   "ANDD"
  ], 
  "1": [
   "NOTUSED", 
   "NOTUSED", 
   "NOTUSED", 
   "ORR", 
   "NOTUSED", 
   "ORR", 
   "ORR", 
   "ANDD", 
   "NOTUSED", 
   "ANDD", 
   "ANDD", 
   "ANDD", 
   "NOTUSED", 
   "ORR", 
   "ANDD"
  ], 
  "0": [
   "ANDD", 
   "NOTUSED", 
   "ANDD", 
   "NOTUSED", 
   "NOTUSED", 
   "ORR", 
   "NOTUSED", 
   "ANDD", 
   "ORR", 
   "ANDD", 
   "NOTUSED", 
   "ANDD", 
   "ORR", 
   "NOTUSED", 
   "ORR"
  ], 
  "3": [
   "NOTUSED", 
   "ORR", 
   "NOTUSED", 
   "ORR", 
   "NOTUSED", 
   "NOTUSED", 
   "ORR", 
   "NOTUSED", 
   "ANDD", 
   "NOTUSED", 
   "ORR", 
   "ORR", 
   "ANDD", 
   "NOTUSED", 
   "NOTUSED"
  ], 
  "2": [
   "ANDD", 
   "NOTUSED", 
   "ANDD", 
   "NOTUSED", 
   "ANDD", 
   "ORR", 
   "ANDD", 
   "ORR", 
   "NOTUSED", 
   "NOTUSED", 
   "NOTUSED", 
   "ORR", 
   "NOTUSED", 
   "ORR", 
   "NOTUSED"
  ], 
  "5": [
   "ORR", 
   "ORR", 
   "ORR", 
   "NOTUSED", 
   "ANDD", 
   "ANDD", 
   "NOTUSED", 
   "ANDD", 
   "ORR", 
   "NOTUSED", 
   "ORR", 
   "NOTUSED", 
   "ORR", 
   "ORR", 
   "ANDD"
  ], 
  "4": [
   "NOTUSED", 
   "NOTUSED", 
   "ANDD", 
   "NOTUSED", 
   "NOTUSED", 
   "ANDD", 
   "NOTUSED", 
   "ORR", 
   "NOTUSED", 
   "ANDD", 
   "NOTUSED", 
   "ANDD", 
   "ORR", 
   "NOTUSED", 
   "ORR"
  ], 
  "7": [
   "ANDD", 
   "ANDD", 
   "ORR", 
   "NOTUSED", 
   "ORR", 
   "ANDD", 
   "ANDD", 
   "ANDD", 
   "ANDD", 
   "ORR", 
   "ORR", 
   "ANDD", 
   "ANDD", 
   "ORR", 
   "ANDD"
  ], 
  "6": [
   "NOTUSED", 
   "ORR", 
   "ANDD", 
   "ORR", 
   "NOTUSED", 
   "NOTUSED", 
   "ORR", 
   "ANDD", 
   "ANDD", 
   "ORR", 
   "ORR", 
   "NOTUSED", 
   "NOTUSED", 
   "NOTUSED", 
   "ANDD"
  ], 
  "9": [
   "ANDD", 
   "ANDD", 
   "NOTUSED", 
   "NOTUSED", 
   "ANDD", 
   "NOTUSED", 
   "ORR", 
   "ORR", 
   "ANDD", 
   "ANDD", 
   "ORR", 
   "NOTUSED", 
   "ORR", 
   "ANDD", 
   "ANDD"
  ], 
  "8": [
   "ORR", 
   "NOTUSED", 
   "NOTUSED", 
   "ANDD", 
   "NOTUSED", 
   "ORR", 
   "ANDD", 
   "ANDD", 
   "NOTUSED", 
   "ANDD", 
   "ANDD", 
   "NOTUSED", 
   "ANDD", 
   "ANDD", 
   "NOTUSED"
  ]
 }
}