{
 "random_seed": 3738472594, 
 "PARAMETERS": {
  "RADIUS1": 347568.226, 
  "QUADS": 3, 
  "RADIUS2": 118739.877, 
  "DIST": 53546.622, 
  "F_PTS": 12, 
  "K_PTS": 42, 
  "EPSILON": 2.3, 
  "LENGTH1": 789882.562, 
  "G_PTS": 47, 
  "Q_PTS": 8, 
  "N_PTS": 76, 
  "C_PTS": 24, 
  "AREA2": 632324.856, 
  "LENGTH2": 495924.19, 
  "B_PTS": 7, 
  "D_PTS": 35, 
  "AREA1": 535775.95, 
  "A_PTS": 31, 
  "E_PTS": 41
 }, 
 "NUMPOINTS": 77, 
 "points": [
  [
   -296997.954, 
   -183976.155
  ], 
  [
   767723.765, 
   762829.157
  ], 
  [
   -40336.32, 
   -985472.766
  ], 
  [
   -131767.712, 
   448358.896
  ], 
  [
   855980.276, 
   681345.39
  ], 
  [
   892299.789, 
   66146.282
  ], 
  [
   653934.254, 
   441479.284
  ], 
  [
   -509474.069, 
   -72237.576
  ], 
  [
   -262835.772, 
   902631.855
  ], 
  [
   797513.896, 
   667159.632
  ], 
  [
   239128.082, 
   -810308.216
  ], 
  [
   998831.966, 
   669063.313
  ], 
  [
   -162273.176, 
   -620406.514
  ], 
  [
   942378.798, 
   -50544.585
  ], 
  [
   367453.61, 
   25322.576
  ], 
  [
   877704.571, 
   -343055.707
  ], 
  [
   -595674.447, 
   -141476.781
  ], 
  [
   -623094.861, 
   -79013.151
  ], 
  [
   848620.122, 
   88587.488
  ], 
  [
   525329.303, 
   157885.635
  ], 
  [
   -834799.441, 
   728254.244
  ], 
  [
   879052.551, 
   -977561.317
  ], 
  [
   456153.051, 
   -266875.842
  ], 
  [
   693458.063, 
   818234.844
  ], 
  [
   -277956.291, 
   198979.705
  ], 
  [
   -615034.842, 
   -638959.049
  ], 
  [
   868459.252, 
   -568242.269
  ], 
  [
   -675574.319, 
   -364222.267
  ], 
  [
   -831018.867, 
   -91249.981
  ], 
  [
   503396.497, 
   944165.482
  ], 
  [
   785835.186, 
   -587073.699
  ], 
  [
   428218.994, 
   -23071.898
  ], 
  [
   -820992.715, 
   -42654.972
  ], 
  [
   -573987.076, 
   -790596.761
  ], 
  [
   541721.211, 
   -386056.207
  ], 
  [
   -311476.748, 
   -711972.777
  ], 
  [
   236968.227, 
   -238202.411
  ], 
  [
   96631.22, 
   -729743.875
  ], 
  [
   -28049.602, 
   579942.118
  ], 
  [
   -307431.436, 
   187054.05
  ], 
  [
   720380.123, 
   -860171.806
  ], 
  [
   -378161.199, 
   237715.943
  ], 
  [
   140797.605, 
   378793.684
  ], 
  [
   486390.379, 
   528675.465
  ], 
  [
   -76334.964, 
   231503.362
  ], 
  [
   -991410.044, 
   -422547.697
  ], 
  [
   -81882.143, 
   -488240.795
  ], 
  [
   392111.521, 
   353713.537
  ], 
  [
   10741.083, 
   552409.98
  ], 
  [
   -502605.881, 
   -893160.51
  ], 
  [
   -990061.223, 
   118110.628
  ], 
  [
   953964.261, 
   38960.891
  ], 
  [
   -143258.764, 
   -833338.235
  ], 
  [
   515941.268, 
   -457630.195
  ], 
  [
   -852225.929, 
   679916.892
  ], 
  [
   -591386.729, 
   -135413.626
  ], 
  [
   -254323.481, 
   754279.73
  ], 
  [
   -858685.218, 
   789254.873
  ], 
  [
   -205381.361, 
   -48636.764
  ], 
  [
   -69091.642, 
   900916.079
  ], 
  [
   -868465.576, 
   -300291.402
  ], 
  [
   37134.992, 
   -692442.583
  ], 
  [
   -545940.673, 
   -925586.841
  ], 
  [
   206880.577, 
   568852.532
  ], 
  [
   821142.852, 
   -19666.663
  ], 
  [
   915419.626, 
   -214335.293
  ], 
  [
   -47038.599, 
   713964.397
  ], 
  [
   -852286.989, 
   598282.788
  ], 
  [
   -812817.135, 
   559410.558
  ], 
  [
   643836.037, 
   435482.545
  ], 
  [
   461428.701, 
   -243116.876
  ], 
  [
   -778824.266, 
   -583129.762
  ], 
  [
   -77547.359, 
   -976147.489
  ], 
  [
   -135953.909, 
   -645634.448
  ], 
  [
   -407622.218, 
   206861.546
  ], 
  [
   142982.966, 
   809720.438
  ], 
  [
   -402818.036, 
   -451553.735
  ]
 ], 
 "PUV": [
  true, 
  true, 
  true, 
  true, 
  false, 
  true, 
  true, 
  false, 
  false, 
  false, 
  true, 
  false, 
  false, 
  true, 
  false
 ], 
 "LCM": {
  "11": [
   "NOTUSED", 
   "ORR", 
   "ORR", 
   "NOTUSED", 
   "ORR", 
   "ANDD", 
   "ORR", 
   "ORR", 
   "NOTUSED", 
   "ANDD", 
   "ANDD", 
   "ORR", 
   "NOTUSED", 
   "NOTUSED", 
   "ORR"
  ], 
  "10": [
   "NOTUSED", 
   "ANDD", 
   "NOTUSED", 
   "NOTUSED", 
   "ANDD", 
   "NOTUSED", 
   "ORR", 
   "ORR", 
   "NOTUSED", 
   "ANDD", 
   "ANDD", 
   "ANDD", 
   "NOTUSED", 
   "ORR", 
   "ANDD"
  ], 
  "13": [
   "ORR", 
   "NOTUSED", 
   "NOTUSED", 
   "NOTUSED", 
   "ANDD", 
   "ORR", 
   "ORR", 
   "ANDD", 
   "NOTUSED", 
   "NOTUSED", 
   "ORR", 
   "NOTUSED", 
   "ANDD", 
   "ORR", 
   "ORR"
  ], 
  "12": [
   "ORR", 
   "ORR", 
   "NOTUSED", 
   "NOTUSED", 
   "ANDD", 
   "NOTUSED", 
   "ANDD", 
   "ANDD", 
   "ANDD", 
   "ORR", 
   "NOTUSED", 
   "NOTUSED", 
   "ANDD", 
   "ANDD", 
   "ANDD"
  ], 
  "14": [
   "ORR", 
   "ANDD", 
   "NOTUSED", 
   "NOTUSED", 
   "ANDD", 
   "NOTUSED", 
   "ORR", 
   "ANDD", 
   "ORR", 
   "ANDD", 
   "ANDD", 
   "ORR", 
   "ANDD", 
   "ORR", 
   "NOTUSED"
  ], 
  "1": [
   "NOTUSED", 
   "ANDD", 
   "NOTUSED", 
   "ORR", 
   "NOTUSED", 
   "ANDD", 
   "NOTUSED", 
   "ORR", 
   "ANDD", 
   "ANDD", 
   "ANDD", 
   "ORR", 
   "ORR", 
   "NOTUSED", 
   "ANDD"
  ], 
  "0": [
   "NOTUSED", 
   "NOTUSED", 
   "ORR", 
   "NOTUSED", 
   "ANDD", 
   "ORR", 
   "ORR", 
   "ANDD", 
   "ORR", 
   "ANDD", 
   "NOTUSED", 
   "NOTUSED", 
   "ORR", 
   "ORR", 
   "ORR"
  ], 
  "3": [
   "NOTUSED", 
   "ORR", 
   "ANDD", 
   "ORR", 
   "ANDD", 
   "NOTUSED", 
   "ANDD", 
   "ORR", 
   "ORR", 
   "ANDD", 
   "NOTUSED", 
   "NOTUSED", 
   "NOTUSED", 
   "NOTUSED", 
   "NOTUSED"
  ], 
  "2": [
   "ORR", 
   "NOTUSED", 
   "ANDD", 
   "ANDD", 
   "ORR", 
   "ANDD", 
   "ANDD", 
   "ANDD", 
   "NOTUSED", 
   "NOTUSED", 
   "NOTUSED", 
   "ORR", 
   "NOTUSED", 
   "NOTUSED", 
   "NOTUSED"
  ], 
  "5": [
   "ORR", 
   "ANDD", 
   "ANDD", 
   "NOTUSED", 
   "ANDD", 
   "ANDD", 
   "NOTUSED", 
   "NOTUSED", 
   "ORR", 
   "NOTUSED", 
   "NOTUSED", 
   "ANDD", 
   "NOTUSED", 
   "ORR", 
   "NOTUSED"
  ], 
  "4": [
   "ANDD", 
   "NOTUSED", 
   "ORR", 
   "ANDD", 
   "NOTUSED", 
   "ANDD", 
   "ANDD", 
   "NOTUSED", 
   "ANDD", 
   "NOTUSED", 
   "ANDD", 
   "ORR", 
   "ANDD", 
   "ANDD", 
   "ANDD"
  ], 
  "7": [
   "ANDD", 
   "ORR", 
   "ANDD", 
   "ORR", 
   "NOTUSED", 
   "NOTUSED", 
   "ANDD", 
   "NOTUSED", 
   "ORR", 
   "NOTUSED", 
   "ORR", 
   "ORR", 
   "ANDD", 
   "ANDD", 
   "ANDD"
  ], 
  "6": [
   "ORR", 
   "NOTUSED", 
   "ANDD", 
   "ANDD", 
   "ANDD", 
   "NOTUSED", 
   "ORR", 
   "ANDD", 
   "ANDD", 
   "ORR", 
   "ORR", 
   "ORR", 
   "ANDD", 
   "ORR", 
   "ORR"
  ], 
  "9": [
   "ANDD", 
   "ANDD", 
   "NOTUSED", 
   "ANDD", 
   "NOTUSED", 
   "NOTUSED", 
   "ORR", 
   "NOTUSED", 
   "NOTUSED", 
   "ANDD", 
   "ANDD", 
   "ANDD", 
   "ORR", 
   "NOTUSED", 
   "ANDD"
  ], 
  "8": [
   "ORR", 
   "ANDD", 
   "NOTUSED", 
   "ORR", 
   "ANDD", 
   "ORR", 
   "ANDD", 
   "ORR", 
   "ORR", 
   "NOTUSED", 
   "NOTUSED", 
   "NOTUSED", 
   "ANDD", 
   "NOTUSED", 
   "ORR"
  ]
 }
}