{
 "random_seed": 2000020252, 
 "PARAMETERS": {
  "RADIUS1": 89796.599, 
  "QUADS": 1, 
  "RADIUS2": 161918.596, 
  "DIST": 2919.486, 
  "F_PTS": 28, 
  "K_PTS": 42, 
  "EPSILON": 1.547, 
  "LENGTH1": 643936.906, 
  "G_PTS": 22, 
  "Q_PTS": 29, 
  "N_PTS": 58, 
  "C_PTS": 10, 
  "AREA2": 136773.619, 
  "LENGTH2": 56376.673, 
  "B_PTS": 35, 
  "D_PTS": 21, 
  "AREA1": 266823.678, 
  "A_PTS": 13, 
  "E_PTS": 15
 }, 
 "NUMPOINTS": 59, 
 "points": [
  [
   -300312.999, 
   533160.694
  ], 
  [
   552393.745, 
   861962.535
  ], 
  [
   -424599.728, 
   -136034.122
  ], 
  [
   886440.099, 
   -830045.84
  ], 
  [
   460358.912, 
   230415.619
  ], 
  [
   -842500.537, 
   597630.971
  ], 
  [
   -85091.461, 
   274745.728
  ], 
  [
   -231852.453, 
   299916.312
  ], 
  [
   -840685.77, 
   384004.997
  ], 
  [
   866040.128, 
   -977107.537
  ], 
  [
   1787.303, 
   153073.703
  ], 
  [
   -779279.649, 
   709416.815
  ], 
  [
   604674.591, 
   566156.2
  ], 
  [
   286446.005, 
   -878546.151
  ], 
  [
   -857008.662, 
   850337.382
  ], 
  [
   931528.428, 
   -65550.805
  ], 
  [
   -604518.86, 
   49366.021
  ], 
  [
   868440.121, 
   271197.343
  ], 
  [
   915814.678, 
   -829758.889
  ], 
  [
   -501892.473, 
   -518391.496
  ], 
  [
   -68738.817, 
   746799.641
  ], 
  [
   -813641.714, 
   183479.351
  ], 
  [
   858430.024, 
   978488.955
  ], 
  [
   -359864.9, 
   223630.49
  ], 
  [
   -637293.179, 
   -810744.207
  ], 
  [
   181767.586, 
   -151142.318
  ], 
  [
   622860.958, 
   -284290.334
  ], 
  [
   -637322.708, 
   137065.607
  ], 
  [
   -671157.899, 
   -810646.544
  ], 
  [
   -808395.401, 
   22303.588
  ], 
  [
   907599.348, 
   -801215.448
  ], 
  [
   -940631.382, 
   363364.707
  ], 
  [
   131635.81, 
   783231.778
  ], 
  [
   200913.378, 
   -629799.333
  ], 
  [
   -422572.785, 
   151233.322
  ], 
  [
   -471044.411, 
   -994239.352
  ], 
  [
   -473033.257, 
   -89890.413
  ], 
  [
   588727.02, 
   662483.364
  ], 
  [
   -946894.768, 
   -907473.911
  ], 
  [
   -390307.996, 
   853263.922
  ], 
  [
   -212864.116, 
   -56531.087
  ], 
  [
   130954.34, 
   724741.327
  ], 
  [
   5239.224, 
   -509573.147
  ], 
  [
   230132.975, 
   -294865.914
  ], 
  [
   -897122.157, 
   450479.976
  ], 
  [
   121100.024, 
   -502969.118
  ], 
  [
   -840552.695, 
   993443.852
  ], 
  [
   799594.541, 
   -325046.5
  ], 
  [
   -794865.914, 
   999121.845
  ], 
  [
   15484.982, 
   -861550.484
  ], 
  [
   -263796.537, 
   454150.217
  ], 
  [
   592338.837, 
   832999.507
  ], 
  [
   -328470.635, 
   -184889.008
  ], 
  [
   685417.557, 
   302031.629
  ], 
  [
   828387.848, 
   -165897.11
  ], 
  [
   -528320.15, 
   -679487.178
  ], 
  [
   446698.442, 
   887844.903
  ], 
  [
   640506.268, 
   -125825.711
  ], 
  [
   -931417.768, 
   63598.09
  ]
 ], 
 "PUV": [
  false, 
  false, 
  true, 
  true, 
  true, 
  true, 
  true, 
  true, 
  false, 
  true, 
  true, 
  true, 
  false, 
  false, 
  false
 ], 
 "LCM": {
  "11": [
   "ANDD", 
   "ANDD", 
   "ANDD", 
   "NOTUSED", 
   "NOTUSED", 
   "NOTUSED", 
   "NOTUSED", 
   "ORR", 
   "NOTUSED", 
   "ANDD", 
   "ORR", 
   "ORR", 
   "ORR", 
   "ANDD", 
   "NOTUSED"
  ], 
  "10": [
   "ORR", 
   "ANDD", 
   "ANDD", 
   "ANDD", 
   "ORR", 
   "NOTUSED", 
   "NOTUSED", 
   "ORR", 
   "ORR", 
   "ORR", 
   "ORR", 
   "ORR", 
   "NOTUSED", 
   "ANDD", 
   "ORR"
  ], 
  "13": [
   "ANDD", 
   "ANDD", 
   "NOTUSED", 
   "NOTUSED", 
   "NOTUSED", 
   "ORR", 
   "ANDD", 
   "ORR", 
   "ANDD", 
   "NOTUSED", 
   "ANDD", 
   "ANDD", 
   "NOTUSED", 
   "NOTUSED", 
   "NOTUSED"
  ], 
  "12": [
   "ORR", 
   "NOTUSED", 
   "ORR", 
   "NOTUSED", 
   "ORR", 
   "ORR", 
   "ORR", 
   "ANDD", 
   "NOTUSED", 
   "ANDD", 
   "NOTUSED", 
   "ORR", 
   "ANDD", 
   "NOTUSED", 
   "ANDD"
  ], 
  "14": [
   "NOTUSED", 
   "NOTUSED", 
   "ANDD", 
   "ORR", 
   "ANDD", 
   "NOTUSED", 
   "ORR", 
   "NOTUSED", 
   "NOTUSED", 
   "ANDD", 
   "ORR", 
   "NOTUSED", 
   "ANDD", 
   "NOTUSED", 
   "ORR"
  ], 
  "1": [
   "NOTUSED", 
   "ORR", 
   "ANDD", 
   "NOTUSED", 
   "ANDD", 
   "ORR", 
   "ANDD", 
   "ANDD", 
   "ORR", 
   "ORR", 
   "ANDD", 
   "ANDD", 
   "NOTUSED", 
   "ANDD", 
   "NOTUSED"
  ], 
  "0": [
   "ORR", 
   "NOTUSED", 
   "ORR", 
   "NOTUSED", 
   "NOTUSED", 
   "ORR", 
   "ORR", 
   "NOTUSED", 
   "ORR", 
   "ANDD", 
   "ORR", 
   "ANDD", 
   "ORR", 
   "ANDD", 
   "NOTUSED"
  ], 
  "3": [
   "NOTUSED", 
   "NOTUSED", 
   "NOTUSED", 
   "ANDD", 
   "NOTUSED", 
   "ANDD", 
   "ANDD", 
   "NOTUSED", 
   "ORR", 
   "ANDD", 
   "ANDD", 
   "NOTUSED", 
   "NOTUSED", 
   "NOTUSED", 
   "ORR"
  ], 
  "2": [
   "ORR", 
   "ANDD", 
   "NOTUSED", 
   "NOTUSED", 
   "NOTUSED", 
   "ANDD", 
   "ORR", 
   "ANDD", 
   "NOTUSED", 
   "ORR", 
   "ANDD", 
   "ANDD", 
   "ORR", 
   "NOTUSED", 
   "ANDD"
  ], 
  "5": [
   "ORR", 
   "ORR", 
   "ANDD", 
   "ANDD", 
   "ANDD", 
   "ANDD", 
   "NOTUSED", 
   "ORR", 
   "ORR", 
   "ORR", 
   "NOTUSED", 
   "NOTUSED", 
   "ORR", 
   "ORR", 
   "NOTUSED"
  ], 
  "4": [
   "NOTUSED", 
   "ANDD", 
   "NOTUSED", 
   "NOTUSED", 
   "NOTUSED", 
   "ANDD", 
   "ANDD", 
   "ANDD", 
   "NOTUSED", 
   "ORR", 
   "ORR", 
   "NOTUSED", 
   "ORR", 
   "NOTUSED", 
   "ANDD"
  ], 
  "7": [
   "NOTUSED", 
   "ANDD", 
   "ANDD", 
   "NOTUSED", 
   "ANDD", 
   "ORR", 
   "ANDD", 
   "ORR", 
   "NOTUSED", 
   "NOTUSED", 
   "ORR", 
   "ORR", 
   "ANDD", 
   "ORR", 
   "NOTUSED"
  ], 
  "6": [
   "ORR", 
   "ANDD", 
   "ORR", 
   "ANDD", 
   "ANDD", 
   "NOTUSED", 
   "NOTUSED", 
   "ANDD", 
   "NOTUSED", 
   "ORR", 
   "NOTUSED", 
   "NOTUSED", 
   "ORR", 
   "ANDD", 
   "ORR"
  ], 
  "9": [
   "ANDD", 
   "ORR", 
   "ORR", 
   "ANDD", 
   "ORR", 
   "ORR", 
   "ORR", 
   "NOTUSED", 
   "NOTUSED", 
   "ANDD", 
   "ORR", 
   "ANDD", 
   "ANDD", 
   "NOTUSED", 
   "ANDD"
  ], 
  "8": [
   "ORR", 
   "ORR", 
   "NOTUSED", 
   "ORR", 
   "NOTUSED", 
   "ORR", 
   "NOTUSED", 
   "NOTUSED", 
   "ANDD", 
   "NOTUSED", 
   "ORR", 
   "NOTUSED", 
   "NOTUSED", 
   "ANDD", 
   "NOTUSED"
  ]
 }
}