{
 "random_seed": 2324836664, 
 "PARAMETERS": {
  "RADIUS1": 603655.692, 
  "QUADS": 3, 
  "RADIUS2": 739455.082, 
  "DIST": 128619.272, 
  "F_PTS": 5, 
  "K_PTS": 15, 
  "EPSILON": 1.354, 
  "LENGTH1": 339212.984, 
  "G_PTS": 35, 
  "Q_PTS": 53, 
  "N_PTS": 31, 
  "C_PTS": 38, 
  "AREA2": 476444.164, 
  "LENGTH2": 298524.762, 
  "B_PTS": 20, 
  "D_PTS": 22, 
  "AREA1": 478820.409, 
  "A_PTS": 36, 
  "E_PTS": 16
 }, 
 "NUMPOINTS": 68, 
 "points": [
  [
   760823.221, 
   -279449.84
  ], 
  [
   -22486.974, 
   -597018.458
  ], 
  [
   819431.871, 
   -910189.882
  ], 
  [
   17198.052, 
   317928.936
  ], 
  [
   -835366.175, 
   5339.021
  ], 
  [
   -621125.663, 
   -927227.062
  ], 
  [
   -226008.312, 
   -903196.048
  ], 
  [
   277691.211, 
   -454747.086
  ], 
  [
   109946.607, 
   400667.332
  ], 
  [
   899031.126, 
   86936.912
  ], 
  [
   852261.386, 
   -982803.496
  ], 
  [
   448335.551, 
   95606.986
  ], 
  [
   179646.699, 
   765864.527
  ], 
  [
   211320.304, 
   660956.432
  ], 
  [
   -934987.211, 
   -419595.782
  ], 
  [
   -989573.181, 
   -29392.261
  ], 
  [
   157555.604, 
   232255.286
  ], 
  [
   -236162.837, 
   999934.38
  ], 
  [
   -34759.587, 
   806508.711
  ], 
  [
   216832.529, 
   -804504.466
  ], 
  [
   -108429.314, 
   676258.829
  ], 
  [
   -831863.806, 
   594271.118
  ], 
  [
   -775368.666, 
   -578449.876
  ], 
  [
   -435923.669, 
   473620.677
  ], 
  [
   -524577.182, 
   -405142.535
  ], 
  [
   -281544.193, 
   13673.117
  ], 
  [
   -704553.909, 
   386219.578
  ], 
  [
   -527799.376, 
   -685126.947
  ], 
  [
   -273425.117, 
   569128.93
  ], 
  [
   -540980.232, 
   -649995.129
  ], 
  [
   -29273.561, 
   149335.224
  ], 
  [
   989101.04, 
   167693.826
  ], 
  [
   313223.143, 
   -604211.902
  ], 
  [
   904036.68, 
   965437.858
  ], 
  [
   267558.083, 
   -438537.29
  ], 
  [
   592118.886, 
   -844607.772
  ], 
  [
   404373.506, 
   141157.719
  ], 
  [
   -69421.851, 
   219945.36
  ], 
  [
   -385701.943, 
   -403747.631
  ], 
  [
   352580.05, 
   476718.292
  ], 
  [
   -956291.449, 
   -777014.707
  ], 
  [
   902507.226, 
   735322.225
  ], 
  [
   923923.195, 
   -387972.404
  ], 
  [
   964268.77, 
   -828856.763
  ], 
  [
   -247154.772, 
   -498672.478
  ], 
  [
   -710354.179, 
   669428.587
  ], 
  [
   36629.665, 
   -941609.571
  ], 
  [
   289704.566, 
   -249433.716
  ], 
  [
   450790.88, 
   -381707.763
  ], 
  [
   -648095.286, 
   -744192.472
  ], 
  [
   484259.27, 
   -984371.71
  ], 
  [
   -666724.141, 
   -802691.32
  ], 
  [
   236314.186, 
   29219.771
  ], 
  [
   715150.982, 
   -920745.896
  ], 
  [
   -836729.235, 
   357779.944
  ], 
  [
   -584187.861, 
   854382.279
  ], 
  [
   449019.428, 
   245242.802
  ], 
  [
   -699845.766, 
   117633.379
  ], 
  [
   -202982.886, 
   -622553.249
  ], 
  [
   -725147.337, 
   461046.493
  ], 
  [
   -424896.521, 
   -562128.422
  ], 
  [
   -845489.19, 
   620189.311
  ], 
  [
   -681688.146, 
   575540.778
  ], 
  [
   -652212.67, 
   -62522.198
  ], 
  [
   285470.811, 
   -702308.862
  ], 
  [
   545265.702, 
   842032.274
  ], 
  [
   368612.138, 
   209183.309
  ], 
  [
   480516.5, 
   157887.097
  ]
 ], 
 "PUV": [
  false, 
  true, 
  true, 
  false, 
  false, 
  false, 
  false, 
  false, 
  true, 
  false, 
  false, 
  false, 
  true, 
  true, 
  false
 ], 
 "LCM": {
  "11": [
   "ORR", 
   "ORR", 
   "ORR", 
   "ORR", 
   "ORR", 
   "NOTUSED", 
   "ANDD", 
   "ORR", 
   "ORR", 
   "NOTUSED", 
   "ANDD", 
   "NOTUSED", 
   "NOTUSED", 
   "NOTUSED", 
   "ANDD"
  ], 
  "10": [
   "ORR", 
   "NOTUSED", 
   "ANDD", 
   "ANDD", 
   "ANDD", 
   "NOTUSED", 
   "ORR", 
   "NOTUSED", 
   "ANDD", 
   "NOTUSED", 
   "NOTUSED", 
   "ANDD", 
   "ORR", 
   "NOTUSED", 
   "ORR"
  ], 
  "13": [
   "ORR", 
   "NOTUSED", 
   "ANDD", 
   "NOTUSED", 
   "NOTUSED", 
   "ORR", 
   "NOTUSED", 
   "ANDD", 
   "NOTUSED", 
   "ANDD", 
   "NOTUSED", 
   "NOTUSED", 
   "NOTUSED", 
   "NOTUSED", 
   "ORR"
  ], 
  "12": [
   "ORR", 
   "ANDD", 
   "ORR", 
   "ORR", 
   "NOTUSED", 
   "ANDD", 
   "ANDD", 
   "NOTUSED", 
   "NOTUSED", 
   "NOTUSED", 
   "ORR", 
   "NOTUSED", 
   "ORR", 
   "NOTUSED", 
   "ANDD"
  ], 
  "14": [
   "ORR", 
   "ORR", 
   "NOTUSED", 
   "ORR", 
   "ORR", 
   "NOTUSED", 
   "ANDD", 
   "ANDD", 
   "ORR", 
   "ORR", 
   "ORR", 
   "ANDD", 
   "ANDD", 
   "ORR", 
   "NOTUSED"
  ], 
  "1": [
   "NOTUSED", 
   "ORR", 
   "NOTUSED", 
   "ORR", 
   "NOTUSED", 
   "ANDD", 
   "NOTUSED", 
   "ORR", 
   "ORR", 
   "NOTUSED", 
   "NOTUSED", 
   "ORR", 
   "ANDD", 
   "NOTUSED", 
   "ORR"
  ], 
  "0": [
   "ORR", 
   "NOTUSED", 
   "NOTUSED", 
   "ORR", 
   "NOTUSED", 
   "ANDD", 
   "ANDD", 
   "ORR", 
   "ANDD", 
   "NOTUSED", 
   "ORR", 
   "ORR", 
   "ORR", 
   "ORR", 
   "ORR"
  ], 
  "3": [
   "ORR", 
   "ORR", 
   "NOTUSED", 
   "NOTUSED", 
   "NOTUSED", 
   "ANDD", 
   "ANDD", 
   "ORR", 
   "ORR", 
   "NOTUSED", 
   "ANDD", 
   "ORR", 
   "ORR", 
   "NOTUSED", 
   "ORR"
  ], 
  "2": [
   "NOTUSED", 
   "NOTUSED", 
   "ANDD", 
   "NOTUSED", 
   "ORR", 
   "ORR", 
   "ORR", 
   "ANDD", 
   "ORR", 
   "ANDD", 
   "ANDD", 
   "ORR", 
   "ORR", 
   "ANDD", 
   "NOTUSED"
  ], 
  "5": [
   "ANDD", 
   "ANDD", 
   "ORR", 
   "ANDD", 
   "ANDD", 
   "NOTUSED", 
   "ORR", 
   "ORR", 
   "ANDD", 
   "NOTUSED", 
   "NOTUSED", 
   "NOTUSED", 
   "ANDD", 
   "ORR", 
   "NOTUSED"
  ], 
  "4": [
   "NOTUSED", 
   "NOTUSED", 
   "ORR", 
   "NOTUSED", 
   "ANDD", 
   "ANDD", 
   "ORR", 
   "NOTUSED", 
   "ORR", 
   "ANDD", 
   "ANDD", 
   "ORR", 
   "NOTUSED", 
   "NOTUSED", 
   "ORR"
  ], 
  "7": [
   "ORR", 
   "ORR", 
   "ANDD", 
   "ORR", 
   "NOTUSED", 
   "ORR", 
   "ORR", 
   "NOTUSED", 
   "ORR", 
   "NOTUSED", 
   "NOTUSED", 
   "ORR", 
   "NOTUSED", 
   "ANDD", 
   "ANDD"
  ], 
  "6": [
   "ANDD", 
   "NOTUSED", 
   "ORR", 
   "ANDD", 
   "ORR", 
   "ORR", 
   "NOTUSED", 
   "ORR", 
   "NOTUSED", 
   "ORR", 
   "ORR", 
   "ANDD", 
   "ANDD", 
   "NOTUSED", 
   "ANDD"
  ], 
  "9": [
   "NOTUSED", 
   "NOTUSED", 
   "ANDD", 
   "NOTUSED", 
   "ANDD", 
   "NOTUSED", 
   "ORR", 
   "NOTUSED", 
   "ANDD", 
   "ORR", 
   "NOTUSED", 
   "NOTUSED", 
   "NOTUSED", 
   "ANDD", 
   "ORR"
  ], 
  "8": [
   "ANDD", 
   "ORR", 
   "ORR", 
   "ORR", 
   "ORR", 
   "ANDD", 
   "NOTUSED", 
   "ORR", 
   "NOTUSED", 
   "ANDD", 
   "ANDD", 
   "ORR", 
   "NOTUSED", 
   "NOTUSED", 
   "ORR"
  ]
 }
}