{
 "random_seed": 1789956640, 
 "PARAMETERS": {
  "RADIUS1": 504578.543, 
  "QUADS": 3, 
  "RADIUS2": 78713.719, 
  "DIST": 161439.259, 
  "F_PTS": 47, 
  "K_PTS": 14, 
  "EPSILON": 2.459, 
  "LENGTH1": 10617.553, 
  "G_PTS": 20, 
  "Q_PTS": 55, 
  "N_PTS": 55, 
  "C_PTS": 44, 
  "AREA2": 185212.415, 
  "LENGTH2": 721370.829, 
  "B_PTS": 6, 
  "D_PTS": 33, 
  "AREA1": 476126.345, 
  "A_PTS": 28, 
  "E_PTS": 6
 }, 
 "NUMPOINTS": 88, 
 "points": [
  [
   396850.268, 
   502505.979
  ], 
  [
   231656.187, 
   939110.682
  ], 
  [
   -156090.275, 
   -938823.864
  ], 
  [
   -469007.706, 
   242557.332
  ], 
  [
   -653899.721, 
   -923669.014
  ], 
  [
   -602288.569, 
   518202.781
  ], 
  [
   329091.239, 
   -172043.886
  ], 
  [
   517651.552, 
   -989098.495
  ], 
  [
   -671422.387, 
   -641649.66
  ], 
  [
   707784.828, 
   780465.731
  ], 
  [
   810300.088, 
   -634905.061
  ], 
  [
   760864.804, 
   -248111.724
  ], 
  [
   788956.153, 
   352376.389
  ], 
  [
   -277377.484, 
   -193948.398
  ], 
  [
   -934571.41, 
   507728.134
  ], 
  [
   -985091.478, 
   190762.646
  ], 
  [
   -556544.166, 
   -232064.23
  ], 
  [
   -605070.627, 
   -338763.28
  ], 
  [
   424504.001, 
   850395.383
  ], 
  [
   206360.711, 
   434740.971
  ], 
  [
   -475597.123, 
   -255510.004
  ], 
  [
   921078.729, 
   -637054.735
  ], 
  [
   -672575.694, 
   -687043.96
  ], 
  [
   778156.413, 
   945603.5
  ], 
  [
   918887.623, 
   -647533.213
  ], 
  [
   -281174.152, 
   344820.795
  ], 
  [
   -398036.155, 
   809766.14
  ], 
  [
   21572.395, 
   -227910.106
  ], 
  [
   -832936.206, 
   -659884.775
  ], 
  [
   938713.229, 
   -496852.952
  ], 
  [
   -119002.105, 
   -275237.914
  ], 
  [
   127148.169, 
   993632.356
  ], 
  [
   -769671.317, 
   462973.456
  ], 
  [
   -231029.187, 
   104242.75
  ], 
  [
   -816839.063, 
   918420.176
  ], 
  [
   554138.743, 
   612714.878
  ], 
  [
   56324.039, 
   -233115.698
  ], 
  [
   -51758.612, 
   -179125.636
  ], 
  [
   -276491.889, 
   -603632.844
  ], 
  [
   550179.948, 
   -491251.544
  ], 
  [
   -963811.12, 
   -161300.535
  ], 
  [
   469777.288, 
   926152.215
  ], 
  [
   175813.901, 
   517020.837
  ], 
  [
   -584691.192, 
   938689.301
  ], 
  [
   -500758.11, 
   -397082.062
  ], 
  [
   -932104.379, 
   -124575.476
  ], 
  [
   -23028.458, 
   -979382.969
  ], 
  [
   792115.647, 
   -24932.862
  ], 
  [
   -491983.226, 
   806530.124
  ], 
  [
   630291.69, 
   347220.093
  ], 
  [
   -637512.732, 
   131285.009
  ], 
  [
   14909.67, 
   -552675.993
  ], 
  [
   -6330.72, 
   -98863.12
  ], 
  [
   355778.621, 
   -150959.756
  ], 
  [
   140077.676, 
   -587392.387
  ], 
  [
   36160.37, 
   397946.677
  ], 
  [
   546861.497, 
   367416.32
  ], 
  [
   541027.804, 
   559285.949
  ], 
  [
   -59806.93, 
   -102158.278
  ], 
  [
   -622747.82, 
   -336267.694
  ], 
  [
   471435.92, 
   -328983.82
  ], 
  [
   -686745.18, 
   -756681.699
  ], 
  [
   -5463.269, 
   700375.053
  ], 
  [
   -5816.474, 
   201191.138
  ], 
  [
   -629629.132, 
   924844.954
  ], 
  [
   411693.757, 
   -803895.201
  ], 
  [
   796837.918, 
   -831732.013
  ], 
  [
   -144815.411, 
   221616.909
  ], 
  [
   695701.382, 
   -451974.057
  ], 
  [
   250141.612, 
   -622890.087
  ], 
  [
   58074.208, 
   817892.171
  ], 
  [
   -892127.026, 
   -664957.956
  ], 
  [
   -841723.935, 
   395954.361
  ], 
  [
   -670074.246, 
   612571.268
  ], 
  [
   819176.385, 
   205788.955
  ], 
  [
   81372.202, 
   -306228.918
  ], 
  [
   -612231.37, 
   -100452.294
  ], 
  [
   -359942.186, 
   -352164.301
  ], 
  [
   -79207.291, 
   -312547.086
  ], 
  [
   -733430.573, 
   -145876.253
  ], 
  [
   770075.518, 
   670195.694
  ], 
  [
   898777.994, 
   -474164.273
  ], 
  [
   -915215.014, 
   -36776.302
  ], 
  [
   128519.153, 
   -842845.634
  ], 
  [
   407739.582, 
   980764.96
  ], 
  [
   385445.428, 
   788488.676
  ], 
  [
   -527357.821, 
   655153.193
  ], 
  [
   708770.408, 
   825500.015
  ]
 ], 
 "PUV": [
  false, 
  false, 
  false, 
  false, 
  false, 
  true, 
  false, 
  true, 
  true, 
  true, 
  false, 
  true, 
  false, 
  true, 
  true
 ], 
 "LCM": {
  "11": [
   "NOTUSED", 
   "ORR", 
   "ANDD", 
   "ANDD", 
   "ORR", 
   "ANDD", 
   "ORR", 
   "ORR", 
   "ORR", 
   "ANDD", 
   "ANDD", 
   "ANDD", 
   "ORR", 
   "ORR", 
   "ANDD"
  ], 
  "10": [
   "NOTUSED", 
   "ORR", 
   "ANDD", 
   "NOTUSED", 
   "ORR", 
   "ANDD", 
   "ANDD", 
   "ANDD", 
   "ORR", 
   "NOTUSED", 
   "ANDD", 
   "ANDD", 
   "NOTUSED", 
   "ORR", 
   "ANDD"
  ], 
  "13": [
   "ORR", 
   "ANDD", 
   "ORR", 
   "ANDD", 
   "ANDD", 
   "ANDD", 
   "ANDD", 
   "ORR", 
   "ORR", 
   "ORR", 
   "ORR", 
   "ORR", 
   "ORR", 
   "ANDD", 
   "ANDD"
  ], 
  "12": [
   "ANDD", 
   "ORR", 
   "ORR", 
   "ANDD", 
   "NOTUSED", 
   "NOTUSED", 
   "ORR", 
   "NOTUSED", 
   "NOTUSED", 
   "ANDD", 
   "NOTUSED", 
   "ORR", 
   "ANDD", 
   "ORR", 
   "ANDD"
  ], 
  "14": [
   "ORR", 
   "NOTUSED", 
   "NOTUSED", 
   "ANDD", 
   "ORR", 
   "NOTUSED", 
   "ANDD", 
   "ORR", 
   "NOTUSED", 
   "ANDD", 
   "ANDD", 
   "ANDD", 
   "ANDD", 
   "ANDD", 
   "ORR"
  ], 
  "1": [
   "ANDD", 
   "NOTUSED", 
   "ORR", 
   "ANDD", 
   "ORR", 
   "ANDD", 
   "NOTUSED", 
   "NOTUSED", 
   "NOTUSED", 
   "NOTUSED", 
   "ORR", 
   "ORR", 
   "ORR", 
   "ANDD", 
   "NOTUSED"
  ], 
  "0": [
   "NOTUSED", 
   "ANDD", 
   "ANDD", 
   "ANDD", 
   "NOTUSED", 
   "NOTUSED", 
   "NOTUSED", 
   "ORR", 
   "NOTUSED", 
   "NOTUSED", 
   "NOTUSED", 
   "NOTUSED", 
   "ANDD", 
   "ORR", 
   "ORR"
  ], 
  "3": [
   "ANDD", 
   "ANDD", 
   "NOTUSED", 
   "ANDD", 
   "ORR", 
   "ORR", 
   "NOTUSED", 
   "ORR", 
   "NOTUSED", 
   "NOTUSED", 
   "NOTUSED", 
   "ANDD", 
   "ANDD", 
   "ANDD", 
   "ANDD"
  ], 
  "2": [
   "ANDD", 
   "ORR", 
   "NOTUSED", 
   "NOTUSED", 
   "ORR", 
   "NOTUSED", 
   "NOTUSED", 
   "ANDD", 
   "ANDD", 
   "ORR", 
   "ANDD", 
   "ANDD", 
   "ORR", 
   "ORR", 
   "NOTUSED"
  ], 
  "5": [
   "NOTUSED", 
   "ANDD", 
   "NOTUSED", 
   "ORR", 
   "ANDD", 
   "ORR", 
   "ORR", 
   "ORR", 
   "NOTUSED", 
   "NOTUSED", 
   "ANDD", 
   "ANDD", 
   "NOTUSED", 
   "ANDD", 
   "NOTUSED"
  ], 
  "4": [
   "NOTUSED", 
   "ORR", 
   "ORR", 
   "ORR", 
   "ANDD", 
   "ANDD", 
   "ANDD", 
   "ANDD", 
   "ANDD", 
   "ORR", 
   "ORR", 
   "ORR", 
   "NOTUSED", 
   "ANDD", 
   "ORR"
  ], 
  "7": [
   "ORR", 
   "NOTUSED", 
   "ANDD", 
   "ORR", 
   "ANDD", 
   "ORR", 
   "ANDD", 
   "ANDD", 
   "ORR", 
   "ORR", 
   "ANDD", 
   "ORR", 
   "NOTUSED", 
   "ORR", 
   "ORR"
  ], 
  "6": [
   "NOTUSED", 
   "NOTUSED", 
   "NOTUSED", 
   "NOTUSED", 
   "ANDD", 
   "ORR", 
   "ORR", 
   "ANDD", 
   "ANDD", 
   "NOTUSED", 
   "ANDD", 
   "ORR", 
   "ORR", 
   "ANDD", 
   "ANDD"
  ], 
  "9": [
   "NOTUSED", 
   "NOTUSED", 
   "ORR", 
   "NOTUSED", 
   "ORR", 
   "NOTUSED", 
   "NOTUSED", 
   "ORR", 
   "NOTUSED", 
   "NOTUSED", 
   "NOTUSED", 
   "ANDD", 
   "ANDD", 
   "ORR", 
   "ANDD"
  ], 
  "8": [
   "NOTUSED", 
   "NOTUSED", 
   "ANDD", 
   "NOTUSED", 
   "ANDD", 
   "NOTUSED", 
   "ANDD", 
   "ORR", 
   "NOTUSED", 
   "NOTUSED", 
   "ORR", 
   "ORR", 
   "NOTUSED", 
   "ORR", 
   "NOTUSED"
  ]
 }
}