{
 "random_seed": 1189720512, 
 "PARAMETERS": {
  "RADIUS1": 641060.369, 
  "QUADS": 3, 
  "RADIUS2": 888704.178, 
  "DIST": 482332.109, 
  "F_PTS": 17, 
  "K_PTS": 21, 
  "EPSILON": 1.982, 
  "LENGTH1": 105440.792, 
  "G_PTS": 46, 
  "Q_PTS": 2, 
  "N_PTS": 54, 
  "C_PTS": 61, 
  "AREA2": 462493.571, 
  "LENGTH2": 452799.768, 
  "B_PTS": 58, 
  "D_PTS": 8, 
  "AREA1": 279082.867, 
  "A_PTS": 8, 
  "E_PTS": 21
 }, 
 "NUMPOINTS": 79, 
 "points": [
  [
   765071.312, 
   -395654.785
  ], 
  [
   578269.838, 
   357961.51
  ], 
  [
   -944413.249, 
   -422989.875
  ], 
  [
   -205819.45, 
   66421.849
  ], 
  [
   89232.713, 
   -811539.472
  ], 
  [
   -584405.338, 
   213196.279
  ], 
  [
   -140110.751, 
   -60882.391
  ], 
  [
   -118744.775, 
   -403709.707
  ], 
  [
   -170683.667, 
   -545797.089
  ], 
  [
   -27464.525, 
   -16082.761
  ], 
  [
   639833.799, 
   -439530.35
  ], 
  [
   -599652.557, 
   -370733.689
  ], 
  [
   -742112.399, 
   475622.697
  ], 
  [
   264460.991, 
   204061.733
  ], 
  [
   -6644.21, 
   226569.965
  ], 
  [
   985697.474, 
   -951493.149
  ], 
  [
   244132.611, 
   -788605.944
  ], 
  [
   819953.368, 
   229899.879
  ], 
  [
   -113014.901, 
   -572224.326
  ], 
  [
   -223256.677, 
   -694241.495
  ], 
  [
   -740994.319, 
   789048.665
  ], 
  [
   627614.813, 
   644743.669
  ], 
  [
   -989643.527, 
   182669.033
  ], 
  [
   483391.456, 
   -7217.473
  ], 
  [
   -747017.346, 
   835865.589
  ], 
  [
   -422808.629, 
   652367.063
  ], 
  [
   -10272.664, 
   478954.302
  ], 
  [
   -125746.786, 
   726485.27
  ], 
  [
   -916120.694, 
   851025.883
  ], 
  [
   110602.226, 
   89566.888
  ], 
  [
   -87108.269, 
   -14532.591
  ], 
  [
   110239.951, 
   -999592.975
  ], 
  [
   362003.127, 
   -345336.405
  ], 
  [
   -489517.747, 
   712176.601
  ], 
  [
   20280.362, 
   588852.289
  ], 
  [
   495590.53, 
   -762820.827
  ], 
  [
   113272.833, 
   -70847.041
  ], 
  [
   -879703.232, 
   372309.385
  ], 
  [
   193973.963, 
   -188016.246
  ], 
  [
   -515424.734, 
   -428856.95
  ], 
  [
   712383.027, 
   -910455.26
  ], 
  [
   216907.455, 
   577298.455
  ], 
  [
   -267900.611, 
   563540.281
  ], 
  [
   -534782.672, 
   -339196.462
  ], 
  [
   646210.88, 
   -674238.249
  ], 
  [
   -785079.79, 
   9086.501
  ], 
  [
   -486055.572, 
   -438530.668
  ], 
  [
   -217455.182, 
   -390263.039
  ], 
  [
   885427.182, 
   -922761.909
  ], 
  [
   899977.731, 
   -608491.699
  ], 
  [
   996695.584, 
   774336.298
  ], 
  [
   -104895.754, 
   -149626.252
  ], 
  [
   -839862.451, 
   295629.581
  ], 
  [
   -768942.148, 
   856995.467
  ], 
  [
   391669.476, 
   -807312.002
  ], 
  [
   -367828.984, 
   439329.072
  ], 
  [
   -160199.071, 
   -914258.102
  ], 
  [
   800416.647, 
   568579.097
  ], 
  [
   -962842.805, 
   -793460.327
  ], 
  [
   -833020.206, 
   -999581.929
  ], 
  [
   136111.723, 
   665156.224
  ], 
  [
   46671.413, 
   -871537.264
  ], 
  [
   510216.095, 
   -667444.519
  ], 
  [
   -577948.181, 
   832091.935
  ], 
  [
   249416.102, 
   123016.535
  ], 
  [
   470716.668, 
   709942.245
  ], 
  [
   477937.208, 
   -948621.515
  ], 
  [
   -283722.526, 
   -680695.759
  ], 
  [
   612240.513, 
   877038.117
  ], 
  [
   408369.785, 
   -593672.407
  ], 
  [
   -563713.749, 
   -296267.726
  ], 
  [
   -470659.942, 
   -183124.76
  ], 
  [
   -617056.041, 
   353682.904
  ], 
  [
   570333.039, 
   538786.044
  ], 
  [
   -422399.532, 
   570225.393
  ], 
  [
   85020.279, 
   247304.349
  ], 
  [
   -306426.228, 
   -773218.05
  ], 
  [
   229871.443, 
   -670047.371
  ], 
  [
   943487.577, 
   -119497.493
  ]
 ], 
 "PUV": [
  true, 
  false, 
  false, 
  false, 
  true, 
  false, 
  true, 
  false, 
  false, 
  true, 
  true, 
  true, 
  true, 
  false, 
  true
 ], 
 "LCM": {
  "11": [
   "NOTUSED", 
   "NOTUSED", 
   "ORR", 
   "NOTUSED", 
   "NOTUSED", 
   "ORR", 
   "NOTUSED", 
   "ANDD", 
   "ORR", 
   "ANDD", 
   "ORR", 
   "ANDD", 
   "NOTUSED", 
   "ANDD", 
   "NOTUSED"
  ], 
  "10": [
   "ORR", 
   "ANDD", 
   "ORR", 
   "ORR", 
   "ANDD", 
   "ANDD", 
   "ANDD", 
   "ANDD", 
   "ANDD", 
   "NOTUSED", 
   "ANDD", 
   "ORR", 
   "ORR", 
   "ANDD", 
   "ORR"
  ], 
  "13": [
   "ANDD", 
   "ORR", 
   "NOTUSED", 
   "ANDD", 
   "ANDD", 
   "ORR", 
   "ANDD", 
   "ANDD", 
   "ORR", 
   "ORR", 
   "ANDD", 
   "ANDD", 
   "ANDD", 
   "ORR", 
   "NOTUSED"
  ], 
  "12": [
   "NOTUSED", 
   "NOTUSED", 
   "ORR", 
   "ANDD", 
   "NOTUSED", 
   "NOTUSED", 
   "ORR", 
   "NOTUSED", 
   "ORR", 
   "NOTUSED", 
   "ORR", 
   "NOTUSED", 
   "ORR", 
   "ANDD", 
   "NOTUSED"
  ], 
  "14": [
   "ORR", 
   "ANDD", 
   "ANDD", 
   "ANDD", 
   "ORR", 
   "ORR", 
   "ANDD", 
   "NOTUSED", 
   "ORR", 
   "ORR", 
   "ORR", 
   "NOTUSED", 
   "NOTUSED", 
   "NOTUSED", 
   "NOTUSED"
  ], 
  "1": [
   "ORR", 
   "NOTUSED", 
   "ANDD", 
   "NOTUSED", 
   "NOTUSED", 
   "ANDD", 
   "NOTUSED", 
   "ANDD", 
   "ORR", 
   "ANDD", 
   "ANDD", 
   "NOTUSED", 
   "NOTUSED", 
   "ORR", 
   "ANDD"
  ], 
  "0": [
   "ORR", 
   "ORR", 
   "ANDD", 
   "ANDD", 
   "ANDD", 
   "ANDD", 
   "ORR", 
   "ORR", 
   "NOTUSED", 
   "ORR", 
   "ORR", 
   "NOTUSED", 
   "NOTUSED", 
   "ANDD", 
   "ORR"
  ], 
  "3": [
   "ANDD", 
   "NOTUSED", 
   "ORR", 
   "ANDD", 
   "ORR", 
   "ORR", 
   "ANDD", 
   "ORR", 
   "ANDD", 
   "ANDD", 
   "ORR", 
   "NOTUSED", 
   "ANDD", 
   "ANDD", 
   "ANDD"
  ], 
  "2": [
   "ANDD", 
   "ANDD", 
   "ANDD", 
   "ORR", 
   "ORR", 
   "ANDD", 
   "ORR", 
   "NOTUSED", 
   "NOTUSED", 
   "ANDD", 
   "ORR", 
   "ORR", 
   "ORR", 
   "NOTUSED", 
   "ANDD"
  ], 
  "5": [
   "ANDD", 
   "ANDD", 
   "ANDD", 
   "ORR", 
   "NOTUSED", 
   "ANDD", 
   "ANDD", 
   "NOTUSED", 
   "ORR", 
   "ANDD", 
   "ANDD", 
   "ORR", 
   "NOTUSED", 
   "ORR", 
   "ORR"
  ], 
  "4": [
   "ANDD", 
   "NOTUSED", 
   "ORR", 
   "ORR", 
   "ORR", 
   "NOTUSED", 
   "ORR", 
   "ORR", 
   "ANDD", 
   "ANDD", 
   "ANDD", 
   "NOTUSED", 
   "NOTUSED", 
   "ANDD", 
   "ORR"
  ], 
  "7": [
   "ORR", 
   "ANDD", 
   "NOTUSED", 
   "ORR", 
   "ORR", 
   "NOTUSED", 
   "ANDD", 
   "ANDD", 
   "NOTUSED", 
   "ANDD", 
   "ANDD", 
   "ANDD", 
   "NOTUSED", 
   "ANDD", 
   "NOTUSED"
  ], 
  "6": [
   "ORR", 
   "NOTUSED", 
   "ORR", 
   "ANDD", 
   "ORR", 
   "ANDD", 
   "NOTUSED", 
   "ANDD", 
   "NOTUSED", 
   "NOTUSED", 
   "ANDD", 
   "NOTUSED", 
   "ORR", 
   "ANDD", 
   "ANDD"
  ], 
  "9": [
   "ORR", 
   "ANDD", 
   "ANDD", 
   "ANDD", 
   "ANDD", 
   "ANDD", 
   "NOTUSED", 
   "ANDD", 
   "ANDD", 
   "NOTUSED", 
   "NOTUSED", 
   "ANDD", 
   "NOTUSED", 
   "ORR", 
   "ORR"
  ], 
  "8": [
   "NOTUSED", 
   "ORR", 
   "NOTUSED", 
   "ANDD", 
   "ANDD", 
   "ORR", 
   "NOTUSED", 
   "NOTUSED", 
   "NOTUSED", 
   "ANDD", 
   "ANDD", 
   "ORR", 
   "ORR", 
   "ORR", 
   "ORR"
  ]
 }
}