{
 "random_seed": 1201018010, 
 "PARAMETERS": {
  "RADIUS1": 678162.458, 
  "QUADS": 2, 
  "RADIUS2": 683857.069, 
  "DIST": 499477.26, 
  "F_PTS": 26, 
  "K_PTS": 7, 
  "EPSILON": 0.5, 
  "LENGTH1": 111962.08, 
  "G_PTS": 2, 
  "Q_PTS": 7, 
  "N_PTS": 8, 
  "C_PTS": 29, 
  "AREA2": 213611.519, 
  "LENGTH2": 62741.904, 
  "B_PTS": 1, 
  "D_PTS": 6, 
  "AREA1": 545008.576, 
  "A_PTS": 16, 
  "E_PTS": 4
 }, 
 "NUMPOINTS": 39, 
 "points": [
  [
   769889.777, 
   834539.705
  ], 
  [
   -563385.871, 
   818785.36
  ], 
  [
   -239506.036, 
   356257.238
  ], 
  [
   417130.202, 
   -186634.569
  ], 
  [
   -517758.664, 
   -160170.864
  ], 
  [
   -401662.459, 
   -180997.106
  ], 
  [
   -322572.838, 
   -953661.672
  ], 
  [
   429871.04, 
   -263450.717
  ], 
  [
   604548.645, 
   -490836.394
  ], 
  [
   357239.815, 
   -791732.047
  ], 
  [
   -658305.138, 
   -116895.181
  ], 
  [
   77835.675, 
   84225.806
  ], 
  [
   407604.519, 
   -768368.79
  ], 
  [
   -794247.109, 
   705803.632
  ], 
  [
   473275.719, 
   -315086.788
  ], 
  [
   -523961.49, 
   810443.154
  ], 
  [
   -678833.141, 
   -824028.062
  ], 
  [
   159217.212, 
   369761.464
  ], 
  [
   427355.298, 
   203131.028
  ], 
  [
   695139.184, 
   -46286.791
  ], 
  [
   -374053.598, 
   -68894.414
  ], 
  [
   -632469.086, 
   -354753.732
  ], 
  [
   322185.343, 
   -511166.754
  ], 
  [
   433686.896, 
   530903.019
  ], 
  [
   945088.366, 
   478923.123
  ], 
  [
   -921717.215, 
   -648887.8
  ], 
  [
   603405.778, 
   -912376.376
  ], 
  [
   -90371.631, 
   303914.344
  ], 
  [
   -300001.048, 
   244674.165
  ], 
  [
   602842.863, 
   -870294.673
  ], 
  [
   780141.347, 
   538717.739
  ], 
  [
   835116.22, 
   572025.198
  ], 
  [
   -373889.69, 
   -344813.215
  ], 
  [
   -106554.154, 
   -132576.077
  ], 
  [
   463005.75, 
   887892.051
  ], 
  [
   273411.711, 
   97375.267
  ], 
  [
   -384913.454, 
   467186.923
  ], 
  [
   -185744.437, 
   742400.128
  ], 
  [
   208019.813, 
   -581475.615
  ]
 ], 
 "PUV": [
  true, 
  true, 
  true, 
  false, 
  false, 
  true, 
  false, 
  true, 
  false, 
  false, 
  true, 
  true, 
  false, 
  false, 
  false
 ], 
 "LCM": {
  "11": [
   "ANDD", 
   "NOTUSED", 
   "NOTUSED", 
   "NOTUSED", 
   "ANDD", 
   "NOTUSED", 
   "ORR", 
   "ORR", 
   "NOTUSED", 
   "ORR", 
   "NOTUSED", 
   "ORR", 
   "NOTUSED", 
   "ANDD", 
   "ORR"
  ], 
  "10": [
   "ORR", 
   "NOTUSED", 
   "NOTUSED", 
   "NOTUSED", 
   "ORR", 
   "ORR", 
   "NOTUSED", 
   "ANDD", 
   "ORR", 
   "NOTUSED", 
   "ORR", 
   "NOTUSED", 
   "NOTUSED", 
   "NOTUSED", 
   "NOTUSED"
  ], 
  "13": [
   "ORR", 
   "ANDD", 
   "ANDD", 
   "ORR", 
   "ORR", 
   "NOTUSED", 
   "ANDD", 
   "ORR", 
   "ANDD", 
   "ORR", 
   "NOTUSED", 
   "ANDD", 
   "NOTUSED", 
   "ANDD", 
   "ANDD"
  ], 
  "12": [
   "NOTUSED", 
   "ANDD", 
   "ANDD", 
   "ORR", 
   "ORR", 
   "ANDD", 
   "ORR", 
   "ANDD", 
   "ANDD", 
   "ANDD", 
   "NOTUSED", 
   "NOTUSED", 
   "ORR", 
   "NOTUSED", 
   "ORR"
  ], 
  "14": [
   "NOTUSED", 
   "ANDD", 
   "NOTUSED", 
   "ORR", 
   "ORR", 
   "ORR", 
   "ANDD", 
   "ANDD", 
   "ORR", 
   "ANDD", 
   "NOTUSED", 
   "ORR", 
   "ORR", 
   "ANDD", 
   "ANDD"
  ], 
  "1": [
   "NOTUSED", 
   "ORR", 
   "ANDD", 
   "ORR", 
   "ORR", 
   "ORR", 
   "NOTUSED", 
   "NOTUSED", 
   "ANDD", 
   "NOTUSED", 
   "NOTUSED", 
   "NOTUSED", 
   "ANDD", 
   "ANDD", 
   "ANDD"
  ], 
  "0": [
   "ORR", 
   "NOTUSED", 
   "ORR", 
   "ORR", 
   "NOTUSED", 
   "ORR", 
   "ANDD", 
   "NOTUSED", 
   "ANDD", 
   "NOTUSED", 
   "ORR", 
   "ANDD", 
   "NOTUSED", 
   "ORR", 
   "NOTUSED"
  ], 
  "3": [
   "ORR", 
   "ORR", 
   "ANDD", 
   "ANDD", 
   "ORR", 
   "NOTUSED", 
   "ORR", 
   "ANDD", 
   "ORR", 
   "ANDD", 
   "NOTUSED", 
   "NOTUSED", 
   "ORR", 
   "ORR", 
   "ORR"
  ], 
  "2": [
   "ORR", 
   "ANDD", 
   "ORR", 
   "ANDD", 
   "NOTUSED", 
   "NOTUSED", 
   "ANDD", 
   "ANDD", 
   "ORR", 
   "ANDD", 
   "NOTUSED", 
   "NOTUSED", 
   "ANDD", 
   "ANDD", 
   "NOTUSED"
  ], 
  "5": [
   "ORR", 
   "ORR", 
   "NOTUSED", 
   "NOTUSED", 
   "ORR", 
   "ORR", 
   "ANDD", 
   "NOTUSED", 
   "NOTUSED", 
   "ORR", 
   "ORR", 
   "NOTUSED", 
   "ANDD", 
   "NOTUSED", 
   "ORR"
  ], 
  "4": [
   "NOTUSED", 
   "ORR", 
   "NOTUSED", 
   "ORR", 
   "ANDD", 
   "ORR", 
   "ANDD", 
   "ORR", 
   "ORR", 
   "NOTUSED", 
   "ORR", 
   "ANDD", 
   "ORR", 
   "ORR", 
   "ORR"
  ], 
  "7": [
   "NOTUSED", 
   "NOTUSED", 
   "ANDD", 
   "ANDD", 
   "ORR", 
   "NOTUSED", 
   "ANDD", 
   "NOTUSED", 
   "ORR", 
   "NOTUSED", 
   "ANDD", 
   "ORR", 
   "ANDD", 
   "ORR", 
   "ANDD"
  ], 
  "6": [
   "ANDD", 
   "NOTUSED", 
   "ANDD", 
   "ORR", 
   "ANDD", 
   "ANDD", 
   "ANDD", 
   "ANDD", 
   "NOTUSED", 
   "NOTUSED", 
   "NOTUSED", 
   "ORR", 
   "ORR", 
   "ANDD", 
   "ANDD"
  ], 
  "9": [
   "NOTUSED", 
   "NOTUSED", 
   "ANDD", 
   "ANDD", 
   "NOTUSED", 
   "ORR", 
   "NOTUSED", 
   "NOTUSED", 
   "ANDD", 
   "ORR", 
   "NOTUSED", 
   "ORR", 
   "ANDD", 
   "ORR", 
   "ANDD"
  ], 
  "8": [
   "ANDD", 
   "ANDD", 
   "ORR", 
   "ORR", 
   "ORR", 
   "NOTUSED", 
   "NOTUSED", 
   "ORR", 
   "NOTUSED", 
   "ANDD", 
   "ORR", 
   "NOTUSED", 
   "ANDD", 
   "ANDD", 
   "ORR"
  ]
 }
}