{
 "random_seed": 3257652768, 
 "PARAMETERS": {
  "RADIUS1": 898682.108, 
  "QUADS": 3, 
  "RADIUS2": 212891.466, 
  "DIST": 565847.399, 
  "F_PTS": 9, 
  "K_PTS": 6, 
  "EPSILON": 1.27, 
  "LENGTH1": 249655.131, 
  "G_PTS": 57, 
  "Q_PTS": 6, 
  "N_PTS": 14, 
  "C_PTS": 7, 
  "AREA2": 768993.296, 
  "LENGTH2": 301942.454, 
  "B_PTS": 11, 
  "D_PTS": 33, 
  "AREA1": 779883.206, 
  "A_PTS": 38, 
  "E_PTS": 28
 }, 
 "NUMPOINTS": 66, 
 "points": [
  [
   -400514.851, 
   -248727.893
  ], 
  [
   936345.397, 
   481443.987
  ], 
  [
   -538822.678, 
   170849.285
  ], 
  [
   -687050.134, 
   123551.755
  ], 
  [
   -584262.977, 
   -826550.807
  ], 
  [
   -599367.783, 
   20222.07
  ], 
  [
   -960139.065, 
   662967.001
  ], 
  [
   -693409.414, 
   313299.787
  ], 
  [
   778560.8, 
   -744297.528
  ], 
  [
   -465654.62, 
   -239425.144
  ], 
  [
   -890568.225, 
   -879724.666
  ], 
  [
   551340.318, 
   -309919.081
  ], 
  [
   -998246.37, 
   314766.857
  ], 
  [
   98387.304, 
   531062.65
  ], 
  [
   -814323.373, 
   257200.329
  ], 
  [
   -822236.86, 
   296511.233
  ], 
  [
   626120.563, 
   421740.392
  ], 
  [
   599583.196, 
   427899.163
  ], 
  [
   -245116.286, 
   -954326.025
  ], 
  [
   673619.33, 
   -596304.758
  ], 
  [
   -536225.587, 
   -207478.21
  ], 
  [
   -665231.953, 
   -333975.633
  ], 
  [
   345303.036, 
   426050.667
  ], 
  [
   -719244.094, 
   992356.983
  ], 
  [
   -816007.033, 
   -540042.279
  ], 
  [
   391774.384, 
   98643.657
  ], 
  [
   452502.871, 
   -211510.677
  ], 
  [
   -722599.749, 
   565986.06
  ], 
  [
   417691.04, 
   350708.219
  ], 
  [
   451512.483, 
   896033.205
  ], 
  [
   583220.592, 
   -523025.82
  ], 
  [
   -97357.899, 
   701755.277
  ], 
  [
   -771782.639, 
   296386.651
  ], 
  [
   -212689.977, 
   531070.608
  ], 
  [
   762883.042, 
   319574.671
  ], 
  [
   -812918.197, 
   139270.327
  ], 
  [
   -103704.105, 
   -361874.701
  ], 
  [
   373195.488, 
   8235.324
  ], 
  [
   529877.118, 
   767087.9
  ], 
  [
   -192466.444, 
   873741.65
  ], 
  [
   -323154.3, 
   -656153.427
  ], 
  [
   -288932.448, 
   901988.593
  ], 
  [
   -456996.989, 
   -350442.56
  ], 
  [
   -268013.623, 
   -113560.725
  ], 
  [
   44491.314, 
   -881415.871
  ], 
  [
   78774.245, 
   971771.914
  ], 
  [
   690519.596, 
   -325012.391
  ], 
  [
   649808.05, 
   115340.063
  ], 
  [
   67621.523, 
   217148.974
  ], 
  [
   432848.723, 
   754487.211
  ], 
  [
   -473736.032, 
   -143231.881
  ], 
  [
   621280.763, 
   -870087.62
  ], 
  [
   -914286.524, 
   229028.038
  ], 
  [
   -774986.326, 
   805528.44
  ], 
  [
   -299266.974, 
   83163.828
  ], 
  [
   412051.909, 
   981600.118
  ], 
  [
   665326.534, 
   -449257.537
  ], 
  [
   292178.813, 
   861727.644
  ], 
  [
   182603.831, 
   142020.112
  ], 
  [
   849289.641, 
   544688.883
  ], 
  [
   622017.955, 
   112467.947
  ], 
  [
   692567.968, 
   -753887.325
  ], 
  [
   986866.012, 
   7974.482
  ], 
  [
   -132742.348, 
   713643.453
  ], 
  [
   -123568.935, 
   -892064.53
  ], 
  [
   -138543.019, 
   46425.744
  ]
 ], 
 "PUV": [
  true, 
  false, 
  true, 
  false, 
  false, 
  false, 
  true, 
  false, 
  false, 
  true, 
  false, 
  true, 
  false, 
  true, 
  true
 ], 
 "LCM": {
  "11": [
   "ANDD", 
   "NOTUSED", 
   "ANDD", 
   "NOTUSED", 
   "ORR", 
   "NOTUSED", 
   "ORR", 
   "ANDD", 
   "ORR", 
   "ORR", 
   "ANDD", 
   "ANDD", 
   "NOTUSED", 
   "ANDD", 
   "ORR"
  ], 
  "10": [
   "NOTUSED", 
   "ANDD", 
   "NOTUSED", 
   "NOTUSED", 
   "NOTUSED", 
   "ORR", 
   "NOTUSED", 
   "NOTUSED", 
   "ANDD", 
   "ANDD", 
   "NOTUSED", 
   "ANDD", 
   "ORR", 
   "ORR", 
   "ORR"
  ], 
  "13": [
   "NOTUSED", 
   "ORR", 
   "ORR", 
   "ORR", 
   "ANDD", 
   "NOTUSED", 
   "ANDD", 
   "NOTUSED", 
   "ORR", 
   "ORR", 
   "ORR", 
   "ANDD", 
   "NOTUSED", 
   "NOTUSED", 
   "ORR"
  ], 
  "12": [
   "ORR", 
   "ORR", 
   "ORR", 
   "NOTUSED", 
   "NOTUSED", 
   "ANDD", 
   "NOTUSED", 
   "NOTUSED", 
   "ORR", 
   "ANDD", 
   "ORR", 
   "NOTUSED", 
   "NOTUSED", 
   "NOTUSED", 
   "ANDD"
  ], 
  "14": [
   "ANDD", 
   "ANDD", 
   "ANDD", 
   "ANDD", 
   "ORR", 
   "NOTUSED", 
   "NOTUSED", 
   "ORR", 
   "NOTUSED", 
   "ORR", 
   "ORR", 
   "ORR", 
   "ANDD", 
   "ORR", 
   "ORR"
  ], 
  "1": [
   "ORR", 
   "ORR", 
   "NOTUSED", 
   "ANDD", 
   "NOTUSED", 
   "ANDD", 
   "ORR", 
   "ORR", 
   "ANDD", 
   "NOTUSED", 
   "ANDD", 
   "NOTUSED", 
   "ORR", 
   "ORR", 
   "ANDD"
  ], 
  "0": [
   "ANDD", 
   "ORR", 
   "ORR", 
   "ANDD", 
   "ORR", 
   "NOTUSED", 
   "ANDD", 
   "ANDD", 
   "ANDD", 
   "NOTUSED", 
   "NOTUSED", 
   "ANDD", 
   "ORR", 
   "NOTUSED", 
   "ANDD"
  ], 
  "3": [
   "ANDD", 
   "ANDD", 
   "ANDD", 
   "ANDD", 
   "NOTUSED", 
   "NOTUSED", 
   "NOTUSED", 
   "NOTUSED", 
   "NOTUSED", 
   "ORR", 
   "NOTUSED", 
   "NOTUSED", 
   "NOTUSED", 
   "ORR", 
   "ANDD"
  ], 
  "2": [
   "ORR", 
   "NOTUSED", 
   "NOTUSED", 
   "ANDD", 
   "ORR", 
   "NOTUSED", 
   "ANDD", 
   "NOTUSED", 
   "ANDD", 
   "ANDD", 
   "NOTUSED", 
   "ANDD", 
   "ORR", 
   "ORR", 
   "ANDD"
  ], 
  "5": [
   "NOTUSED", 
   "ANDD", 
   "NOTUSED", 
   "NOTUSED", 
   "ORR", 
   "ANDD", 
   "ORR", 
   "ORR", 
   "ORR", 
   "ORR", 
   "ORR", 
   "NOTUSED", 
   "ANDD", 
   "NOTUSED", 
   "NOTUSED"
  ], 
  "4": [
   "ORR", 
   "NOTUSED", 
   "ORR", 
   "NOTUSED", 
   "ORR", 
   "ORR", 
   "NOTUSED", 
   "NOTUSED", 
   "NOTUSED", 
   "ORR", 
   "NOTUSED", 
   "ORR", 
   "NOTUSED", 
   "ANDD", 
   "ORR"
  ], 
  "7": [
   "ANDD", 
   "ORR", 
   "NOTUSED", 
   "NOTUSED", 
   "NOTUSED", 
   "ORR", 
   "NOTUSED", 
   "ANDD", 
   "ANDD", 
   "NOTUSED", 
   "NOTUSED", 
   "ANDD", 
   "NOTUSED", 
   "NOTUSED", 
   "ORR"
  ], 
  "6": [
   "ANDD", 
   "ORR", 
   "ANDD", 
   "NOTUSED", 
   "NOTUSED", 
   "ORR", 
   "ORR", 
   "NOTUSED", 
   "ORR", 
   "NOTUSED", 
   "NOTUSED", 
   "ORR", 
   "NOTUSED", 
   "ANDD", 
   "NOTUSED"
  ], 
  "9": [
   "NOTUSED", 
   "NOTUSED", 
   "ANDD", 
   "ORR", 
   "ORR", 
   "ORR", 
   "NOTUSED", 
   "NOTUSED", 
   "NOTUSED", 
   "NOTUSED", 
   "ANDD", 
   "ORR", 
   "ANDD", 
   "ORR", 
   "ORR"
  ], 
  "8": [
   "ANDD", 
   "ANDD", 
   "ANDD", 
   "NOTUSED", 
   "NOTUSED", 
   "ORR", 
   "ORR", 
   "ANDD", 
   "NOTUSED", 
   "NOTUSED", 
   "ANDD", 
   "ORR", 
   "ORR", 
   "ORR", 
   "NOTUSED"
  ]
 }
}