{
 "random_seed": 3875400568, 
 "PARAMETERS": {
  "RADIUS1": 264405.604, 
  "QUADS": 1, 
  "RADIUS2": 367133.894, 
  "DIST": 16249.048, 
  "F_PTS": 23, 
  "K_PTS": 27, 
  "EPSILON": 1.187, 
  "LENGTH1": 381318.823, 
  "G_PTS": 31, 
  "Q_PTS": 4, 
  "N_PTS": 37, 
  "C_PTS": 6, 
  "AREA2": 57544.262, 
  "LENGTH2": 711615.444, 
  "B_PTS": 12, 
  "D_PTS": 28, 
  "AREA1": 821054.665, 
  "A_PTS": 22, 
  "E_PTS": 10
 }, 
 "NUMPOINTS": 38, 
 "points": [
  [
   -972788.277, 
   540440.514
  ], 
  [
   -466630.229, 
   -194462.138
  ], 
  [
   -60226.801, 
   -269099.537
  ], 
  [
   603611.855, 
   450696.696
  ], 
  [
   -89552.015, 
   8943.914
  ], 
  [
   -898416.471, 
   -953373.368
  ], 
  [
   809088.02, 
   892607.954
  ], 
  [
   583783.803, 
   -150069.22
  ], 
  [
   -818286.756, 
   -385212.218
  ], 
  [
   -421404.243, 
   -108546.088
  ], 
  [
   -930072.334, 
   -793923.707
  ], 
  [
   891307.326, 
   601472.797
  ], 
  [
   -990481.511, 
   -641301.66
  ], 
  [
   287596.756, 
   -379735.885
  ], 
  [
   -835785.635, 
   21859.954
  ], 
  [
   864440.948, 
   -31556.751
  ], 
  [
   -992070.637, 
   -216919.274
  ], 
  [
   -706317.715, 
   -87638.521
  ], 
  [
   287188.719, 
   -931730.615
  ], 
  [
   -266997.725, 
   968551.946
  ], 
  [
   -926354.265, 
   574280.368
  ], 
  [
   -319911.766, 
   -857707.155
  ], 
  [
   236698.509, 
   855260.933
  ], 
  [
   423867.438, 
   -883761.387
  ], 
  [
   -260932.31, 
   -530040.317
  ], 
  [
   -99247.23, 
   -639012.018
  ], 
  [
   -18318.452, 
   54847.74
  ], 
  [
   -513534.465, 
   -38433.819
  ], 
  [
   538901.266, 
   254857.612
  ], 
  [
   42598.588, 
   -265982.669
  ], 
  [
   396410.981, 
   417434.132
  ], 
  [
   -986847.408, 
   -197058.892
  ], 
  [
   457966.552, 
   925644.569
  ], 
  [
   54291.908, 
   839344.82
  ], 
  [
   -117824.365, 
   -764747.874
  ], 
  [
   68290.184, 
   323791.465
  ], 
  [
   -841959.798, 
   383015.317
  ], 
  [
   -414218.505, 
   -976105.406
  ]
 ], 
 "PUV": [
  false, 
  false, 
  true, 
  true, 
  false, 
  false, 
  true, 
  false, 
  true, 
  false, 
  false, 
  false, 
  true, 
  false, 
  true
 ], 
 "LCM": {
  "11": [
   "ORR", 
   "NOTUSED", 
   "ANDD", 
   "NOTUSED", 
   "ORR", 
   "NOTUSED", 
   "NOTUSED", 
   "ANDD", 
   "ANDD", 
   "NOTUSED", 
   "ANDD", 
   "ORR", 
   "ORR", 
   "NOTUSED", 
   "ORR"
  ], 
  "10": [
   "ORR", 
   "ORR", 
   "ANDD", 
   "ORR", 
   "ANDD", 
   "NOTUSED", 
   "NOTUSED", 
   "NOTUSED", 
   "ORR", 
   "ORR", 
   "ORR", 
   "ANDD", 
   "ANDD", 
   "ANDD", 
   "NOTUSED"
  ], 
  "13": [
   "ORR", 
   "NOTUSED", 
   "ORR", 
   "ANDD", 
   "NOTUSED", 
   "ORR", 
   "ANDD", 
   "NOTUSED", 
   "NOTUSED", 
   "ANDD", 
   "ANDD", 
   "NOTUSED", 
   "ORR", 
   "ORR", 
   "ANDD"
  ], 
  "12": [
   "NOTUSED", 
   "ORR", 
   "NOTUSED", 
   "ANDD", 
   "ANDD", 
   "NOTUSED", 
   "ORR", 
   "NOTUSED", 
   "ORR", 
   "ANDD", 
   "ANDD", 
   "ORR", 
   "ANDD", 
   "ORR", 
   "ANDD"
  ], 
  "14": [
   "NOTUSED", 
   "ANDD", 
   "NOTUSED", 
   "NOTUSED", 
   "ANDD", 
   "ANDD", 
   "ANDD", 
   "ORR", 
   "ORR", 
   "ORR", 
   "NOTUSED", 
   "ORR", 
   "ANDD", 
   "ANDD", 
   "ANDD"
  ], 
  "1": [
   "ANDD", 
   "ORR", 
   "NOTUSED", 
   "NOTUSED", 
   "ORR", 
   "ORR", 
   "ANDD", 
   "NOTUSED", 
   "ANDD", 
   "ORR", 
   "ORR", 
   "NOTUSED", 
   "ORR", 
   "NOTUSED", 
   "ANDD"
  ], 
  "0": [
   "NOTUSED", 
   "ANDD", 
   "ORR", 
   "ORR", 
   "ORR", 
   "NOTUSED", 
   "ANDD", 
   "ANDD", 
   "NOTUSED", 
   "ANDD", 
   "ORR", 
   "ORR", 
   "NOTUSED", 
   "ORR", 
   "NOTUSED"
  ], 
  "3": [
   "ORR", 
   "NOTUSED", 
   "ANDD", 
   "ANDD", 
   "ANDD", 
   "ORR", 
   "ORR", 
   "ANDD", 
   "ORR", 
   "ORR", 
   "ORR", 
   "NOTUSED", 
   "ANDD", 
   "ANDD", 
   "NOTUSED"
  ], 
  "2": [
   "ORR", 
   "NOTUSED", 
   "ANDD", 
   "ANDD", 
   "ANDD", 
   "ORR", 
   "ORR", 
   "NOTUSED", 
   "NOTUSED", 
   "ANDD", 
   "ANDD", 
   "ANDD", 
   "NOTUSED", 
   "ORR", 
   "NOTUSED"
  ], 
  "5": [
   "NOTUSED", 
   "ORR", 
   "ORR", 
   "ORR", 
   "NOTUSED", 
   "ORR", 
   "ORR", 
   "ANDD", 
   "ANDD", 
   "ANDD", 
   "NOTUSED", 
   "NOTUSED", 
   "NOTUSED", 
   "ORR", 
   "ANDD"
  ], 
  "4": [
   "ORR", 
   "ORR", 
   "ANDD", 
   "ANDD", 
   "ORR", 
   "NOTUSED", 
   "ORR", 
   "ORR", 
   "ANDD", 
   "ORR", 
   "ANDD", 
   "ORR", 
   "ANDD", 
   "NOTUSED", 
   "ANDD"
  ], 
  "7": [
   "ANDD", 
   "NOTUSED", 
   "NOTUSED", 
   "ANDD", 
   "ORR", 
   "ANDD", 
   "NOTUSED", 
   "ORR", 
   "ORR", 
   "NOTUSED", 
   "NOTUSED", 
   "ANDD", 
   "NOTUSED", 
   "NOTUSED", 
   "ORR"
  ], 
  "6": [
   "ANDD", 
   "ANDD", 
   "ORR", 
   "ORR", 
   "ORR", 
   "ORR", 
   "ANDD", 
   "NOTUSED", 
   "NOTUSED", 
   "ORR", 
   "NOTUSED", 
   "NOTUSED", 
   "ORR", 
   "ANDD", 
   "ANDD"
  ], 
  "9": [
   "ANDD", 
   "ORR", 
   "ANDD", 
   "ORR", 
   "ORR", 
   "ANDD", 
   "ORR", 
   "NOTUSED", 
   "ORR", 
   "ANDD", 
   "ORR", 
   "NOTUSED", 
   "ANDD", 
   "ANDD", 
   "ORR"
  ], 
  "8": [
   "NOTUSED", 
   "ANDD", 
   "NOTUSED", 
   "ORR", 
   "ANDD", 
   "ANDD", 
   "NOTUSED", 
   "ORR", 
   "ORR", 
   "ORR", 
   "ORR", 
   "ANDD", 
   "ORR", 
   "NOTUSED", 
   "ORR"
  ]
 }
}