{
 "random_seed": 217222970, 
 "PARAMETERS": {
  "RADIUS1": 854518.231, 
  "QUADS": 3, 
  "RADIUS2": 467615.087, 
  "DIST": 242587.305, 
  "F_PTS": 35, 
  "K_PTS": 50, 
  "EPSILON": 1.398, 
  "LENGTH1": 161272.657, 
  "G_PTS": 53, 
  "Q_PTS": 85, 
  "N_PTS": 83, 
  "C_PTS": 9, 
  "AREA2": 112831.732, 
  "LENGTH2": 513660.452, 
  "B_PTS": 35, 
  "D_PTS": 29, 
  "AREA1": 402312.595, 
  "A_PTS": 17, 
  "E_PTS": 10
 }, 
 "NUMPOINTS": 93, 
 "points": [
  [
   906147.141, 
   -391725.967
  ], 
  [
   892624.144, 
   -785959.18
  ], 
  [
   957046.221, 
   353344.139
  ], 
  [
   294311.237, 
   -891738.283
  ], 
  [
   -423344.995, 
   -118297.582
  ], 
  [
   -445007.334, 
   235356.397
  ], 
  [
   889543.044, 
   993927.474
  ], 
  [
   53944.818, 
   -338247.839
  ], 
  [
   -372078.474, 
   -778103.948
  ], 
  [
   -492920.139, 
   985162.974
  ], 
  [
   -795345.659, 
   -647036.544
  ], 
  [
   -652324.07, 
   557331.337
  ], 
  [
   279854.308, 
   157812.567
  ], 
  [
   712831.928, 
   593221.124
  ], 
  [
   476267.471, 
   655426.968
  ], 
  [
   -458117.736, 
   930615.457
  ], 
  [
   -499656.667, 
   -510205.298
  ], 
  [
   -256095.98, 
   485046.068
  ], 
  [
   452470.109, 
   -971729.243
  ], 
  [
   -564621.171, 
   10800.994
  ], 
  [
   -38216.979, 
   -881984.267
  ], 
  [
   706321.162, 
   -509807.125
  ], 
  [
   -418210.042, 
   696668.548
  ], 
  [
   286820.761, 
   654035.611
  ], 
  [
   818568.142, 
   394572.977
  ], 
  [
   -233736.584, 
   218567.216
  ], 
  [
   -567303.876, 
   -551074.84
  ], 
  [
   -756704.656, 
   346213.31
  ], 
  [
   129115.007, 
   -633689.4
  ], 
  [
   -521245.478, 
   988651.13
  ], 
  [
   292065.481, 
   408308.483
  ], 
  [
   506245.551, 
   -125065.025
  ], 
  [
   925205.121, 
   -782196.602
  ], 
  [
   -833357.877, 
   6995.114
  ], 
  [
   260063.59, 
   780400.19
  ], 
  [
   447763.79, 
   -413793.853
  ], 
  [
   366000.776, 
   -474646.117
  ], 
  [
   -748074.876, 
   -637974.558
  ], 
  [
   748235.264, 
   -424309.218
  ], 
  [
   842148.281, 
   91045.696
  ], 
  [
   -537434.868, 
   -887709.103
  ], 
  [
   -628573.436, 
   -158936.936
  ], 
  [
   167929.099, 
   422467.352
  ], 
  [
   854982.885, 
   66501.979
  ], 
  [
   744541.159, 
   -391299.152
  ], 
  [
   -646042.698, 
   236888.917
  ], 
  [
   632299.013, 
   743667.557
  ], 
  [
   -202367.809, 
   204708.186
  ], 
  [
   922054.402, 
   -23165.545
  ], 
  [
   -56559.976, 
   385719.027
  ], 
  [
   739656.203, 
   901460.931
  ], 
  [
   911416.571, 
   -917528.666
  ], 
  [
   -329333.604, 
   -515128.97
  ], 
  [
   -443475.421, 
   813284.708
  ], 
  [
   1665.115, 
   770661.909
  ], 
  [
   18529.787, 
   -9977.955
  ], 
  [
   154466.23, 
   1721.631
  ], 
  [
   -833948.606, 
   -304624.997
  ], 
  [
   -374367.874, 
   345777.362
  ], 
  [
   -585122.55, 
   -688533.012
  ], 
  [
   477945.477, 
   -257837.78
  ], 
  [
   -658217.901, 
   -486323.026
  ], 
  [
   -711996.917, 
   -209149.773
  ], 
  [
   -389572.671, 
   -851971.008
  ], 
  [
   511342.419, 
   -980595.684
  ], 
  [
   -469342.798, 
   612223.472
  ], 
  [
   -577336.49, 
   817979.321
  ], 
  [
   -377324.078, 
   -178050.869
  ], 
  [
   -863490.144, 
   515344.459
  ], 
  [
   -594590.832, 
   -666339.194
  ], 
  [
   -833204.663, 
   483741.307
  ], 
  [
   84669.2, 
   -980848.315
  ], 
  [
   883803.479, 
   917505.702
  ], 
  [
   401701.282, 
   496088.95
  ], 
  [
   -676836.138, 
   -774335.155
  ], 
  [
   997764.36, 
   739908.654
  ], 
  [
   -67377.145, 
   937200.313
  ], 
  [
   -868086.823, 
   594287.209
  ], 
  [
   157135.963, 
   470129.577
  ], 
  [
   451188.894, 
   809548.773
  ], 
  [
   618974.284, 
   945447.523
  ], 
  [
   422785.702, 
   208512.068
  ], 
  [
   -7569.75, 
   -304647.408
  ], 
  [
   -711611.37, 
   455907.371
  ], 
  [
   898290.353, 
   7574.265
  ], 
  [
   908000.131, 
   866789.646
  ], 
  [
   711634.734, 
   698186.874
  ], 
  [
   129602.785, 
   518477.297
  ], 
  [
   882514.696, 
   -776227.076
  ], 
  [
   638119.58, 
   -608795.31
  ], 
  [
   622795.629, 
   877049.81
  ], 
  [
   -10985.356, 
   388067.081
  ], 
  [
   642363.571, 
   -198249.257
  ]
 ], 
 "PUV": [
  false, 
  true, 
  true, 
  true, 
  true, 
  false, 
  true, 
  true, 
  false, 
  true, 
  false, 
  true, 
  false, 
  true, 
  true
 ], 
 "LCM": {
  "11": [
   "ORR", 
   "ORR", 
   "NOTUSED", 
   "ANDD", 
   "ANDD", 
   "NOTUSED", 
   "NOTUSED", 
   "NOTUSED", 
   "NOTUSED", 
   "NOTUSED", 
   "ANDD", 
   "ORR", 
   "NOTUSED", 
   "ANDD", 
   "ANDD"
  ], 
  "10": [
   "NOTUSED", 
   "ORR", 
   "ANDD", 
   "NOTUSED", 
   "ANDD", 
   "ORR", 
   "ANDD", 
   "NOTUSED", 
   "ANDD", 
   "ORR", 
   "ORR", 
   "ANDD", 
   "NOTUSED", 
   "NOTUSED", 
   "ORR"
  ], 
  "13": [
   "NOTUSED", 
   "NOTUSED", 
   "ORR", 
   "ANDD", 
   "ORR", 
   "ORR", 
   "ANDD", 
   "ORR", 
   "ANDD", 
   "ANDD", 
   "NOTUSED", 
   "ANDD", 
   "NOTUSED", 
   "NOTUSED", 
   "ORR"
  ], 
  "12": [
   "ORR", 
   "ORR", 
   "ORR", 
   "NOTUSED", 
   "ANDD", 
   "ORR", 
   "ORR", 
   "ANDD", 
   "ANDD", 
   "NOTUSED", 
   "NOTUSED", 
   "NOTUSED", 
   "ANDD", 
   "NOTUSED", 
   "NOTUSED"
  ], 
  "14": [
   "ORR", 
   "ORR", 
   "ANDD", 
   "ANDD", 
   "NOTUSED", 
   "ANDD", 
   "ORR", 
   "NOTUSED", 
   "ANDD", 
   "ANDD", 
   "ORR", 
   "ANDD", 
   "NOTUSED", 
   "ORR", 
   "ANDD"
  ], 
  "1": [
   "ORR", 
   "NOTUSED", 
   "ANDD", 
   "ANDD", 
   "ANDD", 
   "ORR", 
   "NOTUSED", 
   "NOTUSED", 
   "ORR", 
   "ORR", 
   "ORR", 
   "ORR", 
   "ORR", 
   "NOTUSED", 
   "ORR"
  ], 
  "0": [
   "ANDD", 
   "ORR", 
   "NOTUSED", 
   "NOTUSED", 
   "NOTUSED", 
   "NOTUSED", 
   "ORR", 
   "ORR", 
   "ANDD", 
   "ANDD", 
   "NOTUSED", 
   "ORR", 
   "ORR", 
   "NOTUSED", 
   "ORR"
  ], 
  "3": [
   "NOTUSED", 
   "ANDD", 
   "NOTUSED", 
   "NOTUSED", 
   "NOTUSED", 
   "ORR", 
   "NOTUSED", 
   "NOTUSED", 
   "NOTUSED", 
   "ANDD", 
   "NOTUSED", 
   "ANDD", 
   "NOTUSED", 
   "ANDD", 
   "ANDD"
  ], 
  "2": [
   "NOTUSED", 
   "ANDD", 
   "ANDD", 
   "NOTUSED", 
   "NOTUSED", 
   "ANDD", 
   "ORR", 
   "ORR", 
   "NOTUSED", 
   "NOTUSED", 
   "ANDD", 
   "NOTUSED", 
   "ORR", 
   "ORR", 
   "ANDD"
  ], 
  "5": [
   "NOTUSED", 
   "ORR", 
   "ANDD", 
   "ORR", 
   "ANDD", 
   "ORR", 
   "ORR", 
   "ANDD", 
   "ANDD", 
   "NOTUSED", 
   "ORR", 
   "NOTUSED", 
   "ORR", 
   "ORR", 
   "ANDD"
  ], 
  "4": [
   "NOTUSED", 
   "ANDD", 
   "NOTUSED", 
   "NOTUSED", 
   "ORR", 
   "ANDD", 
   "ORR", 
   "ANDD", 
   "ANDD", 
   "ORR", 
   "ANDD", 
   "ANDD", 
   "ANDD", 
   "ORR", 
   "NOTUSED"
  ], 
  "7": [
   "ORR", 
   "NOTUSED", 
   "ORR", 
   "NOTUSED", 
   "ANDD", 
   "ANDD", 
   "ANDD", 
   "ORR", 
   "ANDD", 
   "NOTUSED", 
   "NOTUSED", 
   "NOTUSED", 
   "ANDD", 
   "ORR", 
   "NOTUSED"
  ], 
  "6": [
   "ORR", 
   "NOTUSED", 
   "ORR", 
   "NOTUSED", 
   "ORR", 
   "ORR", 
   "ANDD", 
   "ANDD", 
   "ANDD", 
   "NOTUSED", 
   "ANDD", 
   "NOTUSED", 
   "ORR", 
   "ANDD", 
   "ORR"
  ], 
  "9": [
   "ANDD", 
   "ORR", 
   "NOTUSED", 
   "ANDD", 
   "ORR", 
   "NOTUSED", 
   "NOTUSED", 
   "NOTUSED", 
   "NOTUSED", 
   "ANDD", 
   "ORR", 
   "NOTUSED", 
   "NOTUSED", 
   "ANDD", 
   "ANDD"
  ], 
  "8": [
   "ANDD", 
   "ORR", 
   "NOTUSED", 
   "NOTUSED", 
   "ANDD", 
   "ANDD", 
   "ANDD", 
   "ANDD", 
   "ORR", 
   "NOTUSED", 
   "ANDD", 
   "NOTUSED", 
   "ANDD", 
   "ANDD", 
   "ANDD"
  ]
 }
}