{
 "random_seed": 2114775926, 
 "PARAMETERS": {
  "RADIUS1": 918102.35, 
  "QUADS": 1, 
  "RADIUS2": 158751.18, 
  "DIST": 229240.716, 
  "F_PTS": 18, 
  "K_PTS": 48, 
  "EPSILON": 0.334, 
  "LENGTH1": 217439.436, 
  "G_PTS": 30, 
  "Q_PTS": 12, 
  "N_PTS": 24, 
  "C_PTS": 11, 
  "AREA2": 849461.797, 
  "LENGTH2": 172149.709, 
  "B_PTS": 24, 
  "D_PTS": 6, 
  "AREA1": 167989.137, 
  "A_PTS": 29, 
  "E_PTS": 33
 }, 
 "NUMPOINTS": 59, 
 "points": [
  [
   301515.687, 
   -693481.699
  ], 
  [
   -495183.435, 
   71970.739
  ], 
  [
   -104763.274, 
   193902.219
  ], 
  [
   -728958.324, 
   633474.964
  ], 
  [
   -662254.061, 
   237191.65
  ], 
  [
   -205184.521, 
   482505.536
  ], 
  [
   -645867.597, 
   493551.913
  ], 
  [
   -838912.69, 
   722861.346
  ], 
  [
   328533.545, 
   60552.94
  ], 
  [
   491735.708, 
   -647366.331
  ], 
  [
   165606.999, 
   807162.01
  ], 
  [
   -327855.548, 
   371083.899
  ], 
  [
   -651804.789, 
   533690.91
  ], 
  [
   -996551.643, 
   -312887.156
  ], 
  [
   -576386.933, 
   998230.638
  ], 
  [
   713582.23, 
   -553053.898
  ], 
  [
   -906970.438, 
   721977.274
  ], 
  [
   275796.305, 
   404396.585
  ], 
  [
   -957876.467, 
   -279722.171
  ], 
  [
   -741558.466, 
   240468.542
  ], 
  [
   804770.055, 
   937251.31
  ], 
  [
   884276.864, 
   -695701.456
  ], 
  [
   -552761.3, 
   -864845.527
  ], 
  [
   -740916.404, 
   447445.041
  ], 
  [
   92796.709, 
   409345.289
  ], 
  [
   588290.469, 
   -591141.277
  ], 
  [
   -405655.694, 
   -325705.811
  ], 
  [
   284454.111, 
   901656.126
  ], 
  [
   -847987.532, 
   654356.711
  ], 
  [
   -468243.153, 
   -83158.785
  ], 
  [
   815454.398, 
   -241262.707
  ], 
  [
   551932.699, 
   -401227.663
  ], 
  [
   477332.447, 
   -297537.669
  ], 
  [
   451991.924, 
   901720.573
  ], 
  [
   569426.835, 
   295485.589
  ], 
  [
   559435.597, 
   718837.398
  ], 
  [
   -276843.908, 
   584857.643
  ], 
  [
   -675094.891, 
   -912692.29
  ], 
  [
   -702179.69, 
   26617.898
  ], 
  [
   -46028.437, 
   275797.35
  ], 
  [
   490117.911, 
   547086.555
  ], 
  [
   -667708.039, 
   428494.193
  ], 
  [
   454012.912, 
   188820.861
  ], 
  [
   -212158.771, 
   621531.534
  ], 
  [
   403144.571, 
   409381.755
  ], 
  [
   39390.926, 
   47509.468
  ], 
  [
   -591394.255, 
   -481987.857
  ], 
  [
   412674.725, 
   608148.468
  ], 
  [
   -868721.108, 
   721291.308
  ], 
  [
   747146.91, 
   211806.135
  ], 
  [
   217381.395, 
   161412.715
  ], 
  [
   701924.682, 
   -145274.335
  ], 
  [
   -696988.373, 
   412448.967
  ], 
  [
   -267158.947, 
   942903.149
  ], 
  [
   -26573.288, 
   948844.135
  ], 
  [
   747771.328, 
   -686773.787
  ], 
  [
   901677.546, 
   -987855.645
  ], 
  [
   321111.49, 
   460368.065
  ], 
  [
   -631793.007, 
   -684931.989
  ]
 ], 
 "PUV": [
  false, 
  false, 
  true, 
  true, 
  false, 
  true, 
  true, 
  false, 
  true, 
  false, 
  false, 
  false, 
  true, 
  true, 
  false
 ], 
 "LCM": {
  "11": [
   "NOTUSED", 
   "ANDD", 
   "NOTUSED", 
   "ORR", 
   "ANDD", 
   "NOTUSED", 
   "ORR", 
   "ORR", 
   "ORR", 
   "NOTUSED", 
   "ANDD", 
   "NOTUSED", 
   "NOTUSED", 
   "ORR", 
   "ANDD"
  ], 
  "10": [
   "ANDD", 
   "ANDD", 
   "ANDD", 
   "ANDD", 
   "ORR", 
   "NOTUSED", 
   "ANDD", 
   "NOTUSED", 
   "NOTUSED", 
   "ANDD", 
   "NOTUSED", 
   "ANDD", 
   "ORR", 
   "ANDD", 
   "ANDD"
  ], 
  "13": [
   "ANDD", 
   "ANDD", 
   "ANDD", 
   "ANDD", 
   "NOTUSED", 
   "NOTUSED", 
   "ORR", 
   "ANDD", 
   "ANDD", 
   "NOTUSED", 
   "ANDD", 
   "ORR", 
   "NOTUSED", 
   "NOTUSED", 
   "ORR"
  ], 
  "12": [
   "ANDD", 
   "NOTUSED", 
   "ORR", 
   "NOTUSED", 
   "ORR", 
   "ORR", 
   "NOTUSED", 
   "ANDD", 
   "ORR", 
   "ANDD", 
   "ORR", 
   "NOTUSED", 
   "NOTUSED", 
   "NOTUSED", 
   "ANDD"
  ], 
  "14": [
   "NOTUSED", 
   "ORR", 
   "NOTUSED", 
   "ANDD", 
   "NOTUSED", 
   "ANDD", 
   "ORR", 
   "ORR", 
   "ANDD", 
   "ANDD", 
   "ANDD", 
   "ANDD", 
   "ANDD", 
   "ORR", 
   "ANDD"
  ], 
  "1": [
   "ORR", 
   "ANDD", 
   "ANDD", 
   "NOTUSED", 
   "ANDD", 
   "ANDD", 
   "ORR", 
   "ANDD", 
   "NOTUSED", 
   "NOTUSED", 
   "ANDD", 
   "ANDD", 
   "NOTUSED", 
   "ANDD", 
   "ORR"
  ], 
  "0": [
   "ANDD", 
   "ORR", 
   "ORR", 
   "NOTUSED", 
   "ANDD", 
   "NOTUSED", 
   "NOTUSED", 
   "ORR", 
   "ORR", 
   "ANDD", 
   "ANDD", 
   "NOTUSED", 
   "ANDD", 
   "ANDD", 
   "NOTUSED"
  ], 
  "3": [
   "NOTUSED", 
   "NOTUSED", 
   "ANDD", 
   "ANDD", 
   "ANDD", 
   "ORR", 
   "ANDD", 
   "ORR", 
   "ORR", 
   "NOTUSED", 
   "ANDD", 
   "ORR", 
   "NOTUSED", 
   "ANDD", 
   "ANDD"
  ], 
  "2": [
   "ORR", 
   "ANDD", 
   "NOTUSED", 
   "ANDD", 
   "ORR", 
   "ORR", 
   "ANDD", 
   "ORR", 
   "ANDD", 
   "ORR", 
   "ANDD", 
   "NOTUSED", 
   "ORR", 
   "ANDD", 
   "NOTUSED"
  ], 
  "5": [
   "NOTUSED", 
   "ANDD", 
   "ORR", 
   "ORR", 
   "NOTUSED", 
   "ORR", 
   "ORR", 
   "ANDD", 
   "ORR", 
   "ANDD", 
   "NOTUSED", 
   "NOTUSED", 
   "ORR", 
   "NOTUSED", 
   "ANDD"
  ], 
  "4": [
   "ANDD", 
   "ANDD", 
   "ORR", 
   "ANDD", 
   "ANDD", 
   "NOTUSED", 
   "NOTUSED", 
   "NOTUSED", 
   "NOTUSED", 
   "NOTUSED", 
   "ORR", 
   "ANDD", 
   "ORR", 
   "NOTUSED", 
   "NOTUSED"
  ], 
  "7": [
   "ORR", 
   "ANDD", 
   "ORR", 
   "ORR", 
   "NOTUSED", 
   "ANDD", 
   "ANDD", 
   "ANDD", 
   "ANDD", 
   "ANDD", 
   "NOTUSED", 
   "ORR", 
   "ANDD", 
   "ANDD", 
   "ORR"
  ], 
  "6": [
   "NOTUSED", 
   "ORR", 
   "ANDD", 
   "ANDD", 
   "NOTUSED", 
   "ORR", 
   "ORR", 
   "ANDD", 
   "ORR", 
   "ANDD", 
   "ANDD", 
   "ORR", 
   "NOTUSED", 
   "ORR", 
   "ORR"
  ], 
  "9": [
   "ANDD", 
   "NOTUSED", 
   "ORR", 
   "NOTUSED", 
   "NOTUSED", 
   "ANDD", 
   "ANDD", 
   "ANDD", 
   "ANDD", 
   "ORR", 
   "ANDD", 
   "NOTUSED", 
   "ANDD", 
   "NOTUSED", 
   "ANDD"
  ], 
  "8": [
   "ORR", 
   "NOTUSED", 
   "ANDD", 
   "ORR", 
   "NOTUSED", 
   "ORR", 
   "ORR", 
   "ANDD", 
   "ORR", 
   "ANDD", 
   "NOTUSED", 
   "ORR", 
   "ORR", 
   "ANDD", 
   "ANDD"
  ]
 }
}