{
 "random_seed": 1684934516, 
 "PARAMETERS": {
  "RADIUS1": 992407.193, 
  "QUADS": 3, 
  "RADIUS2": 674164.337, 
  "DIST": 798908.216, 
  "F_PTS": 33, 
  "K_PTS": 21, 
  "EPSILON": 1.343, 
  "LENGTH1": 200257.491, 
  "G_PTS": 43, 
  "Q_PTS": 48, 
  "N_PTS": 17, 
  "C_PTS": 11, 
  "AREA2": 687970.011, 
  "LENGTH2": 821610.412, 
  "B_PTS": 38, 
  "D_PTS": 13, 
  "AREA1": 642026.885, 
  "A_PTS": 8, 
  "E_PTS": 3
 }, 
 "NUMPOINTS": 61, 
 "points": [
  [
   -489117.74, 
   -651223.282
  ], 
  [
   83017.287, 
   182842.227
  ], 
  [
   734032.636, 
   742250.456
  ], 
  [
   598991.394, 
   -794080.425
  ], 
  [
   613082.873, 
   137906.536
  ], 
  [
   -453726.024, 
   248353.264
  ], 
  [
   -444389.851, 
   -858392.349
  ], 
  [
   -800074.402, 
   -7485.434
  ], 
  [
   -408611.718, 
   806428.188
  ], 
  [
   -396938.021, 
   951233.075
  ], 
  [
   -394923.719, 
   119426.749
  ], 
  [
   -727956.568, 
   520251.323
  ], 
  [
   674446.143, 
   -998042.068
  ], 
  [
   -540707.164, 
   82091.027
  ], 
  [
   -182347.519, 
   489389.588
  ], 
  [
   -783392.646, 
   196634.562
  ], 
  [
   -466334.695, 
   -518237.892
  ], 
  [
   -496052.988, 
   571744.667
  ], 
  [
   707666.293, 
   -826395.661
  ], 
  [
   -792474.151, 
   923707.456
  ], 
  [
   581960.329, 
   -461553.035
  ], 
  [
   354304.61, 
   -438494.742
  ], 
  [
   -446803.433, 
   -949784.553
  ], 
  [
   -192159.939, 
   -947831.921
  ], 
  [
   -663892.129, 
   -131525.22
  ], 
  [
   -664620.101, 
   353568.832
  ], 
  [
   -325711.395, 
   186611.199
  ], 
  [
   -596649.142, 
   712320.192
  ], 
  [
   -141002.667, 
   939423.955
  ], 
  [
   -355380.48, 
   -785678.841
  ], 
  [
   -542097.526, 
   869637.407
  ], 
  [
   54830.131, 
   -56033.928
  ], 
  [
   -174191.784, 
   -191127.022
  ], 
  [
   -141980.392, 
   -803832.246
  ], 
  [
   803919.227, 
   787479.772
  ], 
  [
   -642532.846, 
   -685166.805
  ], 
  [
   -459835.09, 
   941731.569
  ], 
  [
   -140195.27, 
   -18515.888
  ], 
  [
   -15049.058, 
   887681.652
  ], 
  [
   438151.655, 
   708406.466
  ], 
  [
   -290845.651, 
   384066.827
  ], 
  [
   -116345.349, 
   -261192.72
  ], 
  [
   809332.166, 
   -108246.358
  ], 
  [
   -350753.886, 
   -159861.886
  ], 
  [
   679624.919, 
   -900235.112
  ], 
  [
   -623382.266, 
   -589991.215
  ], 
  [
   605667.917, 
   360310.339
  ], 
  [
   -606866.325, 
   462928.95
  ], 
  [
   -90080.868, 
   112478.762
  ], 
  [
   -984296.214, 
   223936.103
  ], 
  [
   -180209.62, 
   -636150.744
  ], 
  [
   953361.483, 
   755948.854
  ], 
  [
   930637.983, 
   -246911.427
  ], 
  [
   598481.644, 
   539873.476
  ], 
  [
   473334.195, 
   619172.052
  ], 
  [
   333491.926, 
   -679952.879
  ], 
  [
   -608953.524, 
   -194751.849
  ], 
  [
   -60943.96, 
   147986.551
  ], 
  [
   118637.821, 
   474780.698
  ], 
  [
   -908819.992, 
   -879339.909
  ], 
  [
   -46338.149, 
   -514313.246
  ]
 ], 
 "PUV": [
  false, 
  true, 
  false, 
  true, 
  false, 
  true, 
  false, 
  true, 
  false, 
  false, 
  true, 
  true, 
  true, 
  false, 
  false
 ], 
 "LCM": {
  "11": [
   "ORR", 
   "ANDD", 
   "ORR", 
   "NOTUSED", 
   "ANDD", 
   "ORR", 
   "ANDD", 
   "ORR", 
   "ORR", 
   "ORR", 
   "ORR", 
   "ORR", 
   "ORR", 
   "ANDD", 
   "ANDD"
  ], 
  "10": [
   "NOTUSED", 
   "ORR", 
   "NOTUSED", 
   "ANDD", 
   "ANDD", 
   "ANDD", 
   "NOTUSED", 
   "NOTUSED", 
   "NOTUSED", 
   "NOTUSED", 
   "ORR", 
   "ORR", 
   "ANDD", 
   "ANDD", 
   "ORR"
  ], 
  "13": [
   "ORR", 
   "NOTUSED", 
   "ANDD", 
   "NOTUSED", 
   "ORR", 
   "NOTUSED", 
   "ORR", 
   "ORR", 
   "ORR", 
   "NOTUSED", 
   "ANDD", 
   "ANDD", 
   "ANDD", 
   "ORR", 
   "ANDD"
  ], 
  "12": [
   "NOTUSED", 
   "ANDD", 
   "ORR", 
   "ANDD", 
   "ANDD", 
   "ANDD", 
   "NOTUSED", 
   "NOTUSED", 
   "ANDD", 
   "ANDD", 
   "ANDD", 
   "ORR", 
   "ORR", 
   "ANDD", 
   "ANDD"
  ], 
  "14": [
   "ORR", 
   "NOTUSED", 
   "ORR", 
   "ANDD", 
   "ANDD", 
   "ANDD", 
   "NOTUSED", 
   "ANDD", 
   "ORR", 
   "ANDD", 
   "ORR", 
   "ANDD", 
   "ANDD", 
   "ANDD", 
   "NOTUSED"
  ], 
  "1": [
   "ANDD", 
   "ORR", 
   "NOTUSED", 
   "ANDD", 
   "ORR", 
   "NOTUSED", 
   "ANDD", 
   "NOTUSED", 
   "ANDD", 
   "NOTUSED", 
   "ORR", 
   "ANDD", 
   "ANDD", 
   "NOTUSED", 
   "NOTUSED"
  ], 
  "0": [
   "NOTUSED", 
   "ANDD", 
   "NOTUSED", 
   "ANDD", 
   "NOTUSED", 
   "ANDD", 
   "ANDD", 
   "ANDD", 
   "ANDD", 
   "NOTUSED", 
   "NOTUSED", 
   "ORR", 
   "NOTUSED", 
   "ORR", 
   "ORR"
  ], 
  "3": [
   "ANDD", 
   "ANDD", 
   "NOTUSED", 
   "ANDD", 
   "ANDD", 
   "ORR", 
   "ANDD", 
   "ORR", 
   "ANDD", 
   "ANDD", 
   "ANDD", 
   "NOTUSED", 
   "ANDD", 
   "NOTUSED", 
   "ANDD"
  ], 
  "2": [
   "NOTUSED", 
   "NOTUSED", 
   "ANDD", 
   "NOTUSED", 
   "ORR", 
   "ORR", 
   "ANDD", 
   "ANDD", 
   "NOTUSED", 
   "ANDD", 
   "NOTUSED", 
   "ORR", 
   "ORR", 
   "ANDD", 
   "ORR"
  ], 
  "5": [
   "ANDD", 
   "NOTUSED", 
   "ORR", 
   "ORR", 
   "ANDD", 
   "ANDD", 
   "ANDD", 
   "NOTUSED", 
   "ANDD", 
   "ANDD", 
   "ANDD", 
   "ORR", 
   "ANDD", 
   "NOTUSED", 
   "ANDD"
  ], 
  "4": [
   "NOTUSED", 
   "ORR", 
   "ORR", 
   "ANDD", 
   "ANDD", 
   "ANDD", 
   "ANDD", 
   "NOTUSED", 
   "ANDD", 
   "NOTUSED", 
   "ANDD", 
   "ANDD", 
   "ANDD", 
   "ORR", 
   "ANDD"
  ], 
  "7": [
   "ANDD", 
   "NOTUSED", 
   "ANDD", 
   "ORR", 
   "NOTUSED", 
   "NOTUSED", 
   "ANDD", 
   "NOTUSED", 
   "NOTUSED", 
   "ANDD", 
   "NOTUSED", 
   "ORR", 
   "NOTUSED", 
   "ORR", 
   "ANDD"
  ], 
  "6": [
   "ANDD", 
   "ANDD", 
   "ANDD", 
   "ANDD", 
   "ANDD", 
   "ANDD", 
   "ANDD", 
   "ANDD", 
   "ANDD", 
   "ANDD", 
   "NOTUSED", 
   "ANDD", 
   "NOTUSED", 
   "ORR", 
   "NOTUSED"
  ], 
  "9": [
   "NOTUSED", 
   "NOTUSED", 
   "ANDD", 
   "ANDD", 
   "NOTUSED", 
   "ANDD", 
   "ANDD", 
   "ANDD", 
   "ANDD", 
   "ANDD", 
   "NOTUSED", 
   "ORR", 
   "ANDD", 
   "NOTUSED", 
   "ANDD"
  ], 
  "8": [
   "ANDD", 
   "ANDD", 
   "NOTUSED", 
   "ANDD", 
   "ANDD", 
   "ANDD", 
   "ANDD", 
   "NOTUSED", 
   "ORR", 
   "ANDD", 
   "NOTUSED", 
   "ORR", 
   "ANDD", 
   "ORR", 
   "ORR"
  ]
 }
}