{
 "random_seed": 3805380616, 
 "PARAMETERS": {
  "RADIUS1": 185709.001, 
  "QUADS": 3, 
  "RADIUS2": 204497.829, 
  "DIST": 516360.906, 
  "F_PTS": 12, 
  "K_PTS": 7, 
  "EPSILON": 2.09, 
  "LENGTH1": 86021.016, 
  "G_PTS": 43, 
  "Q_PTS": 5, 
  "N_PTS": 10, 
  "C_PTS": 19, 
  "AREA2": 920457.176, 
  "LENGTH2": 82377.099, 
  "B_PTS": 11, 
  "D_PTS": 22, 
  "AREA1": 742779.2, 
  "A_PTS": 36, 
  "E_PTS": 3
 }, 
 "NUMPOINTS": 50, 
 "points": [
  [
   -846841.774, 
   -688350.054
  ], 
  [
   -17106.482, 
   -983850.648
  ], 
  [
   -978771.581, 
   225534.011
  ], 
  [
   -591888.855, 
   252504.377
  ], 
  [
   327306.684, 
   -801948.128
  ], 
  [
   -170205.955, 
   -150732.029
  ], 
  [
   81410.753, 
   -481226.511
  ], 
  [
   -477797.068, 
   -353924.048
  ], 
  [
   841108.89, 
   -966214.706
  ], 
  [
   381275.308, 
   -874670.513
  ], 
  [
   590229.578, 
   -8688.077
  ], 
  [
   -277029.061, 
   101431.492
  ], 
  [
   -684822.526, 
   -538648.881
  ], 
  [
   176356.039, 
   -932385.352
  ], 
  [
   -532472.227, 
   210803.154
  ], 
  [
   -201276.733, 
   668709.991
  ], 
  [
   536786.826, 
   992050.941
  ], 
  [
   -616961.539, 
   -420131.549
  ], 
  [
   778559.157, 
   14656.68
  ], 
  [
   -11800.888, 
   -937450.945
  ], 
  [
   286399.69, 
   987190.147
  ], 
  [
   -657888.639, 
   905895.535
  ], 
  [
   -43230.03, 
   -939459.238
  ], 
  [
   554368.881, 
   841837.782
  ], 
  [
   -523879.225, 
   136241.546
  ], 
  [
   806458.965, 
   -93529.265
  ], 
  [
   889961.529, 
   270092.654
  ], 
  [
   175874.982, 
   452999.21
  ], 
  [
   -884423.9, 
   88345.764
  ], 
  [
   -382472.036, 
   473093.048
  ], 
  [
   251012.471, 
   745284.703
  ], 
  [
   -929746.079, 
   -165251.89
  ], 
  [
   288390.485, 
   -142550.388
  ], 
  [
   -748888.617, 
   564878.045
  ], 
  [
   -841815.616, 
   -874752.351
  ], 
  [
   -116112.305, 
   -866566.133
  ], 
  [
   -228231.853, 
   -37236.182
  ], 
  [
   -852894.84, 
   454779.693
  ], 
  [
   335012.492, 
   -968105.594
  ], 
  [
   6540.161, 
   37045.158
  ], 
  [
   -893714.67, 
   -61564.381
  ], 
  [
   732713.115, 
   747545.693
  ], 
  [
   929213.414, 
   474160.016
  ], 
  [
   723137.059, 
   122169.776
  ], 
  [
   -873946.559, 
   -873585.711
  ], 
  [
   306783.109, 
   550957.508
  ], 
  [
   -782112.791, 
   -211388.375
  ], 
  [
   519187.311, 
   -829260.69
  ], 
  [
   -163434.564, 
   166768.816
  ], 
  [
   943951.296, 
   -425943.531
  ]
 ], 
 "PUV": [
  true, 
  false, 
  false, 
  false, 
  true, 
  false, 
  false, 
  true, 
  true, 
  false, 
  false, 
  true, 
  true, 
  false, 
  true
 ], 
 "LCM": {
  "11": [
   "NOTUSED", 
   "ORR", 
   "NOTUSED", 
   "NOTUSED", 
   "ANDD", 
   "ANDD", 
   "ANDD", 
   "NOTUSED", 
   "ORR", 
   "NOTUSED", 
   "ORR", 
   "ANDD", 
   "ANDD", 
   "ORR", 
   "ORR"
  ], 
  "10": [
   "ANDD", 
   "ORR", 
   "ANDD", 
   "NOTUSED", 
   "NOTUSED", 
   "NOTUSED", 
   "ORR", 
   "ORR", 
   "NOTUSED", 
   "NOTUSED", 
   "NOTUSED", 
   "ORR", 
   "NOTUSED", 
   "ORR", 
   "NOTUSED"
  ], 
  "13": [
   "ORR", 
   "ORR", 
   "NOTUSED", 
   "ORR", 
   "ANDD", 
   "NOTUSED", 
   "NOTUSED", 
   "ORR", 
   "ORR", 
   "ORR", 
   "ORR", 
   "ORR", 
   "ORR", 
   "ANDD", 
   "NOTUSED"
  ], 
  "12": [
   "ORR", 
   "NOTUSED", 
   "ANDD", 
   "NOTUSED", 
   "ORR", 
   "ORR", 
   "ORR", 
   "ORR", 
   "ANDD", 
   "ANDD", 
   "NOTUSED", 
   "ANDD", 
   "ORR", 
   "ORR", 
   "ANDD"
  ], 
  "14": [
   "ANDD", 
   "NOTUSED", 
   "ORR", 
   "ORR", 
   "ORR", 
   "NOTUSED", 
   "NOTUSED", 
   "ORR", 
   "ANDD", 
   "ORR", 
   "NOTUSED", 
   "ORR", 
   "ANDD", 
   "NOTUSED", 
   "ORR"
  ], 
  "1": [
   "ANDD", 
   "NOTUSED", 
   "NOTUSED", 
   "ORR", 
   "ORR", 
   "ORR", 
   "ANDD", 
   "ANDD", 
   "ANDD", 
   "ORR", 
   "ORR", 
   "ORR", 
   "NOTUSED", 
   "ORR", 
   "NOTUSED"
  ], 
  "0": [
   "NOTUSED", 
   "ANDD", 
   "ORR", 
   "ANDD", 
   "NOTUSED", 
   "ANDD", 
   "ORR", 
   "ANDD", 
   "ANDD", 
   "ORR", 
   "ANDD", 
   "NOTUSED", 
   "ORR", 
   "ORR", 
   "ANDD"
  ], 
  "3": [
   "ANDD", 
   "ORR", 
   "ORR", 
   "ANDD", 
   "ANDD", 
   "ANDD", 
   "NOTUSED", 
   "ANDD", 
   "ORR", 
   "ORR", 
   "NOTUSED", 
   "NOTUSED", 
   "NOTUSED", 
   "ORR", 
   "ORR"
  ], 
  "2": [
   "ORR", 
   "NOTUSED", 
   "ANDD", 
   "ORR", 
   "ANDD", 
   "ANDD", 
   "NOTUSED", 
   "ORR", 
   "ORR", 
   "ANDD", 
   "ANDD", 
   "NOTUSED", 
   "ANDD", 
   "NOTUSED", 
   "ORR"
  ], 
  "5": [
   "ANDD", 
   "ORR", 
   "ANDD", 
   "ANDD", 
   "ORR", 
   "NOTUSED", 
   "ORR", 
   "ORR", 
   "ORR", 
   "ORR", 
   "NOTUSED", 
   "ANDD", 
   "ORR", 
   "NOTUSED", 
   "NOTUSED"
  ], 
  "4": [
   "NOTUSED", 
   "ORR", 
   "ANDD", 
   "ANDD", 
   "ANDD", 
   "ORR", 
   "ORR", 
   "ANDD", 
   "ORR", 
   "ANDD", 
   "NOTUSED", 
   "ANDD", 
   "ORR", 
   "ANDD", 
   "ORR"
  ], 
  "7": [
   "ANDD", 
   "ANDD", 
   "ORR", 
   "ANDD", 
   "ANDD", 
   "ORR", 
   "ANDD", 
   "NOTUSED", 
   "ORR", 
   "ANDD", 
   "ORR", 
   "NOTUSED", 
   "ORR", 
   "ORR", 
   "ORR"
  ], 
  "6": [
   "ORR", 
   "ANDD", 
   "NOTUSED", 
   "NOTUSED", 
   "ORR", 
   "ORR", 
   "NOTUSED", 
   "ANDD", 
   "ORR", 
   "ANDD", 
   "ORR", 
   "ANDD", 
   "ORR", 
   "NOTUSED", 
   "NOTUSED"
  ], 
  "9": [
   "ORR", 
   "ORR", 
   "ANDD", 
   "ORR", 
   "ANDD", 
   "ORR", 
   "ANDD", 
   "ANDD", 
   "NOTUSED", 
   "ORR", 
   "NOTUSED", 
   "NOTUSED", 
   "ANDD", 
   "ORR", 
   "ORR"
  ], 
  "8": [
   "ANDD", 
   "ANDD", 
   "ORR", 
   "ORR", 
   "ORR", 
   "ORR", 
   "ORR", 
   "ORR", 
   "ANDD", 
   "NOTUSED", 
   "NOTUSED", 
   "ORR", 
   "ANDD", 
   "ORR", 
   "ANDD"
  ]
 }
}