{
 "random_seed": 1548006564, 
 "PARAMETERS": {
  "RADIUS1": 772447.908, 
  "QUADS": 1, 
  "RADIUS2": 541938.389, 
  "DIST": 205674.864, 
  "F_PTS": 1, 
  "K_PTS": 3, 
  "EPSILON": 1.625, 
  "LENGTH1": 284050.805, 
  "G_PTS": 3, 
  "Q_PTS": 4, 
  "N_PTS": 3, 
  "C_PTS": 1, 
  "AREA2": 276692.538, 
  "LENGTH2": 421762.596, 
  "B_PTS": 1, 
  "D_PTS": 1, 
  "AREA1": 926740.961, 
  "A_PTS": 1, 
  "E_PTS": 1
 }, 
 "NUMPOINTS": 5, 
 "points": [
  [
   -528304.944, 
   415721.759
  ], 
  [
   -66814.269, 
   -296162.326
  ], 
  [
   -474790.593, 
   -101442.278
  ], 
  [
   -391140.53, 
   -91233.597
  ], 
  [
   253184.21, 
   655686.809
  ]
 ], 
 "PUV": [
  false, 
  true, 
  false, 
  true, 
  false, 
  false, 
  false, 
  true, 
  true, 
  true, 
  false, 
  true, 
  false, 
  true, 
  true
 ], 
 "LCM": {
  "11": [
   "ANDD", 
   "NOTUSED", 
   "ORR", 
   "ORR", 
   "ANDD", 
   "NOTUSED", 
   "NOTUSED", 
   "ORR", 
   "NOTUSED", 
   "ANDD", 
   "ORR", 
   "ORR", 
   "ANDD", 
   "ANDD", 
   "NOTUSED"
  ], 
  "10": [
   "ORR", 
   "ORR", 
   "ANDD", 
   "ORR", 
   "ANDD", 
   "ORR", 
   "ANDD", 
   "ANDD", 
   "ORR", 
   "NOTUSED", 
   "ANDD", 
   "ORR", 
   "ORR", 
   "NOTUSED", 
   "NOTUSED"
  ], 
  "13": [
   "NOTUSED", 
   "NOTUSED", 
   "ORR", 
   "ORR", 
   "NOTUSED", 
   "ORR", 
   "NOTUSED", 
   "ORR", 
   "ORR", 
   "ANDD", 
   "NOTUSED", 
   "ANDD", 
   "ORR", 
   "ORR", 
   "ANDD"
  ], 
  "12": [
   "ANDD", 
   "ORR", 
   "ANDD", 
   "ANDD", 
   "NOTUSED", 
   "ANDD", 
   "ANDD", 
   "ORR", 
   "NOTUSED", 
   "ORR", 
   "ORR", 
   "ANDD", 
   "NOTUSED", 
   "ORR", 
   "NOTUSED"
  ], 
  "14": [
   "NOTUSED", 
   "NOTUSED", 
   "ORR", 
   "ORR", 
   "ANDD", 
   "NOTUSED", 
   "NOTUSED", 
   "NOTUSED", 
   "ANDD", 
   "NOTUSED", 
   "NOTUSED", 
   "NOTUSED", 
   "NOTUSED", 
   "ANDD", 
   "NOTUSED"
  ], 
  "1": [
   "NOTUSED", 
   "NOTUSED", 
   "ORR", 
   "ANDD", 
   "ANDD", 
   "NOTUSED", 
   "ANDD", 
   "ANDD", 
   "ANDD", 
   "NOTUSED", 
   "ORR", 
   "NOTUSED", 
   "ORR", 
   "NOTUSED", 
   "NOTUSED"
  ], 
  "0": [
   "NOTUSED", 
   "NOTUSED", 
   "ORR", 
   "ANDD", 
   "NOTUSED", 
   "ORR", 
   "ORR", 
   "NOTUSED", 
   "ANDD", 
   "ORR", 
   "ORR", 
   "ANDD", 
   "ANDD", 
   "NOTUSED", 
   "NOTUSED"
  ], 
  "3": [
   "ANDD", 
   "ANDD", 
   "NOTUSED", 
   "ANDD", 
   "ANDD", 
   "NOTUSED", 
   "ORR", 
   "ANDD", 
   "ANDD", 
   "ANDD", 
   "ORR", 
   "ORR", 
   "ANDD", 
   "ORR", 
   "ORR"
  ], 
  "2": [
   "ORR", 
   "ORR", 
   "NOTUSED", 
   "NOTUSED", 
   "ORR", 
   "ANDD", 
   "ANDD", 
   "NOTUSED", 
   "ORR", 
   "ORR", 
   "ANDD", 
   "ORR", 
   "ANDD", 
   "ORR", 
   "ORR"
  ], 
  "5": [
   "ORR", 
   "NOTUSED", 
   "ANDD", 
   "NOTUSED", 
   "ANDD", 
   "ORR", 
   "NOTUSED", 
   "ORR", 
   "NOTUSED", 
   "ANDD", 
   "ORR", 
   "NOTUSED", 
   "ANDD", 
   "ORR", 
   "NOTUSED"
  ], 
  "4": [
   "NOTUSED", 
   "ANDD", 
   "ORR", 
   "ANDD", 
   "NOTUSED", 
   "ANDD", 
   "ANDD", 
   "NOTUSED", 
   "ANDD", 
   "ORR", 
   "ANDD", 
   "ANDD", 
   "NOTUSED", 
   "NOTUSED", 
   "ANDD"
  ], 
  "7": [
   "NOTUSED", 
   "ANDD", 
   "NOTUSED", 
   "ANDD", 
   "NOTUSED", 
   "ORR", 
   "ORR", 
   "ORR", 
   "NOTUSED", 
   "NOTUSED", 
   "ANDD", 
   "ORR", 
   "ORR", 
   "ORR", 
   "NOTUSED"
  ], 
  "6": [
   "ORR", 
   "ANDD", 
   "ANDD", 
   "ORR", 
   "ANDD", 
   "NOTUSED", 
   "ORR", 
   "ORR", 
   "ORR", 
   "ORR", 
   "ANDD", 
   "NOTUSED", 
   "ANDD", 
   "NOTUSED", 
   "NOTUSED"
  ], 
  "9": [
   "ORR", 
   "NOTUSED", 
   "ORR", 
   "ANDD", 
   "ORR", 
   "ANDD", 
   "ORR", 
   "NOTUSED", 
   "ORR", 
   "NOTUSED", 
   "NOTUSED", 
   "ANDD", 
   "ORR", 
   "ANDD", 
   "NOTUSED"
  ], 
  "8": [
   "ANDD", 
   "ANDD", 
   "ORR", 
   "ANDD", 
   "ANDD", 
   "NOTUSED", 
   "ORR", 
   "NOTUSED", 
   "NOTUSED", 
   "ORR", 
   "ORR", 
   "NOTUSED", 
   "NOTUSED", 
   "ORR", 
   "ANDD"
  ]
 }
}