{
 "random_seed": 1809015116, 
 "PARAMETERS": {
  "RADIUS1": 699677.39, 
  "QUADS": 1, 
  "RADIUS2": 356030.876, 
  "DIST": 420201.369, 
  "F_PTS": 7, 
  "K_PTS": 26, 
  "EPSILON": 0.283, 
  "LENGTH1": 394090.3, 
  "G_PTS": 56, 
  "Q_PTS": 2, 
  "N_PTS": 15, 
  "C_PTS": 10, 
  "AREA2": 160529.201, 
  "LENGTH2": 874686.609, 
  "B_PTS": 1, 
  "D_PTS": 25, 
  "AREA1": 303201.717, 
  "A_PTS": 40, 
  "E_PTS": 27
 }, 
 "NUMPOINTS": 60, 
 "points": [
  [
   948554.733, 
   682994.044
  ], 
  [
   306738.124, 
   97751.111
  ], 
  [
   -348091.794, 
   61361.148
  ], 
  [
   -638864.965, 
   -546264.603
  ], 
  [
   -817070.088, 
   -942106.943
  ], 
  [
   -358540.247, 
   -772368.59
  ], 
  [
   -104139.085, 
   -229699.047
  ], 
  [
   577207.622, 
   425447.526
  ], 
  [
   5585.205, 
   875517.073
  ], 
  [
   846559.307, 
   -573653.426
  ], 
  [
   -84668.235, 
   680437.812
  ], 
  [
   -660090.476, 
   102562.535
  ], 
  [
   763351.67, 
   -495915.363
  ], 
  [
   -712581.046, 
   234873.386
  ], 
  [
   460231.501, 
   -74499.007
  ], 
  [
   -148714.738, 
   -3833.272
  ], 
  [
   -823259.04, 
   345565.15
  ], 
  [
   -357131.678, 
   -956602.169
  ], 
  [
   198723.668, 
   258853.513
  ], 
  [
   528938.702, 
   781617.494
  ], 
  [
   -99061.854, 
   -561859.942
  ], 
  [
   605134.031, 
   189055.153
  ], 
  [
   -718488.093, 
   -169400.325
  ], 
  [
   -585957.925, 
   -463270.412
  ], 
  [
   -628106.894, 
   982948.467
  ], 
  [
   -132927.957, 
   -384992.306
  ], 
  [
   -344358.662, 
   672600.01
  ], 
  [
   -730995.322, 
   17594.757
  ], 
  [
   629715.706, 
   -509110.889
  ], 
  [
   -446708.691, 
   919590.623
  ], 
  [
   760924.696, 
   -888179.14
  ], 
  [
   492061.083, 
   -452032.849
  ], 
  [
   -820789.287, 
   50615.128
  ], 
  [
   702906.986, 
   -250777.769
  ], 
  [
   50542.933, 
   531758.728
  ], 
  [
   -360367.331, 
   -471146.311
  ], 
  [
   -585743.77, 
   50829.133
  ], 
  [
   481039.503, 
   -922858.95
  ], 
  [
   678136.231, 
   -39052.337
  ], 
  [
   48107.92, 
   -639255.25
  ], 
  [
   -339233.246, 
   581366.591
  ], 
  [
   -457300.445, 
   895975.022
  ], 
  [
   591136.889, 
   456448.155
  ], 
  [
   -608077.302, 
   10158.012
  ], 
  [
   615407.224, 
   545648.784
  ], 
  [
   885749.409, 
   415761.228
  ], 
  [
   490790.496, 
   384525.291
  ], 
  [
   888747.938, 
   797335.909
  ], 
  [
   -426624.498, 
   113213.268
  ], 
  [
   395749.421, 
   -831344.667
  ], 
  [
   324674.26, 
   227320.456
  ], 
  [
   -340004.661, 
   -92426.378
  ], 
  [
   85211.211, 
   -9001.563
  ], 
  [
   829027.751, 
   -940840.972
  ], 
  [
   501093.116, 
   832626.801
  ], 
  [
   -525198.227, 
   303688.861
  ], 
  [
   -20875.506, 
   282042.502
  ], 
  [
   -988882.089, 
   324942.166
  ], 
  [
   615615.693, 
   -139971.368
  ], 
  [
   -839391.174, 
   -352365.254
  ]
 ], 
 "PUV": [
  false, 
  true, 
  false, 
  true, 
  true, 
  false, 
  true, 
  true, 
  false, 
  true, 
  false, 
  true, 
  false, 
  true, 
  true
 ], 
 "LCM": {
  "11": [
   "ORR", 
   "NOTUSED", 
   "NOTUSED", 
   "NOTUSED", 
   "NOTUSED", 
   "NOTUSED", 
   "NOTUSED", 
   "NOTUSED", 
   "NOTUSED", 
   "NOTUSED", 
   "ORR", 
   "NOTUSED", 
   "ORR", 
   "ORR", 
   "ORR"
  ], 
  "10": [
   "ORR", 
   "ANDD", 
   "NOTUSED", 
   "ANDD", 
   "ORR", 
   "ORR", 
   "ORR", 
   "ORR", 
   "ORR", 
   "NOTUSED", 
   "NOTUSED", 
   "ORR", 
   "ORR", 
   "NOTUSED", 
   "ANDD"
  ], 
  "13": [
   "ORR", 
   "NOTUSED", 
   "NOTUSED", 
   "ORR", 
   "NOTUSED", 
   "NOTUSED", 
   "ANDD", 
   "ORR", 
   "ORR", 
   "ORR", 
   "NOTUSED", 
   "ORR", 
   "NOTUSED", 
   "ORR", 
   "NOTUSED"
  ], 
  "12": [
   "NOTUSED", 
   "ANDD", 
   "ORR", 
   "ORR", 
   "NOTUSED", 
   "ANDD", 
   "NOTUSED", 
   "ORR", 
   "ANDD", 
   "ORR", 
   "ORR", 
   "ORR", 
   "NOTUSED", 
   "NOTUSED", 
   "ORR"
  ], 
  "14": [
   "NOTUSED", 
   "NOTUSED", 
   "NOTUSED", 
   "NOTUSED", 
   "ANDD", 
   "ORR", 
   "ANDD", 
   "NOTUSED", 
   "NOTUSED", 
   "ORR", 
   "ANDD", 
   "ORR", 
   "ORR", 
   "NOTUSED", 
   "NOTUSED"
  ], 
  "1": [
   "NOTUSED", 
   "ORR", 
   "ORR", 
   "NOTUSED", 
   "ANDD", 
   "ANDD", 
   "ANDD", 
   "ORR", 
   "ORR", 
   "NOTUSED", 
   "ANDD", 
   "NOTUSED", 
   "ANDD", 
   "NOTUSED", 
   "NOTUSED"
  ], 
  "0": [
   "ORR", 
   "NOTUSED", 
   "ANDD", 
   "NOTUSED", 
   "NOTUSED", 
   "NOTUSED", 
   "ANDD", 
   "NOTUSED", 
   "NOTUSED", 
   "ANDD", 
   "ORR", 
   "ORR", 
   "NOTUSED", 
   "ORR", 
   "NOTUSED"
  ], 
  "3": [
   "NOTUSED", 
   "NOTUSED", 
   "NOTUSED", 
   "ANDD", 
   "ANDD", 
   "NOTUSED", 
   "ORR", 
   "ANDD", 
   "ANDD", 
   "NOTUSED", 
   "ANDD", 
   "NOTUSED", 
   "ORR", 
   "ORR", 
   "NOTUSED"
  ], 
  "2": [
   "ANDD", 
   "ORR", 
   "ANDD", 
   "NOTUSED", 
   "NOTUSED", 
   "ANDD", 
   "NOTUSED", 
   "ANDD", 
   "ANDD", 
   "ORR", 
   "NOTUSED", 
   "NOTUSED", 
   "ORR", 
   "NOTUSED", 
   "NOTUSED"
  ], 
  "5": [
   "NOTUSED", 
   "ANDD", 
   "ANDD", 
   "NOTUSED", 
   "NOTUSED", 
   "ORR", 
   "ORR", 
   "ORR", 
   "ORR", 
   "ANDD", 
   "ORR", 
   "NOTUSED", 
   "ANDD", 
   "NOTUSED", 
   "ORR"
  ], 
  "4": [
   "NOTUSED", 
   "ANDD", 
   "NOTUSED", 
   "ANDD", 
   "ORR", 
   "NOTUSED", 
   "ANDD", 
   "NOTUSED", 
   "NOTUSED", 
   "ORR", 
   "ORR", 
   "NOTUSED", 
   "NOTUSED", 
   "NOTUSED", 
   "ANDD"
  ], 
  "7": [
   "NOTUSED", 
   "ORR", 
   "ANDD", 
   "ANDD", 
   "NOTUSED", 
   "ORR", 
   "NOTUSED", 
   "NOTUSED", 
   "ORR", 
   "ANDD", 
   "ORR", 
   "NOTUSED", 
   "ORR", 
   "ORR", 
   "NOTUSED"
  ], 
  "6": [
   "ANDD", 
   "ANDD", 
   "NOTUSED", 
   "ORR", 
   "ANDD", 
   "ORR", 
   "NOTUSED", 
   "NOTUSED", 
   "NOTUSED", 
   "ORR", 
   "ORR", 
   "NOTUSED", 
   "NOTUSED", 
   "ANDD", 
   "ANDD"
  ], 
  "9": [
   "ANDD", 
   "NOTUSED", 
   "ORR", 
   "NOTUSED", 
   "ORR", 
   "ANDD", 
   "ORR", 
   "ANDD", 
   "NOTUSED", 
   "NOTUSED", 
   "NOTUSED", 
   "NOTUSED", 
   "ORR", 
   "ORR", 
   "ORR"
  ], 
  "8": [
   "NOTUSED", 
   "ORR", 
   "ANDD", 
   "ANDD", 
   "NOTUSED", 
   "ORR", 
   "NOTUSED", 
   "ORR", 
   "NOTUSED", 
   "NOTUSED", 
   "ORR", 
   "NOTUSED", 
   "ANDD", 
   "ORR", 
   "NOTUSED"
  ]
 }
}