{
 "random_seed": 2687770484, 
 "PARAMETERS": {
  "RADIUS1": 582639.487, 
  "QUADS": 1, 
  "RADIUS2": 498001.731, 
  "DIST": 517485.363, 
  "F_PTS": 28, 
  "K_PTS": 46, 
  "EPSILON": 2.801, 
  "LENGTH1": 999277.561, 
  "G_PTS": 19, 
  "Q_PTS": 54, 
  "N_PTS": 42, 
  "C_PTS": 20, 
  "AREA2": 77740.277, 
  "LENGTH2": 227277.359, 
  "B_PTS": 3, 
  "D_PTS": 8, 
  "AREA1": 199275.688, 
  "A_PTS": 3, 
  "E_PTS": 2
 }, 
 "NUMPOINTS": 56, 
 "points": [
  [
   -432534.627, 
   971867.439
  ], 
  [
   -28597.752, 
   56683.693
  ], 
  [
   -311313.364, 
   -602729.399
  ], 
  [
   103534.688, 
   -166126.509
  ], 
  [
   -364996.249, 
   277403.136
  ], 
  [
   -817873.462, 
   -81900.67
  ], 
  [
   -214098.705, 
   -436734.857
  ], 
  [
   303745.456, 
   -269732.307
  ], 
  [
   172722.009, 
   444882.975
  ], 
  [
   -113420.812, 
   442108.706
  ], 
  [
   58069.333, 
   179434.666
  ], 
  [
   968483.482, 
   358067.91
  ], 
  [
   778266.124, 
   -648175.072
  ], 
  [
   -807794.511, 
   457321.338
  ], 
  [
   44836.527, 
   82158.902
  ], 
  [
   67782.167, 
   196196.531
  ], 
  [
   180186.875, 
   -39959.58
  ], 
  [
   -679319.329, 
   -269562.477
  ], 
  [
   11671.822, 
   869007.174
  ], 
  [
   431732.009, 
   15993.814
  ], 
  [
   933677.76, 
   920224.023
  ], 
  [
   -908093.483, 
   793906.93
  ], 
  [
   -773275.097, 
   578640.23
  ], 
  [
   967955.474, 
   958715.59
  ], 
  [
   -341259.046, 
   863978.849
  ], 
  [
   451805.932, 
   -366262.55
  ], 
  [
   -603341.441, 
   563511.437
  ], 
  [
   553615.152, 
   -168524.098
  ], 
  [
   -239985.466, 
   831470.222
  ], 
  [
   -760983.994, 
   -322328.675
  ], 
  [
   290488.479, 
   -886428.971
  ], 
  [
   -462381.521, 
   -915993.565
  ], 
  [
   -821887.336, 
   -108799.28
  ], 
  [
   152936.046, 
   -916726.518
  ], 
  [
   -953269.664, 
   -880892.674
  ], 
  [
   -271868.215, 
   737036.227
  ], 
  [
   -420659.958, 
   -993268.081
  ], 
  [
   -939892.059, 
   447466.705
  ], 
  [
   -222027.026, 
   -233377.345
  ], 
  [
   -940963.197, 
   -196539.868
  ], 
  [
   997384.392, 
   -213224.097
  ], 
  [
   -21010.941, 
   806639.054
  ], 
  [
   814046.148, 
   544925.798
  ], 
  [
   319211.617, 
   413787.292
  ], 
  [
   387938.859, 
   228761.04
  ], 
  [
   -560420.413, 
   -996118.907
  ], 
  [
   825474.446, 
   870489.012
  ], 
  [
   443746.205, 
   -694393.442
  ], 
  [
   450516.982, 
   222114.543
  ], 
  [
   -374311.572, 
   -808751.964
  ], 
  [
   364721.154, 
   237610.585
  ], 
  [
   -795241.813, 
   506031.993
  ], 
  [
   -129590.237, 
   -409570.393
  ], 
  [
   396208.379, 
   50693.54
  ], 
  [
   920871.591, 
   217814.073
  ], 
  [
   -651363.673, 
   241992.875
  ]
 ], 
 "PUV": [
  true, 
  true, 
  true, 
  false, 
  true, 
  true, 
  false, 
  false, 
  false, 
  true, 
  true, 
  false, 
  false, 
  false, 
  false
 ], 
 "LCM": {
  "11": [
   "ANDD", 
   "NOTUSED", 
   "NOTUSED", 
   "NOTUSED", 
   "ANDD", 
   "ANDD", 
   "ORR", 
   "NOTUSED", 
   "ORR", 
   "NOTUSED", 
   "ORR", 
   "NOTUSED", 
   "ANDD", 
   "NOTUSED", 
   "ANDD"
  ], 
  "10": [
   "NOTUSED", 
   "ORR", 
   "ORR", 
   "NOTUSED", 
   "ORR", 
   "ANDD", 
   "ORR", 
   "ANDD", 
   "ORR", 
   "NOTUSED", 
   "ORR", 
   "ORR", 
   "ORR", 
   "NOTUSED", 
   "NOTUSED"
  ], 
  "13": [
   "ANDD", 
   "ANDD", 
   "ORR", 
   "NOTUSED", 
   "ORR", 
   "NOTUSED", 
   "NOTUSED", 
   "NOTUSED", 
   "NOTUSED", 
   "ORR", 
   "NOTUSED", 
   "NOTUSED", 
   "NOTUSED", 
   "NOTUSED", 
   "ANDD"
  ], 
  "12": [
   "NOTUSED", 
   "NOTUSED", 
   "ORR", 
   "ORR", 
   "ORR", 
   "NOTUSED", 
   "ORR", 
   "ANDD", 
   "ORR", 
   "NOTUSED", 
   "ORR", 
   "ANDD", 
   "ORR", 
   "NOTUSED", 
   "NOTUSED"
  ], 
  "14": [
   "ORR", 
   "NOTUSED", 
   "NOTUSED", 
   "ANDD", 
   "ORR", 
   "ANDD", 
   "ANDD", 
   "NOTUSED", 
   "NOTUSED", 
   "ORR", 
   "NOTUSED", 
   "ANDD", 
   "NOTUSED", 
   "ANDD", 
   "NOTUSED"
  ], 
  "1": [
   "ANDD", 
   "NOTUSED", 
   "NOTUSED", 
   "NOTUSED", 
   "ORR", 
   "NOTUSED", 
   "ORR", 
   "ANDD", 
   "NOTUSED", 
   "ORR", 
   "ORR", 
   "NOTUSED", 
   "NOTUSED", 
   "ANDD", 
   "NOTUSED"
  ], 
  "0": [
   "ANDD", 
   "ANDD", 
   "NOTUSED", 
   "NOTUSED", 
   "ORR", 
   "ORR", 
   "NOTUSED", 
   "ORR", 
   "NOTUSED", 
   "NOTUSED", 
   "NOTUSED", 
   "ANDD", 
   "NOTUSED", 
   "ANDD", 
   "ORR"
  ], 
  "3": [
   "NOTUSED", 
   "NOTUSED", 
   "NOTUSED", 
   "ORR", 
   "NOTUSED", 
   "ANDD", 
   "ANDD", 
   "ORR", 
   "ANDD", 
   "ANDD", 
   "NOTUSED", 
   "NOTUSED", 
   "ORR", 
   "NOTUSED", 
   "ANDD"
  ], 
  "2": [
   "NOTUSED", 
   "NOTUSED", 
   "ANDD", 
   "NOTUSED", 
   "ORR", 
   "ORR", 
   "ANDD", 
   "ORR", 
   "ORR", 
   "ANDD", 
   "ORR", 
   "NOTUSED", 
   "ORR", 
   "ORR", 
   "NOTUSED"
  ], 
  "5": [
   "ORR", 
   "NOTUSED", 
   "ORR", 
   "ANDD", 
   "ANDD", 
   "NOTUSED", 
   "ANDD", 
   "ANDD", 
   "ANDD", 
   "ANDD", 
   "ANDD", 
   "ANDD", 
   "NOTUSED", 
   "NOTUSED", 
   "ANDD"
  ], 
  "4": [
   "ORR", 
   "ORR", 
   "ORR", 
   "NOTUSED", 
   "ORR", 
   "ANDD", 
   "ORR", 
   "ORR", 
   "NOTUSED", 
   "NOTUSED", 
   "ORR", 
   "ANDD", 
   "ORR", 
   "ORR", 
   "ORR"
  ], 
  "7": [
   "ORR", 
   "ANDD", 
   "ORR", 
   "ORR", 
   "ORR", 
   "ANDD", 
   "ORR", 
   "ORR", 
   "NOTUSED", 
   "ORR", 
   "ANDD", 
   "NOTUSED", 
   "ANDD", 
   "NOTUSED", 
   "NOTUSED"
  ], 
  "6": [
   "NOTUSED", 
   "ORR", 
   "ANDD", 
   "ANDD", 
   "ORR", 
   "ANDD", 
   "ORR", 
   "ORR", 
   "NOTUSED", 
   "NOTUSED", 
   "ORR", 
   "ORR", 
   "ORR", 
   "NOTUSED", 
   "ANDD"
  ], 
  "9": [
   "NOTUSED", 
   "ORR", 
   "ANDD", 
   "ANDD", 
   "NOTUSED", 
   "ANDD", 
   "NOTUSED", 
   "ORR", 
   "ANDD", 
   "ANDD", 
   "NOTUSED", 
   "NOTUSED", 
   "NOTUSED", 
   "ORR", 
   "ORR"
  ], 
  "8": [
   "NOTUSED", 
   "NOTUSED", 
   "ORR", 
   "ANDD", 
   "NOTUSED", 
   "ANDD", 
   "NOTUSED", 
   "NOTUSED", 
   "ORR", 
   "ANDD", 
   "ORR", 
   "ORR", 
   "ORR", 
   "NOTUSED", 
   "NOTUSED"
  ]
 }
}