{
 "random_seed": 2480822242, 
 "PARAMETERS": {
  "RADIUS1": 649743.989, 
  "QUADS": 3, 
  "RADIUS2": 41087.879, 
  "DIST": 584487.507, 
  "F_PTS": 14, 
  "K_PTS": 18, 
  "EPSILON": 0.189, 
  "LENGTH1": 221019.141, 
  "G_PTS": 8, 
  "Q_PTS": 46, 
  "N_PTS": 48, 
  "C_PTS": 5, 
  "AREA2": 121240.798, 
  "LENGTH2": 376128.238, 
  "B_PTS": 26, 
  "D_PTS": 4, 
  "AREA1": 226985.464, 
  "A_PTS": 5, 
  "E_PTS": 15
 }, 
 "NUMPOINTS": 55, 
 "points": [
  [
   609838.715, 
   -900668.577
  ], 
  [
   -392182.645, 
   485493.015
  ], 
  [
   99258.768, 
   454114.956
  ], 
  [
   -502202.227, 
   -953118.749
  ], 
  [
   454814.034, 
   -783280.591
  ], 
  [
   -925481.064, 
   -992590.91
  ], 
  [
   49953.612, 
   303915.374
  ], 
  [
   -87704.811, 
   -834766.388
  ], 
  [
   -404904.894, 
   -866049.637
  ], 
  [
   -825477.889, 
   -699195.711
  ], 
  [
   -145448.197, 
   750231.16
  ], 
  [
   606222.786, 
   156233.557
  ], 
  [
   470531.375, 
   632467.292
  ], 
  [
   316883.156, 
   -951414.87
  ], 
  [
   95339.937, 
   -642037.109
  ], 
  [
   411930.565, 
   -893459.785
  ], 
  [
   624797.88, 
   -576175.612
  ], 
  [
   -356619.288, 
   -880949.556
  ], 
  [
   599846.608, 
   285474.768
  ], 
  [
   754033.937, 
   -996746.283
  ], 
  [
   116111.516, 
   390190.986
  ], 
  [
   699503.316, 
   -993222.253
  ], 
  [
   393052.225, 
   783372.617
  ], 
  [
   940079.396, 
   -303073.501
  ], 
  [
   -106290.499, 
   391323.85
  ], 
  [
   373083.823, 
   628179.404
  ], 
  [
   -653793.093, 
   -989863.981
  ], 
  [
   657233.802, 
   336924.831
  ], 
  [
   166743.468, 
   691946.831
  ], 
  [
   85591.465, 
   338229.633
  ], 
  [
   718048.797, 
   -365511.333
  ], 
  [
   67738.764, 
   545493.144
  ], 
  [
   -785083.779, 
   -572028.58
  ], 
  [
   -150228.928, 
   254021.255
  ], 
  [
   53698.632, 
   -274990.394
  ], 
  [
   549266.635, 
   -989638.027
  ], 
  [
   -806750.887, 
   622213.396
  ], 
  [
   722502.298, 
   -881545.787
  ], 
  [
   -718082.464, 
   847247.613
  ], 
  [
   514588.516, 
   -522428.374
  ], 
  [
   960211.782, 
   633488.852
  ], 
  [
   -193080.223, 
   125880.441
  ], 
  [
   582011.531, 
   559173.873
  ], 
  [
   -928006.42, 
   730395.424
  ], 
  [
   127332.152, 
   969635.686
  ], 
  [
   880995.928, 
   547453.646
  ], 
  [
   959257.376, 
   -608952.828
  ], 
  [
   -365072.998, 
   257230.147
  ], 
  [
   -861899.516, 
   -278123.148
  ], 
  [
   -978586.665, 
   463281.025
  ], 
  [
   -232242.29, 
   -885323.964
  ], 
  [
   -797132.666, 
   -68948.691
  ], 
  [
   132201.135, 
   -930738.744
  ], 
  [
   141466.606, 
   -117712.007
  ], 
  [
   11926.092, 
   -544775.458
  ]
 ], 
 "PUV": [
  false, 
  true, 
  true, 
  false, 
  false, 
  true, 
  false, 
  true, 
  true, 
  true, 
  false, 
  true, 
  true, 
  true, 
  true
 ], 
 "LCM": {
  "11": [
   "ANDD", 
   "ORR", 
   "ORR", 
   "ANDD", 
   "ANDD", 
   "ANDD", 
   "ANDD", 
   "NOTUSED", 
   "ANDD", 
   "ORR", 
   "ANDD", 
   "ANDD", 
   "NOTUSED", 
   "ORR", 
   "ORR"
  ], 
  "10": [
   "ORR", 
   "ORR", 
   "ORR", 
   "ORR", 
   "ANDD", 
   "ORR", 
   "ANDD", 
   "ANDD", 
   "NOTUSED", 
   "NOTUSED", 
   "ORR", 
   "ANDD", 
   "NOTUSED", 
   "ANDD", 
   "NOTUSED"
  ], 
  "13": [
   "ORR", 
   "NOTUSED", 
   "ANDD", 
   "NOTUSED", 
   "ORR", 
   "ORR", 
   "NOTUSED", 
   "NOTUSED", 
   "NOTUSED", 
   "ANDD", 
   "ANDD", 
   "ORR", 
   "ANDD", 
   "ANDD", 
   "NOTUSED"
  ], 
  "12": [
   "ORR", 
   "NOTUSED", 
   "ORR", 
   "NOTUSED", 
   "ANDD", 
   "NOTUSED", 
   "NOTUSED", 
   "ORR", 
   "ORR", 
   "ANDD", 
   "NOTUSED", 
   "NOTUSED", 
   "ORR", 
   "ANDD", 
   "ORR"
  ], 
  "14": [
   "ORR", 
   "ANDD", 
   "ANDD", 
   "NOTUSED", 
   "ORR", 
   "NOTUSED", 
   "ORR", 
   "ANDD", 
   "NOTUSED", 
   "ORR", 
   "NOTUSED", 
   "ORR", 
   "ORR", 
   "NOTUSED", 
   "NOTUSED"
  ], 
  "1": [
   "NOTUSED", 
   "ANDD", 
   "NOTUSED", 
   "ANDD", 
   "ANDD", 
   "ORR", 
   "NOTUSED", 
   "ORR", 
   "NOTUSED", 
   "NOTUSED", 
   "ORR", 
   "ORR", 
   "NOTUSED", 
   "NOTUSED", 
   "ANDD"
  ], 
  "0": [
   "ORR", 
   "NOTUSED", 
   "NOTUSED", 
   "ORR", 
   "ANDD", 
   "ORR", 
   "ANDD", 
   "ANDD", 
   "NOTUSED", 
   "ORR", 
   "ORR", 
   "ANDD", 
   "ORR", 
   "ORR", 
   "ORR"
  ], 
  "3": [
   "ORR", 
   "ANDD", 
   "ORR", 
   "ANDD", 
   "NOTUSED", 
   "ANDD", 
   "ANDD", 
   "NOTUSED", 
   "ANDD", 
   "ANDD", 
   "ORR", 
   "ANDD", 
   "NOTUSED", 
   "NOTUSED", 
   "NOTUSED"
  ], 
  "2": [
   "NOTUSED", 
   "NOTUSED", 
   "NOTUSED", 
   "ORR", 
   "NOTUSED", 
   "NOTUSED", 
   "NOTUSED", 
   "NOTUSED", 
   "NOTUSED", 
   "ORR", 
   "ORR", 
   "ORR", 
   "ORR", 
   "ANDD", 
   "ANDD"
  ], 
  "5": [
   "ORR", 
   "ORR", 
   "NOTUSED", 
   "ANDD", 
   "ANDD", 
   "ORR", 
   "ORR", 
   "ORR", 
   "ORR", 
   "ORR", 
   "ORR", 
   "ANDD", 
   "NOTUSED", 
   "ORR", 
   "NOTUSED"
  ], 
  "4": [
   "ANDD", 
   "ANDD", 
   "NOTUSED", 
   "NOTUSED", 
   "ORR", 
   "ANDD", 
   "ORR", 
   "NOTUSED", 
   "ORR", 
   "ANDD", 
   "ANDD", 
   "ANDD", 
   "ANDD", 
   "ORR", 
   "ORR"
  ], 
  "7": [
   "ANDD", 
   "ORR", 
   "NOTUSED", 
   "NOTUSED", 
   "NOTUSED", 
   "ORR", 
   "ANDD", 
   "ORR", 
   "NOTUSED", 
   "ANDD", 
   "ANDD", 
   "NOTUSED", 
   "ORR", 
   "NOTUSED", 
   "ANDD"
  ], 
  "6": [
   "ANDD", 
   "NOTUSED", 
   "NOTUSED", 
   "ANDD", 
   "ORR", 
   "ORR", 
   "NOTUSED", 
   "ANDD", 
   "NOTUSED", 
   "ORR", 
   "ANDD", 
   "ANDD", 
   "NOTUSED", 
   "NOTUSED", 
   "ORR"
  ], 
  "9": [
   "ORR", 
   "NOTUSED", 
   "ORR", 
   "ANDD", 
   "ANDD", 
   "ORR", 
   "ORR", 
   "ANDD", 
   "ANDD", 
   "ORR", 
   "NOTUSED", 
   "ORR", 
   "ANDD", 
   "ANDD", 
   "ORR"
  ], 
  "8": [
   "NOTUSED", 
   "NOTUSED", 
   "NOTUSED", 
   "ANDD", 
   "ORR", 
   "ORR", 
   "NOTUSED", 
   "NOTUSED", 
   "ANDD", 
   "ANDD", 
   "NOTUSED", 
   "ANDD", 
   "ORR", 
   "NOTUSED", 
   "NOTUSED"
  ]
 }
}