{
 "random_seed": 3547468856, 
 "PARAMETERS": {
  "RADIUS1": 852680.31, 
  "QUADS": 1, 
  "RADIUS2": 885810.994, 
  "DIST": 709883.907, 
  "F_PTS": 42, 
  "K_PTS": 20, 
  "EPSILON": 1.228, 
  "LENGTH1": 37462.937, 
  "G_PTS": 45, 
  "Q_PTS": 41, 
  "N_PTS": 25, 
  "C_PTS": 18, 
  "AREA2": 265158.642, 
  "LENGTH2": 706258.513, 
  "B_PTS": 34, 
  "D_PTS": 13, 
  "AREA1": 810865.818, 
  "A_PTS": 10, 
  "E_PTS": 10
 }, 
 "NUMPOINTS": 63, 
 "points": [
  [
   905741.502, 
   101802.904
  ], 
  [
   981854.164, 
   400924.067
  ], 
  [
   524835.912, 
   589420.642
  ], 
  [
   -200572.255, 
   799249.202
  ], 
  [
   -461283.241, 
   -684575.601
  ], 
  [
   -949985.236, 
   -729489.057
  ], 
  [
   -381175.396, 
   -394966.026
  ], 
  [
   934164.292, 
   -234365.981
  ], 
  [
   881574.282, 
   -320143.79
  ], 
  [
   303404.873, 
   -147871.007
  ], 
  [
   -580812.484, 
   -813237.134
  ], 
  [
   677726.927, 
   677658.003
  ], 
  [
   -569546.21, 
   -28317.073
  ], 
  [
   413289.334, 
   671606.657
  ], 
  [
   346697.936, 
   717894.086
  ], 
  [
   131066.725, 
   -484556.245
  ], 
  [
   498824.14, 
   352013.46
  ], 
  [
   656707.609, 
   -142979.39
  ], 
  [
   -180865.547, 
   -274290.689
  ], 
  [
   374282.471, 
   479696.035
  ], 
  [
   -763810.231, 
   980127.006
  ], 
  [
   846434.718, 
   630338.342
  ], 
  [
   -112798.534, 
   -70033.086
  ], 
  [
   166588.957, 
   -234231.255
  ], 
  [
   -677483.063, 
   -500533.958
  ], 
  [
   -545135.875, 
   -737098.041
  ], 
  [
   32787.4, 
   877260.061
  ], 
  [
   302006.276, 
   461570.419
  ], 
  [
   -524054.576, 
   49308.557
  ], 
  [
   584036.664, 
   -318834.974
  ], 
  [
   -992442.067, 
   231482.366
  ], 
  [
   -67056.212, 
   -294937.208
  ], 
  [
   -882098.793, 
   457078.684
  ], 
  [
   110099.29, 
   816371.2
  ], 
  [
   -705838.857, 
   881163.712
  ], 
  [
   320090.796, 
   12912.12
  ], 
  [
   -722475.576, 
   465989.37
  ], 
  [
   492466.723, 
   -912978.678
  ], 
  [
   940889.027, 
   -199512.82
  ], 
  [
   -357341.341, 
   -439250.423
  ], 
  [
   -815240.177, 
   -213688.505
  ], 
  [
   331132.876, 
   868289.557
  ], 
  [
   -155590.623, 
   -126204.025
  ], 
  [
   792518.089, 
   -615627.449
  ], 
  [
   820819.262, 
   -801083.747
  ], 
  [
   -604516.598, 
   347650.958
  ], 
  [
   863656.007, 
   -686313.298
  ], 
  [
   661340.805, 
   -253031.765
  ], 
  [
   -706484.618, 
   -903640.954
  ], 
  [
   -585377.015, 
   -965787.242
  ], 
  [
   -733181.638, 
   -391090.788
  ], 
  [
   26899.109, 
   -934584.885
  ], 
  [
   -464966.668, 
   89692.162
  ], 
  [
   -486922.34, 
   299910.079
  ], 
  [
   621071.983, 
   394415.636
  ], 
  [
   387759.878, 
   684014.487
  ], 
  [
   205945.612, 
   108466.88
  ], 
  [
   -887927.611, 
   -744774.513
  ], 
  [
   -139617.33, 
   -914110.6
  ], 
  [
   -875009.962, 
   959252.865
  ], 
  [
   -713590.221, 
   396411.538
  ], 
  [
   -878341.693, 
   250501.152
  ], 
  [
   -441828.653, 
   440387.56
  ]
 ], 
 "PUV": [
  false, 
  true, 
  true, 
  false, 
  true, 
  false, 
  false, 
  false, 
  false, 
  true, 
  false, 
  true, 
  false, 
  true, 
  true
 ], 
 "LCM": {
  "11": [
   "NOTUSED", 
   "NOTUSED", 
   "ANDD", 
   "NOTUSED", 
   "ORR", 
   "ANDD", 
   "ANDD", 
   "ORR", 
   "ANDD", 
   "ANDD", 
   "ORR", 
   "ORR", 
   "ORR", 
   "NOTUSED", 
   "ORR"
  ], 
  "10": [
   "ANDD", 
   "NOTUSED", 
   "ANDD", 
   "NOTUSED", 
   "NOTUSED", 
   "ORR", 
   "NOTUSED", 
   "ANDD", 
   "NOTUSED", 
   "ORR", 
   "ORR", 
   "ORR", 
   "NOTUSED", 
   "ORR", 
   "ORR"
  ], 
  "13": [
   "NOTUSED", 
   "ANDD", 
   "NOTUSED", 
   "ORR", 
   "NOTUSED", 
   "NOTUSED", 
   "ANDD", 
   "ANDD", 
   "NOTUSED", 
   "ORR", 
   "ORR", 
   "NOTUSED", 
   "NOTUSED", 
   "NOTUSED", 
   "ANDD"
  ], 
  "12": [
   "ANDD", 
   "NOTUSED", 
   "ORR", 
   "NOTUSED", 
   "ANDD", 
   "ORR", 
   "ANDD", 
   "ORR", 
   "NOTUSED", 
   "ANDD", 
   "NOTUSED", 
   "ORR", 
   "ORR", 
   "NOTUSED", 
   "ANDD"
  ], 
  "14": [
   "NOTUSED", 
   "ANDD", 
   "ORR", 
   "NOTUSED", 
   "ORR", 
   "NOTUSED", 
   "ORR", 
   "ORR", 
   "ANDD", 
   "NOTUSED", 
   "ORR", 
   "ORR", 
   "ANDD", 
   "ANDD", 
   "ORR"
  ], 
  "1": [
   "NOTUSED", 
   "ORR", 
   "ORR", 
   "ANDD", 
   "ANDD", 
   "NOTUSED", 
   "ANDD", 
   "ORR", 
   "ANDD", 
   "NOTUSED", 
   "NOTUSED", 
   "NOTUSED", 
   "NOTUSED", 
   "ANDD", 
   "ANDD"
  ], 
  "0": [
   "ORR", 
   "NOTUSED", 
   "ORR", 
   "ORR", 
   "ANDD", 
   "NOTUSED", 
   "NOTUSED", 
   "NOTUSED", 
   "NOTUSED", 
   "ANDD", 
   "ANDD", 
   "NOTUSED", 
   "ANDD", 
   "NOTUSED", 
   "NOTUSED"
  ], 
  "3": [
   "ORR", 
   "ANDD", 
   "NOTUSED", 
   "NOTUSED", 
   "ORR", 
   "ORR", 
   "ORR", 
   "ORR", 
   "NOTUSED", 
   "NOTUSED", 
   "NOTUSED", 
   "NOTUSED", 
   "NOTUSED", 
   "ORR", 
   "NOTUSED"
  ], 
  "2": [
   "ORR", 
   "ORR", 
   "ANDD", 
   "NOTUSED", 
   "ANDD", 
   "ORR", 
   "ORR", 
   "NOTUSED", 
   "ORR", 
   "ORR", 
   "ANDD", 
   "ANDD", 
   "ORR", 
   "NOTUSED", 
   "ORR"
  ], 
  "5": [
   "NOTUSED", 
   "NOTUSED", 
   "ORR", 
   "ORR", 
   "ANDD", 
   "ANDD", 
   "NOTUSED", 
   "ORR", 
   "ANDD", 
   "NOTUSED", 
   "ORR", 
   "ANDD", 
   "ORR", 
   "NOTUSED", 
   "NOTUSED"
  ], 
  "4": [
   "ANDD", 
   "ANDD", 
   "ANDD", 
   "ORR", 
   "ANDD", 
   "ANDD", 
   "ANDD", 
   "ORR", 
   "NOTUSED", 
   "NOTUSED", 
   "NOTUSED", 
   "ORR", 
   "ANDD", 
   "NOTUSED", 
   "ORR"
  ], 
  "7": [
   "NOTUSED", 
   "ORR", 
   "NOTUSED", 
   "ORR", 
   "ORR", 
   "ORR", 
   "ORR", 
   "ANDD", 
   "ANDD", 
   "ORR", 
   "ANDD", 
   "ORR", 
   "ORR", 
   "ANDD", 
   "ORR"
  ], 
  "6": [
   "NOTUSED", 
   "ANDD", 
   "ORR", 
   "ORR", 
   "ANDD", 
   "NOTUSED", 
   "ORR", 
   "ORR", 
   "ANDD", 
   "NOTUSED", 
   "NOTUSED", 
   "ANDD", 
   "ANDD", 
   "ANDD", 
   "ORR"
  ], 
  "9": [
   "ANDD", 
   "NOTUSED", 
   "ORR", 
   "NOTUSED", 
   "NOTUSED", 
   "NOTUSED", 
   "NOTUSED", 
   "ORR", 
   "ANDD", 
   "NOTUSED", 
   "ORR", 
   "ANDD", 
   "ANDD", 
   "ORR", 
   "NOTUSED"
  ], 
  "8": [
   "NOTUSED", 
   "ANDD", 
   "ORR", 
   "NOTUSED", 
   "NOTUSED", 
   "ANDD", 
   "ANDD", 
   "ANDD", 
   "ANDD", 
   "ANDD", 
   "NOTUSED", 
   "ANDD", 
   "NOTUSED", 
   "NOTUSED", 
   "ANDD"
  ]
 }
}