{
 "random_seed": 4012328882, 
 "PARAMETERS": {
  "RADIUS1": 737444.202, 
  "QUADS": 3, 
  "RADIUS2": 332410.703, 
  "DIST": 183846.916, 
  "F_PTS": 29, 
  "K_PTS": 36, 
  "EPSILON": 2.182, 
  "LENGTH1": 905957.383, 
  "G_PTS": 37, 
  "Q_PTS": 37, 
  "N_PTS": 12, 
  "C_PTS": 32, 
  "AREA2": 187073.736, 
  "LENGTH2": 470393.98, 
  "B_PTS": 33, 
  "D_PTS": 5, 
  "AREA1": 920874.316, 
  "A_PTS": 15, 
  "E_PTS": 5
 }, 
 "NUMPOINTS": 52, 
 "points": [
  [
   -806035.525, 
   -681054.025
  ], 
  [
   -19865.656, 
   -719565.325
  ], 
  [
   -264768.844, 
   -312515.761
  ], 
  [
   451477.963, 
   703335.506
  ], 
  [
   11556.615, 
   41913.546
  ], 
  [
   171272.349, 
   107831.944
  ], 
  [
   415422.551, 
   868098.993
  ], 
  [
   -157218.05, 
   -76784.705
  ], 
  [
   913548.289, 
   -874372.172
  ], 
  [
   -407310.664, 
   -57234.662
  ], 
  [
   -613275.106, 
   -628223.247
  ], 
  [
   158039.377, 
   -876068.982
  ], 
  [
   769776.599, 
   -263241.077
  ], 
  [
   -153029.198, 
   486122.479
  ], 
  [
   -485890.312, 
   -343201.933
  ], 
  [
   -844092.793, 
   562918.248
  ], 
  [
   333938.549, 
   304351.752
  ], 
  [
   -451795.208, 
   -641582.237
  ], 
  [
   -112959.048, 
   996172.342
  ], 
  [
   237548.936, 
   -529318.937
  ], 
  [
   198013.989, 
   -748800.754
  ], 
  [
   279110.213, 
   327313.195
  ], 
  [
   651378.411, 
   -330062.913
  ], 
  [
   971257.316, 
   -775420.438
  ], 
  [
   -921430.556, 
   -191568.201
  ], 
  [
   -244256.391, 
   593902.279
  ], 
  [
   -29665.381, 
   323974.294
  ], 
  [
   -750585.661, 
   924359.666
  ], 
  [
   -511609.857, 
   159571.108
  ], 
  [
   -297678.731, 
   -365901.858
  ], 
  [
   -828648.305, 
   4831.423
  ], 
  [
   773756.612, 
   -453753.436
  ], 
  [
   964661.938, 
   112957.252
  ], 
  [
   -786594.17, 
   963695.092
  ], 
  [
   608478.22, 
   479967.457
  ], 
  [
   -27309.377, 
   -914871.08
  ], 
  [
   -960664.504, 
   334957.357
  ], 
  [
   788504.76, 
   320063.678
  ], 
  [
   655045.815, 
   -134477.495
  ], 
  [
   565240.966, 
   680094.753
  ], 
  [
   -19367.911, 
   8566.875
  ], 
  [
   688189.046, 
   370490.257
  ], 
  [
   -449717.748, 
   425374.333
  ], 
  [
   -234898.061, 
   557411.948
  ], 
  [
   858473.882, 
   802750.703
  ], 
  [
   -433338.388, 
   -688788.055
  ], 
  [
   -457012.565, 
   -934724.712
  ], 
  [
   978536.237, 
   -943759.351
  ], 
  [
   343651.704, 
   400216.684
  ], 
  [
   329686.041, 
   349689.93
  ], 
  [
   -960893.881, 
   -877311.272
  ], 
  [
   462068.069, 
   476074.805
  ]
 ], 
 "PUV": [
  true, 
  true, 
  false, 
  false, 
  false, 
  false, 
  false, 
  false, 
  true, 
  false, 
  true, 
  false, 
  true, 
  true, 
  false
 ], 
 "LCM": {
  "11": [
   "NOTUSED", 
   "ANDD", 
   "NOTUSED", 
   "ORR", 
   "ANDD", 
   "NOTUSED", 
   "ORR", 
   "ORR", 
   "ANDD", 
   "NOTUSED", 
   "ORR", 
   "ORR", 
   "ANDD", 
   "ORR", 
   "ANDD"
  ], 
  "10": [
   "ANDD", 
   "ORR", 
   "ANDD", 
   "NOTUSED", 
   "ORR", 
   "NOTUSED", 
   "ORR", 
   "ANDD", 
   "NOTUSED", 
   "ANDD", 
   "ANDD", 
   "ORR", 
   "ORR", 
   "NOTUSED", 
   "ORR"
  ], 
  "13": [
   "ANDD", 
   "ORR", 
   "NOTUSED", 
   "ANDD", 
   "NOTUSED", 
   "ANDD", 
   "NOTUSED", 
   "NOTUSED", 
   "ANDD", 
   "ORR", 
   "NOTUSED", 
   "ORR", 
   "ORR", 
   "NOTUSED", 
   "ANDD"
  ], 
  "12": [
   "ORR", 
   "NOTUSED", 
   "ANDD", 
   "NOTUSED", 
   "NOTUSED", 
   "NOTUSED", 
   "NOTUSED", 
   "NOTUSED", 
   "NOTUSED", 
   "ANDD", 
   "ORR", 
   "ANDD", 
   "ORR", 
   "ORR", 
   "ANDD"
  ], 
  "14": [
   "NOTUSED", 
   "ORR", 
   "NOTUSED", 
   "ANDD", 
   "NOTUSED", 
   "NOTUSED", 
   "NOTUSED", 
   "NOTUSED", 
   "ORR", 
   "NOTUSED", 
   "ORR", 
   "ANDD", 
   "ANDD", 
   "ANDD", 
   "ORR"
  ], 
  "1": [
   "ANDD", 
   "ANDD", 
   "ORR", 
   "ANDD", 
   "ORR", 
   "NOTUSED", 
   "ANDD", 
   "ORR", 
   "ORR", 
   "ORR", 
   "ORR", 
   "ANDD", 
   "NOTUSED", 
   "ORR", 
   "ORR"
  ], 
  "0": [
   "ANDD", 
   "ANDD", 
   "ORR", 
   "NOTUSED", 
   "ORR", 
   "ORR", 
   "ANDD", 
   "ORR", 
   "ANDD", 
   "ANDD", 
   "ANDD", 
   "NOTUSED", 
   "ORR", 
   "ANDD", 
   "NOTUSED"
  ], 
  "3": [
   "NOTUSED", 
   "ANDD", 
   "ANDD", 
   "ORR", 
   "NOTUSED", 
   "ORR", 
   "ORR", 
   "ANDD", 
   "ORR", 
   "ORR", 
   "NOTUSED", 
   "ORR", 
   "NOTUSED", 
   "ANDD", 
   "ANDD"
  ], 
  "2": [
   "ORR", 
   "ORR", 
   "NOTUSED", 
   "ANDD", 
   "NOTUSED", 
   "NOTUSED", 
   "ANDD", 
   "NOTUSED", 
   "NOTUSED", 
   "ANDD", 
   "ANDD", 
   "NOTUSED", 
   "ANDD", 
   "NOTUSED", 
   "NOTUSED"
  ], 
  "5": [
   "ORR", 
   "NOTUSED", 
   "NOTUSED", 
   "ORR", 
   "NOTUSED", 
   "ANDD", 
   "NOTUSED", 
   "ORR", 
   "ANDD", 
   "ANDD", 
   "NOTUSED", 
   "NOTUSED", 
   "NOTUSED", 
   "ANDD", 
   "NOTUSED"
  ], 
  "4": [
   "ORR", 
   "ORR", 
   "NOTUSED", 
   "NOTUSED", 
   "ANDD", 
   "NOTUSED", 
   "ORR", 
   "NOTUSED", 
   "NOTUSED", 
   "ORR", 
   "ORR", 
   "ANDD", 
   "NOTUSED", 
   "NOTUSED", 
   "NOTUSED"
  ], 
  "7": [
   "ORR", 
   "ORR", 
   "NOTUSED", 
   "ANDD", 
   "NOTUSED", 
   "ORR", 
   "NOTUSED", 
   "ANDD", 
   "ORR", 
   "ANDD", 
   "ANDD", 
   "ORR", 
   "NOTUSED", 
   "NOTUSED", 
   "NOTUSED"
  ], 
  "6": [
   "ANDD", 
   "ANDD", 
   "ANDD", 
   "ORR", 
   "ORR", 
   "NOTUSED", 
   "ORR", 
   "NOTUSED", 
   "ORR", 
   "NOTUSED", 
   "ORR", 
   "ORR", 
   "NOTUSED", 
   "NOTUSED", 
   "NOTUSED"
  ], 
  "9": [
   "ANDD", 
   "ORR", 
   "ANDD", 
   "ORR", 
   "ORR", 
   "ANDD", 
   "NOTUSED", 
   "ANDD", 
   "NOTUSED", 
   "ANDD", 
   "ANDD", 
   "NOTUSED", 
   "ANDD", 
   "ORR", 
   "NOTUSED"
  ], 
  "8": [
   "ANDD", 
   "ORR", 
   "NOTUSED", 
   "ORR", 
   "NOTUSED", 
   "ANDD", 
   "ORR", 
   "ORR", 
   "ANDD", 
   "NOTUSED", 
   "NOTUSED", 
   "ANDD", 
   "NOTUSED", 
   "ANDD", 
   "ORR"
  ]
 }
}