{
 "random_seed": 3308615210, 
 "PARAMETERS": {
  "RADIUS1": 185036.751, 
  "QUADS": 2, 
  "RADIUS2": 760487.406, 
  "DIST": 767695.736, 
  "F_PTS": 15, 
  "K_PTS": 29, 
  "EPSILON": 0.177, 
  "LENGTH1": 548597.146, 
  "G_PTS": 14, 
  "Q_PTS": 27, 
  "N_PTS": 19, 
  "C_PTS": 32, 
  "AREA2": 559861.754, 
  "LENGTH2": 980167.077, 
  "B_PTS": 32, 
  "D_PTS": 1, 
  "AREA1": 133860.585, 
  "A_PTS": 5, 
  "E_PTS": 18
 }, 
 "NUMPOINTS": 40, 
 "points": [
  [
   342522.701, 
   -406647.507
  ], 
  [
   -266930.766, 
   103034.176
  ], 
  [
   702138.741, 
   396426.759
  ], 
  [
   -752224.449, 
   366398.142
  ], 
  [
   -550145.568, 
   329877.606
  ], 
  [
   -125993.907, 
   545679.776
  ], 
  [
   595129.728, 
   -387053.522
  ], 
  [
   542604.116, 
   1062.069
  ], 
  [
   929874.056, 
   -793205.503
  ], 
  [
   -59064.943, 
   793163.605
  ], 
  [
   -616024.142, 
   379148.476
  ], 
  [
   829202.106, 
   309968.074
  ], 
  [
   273365.407, 
   173014.222
  ], 
  [
   -116135.463, 
   -141079.582
  ], 
  [
   418629.252, 
   213649.766
  ], 
  [
   -961804.766, 
   -41264.52
  ], 
  [
   -57743.056, 
   -242056.372
  ], 
  [
   -439455.121, 
   463807.334
  ], 
  [
   965200.155, 
   -802540.853
  ], 
  [
   296292.735, 
   422504.969
  ], 
  [
   573112.733, 
   66938.409
  ], 
  [
   19398.62, 
   -136264.157
  ], 
  [
   555258.307, 
   -892007.655
  ], 
  [
   -423678.115, 
   559958.361
  ], 
  [
   -370524.984, 
   175242.138
  ], 
  [
   450487.461, 
   -716624.358
  ], 
  [
   964629.888, 
   -267559.113
  ], 
  [
   785383.768, 
   567115.06
  ], 
  [
   349049.777, 
   441319.222
  ], 
  [
   756891.995, 
   -748204.545
  ], 
  [
   914082.981, 
   -907891.831
  ], 
  [
   -895917.617, 
   -269451.353
  ], 
  [
   -52654.155, 
   -388134.271
  ], 
  [
   223848.304, 
   314444.257
  ], 
  [
   350192.476, 
   -280131.575
  ], 
  [
   823180.199, 
   593913.056
  ], 
  [
   -978471.989, 
   -101650.964
  ], 
  [
   648057.814, 
   40052.237
  ], 
  [
   655931.836, 
   370504.702
  ], 
  [
   803760.563, 
   -665194.364
  ]
 ], 
 "PUV": [
  true, 
  false, 
  false, 
  false, 
  false, 
  true, 
  true, 
  false, 
  false, 
  true, 
  true, 
  true, 
  false, 
  false, 
  true
 ], 
 "LCM": {
  "11": [
   "ANDD", 
   "ANDD", 
   "ORR", 
   "ORR", 
   "ORR", 
   "ORR", 
   "ORR", 
   "ORR", 
   "ANDD", 
   "ORR", 
   "ANDD", 
   "NOTUSED", 
   "NOTUSED", 
   "ORR", 
   "ANDD"
  ], 
  "10": [
   "ANDD", 
   "ORR", 
   "NOTUSED", 
   "NOTUSED", 
   "ORR", 
   "NOTUSED", 
   "NOTUSED", 
   "ANDD", 
   "ANDD", 
   "ANDD", 
   "ORR", 
   "ANDD", 
   "ORR", 
   "ORR", 
   "ORR"
  ], 
  "13": [
   "NOTUSED", 
   "ORR", 
   "ORR", 
   "ANDD", 
   "ANDD", 
   "ANDD", 
   "ANDD", 
   "ORR", 
   "ORR", 
   "ORR", 
   "ORR", 
   "ORR", 
   "NOTUSED", 
   "ORR", 
   "NOTUSED"
  ], 
  "12": [
   "NOTUSED", 
   "NOTUSED", 
   "NOTUSED", 
   "ANDD", 
   "ANDD", 
   "NOTUSED", 
   "ORR", 
   "ORR", 
   "ANDD", 
   "ANDD", 
   "ORR", 
   "NOTUSED", 
   "ANDD", 
   "NOTUSED", 
   "ORR"
  ], 
  "14": [
   "NOTUSED", 
   "ORR", 
   "NOTUSED", 
   "ANDD", 
   "ORR", 
   "ORR", 
   "ORR", 
   "ORR", 
   "ANDD", 
   "ORR", 
   "ORR", 
   "ANDD", 
   "ORR", 
   "NOTUSED", 
   "NOTUSED"
  ], 
  "1": [
   "ORR", 
   "ANDD", 
   "ANDD", 
   "NOTUSED", 
   "ANDD", 
   "NOTUSED", 
   "ANDD", 
   "NOTUSED", 
   "ANDD", 
   "NOTUSED", 
   "ORR", 
   "ANDD", 
   "NOTUSED", 
   "ORR", 
   "ORR"
  ], 
  "0": [
   "NOTUSED", 
   "ORR", 
   "ORR", 
   "NOTUSED", 
   "ORR", 
   "ANDD", 
   "NOTUSED", 
   "ORR", 
   "ANDD", 
   "ORR", 
   "ANDD", 
   "ANDD", 
   "NOTUSED", 
   "NOTUSED", 
   "NOTUSED"
  ], 
  "3": [
   "NOTUSED", 
   "NOTUSED", 
   "NOTUSED", 
   "ORR", 
   "NOTUSED", 
   "ORR", 
   "ORR", 
   "NOTUSED", 
   "ANDD", 
   "ANDD", 
   "NOTUSED", 
   "ORR", 
   "ANDD", 
   "ANDD", 
   "ANDD"
  ], 
  "2": [
   "ORR", 
   "ANDD", 
   "ANDD", 
   "NOTUSED", 
   "ORR", 
   "ANDD", 
   "ANDD", 
   "NOTUSED", 
   "ANDD", 
   "ORR", 
   "NOTUSED", 
   "ORR", 
   "NOTUSED", 
   "ORR", 
   "NOTUSED"
  ], 
  "5": [
   "ANDD", 
   "NOTUSED", 
   "ANDD", 
   "ORR", 
   "ORR", 
   "NOTUSED", 
   "ANDD", 
   "ANDD", 
   "NOTUSED", 
   "ORR", 
   "NOTUSED", 
   "ORR", 
   "NOTUSED", 
   "ANDD", 
   "ORR"
  ], 
  "4": [
   "ORR", 
   "ANDD", 
   "ORR", 
   "NOTUSED", 
   "ANDD", 
   "ORR", 
   "NOTUSED", 
   "NOTUSED", 
   "ORR", 
   "ANDD", 
   "ORR", 
   "ORR", 
   "ANDD", 
   "ANDD", 
   "ORR"
  ], 
  "7": [
   "ORR", 
   "NOTUSED", 
   "NOTUSED", 
   "NOTUSED", 
   "NOTUSED", 
   "ANDD", 
   "ORR", 
   "ANDD", 
   "ORR", 
   "ORR", 
   "ANDD", 
   "ORR", 
   "ORR", 
   "ORR", 
   "ORR"
  ], 
  "6": [
   "NOTUSED", 
   "ANDD", 
   "ANDD", 
   "ORR", 
   "NOTUSED", 
   "ANDD", 
   "ANDD", 
   "ORR", 
   "NOTUSED", 
   "ANDD", 
   "NOTUSED", 
   "ORR", 
   "ORR", 
   "ANDD", 
   "ORR"
  ], 
  "9": [
   "ORR", 
   "NOTUSED", 
   "ORR", 
   "ANDD", 
   "ANDD", 
   "ORR", 
   "ANDD", 
   "ORR", 
   "NOTUSED", 
   "NOTUSED", 
   "ANDD", 
   "ORR", 
   "ANDD", 
   "ORR", 
   "ORR"
  ], 
  "8": [
   "ANDD", 
   "ANDD", 
   "ANDD", 
   "ANDD", 
   "ORR", 
   "NOTUSED", 
   "NOTUSED", 
   "ORR", 
   "NOTUSED", 
   "NOTUSED", 
   "ANDD", 
   "ANDD", 
   "ANDD", 
   "ORR", 
   "ANDD"
  ]
 }
}