{
 "random_seed": 290356256, 
 "PARAMETERS": {
  "RADIUS1": 395735.587, 
  "QUADS": 3, 
  "RADIUS2": 222972.544, 
  "DIST": 716092.965, 
  "F_PTS": 26, 
  "K_PTS": 10, 
  "EPSILON": 2.767, 
  "LENGTH1": 591782.684, 
  "G_PTS": 18, 
  "Q_PTS": 27, 
  "N_PTS": 3, 
  "C_PTS": 44, 
  "AREA2": 147487.8, 
  "LENGTH2": 633302.018, 
  "B_PTS": 35, 
  "D_PTS": 6, 
  "AREA1": 558926.196, 
  "A_PTS": 2, 
  "E_PTS": 25
 }, 
 "NUMPOINTS": 67, 
 "points": [
  [
   131541.995, 
   -798464.678
  ], 
  [
   -657779.692, 
   680698.077
  ], 
  [
   498455.143, 
   45004.083
  ], 
  [
   272221.269, 
   -31165.667
  ], 
  [
   749566.9, 
   392197.423
  ], 
  [
   539025.172, 
   720051.28
  ], 
  [
   -544617.81, 
   497460.667
  ], 
  [
   835610.093, 
   -952311.058
  ], 
  [
   900806.369, 
   989986.139
  ], 
  [
   -148230.533, 
   812400.59
  ], 
  [
   904938.753, 
   262554.716
  ], 
  [
   337129.532, 
   -299128.673
  ], 
  [
   751486.39, 
   -736356.49
  ], 
  [
   394181.259, 
   819385.93
  ], 
  [
   755594.105, 
   -203304.534
  ], 
  [
   -921006.575, 
   -57209.731
  ], 
  [
   651863.965, 
   -443649.581
  ], 
  [
   -908495.793, 
   128965.249
  ], 
  [
   -885877.946, 
   -380692.78
  ], 
  [
   -291071.581, 
   753501.57
  ], 
  [
   903142.352, 
   -227714.165
  ], 
  [
   602715.231, 
   869411.402
  ], 
  [
   92755.156, 
   -790478.529
  ], 
  [
   -593293.58, 
   -78058.015
  ], 
  [
   -625076.526, 
   -961180.997
  ], 
  [
   765147.847, 
   191289.598
  ], 
  [
   945031.575, 
   512031.371
  ], 
  [
   -288174.77, 
   -576029.234
  ], 
  [
   -504153.08, 
   -586653.458
  ], 
  [
   -590962.477, 
   969639.494
  ], 
  [
   466415.433, 
   916824.908
  ], 
  [
   850126.768, 
   310203.006
  ], 
  [
   -851538.56, 
   -692343.385
  ], 
  [
   -535130.496, 
   -625804.03
  ], 
  [
   860435.169, 
   -8462.973
  ], 
  [
   189087.342, 
   -687007.866
  ], 
  [
   710950.858, 
   859719.631
  ], 
  [
   979272.467, 
   653330.423
  ], 
  [
   516823.76, 
   89544.199
  ], 
  [
   -234387.189, 
   -757857.732
  ], 
  [
   -128061.611, 
   292867.544
  ], 
  [
   -117531.537, 
   -109428.814
  ], 
  [
   -245376.059, 
   -41952.816
  ], 
  [
   -131665.193, 
   109505.991
  ], 
  [
   -73006.164, 
   932772.844
  ], 
  [
   -955572.882, 
   911807.294
  ], 
  [
   70665.113, 
   218129.211
  ], 
  [
   124121.119, 
   204847.859
  ], 
  [
   227739.363, 
   -865995.392
  ], 
  [
   -922864.739, 
   -663260.751
  ], 
  [
   733745.943, 
   165943.389
  ], 
  [
   -78962.358, 
   -734242.969
  ], 
  [
   -190399.417, 
   -626619.244
  ], 
  [
   949378.51, 
   -733597.179
  ], 
  [
   42259.106, 
   591166.615
  ], 
  [
   606300.725, 
   -553922.059
  ], 
  [
   568028.679, 
   -535112.404
  ], 
  [
   -905854.668, 
   466311.042
  ], 
  [
   -612402.008, 
   -964600.451
  ], 
  [
   -999961.303, 
   -244830.512
  ], 
  [
   -765576.584, 
   -171797.302
  ], 
  [
   320598.267, 
   355192.364
  ], 
  [
   511945.114, 
   -639767.286
  ], 
  [
   -481952.168, 
   -893076.142
  ], 
  [
   374534.831, 
   -482264.581
  ], 
  [
   -789419.082, 
   -977337.665
  ], 
  [
   725593.756, 
   -572360.393
  ]
 ], 
 "PUV": [
  true, 
  true, 
  false, 
  true, 
  true, 
  false, 
  false, 
  false, 
  true, 
  false, 
  true, 
  true, 
  true, 
  true, 
  true
 ], 
 "LCM": {
  "11": [
   "ANDD", 
   "NOTUSED", 
   "ANDD", 
   "NOTUSED", 
   "NOTUSED", 
   "ORR", 
   "ANDD", 
   "ANDD", 
   "NOTUSED", 
   "ORR", 
   "ANDD", 
   "ORR", 
   "ORR", 
   "NOTUSED", 
   "ANDD"
  ], 
  "10": [
   "ANDD", 
   "ANDD", 
   "NOTUSED", 
   "ANDD", 
   "ANDD", 
   "NOTUSED", 
   "NOTUSED", 
   "NOTUSED", 
   "ORR", 
   "NOTUSED", 
   "ORR", 
   "ANDD", 
   "NOTUSED", 
   "ORR", 
   "ANDD"
  ], 
  "13": [
   "ANDD", 
   "ORR", 
   "ORR", 
   "ORR", 
   "ANDD", 
   "ORR", 
   "ORR", 
   "ANDD", 
   "NOTUSED", 
   "NOTUSED", 
   "ORR", 
   "NOTUSED", 
   "ORR", 
   "ANDD", 
   "NOTUSED"
  ], 
  "12": [
   "ANDD", 
   "ORR", 
   "ORR", 
   "ANDD", 
   "ANDD", 
   "ANDD", 
   "ANDD", 
   "ORR", 
   "ANDD", 
   "ANDD", 
   "NOTUSED", 
   "ORR", 
   "NOTUSED", 
   "ORR", 
   "ANDD"
  ], 
  "14": [
   "ORR", 
   "NOTUSED", 
   "ANDD", 
   "ORR", 
   "NOTUSED", 
   "ORR", 
   "ANDD", 
   "NOTUSED", 
   "ORR", 
   "NOTUSED", 
   "ANDD", 
   "ANDD", 
   "ANDD", 
   "NOTUSED", 
   "ORR"
  ], 
  "1": [
   "ORR", 
   "NOTUSED", 
   "ANDD", 
   "ORR", 
   "NOTUSED", 
   "NOTUSED", 
   "NOTUSED", 
   "ORR", 
   "ORR", 
   "NOTUSED", 
   "ANDD", 
   "NOTUSED", 
   "ORR", 
   "ORR", 
   "NOTUSED"
  ], 
  "0": [
   "ORR", 
   "ORR", 
   "NOTUSED", 
   "ANDD", 
   "NOTUSED", 
   "ANDD", 
   "ANDD", 
   "ORR", 
   "NOTUSED", 
   "NOTUSED", 
   "ANDD", 
   "ANDD", 
   "ANDD", 
   "ANDD", 
   "ORR"
  ], 
  "3": [
   "ANDD", 
   "ORR", 
   "NOTUSED", 
   "ORR", 
   "ORR", 
   "ANDD", 
   "ANDD", 
   "NOTUSED", 
   "ANDD", 
   "ANDD", 
   "ANDD", 
   "NOTUSED", 
   "ANDD", 
   "ORR", 
   "ORR"
  ], 
  "2": [
   "NOTUSED", 
   "ANDD", 
   "ANDD", 
   "NOTUSED", 
   "ORR", 
   "ORR", 
   "NOTUSED", 
   "NOTUSED", 
   "NOTUSED", 
   "NOTUSED", 
   "NOTUSED", 
   "ANDD", 
   "ORR", 
   "ORR", 
   "ANDD"
  ], 
  "5": [
   "ANDD", 
   "NOTUSED", 
   "ORR", 
   "ANDD", 
   "ORR", 
   "NOTUSED", 
   "ANDD", 
   "ORR", 
   "NOTUSED", 
   "NOTUSED", 
   "NOTUSED", 
   "ORR", 
   "ANDD", 
   "ORR", 
   "ORR"
  ], 
  "4": [
   "NOTUSED", 
   "NOTUSED", 
   "ORR", 
   "ORR", 
   "ANDD", 
   "ORR", 
   "ORR", 
   "ORR", 
   "NOTUSED", 
   "ANDD", 
   "ANDD", 
   "NOTUSED", 
   "ANDD", 
   "ANDD", 
   "NOTUSED"
  ], 
  "7": [
   "ORR", 
   "ORR", 
   "NOTUSED", 
   "NOTUSED", 
   "ORR", 
   "ORR", 
   "ANDD", 
   "ORR", 
   "ANDD", 
   "ORR", 
   "NOTUSED", 
   "ANDD", 
   "ORR", 
   "ANDD", 
   "NOTUSED"
  ], 
  "6": [
   "ANDD", 
   "NOTUSED", 
   "NOTUSED", 
   "ANDD", 
   "ORR", 
   "ANDD", 
   "ORR", 
   "ANDD", 
   "ANDD", 
   "ORR", 
   "NOTUSED", 
   "ANDD", 
   "ANDD", 
   "ORR", 
   "ANDD"
  ], 
  "9": [
   "NOTUSED", 
   "NOTUSED", 
   "NOTUSED", 
   "ANDD", 
   "ANDD", 
   "NOTUSED", 
   "ORR", 
   "ORR", 
   "ORR", 
   "ORR", 
   "NOTUSED", 
   "ORR", 
   "ANDD", 
   "NOTUSED", 
   "NOTUSED"
  ], 
  "8": [
   "NOTUSED", 
   "ORR", 
   "NOTUSED", 
   "ANDD", 
   "NOTUSED", 
   "NOTUSED", 
   "ANDD", 
   "ANDD", 
   "NOTUSED", 
   "ORR", 
   "ORR", 
   "NOTUSED", 
   "ANDD", 
   "NOTUSED", 
   "ORR"
  ]
 }
}