{
 "random_seed": 3776589734, 
 "PARAMETERS": {
  "RADIUS1": 788189.788, 
  "QUADS": 1, 
  "RADIUS2": 114591.114, 
  "DIST": 993504.237, 
  "F_PTS": 3, 
  "K_PTS": 3, 
  "EPSILON": 0.35, 
  "LENGTH1": 721412.031, 
  "G_PTS": 3, 
  "Q_PTS": 16, 
  "N_PTS": 11, 
  "C_PTS": 6, 
  "AREA2": 753453.218, 
  "LENGTH2": 336426.998, 
  "B_PTS": 13, 
  "D_PTS": 29, 
  "AREA1": 909265.396, 
  "A_PTS": 7, 
  "E_PTS": 35
 }, 
 "NUMPOINTS": 45, 
 "points": [
  [
   -704681.85, 
   -939733.548
  ], 
  [
   160590.562, 
   313383.798
  ], 
  [
   -89898.049, 
   263316.646
  ], 
  [
   -907916.017, 
   -148486.019
  ], 
  [
   205016.707, 
   205139.107
  ], 
  [
   232574.177, 
   696228.751
  ], 
  [
   482327.894, 
   -32903.745
  ], 
  [
   -745485.937, 
   -391896.216
  ], 
  [
   663659.229, 
   139788.869
  ], 
  [
   930426.984, 
   268271.14
  ], 
  [
   145659.691, 
   899747.664
  ], 
  [
   -937763.228, 
   74766.832
  ], 
  [
   -392597.563, 
   -77604.07
  ], 
  [
   619968.347, 
   954784.444
  ], 
  [
   572255.142, 
   61158.726
  ], 
  [
   805952.197, 
   41249.374
  ], 
  [
   956557.054, 
   -843767.003
  ], 
  [
   735251.908, 
   -234848.117
  ], 
  [
   283356.891, 
   30875.559
  ], 
  [
   -77995.242, 
   422628.837
  ], 
  [
   -470277.078, 
   940084.566
  ], 
  [
   717756.903, 
   -226940.96
  ], 
  [
   596280.155, 
   473295.891
  ], 
  [
   -75924.772, 
   875832.154
  ], 
  [
   -933930.543, 
   224103.887
  ], 
  [
   -752975.369, 
   330572.915
  ], 
  [
   963159.558, 
   -61507.856
  ], 
  [
   -320718.043, 
   909126.308
  ], 
  [
   -311745.938, 
   423715.728
  ], 
  [
   -812643.949, 
   -332394.867
  ], 
  [
   337728.185, 
   -97442.991
  ], 
  [
   -66711.583, 
   940749.506
  ], 
  [
   -285483.265, 
   -139655.741
  ], 
  [
   -19057.798, 
   446071.958
  ], 
  [
   183984.019, 
   -818154.973
  ], 
  [
   -18126.547, 
   481682.609
  ], 
  [
   -52673.486, 
   308768.856
  ], 
  [
   253858.135, 
   -842994.961
  ], 
  [
   762300.695, 
   292898.108
  ], 
  [
   583979.102, 
   739450.631
  ], 
  [
   -281741.338, 
   -616009.144
  ], 
  [
   -270790.884, 
   199660.48
  ], 
  [
   -13552.723, 
   214353.331
  ], 
  [
   -476289.555, 
   290124.551
  ], 
  [
   -964312.13, 
   958897.109
  ]
 ], 
 "PUV": [
  true, 
  true, 
  true, 
  false, 
  false, 
  false, 
  true, 
  true, 
  true, 
  false, 
  false, 
  false, 
  false, 
  false, 
  false
 ], 
 "LCM": {
  "11": [
   "ANDD", 
   "ANDD", 
   "ANDD", 
   "ANDD", 
   "NOTUSED", 
   "ORR", 
   "ORR", 
   "NOTUSED", 
   "ORR", 
   "NOTUSED", 
   "ANDD", 
   "ANDD", 
   "ANDD", 
   "NOTUSED", 
   "ANDD"
  ], 
  "10": [
   "ANDD", 
   "ORR", 
   "ANDD", 
   "NOTUSED", 
   "ORR", 
   "ANDD", 
   "ANDD", 
   "NOTUSED", 
   "NOTUSED", 
   "NOTUSED", 
   "ANDD", 
   "ANDD", 
   "ORR", 
   "ANDD", 
   "ORR"
  ], 
  "13": [
   "ANDD", 
   "ORR", 
   "ANDD", 
   "NOTUSED", 
   "NOTUSED", 
   "NOTUSED", 
   "NOTUSED", 
   "ANDD", 
   "ANDD", 
   "ANDD", 
   "ANDD", 
   "NOTUSED", 
   "ANDD", 
   "ORR", 
   "NOTUSED"
  ], 
  "12": [
   "NOTUSED", 
   "ORR", 
   "ORR", 
   "ORR", 
   "ORR", 
   "ORR", 
   "ANDD", 
   "ANDD", 
   "ANDD", 
   "ORR", 
   "ORR", 
   "ANDD", 
   "ANDD", 
   "ANDD", 
   "ANDD"
  ], 
  "14": [
   "ANDD", 
   "ANDD", 
   "NOTUSED", 
   "ORR", 
   "ORR", 
   "ANDD", 
   "ORR", 
   "ANDD", 
   "ANDD", 
   "NOTUSED", 
   "ORR", 
   "ANDD", 
   "ANDD", 
   "NOTUSED", 
   "ANDD"
  ], 
  "1": [
   "NOTUSED", 
   "NOTUSED", 
   "ANDD", 
   "ORR", 
   "ANDD", 
   "NOTUSED", 
   "ORR", 
   "NOTUSED", 
   "ANDD", 
   "ORR", 
   "ORR", 
   "ANDD", 
   "ORR", 
   "ORR", 
   "ANDD"
  ], 
  "0": [
   "NOTUSED", 
   "NOTUSED", 
   "NOTUSED", 
   "ANDD", 
   "ORR", 
   "NOTUSED", 
   "ORR", 
   "ORR", 
   "NOTUSED", 
   "ORR", 
   "ANDD", 
   "ANDD", 
   "NOTUSED", 
   "ANDD", 
   "ANDD"
  ], 
  "3": [
   "ANDD", 
   "ORR", 
   "ORR", 
   "NOTUSED", 
   "ANDD", 
   "ANDD", 
   "NOTUSED", 
   "ORR", 
   "NOTUSED", 
   "NOTUSED", 
   "NOTUSED", 
   "ANDD", 
   "ORR", 
   "NOTUSED", 
   "ORR"
  ], 
  "2": [
   "NOTUSED", 
   "ANDD", 
   "ANDD", 
   "ORR", 
   "ORR", 
   "NOTUSED", 
   "ORR", 
   "NOTUSED", 
   "NOTUSED", 
   "NOTUSED", 
   "ANDD", 
   "ANDD", 
   "ORR", 
   "ANDD", 
   "NOTUSED"
  ], 
  "5": [
   "NOTUSED", 
   "NOTUSED", 
   "NOTUSED", 
   "ANDD", 
   "ANDD", 
   "ORR", 
   "ORR", 
   "ORR", 
   "ANDD", 
   "NOTUSED", 
   "ANDD", 
   "ORR", 
   "ORR", 
   "NOTUSED", 
   "ANDD"
  ], 
  "4": [
   "ORR", 
   "ANDD", 
   "ORR", 
   "ANDD", 
   "ANDD", 
   "ANDD", 
   "NOTUSED", 
   "ORR", 
   "NOTUSED", 
   "NOTUSED", 
   "ORR", 
   "NOTUSED", 
   "ORR", 
   "NOTUSED", 
   "ORR"
  ], 
  "7": [
   "ORR", 
   "NOTUSED", 
   "NOTUSED", 
   "ORR", 
   "ORR", 
   "ORR", 
   "NOTUSED", 
   "NOTUSED", 
   "ANDD", 
   "NOTUSED", 
   "NOTUSED", 
   "NOTUSED", 
   "ANDD", 
   "ANDD", 
   "ANDD"
  ], 
  "6": [
   "ORR", 
   "ORR", 
   "ORR", 
   "NOTUSED", 
   "NOTUSED", 
   "ORR", 
   "ORR", 
   "NOTUSED", 
   "NOTUSED", 
   "ANDD", 
   "ANDD", 
   "ORR", 
   "ANDD", 
   "NOTUSED", 
   "ORR"
  ], 
  "9": [
   "ORR", 
   "ORR", 
   "NOTUSED", 
   "NOTUSED", 
   "NOTUSED", 
   "NOTUSED", 
   "ANDD", 
   "NOTUSED", 
   "ANDD", 
   "NOTUSED", 
   "NOTUSED", 
   "NOTUSED", 
   "ORR", 
   "ANDD", 
   "NOTUSED"
  ], 
  "8": [
   "NOTUSED", 
   "ANDD", 
   "NOTUSED", 
   "NOTUSED", 
   "NOTUSED", 
   "ANDD", 
   "NOTUSED", 
   "ANDD", 
   "ANDD", 
   "ANDD", 
   "NOTUSED", 
   "ORR", 
   "ANDD", 
   "ANDD", 
   "ANDD"
  ]
 }
}