{
 "random_seed": 650193216, 
 "PARAMETERS": {
  "RADIUS1": 88614.651, 
  "QUADS": 1, 
  "RADIUS2": 957011.875, 
  "DIST": 376854.641, 
  "F_PTS": 28, 
  "K_PTS": 40, 
  "EPSILON": 0.769, 
  "LENGTH1": 579813.416, 
  "G_PTS": 17, 
  "Q_PTS": 6, 
  "N_PTS": 36, 
  "C_PTS": 13, 
  "AREA2": 587824.59, 
  "LENGTH2": 974184.266, 
  "B_PTS": 8, 
  "D_PTS": 7, 
  "AREA1": 749002.08, 
  "A_PTS": 41, 
  "E_PTS": 17
 }, 
 "NUMPOINTS": 53, 
 "points": [
  [
   -214004.034, 
   650937.604
  ], 
  [
   95587.529, 
   -416450.435
  ], 
  [
   596695.145, 
   208641.498
  ], 
  [
   -774624.483, 
   207329.303
  ], 
  [
   -21518.903, 
   439659.581
  ], 
  [
   937449.593, 
   38672.559
  ], 
  [
   -192285.041, 
   124739.717
  ], 
  [
   763702.142, 
   690003.498
  ], 
  [
   166265.537, 
   513482.485
  ], 
  [
   635943.889, 
   352405.843
  ], 
  [
   12677.394, 
   -728483.823
  ], 
  [
   -924738.115, 
   -664257.095
  ], 
  [
   -194709.474, 
   -59116.751
  ], 
  [
   -539768.251, 
   985112.345
  ], 
  [
   208453.359, 
   -955065.708
  ], 
  [
   -214136.293, 
   489876.592
  ], 
  [
   140061.696, 
   -355194.203
  ], 
  [
   -344288.486, 
   473810.342
  ], 
  [
   -699426.874, 
   -124983.464
  ], 
  [
   -682941.886, 
   -838662.272
  ], 
  [
   -337925.11, 
   -100693.65
  ], 
  [
   -283417.101, 
   329759.818
  ], 
  [
   -224072.413, 
   554288.383
  ], 
  [
   254278.795, 
   395842.281
  ], 
  [
   -449786.305, 
   -779928.614
  ], 
  [
   -373347.537, 
   779176.068
  ], 
  [
   -754584.84, 
   954243.35
  ], 
  [
   -522910.56, 
   443159.703
  ], 
  [
   866211.722, 
   817154.591
  ], 
  [
   693979.703, 
   -755656.591
  ], 
  [
   630919.429, 
   -299286.764
  ], 
  [
   -902898.889, 
   -329160.08
  ], 
  [
   -466258.549, 
   204458.364
  ], 
  [
   18555.38, 
   563093.458
  ], 
  [
   -839940.818, 
   665912.433
  ], 
  [
   -494208.314, 
   -154610.423
  ], 
  [
   -239079.411, 
   -448065.648
  ], 
  [
   473698.695, 
   568222.23
  ], 
  [
   253320.881, 
   -621379.312
  ], 
  [
   -818035.387, 
   786348.507
  ], 
  [
   -141524.547, 
   968436.263
  ], 
  [
   -664498.562, 
   -299387.352
  ], 
  [
   -449307.746, 
   221440.599
  ], 
  [
   -114158.201, 
   777610.876
  ], 
  [
   610041.668, 
   -97087.77
  ], 
  [
   738019.014, 
   724325.345
  ], 
  [
   115200.213, 
   -360732.196
  ], 
  [
   -491824.565, 
   -981318.501
  ], 
  [
   615764.069, 
   -151941.195
  ], 
  [
   253927.615, 
   312927.344
  ], 
  [
   -783021.645, 
   68391.705
  ], 
  [
   80780.283, 
   690916.957
  ], 
  [
   -549969.157, 
   -887346.667
  ]
 ], 
 "PUV": [
  false, 
  true, 
  false, 
  true, 
  false, 
  true, 
  true, 
  true, 
  true, 
  true, 
  true, 
  true, 
  false, 
  false, 
  false
 ], 
 "LCM": {
  "11": [
   "NOTUSED", 
   "ORR", 
   "ANDD", 
   "ORR", 
   "ORR", 
   "NOTUSED", 
   "ANDD", 
   "NOTUSED", 
   "ANDD", 
   "ORR", 
   "ORR", 
   "ORR", 
   "ANDD", 
   "NOTUSED", 
   "NOTUSED"
  ], 
  "10": [
   "NOTUSED", 
   "NOTUSED", 
   "ANDD", 
   "NOTUSED", 
   "NOTUSED", 
   "NOTUSED", 
   "NOTUSED", 
   "NOTUSED", 
   "ANDD", 
   "ORR", 
   "ORR", 
   "ORR", 
   "ORR", 
   "ORR", 
   "ANDD"
  ], 
  "13": [
   "ANDD", 
   "ANDD", 
   "ANDD", 
   "ORR", 
   "NOTUSED", 
   "ANDD", 
   "ANDD", 
   "NOTUSED", 
   "ORR", 
   "ORR", 
   "ORR", 
   "NOTUSED", 
   "NOTUSED", 
   "NOTUSED", 
   "ANDD"
  ], 
  "12": [
   "NOTUSED", 
   "ORR", 
   "ANDD", 
   "NOTUSED", 
   "NOTUSED", 
   "NOTUSED", 
   "ANDD", 
   "ANDD", 
   "ANDD", 
   "ORR", 
   "ORR", 
   "ANDD", 
   "NOTUSED", 
   "NOTUSED", 
   "ORR"
  ], 
  "14": [
   "NOTUSED", 
   "ORR", 
   "ANDD", 
   "NOTUSED", 
   "ANDD", 
   "ANDD", 
   "NOTUSED", 
   "ORR", 
   "NOTUSED", 
   "ORR", 
   "ANDD", 
   "NOTUSED", 
   "ORR", 
   "ANDD", 
   "ANDD"
  ], 
  "1": [
   "NOTUSED", 
   "ANDD", 
   "NOTUSED", 
   "NOTUSED", 
   "ORR", 
   "NOTUSED", 
   "NOTUSED", 
   "NOTUSED", 
   "NOTUSED", 
   "ORR", 
   "NOTUSED", 
   "ORR", 
   "ORR", 
   "ANDD", 
   "ORR"
  ], 
  "0": [
   "ANDD", 
   "NOTUSED", 
   "ORR", 
   "ORR", 
   "ANDD", 
   "ANDD", 
   "ORR", 
   "ANDD", 
   "ANDD", 
   "ANDD", 
   "NOTUSED", 
   "NOTUSED", 
   "NOTUSED", 
   "ANDD", 
   "NOTUSED"
  ], 
  "3": [
   "ORR", 
   "NOTUSED", 
   "ANDD", 
   "ANDD", 
   "ANDD", 
   "ANDD", 
   "ANDD", 
   "ORR", 
   "NOTUSED", 
   "ANDD", 
   "NOTUSED", 
   "ORR", 
   "NOTUSED", 
   "ORR", 
   "NOTUSED"
  ], 
  "2": [
   "ORR", 
   "NOTUSED", 
   "ORR", 
   "ANDD", 
   "ANDD", 
   "ANDD", 
   "ANDD", 
   "ORR", 
   "ORR", 
   "ANDD", 
   "ANDD", 
   "ANDD", 
   "ANDD", 
   "ANDD", 
   "ANDD"
  ], 
  "5": [
   "ANDD", 
   "NOTUSED", 
   "ANDD", 
   "ANDD", 
   "ORR", 
   "ANDD", 
   "ANDD", 
   "ORR", 
   "NOTUSED", 
   "NOTUSED", 
   "NOTUSED", 
   "NOTUSED", 
   "NOTUSED", 
   "ANDD", 
   "ANDD"
  ], 
  "4": [
   "ANDD", 
   "ORR", 
   "ANDD", 
   "ANDD", 
   "NOTUSED", 
   "ORR", 
   "NOTUSED", 
   "ANDD", 
   "NOTUSED", 
   "NOTUSED", 
   "NOTUSED", 
   "ORR", 
   "NOTUSED", 
   "NOTUSED", 
   "ANDD"
  ], 
  "7": [
   "ANDD", 
   "NOTUSED", 
   "ORR", 
   "ORR", 
   "ANDD", 
   "ORR", 
   "ANDD", 
   "NOTUSED", 
   "ANDD", 
   "NOTUSED", 
   "NOTUSED", 
   "NOTUSED", 
   "ANDD", 
   "NOTUSED", 
   "ORR"
  ], 
  "6": [
   "ORR", 
   "NOTUSED", 
   "ANDD", 
   "ANDD", 
   "NOTUSED", 
   "ANDD", 
   "NOTUSED", 
   "ANDD", 
   "ORR", 
   "ORR", 
   "NOTUSED", 
   "ANDD", 
   "ANDD", 
   "ANDD", 
   "NOTUSED"
  ], 
  "9": [
   "ANDD", 
   "ORR", 
   "ANDD", 
   "ANDD", 
   "NOTUSED", 
   "NOTUSED", 
   "ORR", 
   "NOTUSED", 
   "NOTUSED", 
   "ORR", 
   "ORR", 
   "ORR", 
   "ORR", 
   "ORR", 
   "ORR"
  ], 
  "8": [
   "ANDD", 
   "NOTUSED", 
   "ORR", 
   "NOTUSED", 
   "NOTUSED", 
   "NOTUSED", 
   "ORR", 
   "ANDD", 
   "NOTUSED", 
   "NOTUSED", 
   "ANDD", 
   "ANDD", 
   "ANDD", 
   "ORR", 
   "NOTUSED"
  ]
 }
}