{
 "random_seed": 1996904888, 
 "PARAMETERS": {
  "RADIUS1": 829964.716, 
  "QUADS": 1, 
  "RADIUS2": 197435.348, 
  "DIST": 198491.589, 
  "F_PTS": 35, 
  "K_PTS": 17, 
  "EPSILON": 1.966, 
  "LENGTH1": 323885.209, 
  "G_PTS": 15, 
  "Q_PTS": 51, 
  "N_PTS": 25, 
  "C_PTS": 27, 
  "AREA2": 420025.306, 
  "LENGTH2": 375966.568, 
  "B_PTS": 33, 
  "D_PTS": 21, 
  "AREA1": 377766.089, 
  "A_PTS": 2, 
  "E_PTS": 1
 }, 
 "NUMPOINTS": 51, 
 "points": [
  [
   872579.72, 
   -892360.628
  ], 
  [
   -437855.134, 
   16849.628
  ], 
  [
   30206.901, 
   151873.477
  ], 
  [
   -305600.83, 
   -406133.31
  ], 
  [
   976526.289, 
   -745107.723
  ], 
  [
   -672160.032, 
   -737103.834
  ], 
  [
   -421888.016, 
   -115000.92
  ], 
  [
   467409.887, 
   -807128.849
  ], 
  [
   448306.066, 
   468371.085
  ], 
  [
   -523469.519, 
   468526.653
  ], 
  [
   778320.776, 
   -498536.398
  ], 
  [
   -589768.511, 
   3742.798
  ], 
  [
   -93842.93, 
   810540.016
  ], 
  [
   -284603.089, 
   -934617.791
  ], 
  [
   113433.815, 
   132747.111
  ], 
  [
   877918.551, 
   -556061.446
  ], 
  [
   466665.386, 
   -535702.329
  ], 
  [
   -591239.018, 
   564939.602
  ], 
  [
   -614283.508, 
   203071.464
  ], 
  [
   512384.924, 
   -855575.072
  ], 
  [
   -66718.078, 
   -800307.057
  ], 
  [
   371597.47, 
   -972784.735
  ], 
  [
   22871.153, 
   -920310.588
  ], 
  [
   -631755.135, 
   -605697.74
  ], 
  [
   464549.836, 
   420882.653
  ], 
  [
   -362630.286, 
   899551.83
  ], 
  [
   449696.851, 
   -716097.942
  ], 
  [
   296530.499, 
   -963134.755
  ], 
  [
   323442.317, 
   685873.409
  ], 
  [
   360603.969, 
   910570.279
  ], 
  [
   -340888.968, 
   -653144.413
  ], 
  [
   246493.601, 
   193570.897
  ], 
  [
   341887.738, 
   -183692.26
  ], 
  [
   -548372.67, 
   655694.155
  ], 
  [
   339503.552, 
   322887.456
  ], 
  [
   -127152.035, 
   -808060.249
  ], 
  [
   -911936.761, 
   666479.375
  ], 
  [
   -214206.691, 
   -695052.629
  ], 
  [
   785806.458, 
   -385764.262
  ], 
  [
   321629.401, 
   -681919.407
  ], 
  [
   106851.123, 
   -654814.926
  ], 
  [
   532644.259, 
   618993.307
  ], 
  [
   -874347.703, 
   381874.766
  ], 
  [
   -994183.538, 
   -180230.547
  ], 
  [
   718737.147, 
   -214623.866
  ], 
  [
   -188879.642, 
   793214.898
  ], 
  [
   489610.499, 
   -740019.55
  ], 
  [
   142812.093, 
   -441215.239
  ], 
  [
   -206132.523, 
   452696.737
  ], 
  [
   -298211.044, 
   80925.486
  ], 
  [
   33872.905, 
   -206725.819
  ]
 ], 
 "PUV": [
  false, 
  true, 
  false, 
  true, 
  true, 
  false, 
  true, 
  true, 
  true, 
  false, 
  false, 
  true, 
  true, 
  false, 
  true
 ], 
 "LCM": {
  "11": [
   "ORR", 
   "ORR", 
   "ANDD", 
   "ANDD", 
   "ORR", 
   "ANDD", 
   "ANDD", 
   "ORR", 
   "ANDD", 
   "NOTUSED", 
   "ORR", 
   "ORR", 
   "ORR", 
   "ANDD", 
   "ORR"
  ], 
  "10": [
   "ANDD", 
   "NOTUSED", 
   "NOTUSED", 
   "ANDD", 
   "NOTUSED", 
   "ANDD", 
   "ANDD", 
   "ANDD", 
   "NOTUSED", 
   "ANDD", 
   "NOTUSED", 
   "ORR", 
   "ANDD", 
   "ORR", 
   "ORR"
  ], 
  "13": [
   "NOTUSED", 
   "NOTUSED", 
   "NOTUSED", 
   "ORR", 
   "ANDD", 
   "NOTUSED", 
   "NOTUSED", 
   "ANDD", 
   "ORR", 
   "ANDD", 
   "ORR", 
   "ANDD", 
   "ORR", 
   "ORR", 
   "ANDD"
  ], 
  "12": [
   "NOTUSED", 
   "NOTUSED", 
   "NOTUSED", 
   "ORR", 
   "NOTUSED", 
   "ORR", 
   "NOTUSED", 
   "NOTUSED", 
   "NOTUSED", 
   "NOTUSED", 
   "ANDD", 
   "ORR", 
   "ANDD", 
   "ORR", 
   "ORR"
  ], 
  "14": [
   "ORR", 
   "ORR", 
   "ANDD", 
   "ORR", 
   "ANDD", 
   "ANDD", 
   "NOTUSED", 
   "NOTUSED", 
   "ORR", 
   "ANDD", 
   "ORR", 
   "ORR", 
   "ORR", 
   "ANDD", 
   "ORR"
  ], 
  "1": [
   "ANDD", 
   "NOTUSED", 
   "ANDD", 
   "NOTUSED", 
   "NOTUSED", 
   "ORR", 
   "NOTUSED", 
   "NOTUSED", 
   "NOTUSED", 
   "NOTUSED", 
   "NOTUSED", 
   "ORR", 
   "NOTUSED", 
   "NOTUSED", 
   "ORR"
  ], 
  "0": [
   "ORR", 
   "ANDD", 
   "NOTUSED", 
   "ANDD", 
   "NOTUSED", 
   "ANDD", 
   "ORR", 
   "NOTUSED", 
   "NOTUSED", 
   "ORR", 
   "ANDD", 
   "ORR", 
   "NOTUSED", 
   "NOTUSED", 
   "ORR"
  ], 
  "3": [
   "ANDD", 
   "NOTUSED", 
   "ORR", 
   "ORR", 
   "ANDD", 
   "ORR", 
   "ANDD", 
   "ORR", 
   "ANDD", 
   "ANDD", 
   "ANDD", 
   "ANDD", 
   "ORR", 
   "ORR", 
   "ORR"
  ], 
  "2": [
   "NOTUSED", 
   "ANDD", 
   "NOTUSED", 
   "ORR", 
   "ANDD", 
   "ORR", 
   "NOTUSED", 
   "NOTUSED", 
   "NOTUSED", 
   "ORR", 
   "NOTUSED", 
   "ANDD", 
   "NOTUSED", 
   "NOTUSED", 
   "ANDD"
  ], 
  "5": [
   "ANDD", 
   "ORR", 
   "ORR", 
   "ORR", 
   "NOTUSED", 
   "NOTUSED", 
   "ORR", 
   "ANDD", 
   "ANDD", 
   "NOTUSED", 
   "ANDD", 
   "ANDD", 
   "ORR", 
   "NOTUSED", 
   "ANDD"
  ], 
  "4": [
   "NOTUSED", 
   "NOTUSED", 
   "ANDD", 
   "ANDD", 
   "ORR", 
   "NOTUSED", 
   "ANDD", 
   "NOTUSED", 
   "ANDD", 
   "NOTUSED", 
   "NOTUSED", 
   "ORR", 
   "NOTUSED", 
   "ANDD", 
   "ANDD"
  ], 
  "7": [
   "NOTUSED", 
   "NOTUSED", 
   "NOTUSED", 
   "ORR", 
   "NOTUSED", 
   "ANDD", 
   "ORR", 
   "NOTUSED", 
   "NOTUSED", 
   "NOTUSED", 
   "ANDD", 
   "ORR", 
   "NOTUSED", 
   "ANDD", 
   "NOTUSED"
  ], 
  "6": [
   "ORR", 
   "NOTUSED", 
   "NOTUSED", 
   "ANDD", 
   "ANDD", 
   "ORR", 
   "ANDD", 
   "ORR", 
   "ORR", 
   "NOTUSED", 
   "ANDD", 
   "ANDD", 
   "NOTUSED", 
   "NOTUSED", 
   "NOTUSED"
  ], 
  "9": [
   "ORR", 
   "NOTUSED", 
   "ORR", 
   "ANDD", 
   "NOTUSED", 
   "NOTUSED", 
   "NOTUSED", 
   "NOTUSED", 
   "ANDD", 
   "ANDD", 
   "ANDD", 
   "NOTUSED", 
   "NOTUSED", 
   "ANDD", 
   "ANDD"
  ], 
  "8": [
   "NOTUSED", 
   "NOTUSED", 
   "NOTUSED", 
   "ANDD", 
   "ANDD", 
   "ANDD", 
   "ORR", 
   "NOTUSED", 
   "ORR", 
   "ANDD", 
   "NOTUSED", 
   "ANDD", 
   "NOTUSED", 
   "ORR", 
   "ORR"
  ]
 }
}