{
 "random_seed": 236296696, 
 "PARAMETERS": {
  "RADIUS1": 613595.721, 
  "QUADS": 1, 
  "RADIUS2": 867994.167, 
  "DIST": 168693.011, 
  "F_PTS": 17, 
  "K_PTS": 30, 
  "EPSILON": 1.522, 
  "LENGTH1": 52671.732, 
  "G_PTS": 28, 
  "Q_PTS": 42, 
  "N_PTS": 17, 
  "C_PTS": 24, 
  "AREA2": 861366.065, 
  "LENGTH2": 442833.993, 
  "B_PTS": 19, 
  "D_PTS": 24, 
  "AREA1": 608207.572, 
  "A_PTS": 55, 
  "E_PTS": 14
 }, 
 "NUMPOINTS": 79, 
 "points": [
  [
   314597.108, 
   -763672.101
  ], 
  [
   425481.312, 
   948046.444
  ], 
  [
   49783.241, 
   950164.96
  ], 
  [
   -251677.767, 
   34621.657
  ], 
  [
   222047.326, 
   -229324.986
  ], 
  [
   648780.106, 
   -316738.881
  ], 
  [
   55911.711, 
   218369.932
  ], 
  [
   40175.869, 
   600741.577
  ], 
  [
   -26541.558, 
   362224.408
  ], 
  [
   -835037.601, 
   687936.37
  ], 
  [
   -442847.342, 
   -325203.218
  ], 
  [
   636093.477, 
   347770.392
  ], 
  [
   -615990.521, 
   -880234.911
  ], 
  [
   946129.818, 
   -901112.135
  ], 
  [
   -996282.827, 
   8190.231
  ], 
  [
   -955364.185, 
   790893.622
  ], 
  [
   448635.281, 
   -993482.574
  ], 
  [
   142888.661, 
   814706.246
  ], 
  [
   -778882.282, 
   -583096.786
  ], 
  [
   -62651.661, 
   -92162.693
  ], 
  [
   -139237.613, 
   710711.128
  ], 
  [
   644069.004, 
   852723.715
  ], 
  [
   -841807.413, 
   357234.706
  ], 
  [
   -210124.407, 
   407952.878
  ], 
  [
   -225447.679, 
   110352.267
  ], 
  [
   -855499.253, 
   210543.798
  ], 
  [
   -657452.123, 
   -493536.701
  ], 
  [
   -260426.281, 
   -950991.464
  ], 
  [
   123749.713, 
   319924.116
  ], 
  [
   575380.674, 
   -751205.127
  ], 
  [
   -203162.813, 
   -903770.923
  ], 
  [
   50970.488, 
   -799512.089
  ], 
  [
   35041.238, 
   -991582.753
  ], 
  [
   930053.577, 
   -927416.594
  ], 
  [
   27710.738, 
   952575.418
  ], 
  [
   -671084.777, 
   -718025.294
  ], 
  [
   553932.132, 
   104377.199
  ], 
  [
   988455.749, 
   -724454.183
  ], 
  [
   129239.286, 
   -711985.451
  ], 
  [
   -783697.731, 
   893866.987
  ], 
  [
   -463931.411, 
   -863744.342
  ], 
  [
   182558.863, 
   -45451.926
  ], 
  [
   54384.631, 
   -472606.143
  ], 
  [
   830257.885, 
   -606343.523
  ], 
  [
   -967952.999, 
   -783345.99
  ], 
  [
   82488.275, 
   -844614.15
  ], 
  [
   -652351.791, 
   -381088.669
  ], 
  [
   -617892.139, 
   -205845.265
  ], 
  [
   -353736.625, 
   -509130.836
  ], 
  [
   13840.343, 
   75147.25
  ], 
  [
   -389680.997, 
   236434.168
  ], 
  [
   -86035.093, 
   -41174.81
  ], 
  [
   320749.342, 
   -646140.267
  ], 
  [
   -959283.357, 
   -38102.717
  ], 
  [
   349934.854, 
   90494.326
  ], 
  [
   -985219.134, 
   321520.792
  ], 
  [
   -551162.885, 
   -84726.991
  ], 
  [
   582939.165, 
   438459.133
  ], 
  [
   205463.658, 
   642105.273
  ], 
  [
   -906457.993, 
   -700496.607
  ], 
  [
   585708.643, 
   448830.979
  ], 
  [
   663344.114, 
   904460.453
  ], 
  [
   -950839.463, 
   -762862.421
  ], 
  [
   -527322.425, 
   618416.892
  ], 
  [
   -827670.334, 
   982456.497
  ], 
  [
   969341.02, 
   -838547.882
  ], 
  [
   -800518.464, 
   860145.1
  ], 
  [
   834626.899, 
   -650548.553
  ], 
  [
   141227.801, 
   24880.066
  ], 
  [
   41457.792, 
   -747250.93
  ], 
  [
   616642.987, 
   -760435.18
  ], 
  [
   429310.996, 
   862640.784
  ], 
  [
   311256.199, 
   408.862
  ], 
  [
   127278.515, 
   244774.934
  ], 
  [
   236760.607, 
   -700126.725
  ], 
  [
   -463088.674, 
   466037.261
  ], 
  [
   -812450.778, 
   671537.343
  ], 
  [
   -563474.811, 
   -198655.009
  ], 
  [
   -311970.439, 
   -121130.927
  ]
 ], 
 "PUV": [
  false, 
  false, 
  true, 
  true, 
  false, 
  true, 
  true, 
  false, 
  false, 
  true, 
  false, 
  false, 
  true, 
  false, 
  true
 ], 
 "LCM": {
  "11": [
   "ORR", 
   "NOTUSED", 
   "ANDD", 
   "ORR", 
   "ANDD", 
   "NOTUSED", 
   "NOTUSED", 
   "ANDD", 
   "ORR", 
   "NOTUSED", 
   "NOTUSED", 
   "NOTUSED", 
   "ORR", 
   "ANDD", 
   "ANDD"
  ], 
  "10": [
   "NOTUSED", 
   "ANDD", 
   "NOTUSED", 
   "ANDD", 
   "ANDD", 
   "NOTUSED", 
   "ORR", 
   "ORR", 
   "NOTUSED", 
   "NOTUSED", 
   "NOTUSED", 
   "NOTUSED", 
   "ANDD", 
   "ANDD", 
   "ORR"
  ], 
  "13": [
   "NOTUSED", 
   "NOTUSED", 
   "ORR", 
   "ANDD", 
   "NOTUSED", 
   "ANDD", 
   "NOTUSED", 
   "ORR", 
   "ANDD", 
   "ORR", 
   "ANDD", 
   "ANDD", 
   "ORR", 
   "NOTUSED", 
   "ANDD"
  ], 
  "12": [
   "NOTUSED", 
   "ANDD", 
   "ORR", 
   "NOTUSED", 
   "NOTUSED", 
   "NOTUSED", 
   "ANDD", 
   "ANDD", 
   "NOTUSED", 
   "ANDD", 
   "ANDD", 
   "ORR", 
   "NOTUSED", 
   "ORR", 
   "ORR"
  ], 
  "14": [
   "NOTUSED", 
   "ORR", 
   "ANDD", 
   "ANDD", 
   "ORR", 
   "ANDD", 
   "ORR", 
   "ANDD", 
   "ORR", 
   "ORR", 
   "ORR", 
   "ANDD", 
   "ORR", 
   "ANDD", 
   "NOTUSED"
  ], 
  "1": [
   "ANDD", 
   "ANDD", 
   "ANDD", 
   "ANDD", 
   "ANDD", 
   "NOTUSED", 
   "ORR", 
   "ANDD", 
   "ANDD", 
   "ORR", 
   "ANDD", 
   "NOTUSED", 
   "ANDD", 
   "NOTUSED", 
   "ORR"
  ], 
  "0": [
   "ANDD", 
   "ANDD", 
   "NOTUSED", 
   "NOTUSED", 
   "ORR", 
   "ANDD", 
   "NOTUSED", 
   "NOTUSED", 
   "NOTUSED", 
   "NOTUSED", 
   "NOTUSED", 
   "ORR", 
   "NOTUSED", 
   "NOTUSED", 
   "NOTUSED"
  ], 
  "3": [
   "NOTUSED", 
   "ANDD", 
   "ORR", 
   "ORR", 
   "ANDD", 
   "ORR", 
   "ORR", 
   "ORR", 
   "NOTUSED", 
   "NOTUSED", 
   "ANDD", 
   "ORR", 
   "NOTUSED", 
   "ANDD", 
   "ANDD"
  ], 
  "2": [
   "NOTUSED", 
   "ANDD", 
   "ORR", 
   "ORR", 
   "NOTUSED", 
   "ANDD", 
   "NOTUSED", 
   "NOTUSED", 
   "NOTUSED", 
   "ORR", 
   "NOTUSED", 
   "ANDD", 
   "ORR", 
   "ORR", 
   "ANDD"
  ], 
  "5": [
   "ANDD", 
   "NOTUSED", 
   "ANDD", 
   "ORR", 
   "ANDD", 
   "ANDD", 
   "ANDD", 
   "ANDD", 
   "ANDD", 
   "ORR", 
   "NOTUSED", 
   "NOTUSED", 
   "NOTUSED", 
   "ANDD", 
   "ANDD"
  ], 
  "4": [
   "ORR", 
   "ANDD", 
   "NOTUSED", 
   "ANDD", 
   "NOTUSED", 
   "ANDD", 
   "ANDD", 
   "ORR", 
   "ORR", 
   "ORR", 
   "ANDD", 
   "ANDD", 
   "NOTUSED", 
   "NOTUSED", 
   "ORR"
  ], 
  "7": [
   "NOTUSED", 
   "ANDD", 
   "NOTUSED", 
   "ORR", 
   "ORR", 
   "ANDD", 
   "ANDD", 
   "ORR", 
   "ANDD", 
   "ANDD", 
   "ORR", 
   "ANDD", 
   "ANDD", 
   "ORR", 
   "ANDD"
  ], 
  "6": [
   "NOTUSED", 
   "ORR", 
   "NOTUSED", 
   "ORR", 
   "ANDD", 
   "ANDD", 
   "ORR", 
   "ANDD", 
   "ANDD", 
   "ORR", 
   "ORR", 
   "NOTUSED", 
   "ANDD", 
   "NOTUSED", 
   "ORR"
  ], 
  "9": [
   "NOTUSED", 
   "ORR", 
   "ORR", 
   "NOTUSED", 
   "ORR", 
   "ORR", 
   "ORR", 
   "ANDD", 
   "NOTUSED", 
   "ANDD", 
   "NOTUSED", 
   "NOTUSED", 
   "ANDD", 
   "ORR", 
   "ORR"
  ], 
  "8": [
   "NOTUSED", 
   "ANDD", 
   "NOTUSED", 
   "NOTUSED", 
   "ORR", 
   "ANDD", 
   "ANDD", 
   "ANDD", 
   "ANDD", 
   "NOTUSED", 
   "NOTUSED", 
   "ORR", 
   "NOTUSED", 
   "ANDD", 
   "ORR"
  ]
 }
}