{
 "random_seed": 1602066880, 
 "PARAMETERS": {
  "RADIUS1": 208087.202, 
  "QUADS": 2, 
  "RADIUS2": 238441.557, 
  "DIST": 527090.114, 
  "F_PTS": 34, 
  "K_PTS": 50, 
  "EPSILON": 0.519, 
  "LENGTH1": 86234.983, 
  "G_PTS": 33, 
  "Q_PTS": 29, 
  "N_PTS": 34, 
  "C_PTS": 34, 
  "AREA2": 841385.03, 
  "LENGTH2": 619427.07, 
  "B_PTS": 3, 
  "D_PTS": 22, 
  "AREA1": 930076.628, 
  "A_PTS": 40, 
  "E_PTS": 21
 }, 
 "NUMPOINTS": 61, 
 "points": [
  [
   136483.282, 
   16801.002
  ], 
  [
   -638660.493, 
   -616818.841
  ], 
  [
   221506.593, 
   340504.115
  ], 
  [
   909754.006, 
   -571006.288
  ], 
  [
   418300.395, 
   977825.947
  ], 
  [
   265306.358, 
   -881999.973
  ], 
  [
   -480406.968, 
   955545.755
  ], 
  [
   -423271.413, 
   -12718.484
  ], 
  [
   874237.774, 
   -274477.768
  ], 
  [
   481570.913, 
   -922949.598
  ], 
  [
   -116155.204, 
   -157049.466
  ], 
  [
   -222653.46, 
   805243.149
  ], 
  [
   536558.035, 
   926126.872
  ], 
  [
   -570835.402, 
   -50672.286
  ], 
  [
   703283.468, 
   -182790.757
  ], 
  [
   -794274.812, 
   519527.018
  ], 
  [
   -10019.438, 
   195456.328
  ], 
  [
   779473.406, 
   694733.39
  ], 
  [
   276766.705, 
   -658229.614
  ], 
  [
   -962801.787, 
   700966.9
  ], 
  [
   -405491.694, 
   826396.405
  ], 
  [
   -417077.518, 
   -902884.545
  ], 
  [
   -889443.442, 
   162152.442
  ], 
  [
   829409.463, 
   91427.635
  ], 
  [
   -871383.425, 
   820721.183
  ], 
  [
   882699.029, 
   941423.527
  ], 
  [
   913024.203, 
   73669.731
  ], 
  [
   -403397.819, 
   -397807.363
  ], 
  [
   -944186.535, 
   -361812.792
  ], 
  [
   499383.793, 
   660018.391
  ], 
  [
   784253.183, 
   -747015.217
  ], 
  [
   154625.04, 
   888253.276
  ], 
  [
   -963390.962, 
   -696276.213
  ], 
  [
   834651.2, 
   -987676.215
  ], 
  [
   -907413.178, 
   -104695.372
  ], 
  [
   384497.168, 
   -774114.776
  ], 
  [
   29878.419, 
   551149.852
  ], 
  [
   -837169.067, 
   -477.592
  ], 
  [
   -222827.753, 
   696828.066
  ], 
  [
   -968502.905, 
   702684.496
  ], 
  [
   547655.415, 
   -273164.434
  ], 
  [
   493879.535, 
   -987706.122
  ], 
  [
   -122781.288, 
   -339529.409
  ], 
  [
   192134.305, 
   437891.945
  ], 
  [
   -271802.045, 
   772625.426
  ], 
  [
   -908837.139, 
   539436.69
  ], 
  [
   195497.49, 
   50316.259
  ], 
  [
   -58579.238, 
   -772078.231
  ], 
  [
   -280788.567, 
   -805092.512
  ], 
  [
   375715.984, 
   326028.537
  ], 
  [
   855302.194, 
   -822884.489
  ], 
  [
   -998095.525, 
   -344058.438
  ], 
  [
   684473.472, 
   -467402.027
  ], 
  [
   691551.918, 
   -876842.784
  ], 
  [
   421401.778, 
   829207.001
  ], 
  [
   848212.354, 
   -215399.319
  ], 
  [
   -716712.733, 
   983536.265
  ], 
  [
   -845738.509, 
   753863.338
  ], 
  [
   -277081.775, 
   457354.65
  ], 
  [
   385505.425, 
   -221968.815
  ], 
  [
   -612740.312, 
   -665489.587
  ]
 ], 
 "PUV": [
  true, 
  true, 
  true, 
  true, 
  true, 
  false, 
  true, 
  false, 
  false, 
  true, 
  false, 
  true, 
  false, 
  true, 
  true
 ], 
 "LCM": {
  "11": [
   "NOTUSED", 
   "NOTUSED", 
   "ORR", 
   "ORR", 
   "ANDD", 
   "ORR", 
   "ORR", 
   "NOTUSED", 
   "NOTUSED", 
   "ANDD", 
   "NOTUSED", 
   "ANDD", 
   "NOTUSED", 
   "ORR", 
   "ANDD"
  ], 
  "10": [
   "ANDD", 
   "ANDD", 
   "ORR", 
   "ORR", 
   "ORR", 
   "NOTUSED", 
   "ORR", 
   "ANDD", 
   "ORR", 
   "NOTUSED", 
   "ORR", 
   "NOTUSED", 
   "ANDD", 
   "NOTUSED", 
   "ANDD"
  ], 
  "13": [
   "ORR", 
   "ORR", 
   "ORR", 
   "NOTUSED", 
   "NOTUSED", 
   "NOTUSED", 
   "ANDD", 
   "ORR", 
   "NOTUSED", 
   "ANDD", 
   "NOTUSED", 
   "ORR", 
   "ORR", 
   "ANDD", 
   "NOTUSED"
  ], 
  "12": [
   "NOTUSED", 
   "NOTUSED", 
   "ORR", 
   "ANDD", 
   "NOTUSED", 
   "NOTUSED", 
   "ANDD", 
   "ANDD", 
   "NOTUSED", 
   "ORR", 
   "ANDD", 
   "NOTUSED", 
   "NOTUSED", 
   "ORR", 
   "ORR"
  ], 
  "14": [
   "NOTUSED", 
   "NOTUSED", 
   "ANDD", 
   "ORR", 
   "NOTUSED", 
   "ANDD", 
   "NOTUSED", 
   "ORR", 
   "NOTUSED", 
   "NOTUSED", 
   "ANDD", 
   "ANDD", 
   "ORR", 
   "NOTUSED", 
   "ANDD"
  ], 
  "1": [
   "ANDD", 
   "NOTUSED", 
   "ORR", 
   "ORR", 
   "NOTUSED", 
   "NOTUSED", 
   "NOTUSED", 
   "NOTUSED", 
   "ORR", 
   "NOTUSED", 
   "ANDD", 
   "NOTUSED", 
   "NOTUSED", 
   "ORR", 
   "NOTUSED"
  ], 
  "0": [
   "ORR", 
   "ANDD", 
   "ORR", 
   "ANDD", 
   "ANDD", 
   "NOTUSED", 
   "ORR", 
   "ORR", 
   "NOTUSED", 
   "ANDD", 
   "ANDD", 
   "NOTUSED", 
   "NOTUSED", 
   "ORR", 
   "NOTUSED"
  ], 
  "3": [
   "ANDD", 
   "ORR", 
   "ANDD", 
   "NOTUSED", 
   "ORR", 
   "ANDD", 
   "NOTUSED", 
   "ANDD", 
   "ANDD", 
   "ORR", 
   "ORR", 
   "ORR", 
   "ANDD", 
   "NOTUSED", 
   "ORR"
  ], 
  "2": [
   "ORR", 
   "ORR", 
   "NOTUSED", 
   "ANDD", 
   "NOTUSED", 
   "ANDD", 
   "ORR", 
   "NOTUSED", 
   "NOTUSED", 
   "ORR", 
   "ORR", 
   "ORR", 
   "ORR", 
   "ORR", 
   "ANDD"
  ], 
  "5": [
   "NOTUSED", 
   "NOTUSED", 
   "ANDD", 
   "ANDD", 
   "NOTUSED", 
   "NOTUSED", 
   "ANDD", 
   "ANDD", 
   "ORR", 
   "ANDD", 
   "NOTUSED", 
   "ORR", 
   "NOTUSED", 
   "NOTUSED", 
   "ANDD"
  ], 
  "4": [
   "ANDD", 
   "NOTUSED", 
   "NOTUSED", 
   "ORR", 
   "ANDD", 
   "NOTUSED", 
   "ORR", 
   "ORR", 
   "NOTUSED", 
   "ORR", 
   "ORR", 
   "ANDD", 
   "NOTUSED", 
   "NOTUSED", 
   "NOTUSED"
  ], 
  "7": [
   "ORR", 
   "NOTUSED", 
   "NOTUSED", 
   "ANDD", 
   "ORR", 
   "ANDD", 
   "NOTUSED", 
   "ORR", 
   "NOTUSED", 
   "ANDD", 
   "ANDD", 
   "NOTUSED", 
   "ANDD", 
   "ORR", 
   "ORR"
  ], 
  "6": [
   "ORR", 
   "NOTUSED", 
   "ORR", 
   "NOTUSED", 
   "ORR", 
   "ANDD", 
   "NOTUSED", 
   "NOTUSED", 
   "ORR", 
   "NOTUSED", 
   "ORR", 
   "ORR", 
   "ANDD", 
   "ANDD", 
   "NOTUSED"
  ], 
  "9": [
   "ANDD", 
   "NOTUSED", 
   "ORR", 
   "ORR", 
   "ORR", 
   "ANDD", 
   "NOTUSED", 
   "ANDD", 
   "ORR", 
   "ORR", 
   "NOTUSED", 
   "ANDD", 
   "ORR", 
   "ANDD", 
   "NOTUSED"
  ], 
  "8": [
   "NOTUSED", 
   "ORR", 
   "NOTUSED", 
   "ANDD", 
   "NOTUSED", 
   "ORR", 
   "ORR", 
   "NOTUSED", 
   "NOTUSED", 
   "ORR", 
   "ORR", 
   "NOTUSED", 
   "NOTUSED", 
   "NOTUSED", 
   "NOTUSED"
  ]
 }
}