{
 "random_seed": 2254816090, 
 "PARAMETERS": {
  "RADIUS1": 491001.019, 
  "QUADS": 1, 
  "RADIUS2": 769257.616, 
  "DIST": 78532.888, 
  "F_PTS": 60, 
  "K_PTS": 63, 
  "EPSILON": 0.573, 
  "LENGTH1": 783380.407, 
  "G_PTS": 63, 
  "Q_PTS": 68, 
  "N_PTS": 68, 
  "C_PTS": 35, 
  "AREA2": 695962.115, 
  "LENGTH2": 596615.768, 
  "B_PTS": 13, 
  "D_PTS": 12, 
  "AREA1": 554035.002, 
  "A_PTS": 19, 
  "E_PTS": 12
 }, 
 "NUMPOINTS": 90, 
 "points": [
  [
   -605286.773, 
   -824941.604
  ], 
  [
   229534.296, 
   376341.153
  ], 
  [
   -984606.862, 
   -11970.506
  ], 
  [
   155965.358, 
   363767.054
  ], 
  [
   762977.685, 
   301537.015
  ], 
  [
   901880.097, 
   565895.061
  ], 
  [
   -161252.662, 
   -633681.383
  ], 
  [
   533749.096, 
   -528111.699
  ], 
  [
   -851526.091, 
   128672.405
  ], 
  [
   362169.443, 
   444656.615
  ], 
  [
   839387.715, 
   -591865.223
  ], 
  [
   -803088.138, 
   -397167.553
  ], 
  [
   948038.358, 
   811862.588
  ], 
  [
   177673.478, 
   -234538.814
  ], 
  [
   955483.34, 
   -995530.004
  ], 
  [
   -464171.619, 
   461372.825
  ], 
  [
   744002.63, 
   -231387.714
  ], 
  [
   -646332.733, 
   61287.325
  ], 
  [
   466622.255, 
   490518.937
  ], 
  [
   449687.451, 
   -981622.603
  ], 
  [
   -695159.319, 
   -564162.525
  ], 
  [
   -989150.885, 
   198465.881
  ], 
  [
   667055.182, 
   619548.684
  ], 
  [
   -407983.699, 
   -76469.514
  ], 
  [
   -470410.13, 
   998527.283
  ], 
  [
   979517.57, 
   158859.623
  ], 
  [
   421610.591, 
   -617622.609
  ], 
  [
   -98031.314, 
   -955528.2
  ], 
  [
   -237456.359, 
   -932328.072
  ], 
  [
   324869.534, 
   822415.869
  ], 
  [
   223365.744, 
   -173257.418
  ], 
  [
   -411355.691, 
   877786.201
  ], 
  [
   -215058.304, 
   652250.12
  ], 
  [
   -105547.244, 
   857932.157
  ], 
  [
   -876608.452, 
   877172.888
  ], 
  [
   162449.021, 
   863962.999
  ], 
  [
   298936.172, 
   -953031.45
  ], 
  [
   266787.872, 
   -97414.919
  ], 
  [
   -257306.194, 
   -743264.115
  ], 
  [
   -675892.842, 
   -728814.351
  ], 
  [
   -285272.754, 
   -304788.86
  ], 
  [
   709920.667, 
   445607.095
  ], 
  [
   503005.019, 
   -859993.675
  ], 
  [
   -10263.765, 
   -661846.758
  ], 
  [
   -4407.523, 
   -125501.698
  ], 
  [
   -403425.076, 
   -203427.978
  ], 
  [
   -110172.615, 
   -120160.704
  ], 
  [
   -358181.318, 
   -713147.165
  ], 
  [
   -161518.546, 
   -876677.104
  ], 
  [
   -603411.893, 
   -675574.133
  ], 
  [
   841621.175, 
   746505.253
  ], 
  [
   968142.436, 
   -453927.789
  ], 
  [
   -892919.745, 
   887655.147
  ], 
  [
   919319.602, 
   962063.938
  ], 
  [
   532855.806, 
   681599.015
  ], 
  [
   280936.143, 
   -434324.673
  ], 
  [
   787427.512, 
   466029.453
  ], 
  [
   574254.116, 
   -693131.754
  ], 
  [
   -565612.257, 
   -994975.41
  ], 
  [
   -989547.02, 
   764575.083
  ], 
  [
   866275.131, 
   559247.704
  ], 
  [
   907283.82, 
   358436.65
  ], 
  [
   -458540.28, 
   628475.248
  ], 
  [
   784241.217, 
   -454348.307
  ], 
  [
   -981859.595, 
   -176531.167
  ], 
  [
   -748558.635, 
   -53982.545
  ], 
  [
   -570766.711, 
   73898.386
  ], 
  [
   -119187.385, 
   -773592.872
  ], 
  [
   -411823.753, 
   -812091.66
  ], 
  [
   -479812.996, 
   -816529.74
  ], 
  [
   642789.862, 
   639023.877
  ], 
  [
   -599083.372, 
   -709062.294
  ], 
  [
   -777526.654, 
   -14696.515
  ], 
  [
   -190199.844, 
   -391514.175
  ], 
  [
   527957.166, 
   629250.501
  ], 
  [
   632484.399, 
   -178633.57
  ], 
  [
   -505188.546, 
   850089.964
  ], 
  [
   -145897.325, 
   709806.807
  ], 
  [
   -719453.155, 
   -75357.457
  ], 
  [
   724997.052, 
   -671678.425
  ], 
  [
   -201395.987, 
   121511.89
  ], 
  [
   -867707.047, 
   -575207.47
  ], 
  [
   -807685.375, 
   810679.11
  ], 
  [
   -962954.635, 
   728002.289
  ], 
  [
   484670.167, 
   410785.507
  ], 
  [
   536896.283, 
   110671.941
  ], 
  [
   354629.211, 
   -515826.105
  ], 
  [
   352509.162, 
   54005.519
  ], 
  [
   -92339.601, 
   179694.017
  ], 
  [
   18319.754, 
   -169808.869
  ]
 ], 
 "PUV": [
  true, 
  false, 
  true, 
  true, 
  true, 
  false, 
  false, 
  false, 
  true, 
  false, 
  true, 
  true, 
  false, 
  true, 
  false
 ], 
 "LCM": {
  "11": [
   "ANDD", 
   "NOTUSED", 
   "ANDD", 
   "NOTUSED", 
   "ORR", 
   "ORR", 
   "NOTUSED", 
   "NOTUSED", 
   "ORR", 
   "ANDD", 
   "NOTUSED", 
   "ANDD", 
   "NOTUSED", 
   "ORR", 
   "NOTUSED"
  ], 
  "10": [
   "NOTUSED", 
   "ANDD", 
   "ORR", 
   "NOTUSED", 
   "NOTUSED", 
   "ORR", 
   "ORR", 
   "NOTUSED", 
   "ORR", 
   "ORR", 
   "ORR", 
   "NOTUSED", 
   "ORR", 
   "ORR", 
   "NOTUSED"
  ], 
  "13": [
   "ANDD", 
   "ORR", 
   "ORR", 
   "ORR", 
   "ANDD", 
   "ORR", 
   "ORR", 
   "ORR", 
   "ANDD", 
   "ORR", 
   "ORR", 
   "ORR", 
   "NOTUSED", 
   "ORR", 
   "ANDD"
  ], 
  "12": [
   "ORR", 
   "ORR", 
   "ORR", 
   "ANDD", 
   "NOTUSED", 
   "ANDD", 
   "NOTUSED", 
   "ANDD", 
   "ORR", 
   "ANDD", 
   "ORR", 
   "NOTUSED", 
   "NOTUSED", 
   "NOTUSED", 
   "ORR"
  ], 
  "14": [
   "ANDD", 
   "NOTUSED", 
   "ANDD", 
   "ORR", 
   "ORR", 
   "NOTUSED", 
   "ORR", 
   "ANDD", 
   "NOTUSED", 
   "ANDD", 
   "NOTUSED", 
   "NOTUSED", 
   "ORR", 
   "ANDD", 
   "ANDD"
  ], 
  "1": [
   "ORR", 
   "ANDD", 
   "ANDD", 
   "ANDD", 
   "NOTUSED", 
   "ANDD", 
   "ANDD", 
   "ANDD", 
   "NOTUSED", 
   "ORR", 
   "ANDD", 
   "NOTUSED", 
   "ORR", 
   "ORR", 
   "NOTUSED"
  ], 
  "0": [
   "NOTUSED", 
   "ORR", 
   "ANDD", 
   "NOTUSED", 
   "NOTUSED", 
   "ANDD", 
   "NOTUSED", 
   "NOTUSED", 
   "ORR", 
   "ANDD", 
   "NOTUSED", 
   "ANDD", 
   "ORR", 
   "ANDD", 
   "ANDD"
  ], 
  "3": [
   "NOTUSED", 
   "ANDD", 
   "ANDD", 
   "ORR", 
   "ORR", 
   "ANDD", 
   "NOTUSED", 
   "ANDD", 
   "ANDD", 
   "NOTUSED", 
   "NOTUSED", 
   "NOTUSED", 
   "ANDD", 
   "ORR", 
   "ORR"
  ], 
  "2": [
   "ANDD", 
   "ANDD", 
   "ANDD", 
   "ANDD", 
   "ORR", 
   "ORR", 
   "ANDD", 
   "NOTUSED", 
   "ORR", 
   "NOTUSED", 
   "ORR", 
   "ANDD", 
   "ORR", 
   "ORR", 
   "ANDD"
  ], 
  "5": [
   "ANDD", 
   "ANDD", 
   "ORR", 
   "ANDD", 
   "ANDD", 
   "ORR", 
   "ORR", 
   "ORR", 
   "ANDD", 
   "NOTUSED", 
   "ORR", 
   "ORR", 
   "ANDD", 
   "ORR", 
   "NOTUSED"
  ], 
  "4": [
   "NOTUSED", 
   "NOTUSED", 
   "ORR", 
   "ORR", 
   "ANDD", 
   "ANDD", 
   "NOTUSED", 
   "NOTUSED", 
   "ORR", 
   "ORR", 
   "NOTUSED", 
   "ORR", 
   "NOTUSED", 
   "ANDD", 
   "ORR"
  ], 
  "7": [
   "NOTUSED", 
   "ANDD", 
   "NOTUSED", 
   "ANDD", 
   "NOTUSED", 
   "ORR", 
   "NOTUSED", 
   "NOTUSED", 
   "NOTUSED", 
   "NOTUSED", 
   "NOTUSED", 
   "NOTUSED", 
   "ANDD", 
   "ORR", 
   "ANDD"
  ], 
  "6": [
   "NOTUSED", 
   "ANDD", 
   "ANDD", 
   "NOTUSED", 
   "NOTUSED", 
   "ORR", 
   "NOTUSED", 
   "NOTUSED", 
   "ORR", 
   "ORR", 
   "ORR", 
   "NOTUSED", 
   "NOTUSED", 
   "ORR", 
   "ORR"
  ], 
  "9": [
   "ANDD", 
   "ORR", 
   "NOTUSED", 
   "NOTUSED", 
   "ORR", 
   "NOTUSED", 
   "ORR", 
   "NOTUSED", 
   "ORR", 
   "ANDD", 
   "ORR", 
   "ANDD", 
   "ANDD", 
   "ORR", 
   "ANDD"
  ], 
  "8": [
   "ORR", 
   "NOTUSED", 
   "ORR", 
   "ANDD", 
   "ORR", 
   "ANDD", 
   "ORR", 
   "NOTUSED", 
   "NOTUSED", 
   "ORR", 
   "ORR", 
   "ORR", 
   "ORR", 
   "ANDD", 
   "NOTUSED"
  ]
 }
}