{
 "random_seed": 3362693274, 
 "PARAMETERS": {
  "RADIUS1": 60580.506, 
  "QUADS": 2, 
  "RADIUS2": 185786.295, 
  "DIST": 987227.449, 
  "F_PTS": 41, 
  "K_PTS": 62, 
  "EPSILON": 2.701, 
  "LENGTH1": 377357.562, 
  "G_PTS": 39, 
  "Q_PTS": 72, 
  "N_PTS": 20, 
  "C_PTS": 27, 
  "AREA2": 239118.389, 
  "LENGTH2": 87890.799, 
  "B_PTS": 11, 
  "D_PTS": 35, 
  "AREA1": 996152.451, 
  "A_PTS": 9, 
  "E_PTS": 20
 }, 
 "NUMPOINTS": 73, 
 "points": [
  [
   903403.222, 
   -598033.832
  ], 
  [
   871472.965, 
   -258472.444
  ], 
  [
   -574983.22, 
   362787.744
  ], 
  [
   542321.939, 
   -732460.66
  ], 
  [
   995049.493, 
   -69263.601
  ], 
  [
   -885096.512, 
   -812610.556
  ], 
  [
   662150.671, 
   427209.462
  ], 
  [
   -168854.061, 
   -403966.798
  ], 
  [
   -528257.252, 
   -800060.689
  ], 
  [
   820684.609, 
   247027.054
  ], 
  [
   895597.755, 
   450797.701
  ], 
  [
   253653.312, 
   -8263.455
  ], 
  [
   796833.419, 
   421523.369
  ], 
  [
   601690.473, 
   156018.461
  ], 
  [
   938220.301, 
   481128.849
  ], 
  [
   333126.178, 
   284844.168
  ], 
  [
   -109832.147, 
   -740081.665
  ], 
  [
   687697.503, 
   178374.473
  ], 
  [
   -157037.098, 
   682822.659
  ], 
  [
   383428.124, 
   -438427.809
  ], 
  [
   425385.647, 
   723766.52
  ], 
  [
   3847.305, 
   -898760.038
  ], 
  [
   799019.395, 
   258368.136
  ], 
  [
   -684365.487, 
   461718.544
  ], 
  [
   990150.818, 
   570119.48
  ], 
  [
   771260.297, 
   783340.573
  ], 
  [
   -271940.096, 
   -161650.086
  ], 
  [
   501621.917, 
   -368706.962
  ], 
  [
   186059.333, 
   -554702.502
  ], 
  [
   811541.448, 
   728493.066
  ], 
  [
   356469.733, 
   -978462.321
  ], 
  [
   -34681.227, 
   916905.853
  ], 
  [
   969773.131, 
   562853.656
  ], 
  [
   355861.84, 
   534002.308
  ], 
  [
   -946381.868, 
   642795.408
  ], 
  [
   -459856.586, 
   -848912.304
  ], 
  [
   425470.475, 
   -258332.153
  ], 
  [
   -558792.241, 
   -898235.069
  ], 
  [
   -646801.67, 
   944143.169
  ], 
  [
   783967.759, 
   -361677.194
  ], 
  [
   263344.852, 
   377335.493
  ], 
  [
   -15952.508, 
   53803.746
  ], 
  [
   -785188.974, 
   461578.959
  ], 
  [
   -53441.989, 
   -794030.317
  ], 
  [
   -513911.275, 
   -753722.148
  ], 
  [
   789332.623, 
   605092.487
  ], 
  [
   -467937.082, 
   -567430.139
  ], 
  [
   -672630.656, 
   548814.787
  ], 
  [
   -205994.37, 
   551108.909
  ], 
  [
   -685518.027, 
   -566021.454
  ], 
  [
   -440001.874, 
   -765413.237
  ], 
  [
   632076.198, 
   -768554.217
  ], 
  [
   -166049.258, 
   -889275.05
  ], 
  [
   853899.694, 
   -216216.136
  ], 
  [
   -253731.032, 
   115958.809
  ], 
  [
   408243.818, 
   331464.262
  ], 
  [
   764026.05, 
   313448.515
  ], 
  [
   332000.512, 
   194725.262
  ], 
  [
   -320153.563, 
   361601.075
  ], 
  [
   -653905.133, 
   -99746.126
  ], 
  [
   152337.947, 
   -539130.116
  ], 
  [
   985412.855, 
   624497.411
  ], 
  [
   -600598.25, 
   -372054.695
  ], 
  [
   333193.164, 
   -994341.548
  ], 
  [
   988811.152, 
   -810021.475
  ], 
  [
   1799.672, 
   74667.889
  ], 
  [
   -27747.828, 
   52951.539
  ], 
  [
   -939153.838, 
   305302.717
  ], 
  [
   737940.068, 
   -632662.114
  ], 
  [
   413118.822, 
   -308771.158
  ], 
  [
   -794457.96, 
   431462.351
  ], 
  [
   -786557.112, 
   -81946.094
  ], 
  [
   67255.02, 
   -330531.827
  ]
 ], 
 "PUV": [
  false, 
  true, 
  false, 
  true, 
  false, 
  false, 
  true, 
  true, 
  true, 
  true, 
  true, 
  false, 
  false, 
  true, 
  false
 ], 
 "LCM": {
  "11": [
   "NOTUSED", 
   "ORR", 
   "ANDD", 
   "ANDD", 
   "NOTUSED", 
   "NOTUSED", 
   "ORR", 
   "ORR", 
   "NOTUSED", 
   "ORR", 
   "ORR", 
   "ORR", 
   "ORR", 
   "NOTUSED", 
   "ORR"
  ], 
  "10": [
   "ANDD", 
   "NOTUSED", 
   "ORR", 
   "NOTUSED", 
   "ORR", 
   "ANDD", 
   "ORR", 
   "ORR", 
   "ANDD", 
   "ANDD", 
   "ORR", 
   "ORR", 
   "ORR", 
   "ANDD", 
   "ORR"
  ], 
  "13": [
   "NOTUSED", 
   "ANDD", 
   "ORR", 
   "NOTUSED", 
   "ANDD", 
   "NOTUSED", 
   "ORR", 
   "ORR", 
   "ANDD", 
   "NOTUSED", 
   "ANDD", 
   "NOTUSED", 
   "ORR", 
   "NOTUSED", 
   "NOTUSED"
  ], 
  "12": [
   "ORR", 
   "ANDD", 
   "ANDD", 
   "ORR", 
   "ANDD", 
   "ORR", 
   "ANDD", 
   "NOTUSED", 
   "NOTUSED", 
   "NOTUSED", 
   "ORR", 
   "ORR", 
   "ANDD", 
   "ORR", 
   "NOTUSED"
  ], 
  "14": [
   "NOTUSED", 
   "ORR", 
   "NOTUSED", 
   "ORR", 
   "ORR", 
   "NOTUSED", 
   "ORR", 
   "ORR", 
   "ANDD", 
   "ANDD", 
   "ORR", 
   "ORR", 
   "NOTUSED", 
   "NOTUSED", 
   "ORR"
  ], 
  "1": [
   "ORR", 
   "NOTUSED", 
   "ANDD", 
   "NOTUSED", 
   "ORR", 
   "ANDD", 
   "NOTUSED", 
   "ANDD", 
   "ANDD", 
   "ANDD", 
   "NOTUSED", 
   "ORR", 
   "ANDD", 
   "ANDD", 
   "ORR"
  ], 
  "0": [
   "NOTUSED", 
   "ORR", 
   "ANDD", 
   "ANDD", 
   "ORR", 
   "ANDD", 
   "ANDD", 
   "ANDD", 
   "ORR", 
   "ORR", 
   "ANDD", 
   "NOTUSED", 
   "ORR", 
   "NOTUSED", 
   "NOTUSED"
  ], 
  "3": [
   "ANDD", 
   "NOTUSED", 
   "NOTUSED", 
   "ANDD", 
   "ANDD", 
   "ANDD", 
   "ANDD", 
   "ORR", 
   "ORR", 
   "ANDD", 
   "NOTUSED", 
   "ANDD", 
   "ORR", 
   "NOTUSED", 
   "ORR"
  ], 
  "2": [
   "ANDD", 
   "ANDD", 
   "NOTUSED", 
   "NOTUSED", 
   "ANDD", 
   "NOTUSED", 
   "NOTUSED", 
   "ANDD", 
   "ORR", 
   "ANDD", 
   "ORR", 
   "ANDD", 
   "ANDD", 
   "ORR", 
   "NOTUSED"
  ], 
  "5": [
   "ANDD", 
   "ANDD", 
   "NOTUSED", 
   "ANDD", 
   "ANDD", 
   "NOTUSED", 
   "NOTUSED", 
   "ORR", 
   "ORR", 
   "NOTUSED", 
   "ANDD", 
   "NOTUSED", 
   "ORR", 
   "NOTUSED", 
   "NOTUSED"
  ], 
  "4": [
   "ORR", 
   "ORR", 
   "ANDD", 
   "ANDD", 
   "ORR", 
   "ANDD", 
   "NOTUSED", 
   "ANDD", 
   "NOTUSED", 
   "NOTUSED", 
   "ORR", 
   "NOTUSED", 
   "ANDD", 
   "ANDD", 
   "ORR"
  ], 
  "7": [
   "ANDD", 
   "ANDD", 
   "ANDD", 
   "ORR", 
   "ANDD", 
   "ORR", 
   "NOTUSED", 
   "ANDD", 
   "NOTUSED", 
   "ANDD", 
   "ORR", 
   "ORR", 
   "NOTUSED", 
   "ORR", 
   "ORR"
  ], 
  "6": [
   "ANDD", 
   "NOTUSED", 
   "NOTUSED", 
   "ANDD", 
   "NOTUSED", 
   "NOTUSED", 
   "ORR", 
   "NOTUSED", 
   "ORR", 
   "ANDD", 
   "ORR", 
   "ORR", 
   "ANDD", 
   "ORR", 
   "ORR"
  ], 
  "9": [
   "ORR", 
   "ANDD", 
   "ANDD", 
   "ANDD", 
   "NOTUSED", 
   "NOTUSED", 
   "ANDD", 
   "ANDD", 
   "NOTUSED", 
   "ANDD", 
   "ANDD", 
   "ORR", 
   "NOTUSED", 
   "NOTUSED", 
   "ANDD"
  ], 
  "8": [
   "ORR", 
   "ANDD", 
   "ORR", 
   "ORR", 
   "NOTUSED", 
   "ORR", 
   "ORR", 
   "NOTUSED", 
   "ANDD", 
   "NOTUSED", 
   "ANDD", 
   "NOTUSED", 
   "NOTUSED", 
   "ANDD", 
   "ANDD"
  ]
 }
}