{
 "random_seed": 583269174, 
 "PARAMETERS": {
  "RADIUS1": 349231.294, 
  "QUADS": 3, 
  "RADIUS2": 384623.761, 
  "DIST": 173677.728, 
  "F_PTS": 8, 
  "K_PTS": 31, 
  "EPSILON": 2.591, 
  "LENGTH1": 787929.632, 
  "G_PTS": 28, 
  "Q_PTS": 29, 
  "N_PTS": 23, 
  "C_PTS": 7, 
  "AREA2": 715556.089, 
  "LENGTH2": 866493.12, 
  "B_PTS": 23, 
  "D_PTS": 19, 
  "AREA1": 599823.81, 
  "A_PTS": 22, 
  "E_PTS": 12
 }, 
 "NUMPOINTS": 60, 
 "points": [
  [
   -54073.686, 
   511195.574
  ], 
  [
   -178369.684, 
   -835713.086
  ], 
  [
   107537.475, 
   538741.415
  ], 
  [
   406227.972, 
   -391767.733
  ], 
  [
   -701772.596, 
   -57796.065
  ], 
  [
   78670.067, 
   -168673.564
  ], 
  [
   -599898.885, 
   -836274.231
  ], 
  [
   -629670.779, 
   -793577.396
  ], 
  [
   297471.558, 
   377146.406
  ], 
  [
   218567.226, 
   -14744.478
  ], 
  [
   971695.443, 
   959571.157
  ], 
  [
   820747.907, 
   -537844.892
  ], 
  [
   -543837.821, 
   -325978.853
  ], 
  [
   80657.142, 
   240084.591
  ], 
  [
   -370070.256, 
   703848.878
  ], 
  [
   41298.497, 
   141313.697
  ], 
  [
   133549.688, 
   -393807.951
  ], 
  [
   991524.87, 
   597126.408
  ], 
  [
   -826535.808, 
   77936.64
  ], 
  [
   -819791.377, 
   771488.271
  ], 
  [
   478679.561, 
   6395.443
  ], 
  [
   351110.177, 
   244166.715
  ], 
  [
   443180.491, 
   -84310.928
  ], 
  [
   581345.873, 
   240879.42
  ], 
  [
   -395153.209, 
   863909.096
  ], 
  [
   -442791.208, 
   406412.905
  ], 
  [
   -512258.627, 
   408360.901
  ], 
  [
   683266.681, 
   -662524.56
  ], 
  [
   -461142.688, 
   -586944.318
  ], 
  [
   -958406.732, 
   29479.295
  ], 
  [
   -595192.134, 
   281404.543
  ], 
  [
   -978327.866, 
   -717745.807
  ], 
  [
   92202.036, 
   -326608.394
  ], 
  [
   -256558.798, 
   248270.852
  ], 
  [
   704329.176, 
   450874.613
  ], 
  [
   475565.197, 
   -348416.495
  ], 
  [
   -103840.427, 
   589835.888
  ], 
  [
   402034.529, 
   -835905.089
  ], 
  [
   268700.134, 
   -887660.372
  ], 
  [
   -746775.567, 
   -822630.398
  ], 
  [
   -745629.418, 
   859651.014
  ], 
  [
   -579973.457, 
   904191.076
  ], 
  [
   651400.519, 
   540041.672
  ], 
  [
   -816171.223, 
   -944010.144
  ], 
  [
   332515.223, 
   679263.897
  ], 
  [
   -397140.503, 
   -273730.669
  ], 
  [
   638879.504, 
   -541569.154
  ], 
  [
   443528.305, 
   879623.701
  ], 
  [
   447792.246, 
   78576.43
  ], 
  [
   -411956.657, 
   -917036.183
  ], 
  [
   318951.146, 
   336337.053
  ], 
  [
   323176.172, 
   -80916.579
  ], 
  [
   291345.872, 
   19219.523
  ], 
  [
   736787.032, 
   297901.044
  ], 
  [
   -265650.42, 
   -444985.997
  ], 
  [
   1627.103, 
   -572728.338
  ], 
  [
   992494.569, 
   718167.659
  ], 
  [
   213304.764, 
   -103694.433
  ], 
  [
   -487520.072, 
   -688210.582
  ], 
  [
   -304844.598, 
   179669.68
  ]
 ], 
 "PUV": [
  true, 
  false, 
  true, 
  false, 
  true, 
  false, 
  false, 
  true, 
  false, 
  true, 
  false, 
  true, 
  false, 
  false, 
  true
 ], 
 "LCM": {
  "11": [
   "ANDD", 
   "ORR", 
   "ANDD", 
   "NOTUSED", 
   "ANDD", 
   "NOTUSED", 
   "ORR", 
   "ORR", 
   "ANDD", 
   "NOTUSED", 
   "ANDD", 
   "NOTUSED", 
   "ORR", 
   "NOTUSED", 
   "ORR"
  ], 
  "10": [
   "ORR", 
   "ANDD", 
   "ANDD", 
   "ANDD", 
   "ANDD", 
   "ORR", 
   "NOTUSED", 
   "ORR", 
   "ANDD", 
   "ANDD", 
   "NOTUSED", 
   "ANDD", 
   "ORR", 
   "NOTUSED", 
   "ANDD"
  ], 
  "13": [
   "ORR", 
   "ANDD", 
   "ORR", 
   "NOTUSED", 
   "NOTUSED", 
   "ORR", 
   "ANDD", 
   "NOTUSED", 
   "ORR", 
   "ANDD", 
   "NOTUSED", 
   "NOTUSED", 
   "ORR", 
   "ANDD", 
   "ANDD"
  ], 
  "12": [
   "ORR", 
   "ORR", 
   "NOTUSED", 
   "NOTUSED", 
   "ANDD", 
   "ORR", 
   "NOTUSED", 
   "NOTUSED", 
   "NOTUSED", 
   "NOTUSED", 
   "ORR", 
   "ORR", 
   "ORR", 
   "ORR", 
   "ORR"
  ], 
  "14": [
   "ORR", 
   "ORR", 
   "ORR", 
   "ANDD", 
   "NOTUSED", 
   "ORR", 
   "ANDD", 
   "NOTUSED", 
   "ANDD", 
   "NOTUSED", 
   "ANDD", 
   "ORR", 
   "ORR", 
   "ANDD", 
   "ANDD"
  ], 
  "1": [
   "ORR", 
   "NOTUSED", 
   "ORR", 
   "ORR", 
   "ORR", 
   "NOTUSED", 
   "ORR", 
   "ANDD", 
   "NOTUSED", 
   "ANDD", 
   "ANDD", 
   "ORR", 
   "ORR", 
   "ANDD", 
   "ORR"
  ], 
  "0": [
   "ORR", 
   "ORR", 
   "ANDD", 
   "NOTUSED", 
   "ORR", 
   "NOTUSED", 
   "ORR", 
   "ANDD", 
   "ORR", 
   "NOTUSED", 
   "ORR", 
   "ANDD", 
   "ORR", 
   "ORR", 
   "ORR"
  ], 
  "3": [
   "NOTUSED", 
   "ORR", 
   "ORR", 
   "ANDD", 
   "ANDD", 
   "ANDD", 
   "ANDD", 
   "ANDD", 
   "NOTUSED", 
   "ORR", 
   "ANDD", 
   "NOTUSED", 
   "NOTUSED", 
   "NOTUSED", 
   "ANDD"
  ], 
  "2": [
   "ANDD", 
   "ORR", 
   "NOTUSED", 
   "ORR", 
   "ORR", 
   "ORR", 
   "NOTUSED", 
   "NOTUSED", 
   "ANDD", 
   "ANDD", 
   "ANDD", 
   "ANDD", 
   "NOTUSED", 
   "ORR", 
   "ORR"
  ], 
  "5": [
   "NOTUSED", 
   "NOTUSED", 
   "ORR", 
   "ANDD", 
   "ANDD", 
   "NOTUSED", 
   "NOTUSED", 
   "NOTUSED", 
   "ANDD", 
   "ANDD", 
   "ORR", 
   "NOTUSED", 
   "ORR", 
   "ORR", 
   "ORR"
  ], 
  "4": [
   "ORR", 
   "ORR", 
   "ORR", 
   "ANDD", 
   "ORR", 
   "ANDD", 
   "NOTUSED", 
   "ORR", 
   "NOTUSED", 
   "NOTUSED", 
   "ANDD", 
   "ANDD", 
   "ANDD", 
   "NOTUSED", 
   "NOTUSED"
  ], 
  "7": [
   "ANDD", 
   "ANDD", 
   "NOTUSED", 
   "ANDD", 
   "ORR", 
   "NOTUSED", 
   "NOTUSED", 
   "ORR", 
   "NOTUSED", 
   "ORR", 
   "ORR", 
   "ORR", 
   "NOTUSED", 
   "NOTUSED", 
   "NOTUSED"
  ], 
  "6": [
   "ORR", 
   "ORR", 
   "NOTUSED", 
   "ANDD", 
   "NOTUSED", 
   "NOTUSED", 
   "NOTUSED", 
   "NOTUSED", 
   "ORR", 
   "NOTUSED", 
   "NOTUSED", 
   "ORR", 
   "NOTUSED", 
   "ANDD", 
   "ANDD"
  ], 
  "9": [
   "NOTUSED", 
   "ANDD", 
   "ANDD", 
   "ORR", 
   "NOTUSED", 
   "ANDD", 
   "NOTUSED", 
   "ORR", 
   "ANDD", 
   "ANDD", 
   "ANDD", 
   "NOTUSED", 
   "NOTUSED", 
   "ANDD", 
   "NOTUSED"
  ], 
  "8": [
   "ORR", 
   "NOTUSED", 
   "ANDD", 
   "NOTUSED", 
   "NOTUSED", 
   "ANDD", 
   "ORR", 
   "NOTUSED", 
   "ANDD", 
   "ANDD", 
   "ANDD", 
   "ANDD", 
   "NOTUSED", 
   "ORR", 
   "ANDD"
  ]
 }
}