{
 "random_seed": 357263078, 
 "PARAMETERS": {
  "RADIUS1": 762069.712, 
  "QUADS": 2, 
  "RADIUS2": 540979.75, 
  "DIST": 830350.582, 
  "F_PTS": 20, 
  "K_PTS": 25, 
  "EPSILON": 0.961, 
  "LENGTH1": 143918.47, 
  "G_PTS": 22, 
  "Q_PTS": 27, 
  "N_PTS": 30, 
  "C_PTS": 23, 
  "AREA2": 433650.528, 
  "LENGTH2": 59430.132, 
  "B_PTS": 31, 
  "D_PTS": 10, 
  "AREA1": 898529.517, 
  "A_PTS": 7, 
  "E_PTS": 9
 }, 
 "NUMPOINTS": 45, 
 "points": [
  [
   -640192.796, 
   -103148.594
  ], 
  [
   -745483.247, 
   -566465.895
  ], 
  [
   802098.766, 
   -7776.524
  ], 
  [
   683986.217, 
   -839961.831
  ], 
  [
   720181.479, 
   -108613.509
  ], 
  [
   65357.367, 
   -376508.569
  ], 
  [
   162060.815, 
   445374.924
  ], 
  [
   240876.204, 
   -859523.252
  ], 
  [
   -889113.413, 
   -359756.62
  ], 
  [
   -180789.6, 
   -615862.937
  ], 
  [
   -297206.384, 
   -464827.533
  ], 
  [
   925544.295, 
   -255613.208
  ], 
  [
   77160.616, 
   -659694.376
  ], 
  [
   -96214.14, 
   240507.469
  ], 
  [
   -711.355, 
   610046.216
  ], 
  [
   970973.946, 
   10991.915
  ], 
  [
   264081.271, 
   971274.476
  ], 
  [
   77726.424, 
   418206.343
  ], 
  [
   704624.426, 
   -606149.282
  ], 
  [
   -597860.422, 
   -866028.865
  ], 
  [
   157328.324, 
   979976.888
  ], 
  [
   -45282.117, 
   -696105.303
  ], 
  [
   -687211.751, 
   -839818.751
  ], 
  [
   -904983.806, 
   -33218.32
  ], 
  [
   689409.997, 
   -2225.566
  ], 
  [
   146207.167, 
   782384.526
  ], 
  [
   -891725.345, 
   -739018.548
  ], 
  [
   789180.454, 
   86379.28
  ], 
  [
   -935705.833, 
   -782802.439
  ], 
  [
   983178.86, 
   438228.629
  ], 
  [
   -345653.062, 
   -791234.389
  ], 
  [
   216260.955, 
   -746535.671
  ], 
  [
   -297931.659, 
   -466832.717
  ], 
  [
   -568509.523, 
   -7854.659
  ], 
  [
   -453521.371, 
   -237038.045
  ], 
  [
   -480027.579, 
   -290715.649
  ], 
  [
   297735.93, 
   196745.919
  ], 
  [
   307456.221, 
   179081.755
  ], 
  [
   -119969.616, 
   588425.623
  ], 
  [
   94837.924, 
   -75725.689
  ], 
  [
   589981.584, 
   -768787.469
  ], 
  [
   -432380.59, 
   -680158.138
  ], 
  [
   418851.182, 
   334902.138
  ], 
  [
   -250511.396, 
   251604.006
  ], 
  [
   105920.073, 
   230957.037
  ]
 ], 
 "PUV": [
  false, 
  true, 
  false, 
  true, 
  true, 
  true, 
  true, 
  false, 
  false, 
  true, 
  true, 
  false, 
  true, 
  true, 
  false
 ], 
 "LCM": {
  "11": [
   "NOTUSED", 
   "ORR", 
   "NOTUSED", 
   "ANDD", 
   "NOTUSED", 
   "NOTUSED", 
   "ANDD", 
   "ORR", 
   "ORR", 
   "ORR", 
   "ANDD", 
   "ORR", 
   "ORR", 
   "NOTUSED", 
   "ORR"
  ], 
  "10": [
   "ANDD", 
   "ANDD", 
   "ANDD", 
   "ORR", 
   "ORR", 
   "NOTUSED", 
   "ORR", 
   "NOTUSED", 
   "ANDD", 
   "ANDD", 
   "ANDD", 
   "ANDD", 
   "ORR", 
   "NOTUSED", 
   "ANDD"
  ], 
  "13": [
   "ORR", 
   "ANDD", 
   "NOTUSED", 
   "ORR", 
   "NOTUSED", 
   "NOTUSED", 
   "NOTUSED", 
   "ANDD", 
   "ANDD", 
   "NOTUSED", 
   "NOTUSED", 
   "NOTUSED", 
   "NOTUSED", 
   "ORR", 
   "ORR"
  ], 
  "12": [
   "NOTUSED", 
   "NOTUSED", 
   "ORR", 
   "ORR", 
   "NOTUSED", 
   "NOTUSED", 
   "ORR", 
   "NOTUSED", 
   "ANDD", 
   "ORR", 
   "ORR", 
   "ORR", 
   "ANDD", 
   "NOTUSED", 
   "ANDD"
  ], 
  "14": [
   "ORR", 
   "NOTUSED", 
   "NOTUSED", 
   "ANDD", 
   "NOTUSED", 
   "ANDD", 
   "NOTUSED", 
   "ORR", 
   "ORR", 
   "ANDD", 
   "ANDD", 
   "ORR", 
   "ANDD", 
   "ORR", 
   "ORR"
  ], 
  "1": [
   "ANDD", 
   "ORR", 
   "ORR", 
   "ORR", 
   "ORR", 
   "ANDD", 
   "ORR", 
   "ORR", 
   "NOTUSED", 
   "ORR", 
   "ANDD", 
   "ORR", 
   "NOTUSED", 
   "ANDD", 
   "NOTUSED"
  ], 
  "0": [
   "NOTUSED", 
   "ANDD", 
   "ANDD", 
   "ORR", 
   "ORR", 
   "NOTUSED", 
   "ANDD", 
   "ORR", 
   "ANDD", 
   "ORR", 
   "ANDD", 
   "NOTUSED", 
   "NOTUSED", 
   "ORR", 
   "ORR"
  ], 
  "3": [
   "ORR", 
   "ORR", 
   "ANDD", 
   "NOTUSED", 
   "ORR", 
   "ORR", 
   "ORR", 
   "ORR", 
   "ORR", 
   "ANDD", 
   "ORR", 
   "ANDD", 
   "ORR", 
   "ORR", 
   "ANDD"
  ], 
  "2": [
   "ANDD", 
   "ORR", 
   "ORR", 
   "ANDD", 
   "NOTUSED", 
   "ANDD", 
   "ORR", 
   "NOTUSED", 
   "ORR", 
   "ORR", 
   "ANDD", 
   "NOTUSED", 
   "ORR", 
   "NOTUSED", 
   "NOTUSED"
  ], 
  "5": [
   "NOTUSED", 
   "ANDD", 
   "ANDD", 
   "ORR", 
   "NOTUSED", 
   "ORR", 
   "ANDD", 
   "NOTUSED", 
   "ORR", 
   "NOTUSED", 
   "NOTUSED", 
   "NOTUSED", 
   "NOTUSED", 
   "NOTUSED", 
   "ANDD"
  ], 
  "4": [
   "ORR", 
   "ORR", 
   "NOTUSED", 
   "ORR", 
   "ANDD", 
   "NOTUSED", 
   "ORR", 
   "ORR", 
   "ANDD", 
   "ANDD", 
   "ORR", 
   "NOTUSED", 
   "NOTUSED", 
   "NOTUSED", 
   "NOTUSED"
  ], 
  "7": [
   "ORR", 
   "ORR", 
   "NOTUSED", 
   "ORR", 
   "ORR", 
   "NOTUSED", 
   "ANDD", 
   "ANDD", 
   "ANDD", 
   "ORR", 
   "NOTUSED", 
   "ORR", 
   "NOTUSED", 
   "ANDD", 
   "ORR"
  ], 
  "6": [
   "ANDD", 
   "ORR", 
   "ORR", 
   "ORR", 
   "ORR", 
   "ANDD", 
   "NOTUSED", 
   "ANDD", 
   "NOTUSED", 
   "ANDD", 
   "ORR", 
   "ANDD", 
   "ORR", 
   "NOTUSED", 
   "NOTUSED"
  ], 
  "9": [
   "ORR", 
   "ORR", 
   "ORR", 
   "ANDD", 
   "ANDD", 
   "NOTUSED", 
   "ANDD", 
   "ORR", 
   "ORR", 
   "ORR", 
   "ANDD", 
   "ORR", 
   "ORR", 
   "NOTUSED", 
   "ANDD"
  ], 
  "8": [
   "ANDD", 
   "NOTUSED", 
   "ORR", 
   "ORR", 
   "ANDD", 
   "ORR", 
   "NOTUSED", 
   "ANDD", 
   "NOTUSED", 
   "ORR", 
   "ANDD", 
   "ORR", 
   "ANDD", 
   "ANDD", 
   "ORR"
  ]
 }
}