{
 "random_seed": 787121478, 
 "PARAMETERS": {
  "RADIUS1": 53175.937, 
  "QUADS": 3, 
  "RADIUS2": 605225.854, 
  "DIST": 355985.883, 
  "F_PTS": 30, 
  "K_PTS": 7, 
  "EPSILON": 3.098, 
  "LENGTH1": 423955.277, 
  "G_PTS": 3, 
  "Q_PTS": 21, 
  "N_PTS": 74, 
  "C_PTS": 43, 
  "AREA2": 411703.915, 
  "LENGTH2": 996862.847, 
  "B_PTS": 31, 
  "D_PTS": 9, 
  "AREA1": 315787.669, 
  "A_PTS": 27, 
  "E_PTS": 2
 }, 
 "NUMPOINTS": 77, 
 "points": [
  [
   -191390.839, 
   -498734.496
  ], 
  [
   192129.759, 
   -80839.871
  ], 
  [
   -559460.872, 
   698606.68
  ], 
  [
   -129174.113, 
   128097.959
  ], 
  [
   56768.677, 
   8410.439
  ], 
  [
   126243.011, 
   -17517.37
  ], 
  [
   -811725.469, 
   831852.705
  ], 
  [
   353334.418, 
   761844.941
  ], 
  [
   441888.332, 
   -858945.021
  ], 
  [
   -786851.131, 
   -844641.745
  ], 
  [
   -535703.408, 
   230424.801
  ], 
  [
   852525.095, 
   366201.245
  ], 
  [
   124239.683, 
   -39587.319
  ], 
  [
   -603338.851, 
   193598.766
  ], 
  [
   712492.937, 
   320451.932
  ], 
  [
   -66167.508, 
   136188.336
  ], 
  [
   -999498.034, 
   869893.403
  ], 
  [
   -557168.22, 
   -236334.314
  ], 
  [
   -334481.317, 
   303646.4
  ], 
  [
   -26071.419, 
   605065.321
  ], 
  [
   -114836.645, 
   -897658.156
  ], 
  [
   694017.411, 
   -758557.514
  ], 
  [
   -495176.589, 
   206581.356
  ], 
  [
   -791153.68, 
   -404934.704
  ], 
  [
   412603.011, 
   795358.763
  ], 
  [
   -518851.231, 
   -329818.654
  ], 
  [
   905956.053, 
   73825.717
  ], 
  [
   -706896.313, 
   -183482.785
  ], 
  [
   -228610.492, 
   -553583.024
  ], 
  [
   331775.857, 
   -982137.687
  ], 
  [
   -520255.344, 
   -297508.711
  ], 
  [
   -960312.339, 
   -834183.035
  ], 
  [
   -974961.194, 
   402408.016
  ], 
  [
   -576363.789, 
   -903565.905
  ], 
  [
   185634.283, 
   -517600.176
  ], 
  [
   -914634.417, 
   -371132.195
  ], 
  [
   620611.276, 
   194032.367
  ], 
  [
   -70152.115, 
   333063.788
  ], 
  [
   602809.116, 
   571234.752
  ], 
  [
   535015.205, 
   -190640.765
  ], 
  [
   -47812.334, 
   748177.451
  ], 
  [
   -387193.194, 
   497571.4
  ], 
  [
   117845.786, 
   157427.294
  ], 
  [
   -552164.84, 
   402519.261
  ], 
  [
   757322.639, 
   -352993.144
  ], 
  [
   -850357.189, 
   454680.979
  ], 
  [
   736513.758, 
   -896351.821
  ], 
  [
   446340.913, 
   903384.14
  ], 
  [
   405951.885, 
   -73564.014
  ], 
  [
   684427.932, 
   -128145.513
  ], 
  [
   -301099.733, 
   -268400.237
  ], 
  [
   547577.686, 
   510159.901
  ], 
  [
   -811998.645, 
   -354026.333
  ], 
  [
   -601815.224, 
   -987735.167
  ], 
  [
   -307880.173, 
   -950941.614
  ], 
  [
   38498.477, 
   -867752.969
  ], 
  [
   435330.189, 
   -281897.762
  ], 
  [
   64107.861, 
   710139.23
  ], 
  [
   -363069.502, 
   -805776.011
  ], 
  [
   -40808.306, 
   -568058.748
  ], 
  [
   -705622.822, 
   -522001.806
  ], 
  [
   287967.642, 
   -242027.427
  ], 
  [
   -414755.443, 
   375312.614
  ], 
  [
   -490453.129, 
   -859288.921
  ], 
  [
   288749.985, 
   192909.048
  ], 
  [
   -930670.644, 
   644986.376
  ], 
  [
   -283796.954, 
   307161.779
  ], 
  [
   572392.782, 
   971034.762
  ], 
  [
   -580349.578, 
   699489.714
  ], 
  [
   -265344.578, 
   -474363.504
  ], 
  [
   751109.633, 
   -820268.624
  ], 
  [
   667152.262, 
   -377550.698
  ], 
  [
   -231909.615, 
   615063.92
  ], 
  [
   -4829.149, 
   -35119.735
  ], 
  [
   -124944.349, 
   534857.37
  ], 
  [
   -255689.284, 
   388863.34
  ], 
  [
   -543668.347, 
   -776607.695
  ]
 ], 
 "PUV": [
  true, 
  false, 
  false, 
  true, 
  true, 
  true, 
  true, 
  false, 
  false, 
  false, 
  false, 
  false, 
  true, 
  true, 
  false
 ], 
 "LCM": {
  "11": [
   "ORR", 
   "ORR", 
   "NOTUSED", 
   "NOTUSED", 
   "ORR", 
   "ORR", 
   "NOTUSED", 
   "ORR", 
   "ORR", 
   "ORR", 
   "NOTUSED", 
   "ORR", 
   "ANDD", 
   "ANDD", 
   "ORR"
  ], 
  "10": [
   "ANDD", 
   "ANDD", 
   "NOTUSED", 
   "ORR", 
   "ORR", 
   "ANDD", 
   "ORR", 
   "ANDD", 
   "ORR", 
   "NOTUSED", 
   "ANDD", 
   "NOTUSED", 
   "ANDD", 
   "NOTUSED", 
   "ORR"
  ], 
  "13": [
   "NOTUSED", 
   "ORR", 
   "ORR", 
   "ANDD", 
   "NOTUSED", 
   "ANDD", 
   "ANDD", 
   "ORR", 
   "ORR", 
   "ANDD", 
   "NOTUSED", 
   "ANDD", 
   "ORR", 
   "ORR", 
   "ANDD"
  ], 
  "12": [
   "ORR", 
   "NOTUSED", 
   "NOTUSED", 
   "ANDD", 
   "NOTUSED", 
   "ANDD", 
   "ANDD", 
   "ANDD", 
   "ANDD", 
   "ORR", 
   "ANDD", 
   "ANDD", 
   "ANDD", 
   "ORR", 
   "ANDD"
  ], 
  "14": [
   "ANDD", 
   "ANDD", 
   "ANDD", 
   "NOTUSED", 
   "ORR", 
   "ANDD", 
   "NOTUSED", 
   "ANDD", 
   "ANDD", 
   "NOTUSED", 
   "ORR", 
   "ORR", 
   "ANDD", 
   "ANDD", 
   "ANDD"
  ], 
  "1": [
   "ORR", 
   "NOTUSED", 
   "ORR", 
   "ANDD", 
   "ORR", 
   "ANDD", 
   "ORR", 
   "ANDD", 
   "ORR", 
   "NOTUSED", 
   "ANDD", 
   "ORR", 
   "NOTUSED", 
   "ORR", 
   "ANDD"
  ], 
  "0": [
   "NOTUSED", 
   "ORR", 
   "NOTUSED", 
   "NOTUSED", 
   "NOTUSED", 
   "NOTUSED", 
   "NOTUSED", 
   "ANDD", 
   "ANDD", 
   "ORR", 
   "ANDD", 
   "ORR", 
   "ORR", 
   "NOTUSED", 
   "ANDD"
  ], 
  "3": [
   "NOTUSED", 
   "ANDD", 
   "ORR", 
   "NOTUSED", 
   "ANDD", 
   "ORR", 
   "ANDD", 
   "ANDD", 
   "ANDD", 
   "ANDD", 
   "ORR", 
   "NOTUSED", 
   "ANDD", 
   "ANDD", 
   "NOTUSED"
  ], 
  "2": [
   "NOTUSED", 
   "ORR", 
   "ANDD", 
   "ORR", 
   "ORR", 
   "ORR", 
   "ORR", 
   "NOTUSED", 
   "ORR", 
   "NOTUSED", 
   "NOTUSED", 
   "NOTUSED", 
   "NOTUSED", 
   "ORR", 
   "ANDD"
  ], 
  "5": [
   "NOTUSED", 
   "ANDD", 
   "ORR", 
   "ORR", 
   "ANDD", 
   "NOTUSED", 
   "NOTUSED", 
   "ANDD", 
   "NOTUSED", 
   "NOTUSED", 
   "ANDD", 
   "ORR", 
   "ANDD", 
   "ANDD", 
   "ANDD"
  ], 
  "4": [
   "NOTUSED", 
   "ORR", 
   "ORR", 
   "ANDD", 
   "ORR", 
   "ANDD", 
   "ORR", 
   "NOTUSED", 
   "ANDD", 
   "ANDD", 
   "ORR", 
   "ORR", 
   "NOTUSED", 
   "NOTUSED", 
   "ORR"
  ], 
  "7": [
   "ANDD", 
   "ANDD", 
   "NOTUSED", 
   "ANDD", 
   "NOTUSED", 
   "ANDD", 
   "ORR", 
   "ORR", 
   "ANDD", 
   "ANDD", 
   "ANDD", 
   "ORR", 
   "ANDD", 
   "ORR", 
   "ANDD"
  ], 
  "6": [
   "NOTUSED", 
   "ORR", 
   "ORR", 
   "ANDD", 
   "ORR", 
   "NOTUSED", 
   "ANDD", 
   "ORR", 
   "ORR", 
   "NOTUSED", 
   "ORR", 
   "NOTUSED", 
   "ANDD", 
   "ANDD", 
   "NOTUSED"
  ], 
  "9": [
   "ORR", 
   "NOTUSED", 
   "NOTUSED", 
   "ANDD", 
   "ANDD", 
   "NOTUSED", 
   "NOTUSED", 
   "ANDD", 
   "ANDD", 
   "ANDD", 
   "NOTUSED", 
   "ORR", 
   "ORR", 
   "ANDD", 
   "NOTUSED"
  ], 
  "8": [
   "ANDD", 
   "ORR", 
   "ORR", 
   "ANDD", 
   "ANDD", 
   "NOTUSED", 
   "ORR", 
   "ANDD", 
   "ORR", 
   "ANDD", 
   "ORR", 
   "ORR", 
   "ANDD", 
   "ORR", 
   "ANDD"
  ]
 }
}