{
 "random_seed": 4098293734, 
 "PARAMETERS": {
  "RADIUS1": 442782.242, 
  "QUADS": 2, 
  "RADIUS2": 680684.49, 
  "DIST": 618983.147, 
  "F_PTS": 15, 
  "K_PTS": 10, 
  "EPSILON": 0.943, 
  "LENGTH1": 643104.602, 
  "G_PTS": 30, 
  "Q_PTS": 16, 
  "N_PTS": 28, 
  "C_PTS": 14, 
  "AREA2": 750705.378, 
  "LENGTH2": 237336.515, 
  "B_PTS": 1, 
  "D_PTS": 16, 
  "AREA1": 420815.516, 
  "A_PTS": 8, 
  "E_PTS": 4
 }, 
 "NUMPOINTS": 35, 
 "points": [
  [
   -359317.959, 
   -762959.295
  ], 
  [
   144623.75, 
   -13984.171
  ], 
  [
   661578.16, 
   -374977.487
  ], 
  [
   -655531.781, 
   79606.315
  ], 
  [
   -724302.867, 
   -585202.164
  ], 
  [
   -935509.232, 
   -383531.051
  ], 
  [
   708591.263, 
   -86644.219
  ], 
  [
   548020.091, 
   -289800.494
  ], 
  [
   838983.907, 
   -61601.602
  ], 
  [
   296299.207, 
   976105.367
  ], 
  [
   -372403.142, 
   -820617.257
  ], 
  [
   110568.91, 
   -246428.402
  ], 
  [
   386018.184, 
   871295.949
  ], 
  [
   -175515.136, 
   678755.877
  ], 
  [
   680497.14, 
   865124.909
  ], 
  [
   782760.921, 
   -489385.099
  ], 
  [
   -857125.512, 
   60900.058
  ], 
  [
   707982.616, 
   685502.514
  ], 
  [
   179061.759, 
   120580.25
  ], 
  [
   11149.265, 
   614746.996
  ], 
  [
   58571.605, 
   223586.972
  ], 
  [
   -88684.453, 
   -143165.645
  ], 
  [
   -889917.977, 
   329955.561
  ], 
  [
   235636.747, 
   -463997.813
  ], 
  [
   -277790.584, 
   780448.947
  ], 
  [
   571109.99, 
   405786.92
  ], 
  [
   -944411.723, 
   -359519.299
  ], 
  [
   782076.437, 
   123158.029
  ], 
  [
   -126616.014, 
   796720.046
  ], 
  [
   -157969.74, 
   -440319.002
  ], 
  [
   -144379.077, 
   613057.091
  ], 
  [
   -445651.201, 
   8161.799
  ], 
  [
   659296.981, 
   42442.48
  ], 
  [
   662449.57, 
   885919.355
  ], 
  [
   -427595.952, 
   -298477.198
  ]
 ], 
 "PUV": [
  false, 
  false, 
  false, 
  false, 
  false, 
  true, 
  true, 
  true, 
  false, 
  true, 
  true, 
  true, 
  false, 
  false, 
  true
 ], 
 "LCM": {
  "11": [
   "ANDD", 
   "ORR", 
   "ORR", 
   "ANDD", 
   "ORR", 
   "ANDD", 
   "ORR", 
   "ORR", 
   "ANDD", 
   "ANDD", 
   "ORR", 
   "ANDD", 
   "ANDD", 
   "ORR", 
   "ORR"
  ], 
  "10": [
   "ORR", 
   "NOTUSED", 
   "ORR", 
   "NOTUSED", 
   "ORR", 
   "NOTUSED", 
   "ORR", 
   "ORR", 
   "ORR", 
   "ORR", 
   "ORR", 
   "ORR", 
   "ANDD", 
   "ANDD", 
   "ANDD"
  ], 
  "13": [
   "ORR", 
   "ORR", 
   "NOTUSED", 
   "ANDD", 
   "ORR", 
   "ORR", 
   "ORR", 
   "ORR", 
   "ORR", 
   "NOTUSED", 
   "ANDD", 
   "ORR", 
   "ANDD", 
   "ORR", 
   "ANDD"
  ], 
  "12": [
   "ANDD", 
   "NOTUSED", 
   "ANDD", 
   "ORR", 
   "ORR", 
   "ORR", 
   "ANDD", 
   "NOTUSED", 
   "ANDD", 
   "ORR", 
   "ANDD", 
   "ANDD", 
   "ORR", 
   "ANDD", 
   "NOTUSED"
  ], 
  "14": [
   "ANDD", 
   "ANDD", 
   "ORR", 
   "NOTUSED", 
   "ORR", 
   "ORR", 
   "NOTUSED", 
   "ORR", 
   "NOTUSED", 
   "ORR", 
   "ANDD", 
   "ORR", 
   "NOTUSED", 
   "ANDD", 
   "ANDD"
  ], 
  "1": [
   "NOTUSED", 
   "ORR", 
   "ORR", 
   "ANDD", 
   "ANDD", 
   "NOTUSED", 
   "NOTUSED", 
   "NOTUSED", 
   "NOTUSED", 
   "ANDD", 
   "NOTUSED", 
   "ORR", 
   "NOTUSED", 
   "ORR", 
   "ANDD"
  ], 
  "0": [
   "NOTUSED", 
   "NOTUSED", 
   "NOTUSED", 
   "NOTUSED", 
   "ORR", 
   "NOTUSED", 
   "ORR", 
   "ORR", 
   "ORR", 
   "ORR", 
   "ORR", 
   "ANDD", 
   "ANDD", 
   "ORR", 
   "ANDD"
  ], 
  "3": [
   "NOTUSED", 
   "ANDD", 
   "ANDD", 
   "ORR", 
   "NOTUSED", 
   "ANDD", 
   "ORR", 
   "ORR", 
   "ANDD", 
   "NOTUSED", 
   "NOTUSED", 
   "ANDD", 
   "ORR", 
   "ANDD", 
   "NOTUSED"
  ], 
  "2": [
   "NOTUSED", 
   "ORR", 
   "ANDD", 
   "ANDD", 
   "ORR", 
   "ANDD", 
   "ORR", 
   "ORR", 
   "NOTUSED", 
   "ORR", 
   "ORR", 
   "ORR", 
   "ANDD", 
   "NOTUSED", 
   "ORR"
  ], 
  "5": [
   "NOTUSED", 
   "NOTUSED", 
   "ANDD", 
   "ANDD", 
   "NOTUSED", 
   "ANDD", 
   "ANDD", 
   "ANDD", 
   "NOTUSED", 
   "ANDD", 
   "NOTUSED", 
   "ANDD", 
   "ORR", 
   "ORR", 
   "ORR"
  ], 
  "4": [
   "ORR", 
   "ANDD", 
   "ORR", 
   "NOTUSED", 
   "ORR", 
   "NOTUSED", 
   "ORR", 
   "ANDD", 
   "ANDD", 
   "NOTUSED", 
   "ORR", 
   "ORR", 
   "ORR", 
   "ORR", 
   "ORR"
  ], 
  "7": [
   "ORR", 
   "NOTUSED", 
   "ORR", 
   "ORR", 
   "ANDD", 
   "ANDD", 
   "NOTUSED", 
   "NOTUSED", 
   "ANDD", 
   "ORR", 
   "ORR", 
   "ORR", 
   "NOTUSED", 
   "ORR", 
   "ORR"
  ], 
  "6": [
   "ORR", 
   "NOTUSED", 
   "ORR", 
   "ORR", 
   "ORR", 
   "ANDD", 
   "NOTUSED", 
   "NOTUSED", 
   "ORR", 
   "ORR", 
   "ORR", 
   "ORR", 
   "ANDD", 
   "ORR", 
   "NOTUSED"
  ], 
  "9": [
   "ORR", 
   "ANDD", 
   "ORR", 
   "NOTUSED", 
   "NOTUSED", 
   "ANDD", 
   "ORR", 
   "ORR", 
   "NOTUSED", 
   "ANDD", 
   "ORR", 
   "ANDD", 
   "ORR", 
   "NOTUSED", 
   "ORR"
  ], 
  "8": [
   "ORR", 
   "NOTUSED", 
   "NOTUSED", 
   "ANDD", 
   "ANDD", 
   "NOTUSED", 
   "ORR", 
   "ANDD", 
   "ORR", 
   "NOTUSED", 
   "ORR", 
   "ANDD", 
   "ANDD", 
   "ORR", 
   "NOTUSED"
  ]
 }
}