{
 "random_seed": 3859456084, 
 "PARAMETERS": {
  "RADIUS1": 307828.049, 
  "QUADS": 3, 
  "RADIUS2": 383000.617, 
  "DIST": 801879.72, 
  "F_PTS": 2, 
  "K_PTS": 14, 
  "EPSILON": 0.001, 
  "LENGTH1": 116168.876, 
  "G_PTS": 29, 
  "Q_PTS": 5, 
  "N_PTS": 10, 
  "C_PTS": 15, 
  "AREA2": 42831.489, 
  "LENGTH2": 476996.552, 
  "B_PTS": 12, 
  "D_PTS": 7, 
  "AREA1": 494051.272, 
  "A_PTS": 2, 
  "E_PTS": 19
 }, 
 "NUMPOINTS": 31, 
 "points": [
  [
   -83884.806, 
   991212.475
  ], 
  [
   500981.909, 
   -898796.087
  ], 
  [
   -87938.148, 
   394796.885
  ], 
  [
   902122.815, 
   -217768.257
  ], 
  [
   -60950.362, 
   652503.271
  ], 
  [
   624420.435, 
   639307.577
  ], 
  [
   -166220.765, 
   285970.902
  ], 
  [
   -914050.894, 
   -623644.341
  ], 
  [
   -261675.272, 
   -718602.188
  ], 
  [
   -452478.655, 
   755326.308
  ], 
  [
   -600045.295, 
   -720025.559
  ], 
  [
   -301183.309, 
   386778.77
  ], 
  [
   -542894.912, 
   -633784.351
  ], 
  [
   333797.077, 
   -809262.54
  ], 
  [
   -96550.921, 
   -485165.004
  ], 
  [
   -348549.114, 
   94932.64
  ], 
  [
   -194528.394, 
   -359688.193
  ], 
  [
   309519.183, 
   155683.743
  ], 
  [
   173206.479, 
   188213.091
  ], 
  [
   -10327.979, 
   176604.426
  ], 
  [
   357179.433, 
   203912.572
  ], 
  [
   53690.529, 
   -628068.372
  ], 
  [
   748356.835, 
   -879544.342
  ], 
  [
   624721.758, 
   318318.462
  ], 
  [
   -149222.896, 
   817260.212
  ], 
  [
   518522.564, 
   555638.676
  ], 
  [
   411585.339, 
   61136.61
  ], 
  [
   -209140.4, 
   549365.48
  ], 
  [
   743583.597, 
   398354.48
  ], 
  [
   -259123.403, 
   747676.623
  ], 
  [
   -725240.185, 
   -459443.302
  ]
 ], 
 "PUV": [
  false, 
  true, 
  true, 
  false, 
  true, 
  true, 
  true, 
  true, 
  false, 
  true, 
  false, 
  true, 
  true, 
  true, 
  false
 ], 
 "LCM": {
  "11": [
   "ORR", 
   "ANDD", 
   "ORR", 
   "ORR", 
   "ANDD", 
   "NOTUSED", 
   "NOTUSED", 
   "ANDD", 
   "ANDD", 
   "ANDD", 
   "ANDD", 
   "NOTUSED", 
   "NOTUSED", 
   "ORR", 
   "NOTUSED"
  ], 
  "10": [
   "NOTUSED", 
   "ANDD", 
   "NOTUSED", 
   "NOTUSED", 
   "NOTUSED", 
   "ANDD", 
   "NOTUSED", 
   "ANDD", 
   "ANDD", 
   "ORR", 
   "NOTUSED", 
   "ANDD", 
   "ANDD", 
   "ORR", 
   "ANDD"
  ], 
  "13": [
   "ORR", 
   "ANDD", 
   "ORR", 
   "ORR", 
   "NOTUSED", 
   "ORR", 
   "NOTUSED", 
   "ANDD", 
   "NOTUSED", 
   "ANDD", 
   "ORR", 
   "ORR", 
   "ORR", 
   "ORR", 
   "NOTUSED"
  ], 
  "12": [
   "NOTUSED", 
   "NOTUSED", 
   "ORR", 
   "ORR", 
   "ANDD", 
   "ORR", 
   "ORR", 
   "ANDD", 
   "ANDD", 
   "ORR", 
   "ANDD", 
   "NOTUSED", 
   "ORR", 
   "ORR", 
   "ORR"
  ], 
  "14": [
   "ANDD", 
   "NOTUSED", 
   "ANDD", 
   "ORR", 
   "ANDD", 
   "ORR", 
   "ANDD", 
   "ANDD", 
   "ORR", 
   "ANDD", 
   "ANDD", 
   "NOTUSED", 
   "ORR", 
   "NOTUSED", 
   "NOTUSED"
  ], 
  "1": [
   "ANDD", 
   "NOTUSED", 
   "NOTUSED", 
   "NOTUSED", 
   "ANDD", 
   "NOTUSED", 
   "ORR", 
   "ORR", 
   "ANDD", 
   "ANDD", 
   "ANDD", 
   "ANDD", 
   "NOTUSED", 
   "ANDD", 
   "NOTUSED"
  ], 
  "0": [
   "NOTUSED", 
   "ANDD", 
   "ORR", 
   "ANDD", 
   "NOTUSED", 
   "NOTUSED", 
   "ORR", 
   "ORR", 
   "ORR", 
   "ORR", 
   "NOTUSED", 
   "ORR", 
   "NOTUSED", 
   "ORR", 
   "ANDD"
  ], 
  "3": [
   "ANDD", 
   "NOTUSED", 
   "ORR", 
   "ANDD", 
   "ANDD", 
   "NOTUSED", 
   "NOTUSED", 
   "ORR", 
   "NOTUSED", 
   "ANDD", 
   "NOTUSED", 
   "ORR", 
   "ORR", 
   "ORR", 
   "ORR"
  ], 
  "2": [
   "ORR", 
   "NOTUSED", 
   "ANDD", 
   "ORR", 
   "NOTUSED", 
   "ANDD", 
   "ANDD", 
   "ANDD", 
   "ANDD", 
   "ORR", 
   "NOTUSED", 
   "ORR", 
   "ORR", 
   "ORR", 
   "ANDD"
  ], 
  "5": [
   "NOTUSED", 
   "NOTUSED", 
   "ANDD", 
   "NOTUSED", 
   "ANDD", 
   "ANDD", 
   "ANDD", 
   "ANDD", 
   "NOTUSED", 
   "ANDD", 
   "ANDD", 
   "NOTUSED", 
   "ORR", 
   "ORR", 
   "ORR"
  ], 
  "4": [
   "NOTUSED", 
   "ANDD", 
   "NOTUSED", 
   "ANDD", 
   "ANDD", 
   "ANDD", 
   "ANDD", 
   "ORR", 
   "ANDD", 
   "ANDD", 
   "NOTUSED", 
   "ANDD", 
   "ANDD", 
   "NOTUSED", 
   "ANDD"
  ], 
  "7": [
   "ORR", 
   "ORR", 
   "ANDD", 
   "ORR", 
   "ORR", 
   "ANDD", 
   "NOTUSED", 
   "ORR", 
   "NOTUSED", 
   "ORR", 
   "ANDD", 
   "ANDD", 
   "ANDD", 
   "ANDD", 
   "ANDD"
  ], 
  "6": [
   "ORR", 
   "ORR", 
   "ANDD", 
   "NOTUSED", 
   "ANDD", 
   "ANDD", 
   "ORR", 
   "NOTUSED", 
   "ANDD", 
   "ORR", 
   "NOTUSED", 
   "NOTUSED", 
   "ORR", 
   "NOTUSED", 
   "ANDD"
  ], 
  "9": [
   "ORR", 
   "ANDD", 
   "ORR", 
   "ANDD", 
   "ANDD", 
   "ANDD", 
   "ORR", 
   "ORR", 
   "ANDD", 
   "ORR", 
   "ORR", 
   "ANDD", 
   "ORR", 
   "ANDD", 
   "ANDD"
  ], 
  "8": [
   "ORR", 
   "ANDD", 
   "ANDD", 
   "NOTUSED", 
   "ANDD", 
   "NOTUSED", 
   "ANDD", 
   "NOTUSED", 
   "ANDD", 
   "ANDD", 
   "ANDD", 
   "ANDD", 
   "ANDD", 
   "NOTUSED", 
   "ORR"
  ]
 }
}