{
 "random_seed": 4120464684, 
 "PARAMETERS": {
  "RADIUS1": 74497.718, 
  "QUADS": 3, 
  "RADIUS2": 708749.17, 
  "DIST": 412041.421, 
  "F_PTS": 27, 
  "K_PTS": 36, 
  "EPSILON": 1.628, 
  "LENGTH1": 67171.521, 
  "G_PTS": 10, 
  "Q_PTS": 27, 
  "N_PTS": 28, 
  "C_PTS": 10, 
  "AREA2": 625885.628, 
  "LENGTH2": 509678.437, 
  "B_PTS": 12, 
  "D_PTS": 15, 
  "AREA1": 696668.786, 
  "A_PTS": 15, 
  "E_PTS": 8
 }, 
 "NUMPOINTS": 44, 
 "points": [
  [
   957751.68, 
   703727.472
  ], 
  [
   156774.482, 
   694475.567
  ], 
  [
   56261.85, 
   997276.715
  ], 
  [
   890025.642, 
   -270991.618
  ], 
  [
   -49848.84, 
   367517.508
  ], 
  [
   423239.114, 
   -104651.602
  ], 
  [
   -946618.253, 
   749172.567
  ], 
  [
   -786193.966, 
   -13500.517
  ], 
  [
   -665035.777, 
   -658659.0
  ], 
  [
   21018.711, 
   -1476.253
  ], 
  [
   24526.649, 
   -138758.107
  ], 
  [
   -842766.118, 
   849474.249
  ], 
  [
   -269763.952, 
   637711.888
  ], 
  [
   -591529.495, 
   1787.48
  ], 
  [
   690460.814, 
   735957.228
  ], 
  [
   -331803.149, 
   235200.715
  ], 
  [
   430883.993, 
   -4127.849
  ], 
  [
   -235090.27, 
   891391.925
  ], 
  [
   771204.925, 
   441153.402
  ], 
  [
   -827504.744, 
   589825.16
  ], 
  [
   836510.29, 
   -663911.016
  ], 
  [
   -200394.167, 
   -64841.144
  ], 
  [
   618368.519, 
   359757.362
  ], 
  [
   504488.434, 
   -954009.177
  ], 
  [
   -911663.322, 
   657162.595
  ], 
  [
   -731925.301, 
   -368626.552
  ], 
  [
   -373868.952, 
   -848704.768
  ], 
  [
   556015.591, 
   97791.561
  ], 
  [
   649596.399, 
   482711.681
  ], 
  [
   155019.18, 
   -207348.741
  ], 
  [
   -253189.88, 
   10032.986
  ], 
  [
   -550797.135, 
   -352573.798
  ], 
  [
   50908.187, 
   -925982.33
  ], 
  [
   -908805.096, 
   -248030.74
  ], 
  [
   -42952.954, 
   541467.29
  ], 
  [
   -608404.619, 
   -144890.139
  ], 
  [
   951311.152, 
   334560.26
  ], 
  [
   525433.764, 
   803558.017
  ], 
  [
   816880.543, 
   -103005.552
  ], 
  [
   -892185.785, 
   -393413.935
  ], 
  [
   -244724.134, 
   144194.437
  ], 
  [
   815859.342, 
   655589.998
  ], 
  [
   982095.57, 
   -258316.886
  ], 
  [
   846137.358, 
   -51906.959
  ]
 ], 
 "PUV": [
  true, 
  false, 
  false, 
  false, 
  false, 
  true, 
  true, 
  true, 
  true, 
  false, 
  true, 
  false, 
  false, 
  false, 
  false
 ], 
 "LCM": {
  "11": [
   "NOTUSED", 
   "ANDD", 
   "ANDD", 
   "ANDD", 
   "NOTUSED", 
   "NOTUSED", 
   "ANDD", 
   "ORR", 
   "NOTUSED", 
   "ORR", 
   "ANDD", 
   "ANDD", 
   "ANDD", 
   "NOTUSED", 
   "NOTUSED"
  ], 
  "10": [
   "ORR", 
   "ANDD", 
   "ORR", 
   "ANDD", 
   "ORR", 
   "NOTUSED", 
   "ANDD", 
   "ANDD", 
   "ORR", 
   "ANDD", 
   "ORR", 
   "ANDD", 
   "NOTUSED", 
   "NOTUSED", 
   "ORR"
  ], 
  "13": [
   "NOTUSED", 
   "ORR", 
   "ANDD", 
   "ORR", 
   "ANDD", 
   "ANDD", 
   "ANDD", 
   "NOTUSED", 
   "ORR", 
   "ANDD", 
   "NOTUSED", 
   "NOTUSED", 
   "NOTUSED", 
   "ANDD", 
   "ANDD"
  ], 
  "12": [
   "NOTUSED", 
   "NOTUSED", 
   "ORR", 
   "ORR", 
   "ORR", 
   "NOTUSED", 
   "ORR", 
   "NOTUSED", 
   "NOTUSED", 
   "NOTUSED", 
   "NOTUSED", 
   "ANDD", 
   "NOTUSED", 
   "NOTUSED", 
   "NOTUSED"
  ], 
  "14": [
   "ORR", 
   "ANDD", 
   "ANDD", 
   "NOTUSED", 
   "NOTUSED", 
   "ORR", 
   "ORR", 
   "ORR", 
   "ANDD", 
   "ANDD", 
   "ORR", 
   "NOTUSED", 
   "NOTUSED", 
   "ANDD", 
   "ANDD"
  ], 
  "1": [
   "NOTUSED", 
   "ANDD", 
   "NOTUSED", 
   "ANDD", 
   "ORR", 
   "NOTUSED", 
   "ORR", 
   "ORR", 
   "ORR", 
   "ORR", 
   "ANDD", 
   "ANDD", 
   "NOTUSED", 
   "ORR", 
   "ANDD"
  ], 
  "0": [
   "ORR", 
   "NOTUSED", 
   "NOTUSED", 
   "ORR", 
   "ANDD", 
   "ORR", 
   "ANDD", 
   "ORR", 
   "ORR", 
   "ANDD", 
   "ORR", 
   "NOTUSED", 
   "NOTUSED", 
   "NOTUSED", 
   "ORR"
  ], 
  "3": [
   "ORR", 
   "ANDD", 
   "NOTUSED", 
   "NOTUSED", 
   "ANDD", 
   "ORR", 
   "ORR", 
   "NOTUSED", 
   "ORR", 
   "ORR", 
   "ANDD", 
   "ANDD", 
   "ORR", 
   "ORR", 
   "NOTUSED"
  ], 
  "2": [
   "NOTUSED", 
   "NOTUSED", 
   "ORR", 
   "NOTUSED", 
   "ANDD", 
   "NOTUSED", 
   "ANDD", 
   "ANDD", 
   "ANDD", 
   "NOTUSED", 
   "ORR", 
   "ANDD", 
   "ORR", 
   "ANDD", 
   "ANDD"
  ], 
  "5": [
   "ORR", 
   "NOTUSED", 
   "NOTUSED", 
   "ORR", 
   "ANDD", 
   "ANDD", 
   "ANDD", 
   "NOTUSED", 
   "ORR", 
   "ORR", 
   "NOTUSED", 
   "NOTUSED", 
   "NOTUSED", 
   "ANDD", 
   "ORR"
  ], 
  "4": [
   "ANDD", 
   "ORR", 
   "ANDD", 
   "ANDD", 
   "NOTUSED", 
   "ANDD", 
   "NOTUSED", 
   "ANDD", 
   "NOTUSED", 
   "ANDD", 
   "ORR", 
   "NOTUSED", 
   "ORR", 
   "ANDD", 
   "NOTUSED"
  ], 
  "7": [
   "ORR", 
   "ORR", 
   "ANDD", 
   "NOTUSED", 
   "ANDD", 
   "NOTUSED", 
   "NOTUSED", 
   "ANDD", 
   "NOTUSED", 
   "ANDD", 
   "ANDD", 
   "ORR", 
   "NOTUSED", 
   "NOTUSED", 
   "ORR"
  ], 
  "6": [
   "ANDD", 
   "ORR", 
   "ANDD", 
   "ORR", 
   "NOTUSED", 
   "ANDD", 
   "ANDD", 
   "NOTUSED", 
   "ORR", 
   "NOTUSED", 
   "ANDD", 
   "ANDD", 
   "ORR", 
   "ANDD", 
   "ORR"
  ], 
  "9": [
   "ANDD", 
   "ORR", 
   "NOTUSED", 
   "ORR", 
   "ANDD", 
   "ORR", 
   "NOTUSED", 
   "ANDD", 
   "NOTUSED", 
   "ANDD", 
   "ANDD", 
   "ORR", 
   "NOTUSED", 
   "ANDD", 
   "ANDD"
  ], 
  "8": [
   "ORR", 
   "ORR", 
   "ANDD", 
   "ORR", 
   "NOTUSED", 
   "ORR", 
   "ORR", 
   "NOTUSED", 
   "ORR", 
   "NOTUSED", 
   "ORR", 
   "NOTUSED", 
   "NOTUSED", 
   "ORR", 
   "ANDD"
  ]
 }
}