{
 "random_seed": 4184276016, 
 "PARAMETERS": {
  "RADIUS1": 937178.771, 
  "QUADS": 2, 
  "RADIUS2": 169917.747, 
  "DIST": 72729.009, 
  "F_PTS": 4, 
  "K_PTS": 15, 
  "EPSILON": 2.536, 
  "LENGTH1": 702413.707, 
  "G_PTS": 55, 
  "Q_PTS": 6, 
  "N_PTS": 19, 
  "C_PTS": 36, 
  "AREA2": 305459.24, 
  "LENGTH2": 591328.71, 
  "B_PTS": 45, 
  "D_PTS": 7, 
  "AREA1": 567287.585, 
  "A_PTS": 24, 
  "E_PTS": 30
 }, 
 "NUMPOINTS": 77, 
 "points": [
  [
   -330241.045, 
   262811.905
  ], 
  [
   404846.282, 
   -263409.457
  ], 
  [
   173645.222, 
   -520949.391
  ], 
  [
   -159969.423, 
   671443.74
  ], 
  [
   -978115.321, 
   -657516.981
  ], 
  [
   -132722.865, 
   977334.208
  ], 
  [
   -860295.778, 
   744053.988
  ], 
  [
   -38417.656, 
   -252326.951
  ], 
  [
   -972797.83, 
   261607.869
  ], 
  [
   -197404.803, 
   -898334.497
  ], 
  [
   -220941.601, 
   18899.722
  ], 
  [
   181925.111, 
   -34345.347
  ], 
  [
   557677.761, 
   836030.686
  ], 
  [
   -353400.367, 
   -662167.982
  ], 
  [
   -64291.751, 
   907185.511
  ], 
  [
   503901.442, 
   389291.909
  ], 
  [
   835215.707, 
   613441.592
  ], 
  [
   -511427.248, 
   305478.815
  ], 
  [
   160633.905, 
   -216957.696
  ], 
  [
   908044.007, 
   179010.837
  ], 
  [
   -758661.465, 
   -670289.381
  ], 
  [
   -400688.564, 
   -133390.33
  ], 
  [
   633693.963, 
   303116.648
  ], 
  [
   817702.062, 
   709639.042
  ], 
  [
   -142843.733, 
   -522092.987
  ], 
  [
   571595.791, 
   746790.192
  ], 
  [
   -801750.809, 
   16100.991
  ], 
  [
   166346.643, 
   238051.681
  ], 
  [
   -170016.662, 
   -387213.018
  ], 
  [
   708326.549, 
   157706.529
  ], 
  [
   -420711.765, 
   194620.6
  ], 
  [
   729963.055, 
   518057.532
  ], 
  [
   -629992.01, 
   -381634.431
  ], 
  [
   289244.463, 
   -866494.757
  ], 
  [
   -970410.537, 
   935531.481
  ], 
  [
   545752.915, 
   -797682.165
  ], 
  [
   -263710.315, 
   73264.124
  ], 
  [
   593520.913, 
   448475.993
  ], 
  [
   346097.579, 
   819975.732
  ], 
  [
   501537.359, 
   -162845.734
  ], 
  [
   -84965.01, 
   686692.078
  ], 
  [
   529329.037, 
   307165.956
  ], 
  [
   525279.334, 
   372013.741
  ], 
  [
   -908470.129, 
   -724274.777
  ], 
  [
   681893.631, 
   -637602.359
  ], 
  [
   837117.496, 
   -511376.148
  ], 
  [
   -719194.036, 
   -754738.065
  ], 
  [
   664036.965, 
   -702709.192
  ], 
  [
   596472.885, 
   -942514.984
  ], 
  [
   -890841.409, 
   -893507.98
  ], 
  [
   -706905.181, 
   414223.895
  ], 
  [
   527319.02, 
   407950.392
  ], 
  [
   523878.811, 
   149880.795
  ], 
  [
   174646.156, 
   391227.207
  ], 
  [
   -18726.402, 
   -278327.651
  ], 
  [
   -469681.565, 
   285405.357
  ], 
  [
   -424861.841, 
   998416.068
  ], 
  [
   327191.679, 
   740850.901
  ], 
  [
   402555.374, 
   -336212.417
  ], 
  [
   -82444.899, 
   469195.938
  ], 
  [
   -292020.484, 
   -657204.315
  ], 
  [
   501043.265, 
   -38815.735
  ], 
  [
   -134586.602, 
   286601.603
  ], 
  [
   -582127.775, 
   387527.199
  ], 
  [
   921999.321, 
   -988648.59
  ], 
  [
   282586.695, 
   -579780.744
  ], 
  [
   -708238.608, 
   -707576.664
  ], 
  [
   691483.406, 
   973163.112
  ], 
  [
   -808289.357, 
   -995484.822
  ], 
  [
   -45147.167, 
   -127048.707
  ], 
  [
   -663579.283, 
   128133.059
  ], 
  [
   -624011.58, 
   -7319.125
  ], 
  [
   -270755.178, 
   -264886.717
  ], 
  [
   -15444.411, 
   409145.725
  ], 
  [
   429443.289, 
   -520660.895
  ], 
  [
   -809364.518, 
   -377129.307
  ], 
  [
   704307.543, 
   967996.638
  ]
 ], 
 "PUV": [
  true, 
  false, 
  false, 
  false, 
  false, 
  false, 
  true, 
  true, 
  true, 
  true, 
  true, 
  true, 
  false, 
  true, 
  true
 ], 
 "LCM": {
  "11": [
   "ORR", 
   "ANDD", 
   "NOTUSED", 
   "NOTUSED", 
   "NOTUSED", 
   "ORR", 
   "ORR", 
   "ORR", 
   "NOTUSED", 
   "ANDD", 
   "ANDD", 
   "ANDD", 
   "ORR", 
   "ORR", 
   "ORR"
  ], 
  "10": [
   "NOTUSED", 
   "ORR", 
   "ANDD", 
   "ANDD", 
   "NOTUSED", 
   "ORR", 
   "ORR", 
   "ANDD", 
   "NOTUSED", 
   "NOTUSED", 
   "ORR", 
   "ANDD", 
   "NOTUSED", 
   "NOTUSED", 
   "ANDD"
  ], 
  "13": [
   "ORR", 
   "ORR", 
   "NOTUSED", 
   "ANDD", 
   "NOTUSED", 
   "ANDD", 
   "NOTUSED", 
   "NOTUSED", 
   "ORR", 
   "ORR", 
   "NOTUSED", 
   "ORR", 
   "ORR", 
   "NOTUSED", 
   "ORR"
  ], 
  "12": [
   "ORR", 
   "ANDD", 
   "ANDD", 
   "ORR", 
   "ORR", 
   "NOTUSED", 
   "ORR", 
   "ANDD", 
   "ORR", 
   "ANDD", 
   "NOTUSED", 
   "ORR", 
   "NOTUSED", 
   "ORR", 
   "ORR"
  ], 
  "14": [
   "NOTUSED", 
   "ORR", 
   "ORR", 
   "ORR", 
   "ORR", 
   "ORR", 
   "ORR", 
   "NOTUSED", 
   "NOTUSED", 
   "ANDD", 
   "ANDD", 
   "ORR", 
   "ORR", 
   "ORR", 
   "NOTUSED"
  ], 
  "1": [
   "ORR", 
   "ANDD", 
   "ORR", 
   "ANDD", 
   "ORR", 
   "ANDD", 
   "ORR", 
   "ORR", 
   "ANDD", 
   "ORR", 
   "ORR", 
   "ANDD", 
   "ANDD", 
   "ORR", 
   "ORR"
  ], 
  "0": [
   "NOTUSED", 
   "ORR", 
   "NOTUSED", 
   "ORR", 
   "ORR", 
   "NOTUSED", 
   "NOTUSED", 
   "ANDD", 
   "NOTUSED", 
   "ORR", 
   "NOTUSED", 
   "ORR", 
   "ORR", 
   "ORR", 
   "NOTUSED"
  ], 
  "3": [
   "ORR", 
   "ANDD", 
   "NOTUSED", 
   "ORR", 
   "ANDD", 
   "NOTUSED", 
   "ANDD", 
   "ORR", 
   "ANDD", 
   "NOTUSED", 
   "ANDD", 
   "NOTUSED", 
   "ORR", 
   "ANDD", 
   "ORR"
  ], 
  "2": [
   "NOTUSED", 
   "ORR", 
   "NOTUSED", 
   "NOTUSED", 
   "ANDD", 
   "NOTUSED", 
   "ANDD", 
   "ORR", 
   "ORR", 
   "ORR", 
   "ANDD", 
   "NOTUSED", 
   "ANDD", 
   "NOTUSED", 
   "ORR"
  ], 
  "5": [
   "NOTUSED", 
   "ANDD", 
   "NOTUSED", 
   "NOTUSED", 
   "ANDD", 
   "ORR", 
   "ORR", 
   "ORR", 
   "ANDD", 
   "ORR", 
   "ORR", 
   "ORR", 
   "NOTUSED", 
   "ANDD", 
   "ORR"
  ], 
  "4": [
   "ORR", 
   "ORR", 
   "ANDD", 
   "ANDD", 
   "ANDD", 
   "ANDD", 
   "ORR", 
   "ANDD", 
   "ORR", 
   "ANDD", 
   "NOTUSED", 
   "NOTUSED", 
   "ORR", 
   "NOTUSED", 
   "ORR"
  ], 
  "7": [
   "ANDD", 
   "ORR", 
   "ORR", 
   "ORR", 
   "ANDD", 
   "ORR", 
   "ANDD", 
   "NOTUSED", 
   "ORR", 
   "NOTUSED", 
   "ANDD", 
   "ORR", 
   "ANDD", 
   "NOTUSED", 
   "NOTUSED"
  ], 
  "6": [
   "NOTUSED", 
   "ORR", 
   "ANDD", 
   "ANDD", 
   "ORR", 
   "ORR", 
   "ORR", 
   "ANDD", 
   "ANDD", 
   "ORR", 
   "ORR", 
   "ORR", 
   "ORR", 
   "NOTUSED", 
   "ORR"
  ], 
  "9": [
   "ORR", 
   "ORR", 
   "ORR", 
   "NOTUSED", 
   "ANDD", 
   "ORR", 
   "ORR", 
   "NOTUSED", 
   "NOTUSED", 
   "NOTUSED", 
   "NOTUSED", 
   "ANDD", 
   "ANDD", 
   "ORR", 
   "ANDD"
  ], 
  "8": [
   "NOTUSED", 
   "ANDD", 
   "ORR", 
   "ANDD", 
   "ORR", 
   "ANDD", 
   "ANDD", 
   "ORR", 
   "ORR", 
   "NOTUSED", 
   "NOTUSED", 
   "NOTUSED", 
   "ORR", 
   "ORR", 
   "NOTUSED"
  ]
 }
}