{
 "random_seed": 1703991920, 
 "PARAMETERS": {
  "RADIUS1": 687630.818, 
  "QUADS": 1, 
  "RADIUS2": 883872.627, 
  "DIST": 773491.338, 
  "F_PTS": 41, 
  "K_PTS": 4, 
  "EPSILON": 0.693, 
  "LENGTH1": 895441.015, 
  "G_PTS": 79, 
  "Q_PTS": 35, 
  "N_PTS": 65, 
  "C_PTS": 7, 
  "AREA2": 661910.682, 
  "LENGTH2": 70776.558, 
  "B_PTS": 46, 
  "D_PTS": 12, 
  "AREA1": 8232.688, 
  "A_PTS": 32, 
  "E_PTS": 14
 }, 
 "NUMPOINTS": 86, 
 "points": [
  [
   825482.245, 
   -238537.999
  ], 
  [
   967649.533, 
   -916183.308
  ], 
  [
   -909795.471, 
   -469953.793
  ], 
  [
   -66658.54, 
   -196762.858
  ], 
  [
   752478.245, 
   103412.008
  ], 
  [
   -754421.689, 
   -334646.909
  ], 
  [
   713098.652, 
   416261.628
  ], 
  [
   -84177.476, 
   -347380.106
  ], 
  [
   165485.003, 
   626180.018
  ], 
  [
   -518446.105, 
   70032.86
  ], 
  [
   -706279.214, 
   -245172.378
  ], 
  [
   145037.654, 
   -770826.333
  ], 
  [
   631355.159, 
   -363962.144
  ], 
  [
   472165.312, 
   -271118.626
  ], 
  [
   507647.055, 
   -60398.401
  ], 
  [
   724774.658, 
   660487.416
  ], 
  [
   447629.018, 
   745323.384
  ], 
  [
   -861338.012, 
   -138824.658
  ], 
  [
   -464263.696, 
   -78201.213
  ], 
  [
   -511979.496, 
   755374.114
  ], 
  [
   -754527.624, 
   863731.49
  ], 
  [
   562159.621, 
   50856.121
  ], 
  [
   291349.775, 
   -579185.16
  ], 
  [
   68907.253, 
   406286.196
  ], 
  [
   716614.426, 
   414857.475
  ], 
  [
   -160432.125, 
   682045.623
  ], 
  [
   -564972.026, 
   -389067.462
  ], 
  [
   939106.793, 
   -158506.534
  ], 
  [
   -886179.101, 
   820848.69
  ], 
  [
   410121.73, 
   -419311.697
  ], 
  [
   655496.6, 
   940703.864
  ], 
  [
   -368423.185, 
   -578474.667
  ], 
  [
   -561319.281, 
   922970.839
  ], 
  [
   337406.747, 
   -659551.84
  ], 
  [
   -531086.047, 
   -133991.966
  ], 
  [
   16461.799, 
   -943576.077
  ], 
  [
   634437.294, 
   934540.898
  ], 
  [
   -584979.534, 
   549254.608
  ], 
  [
   313664.271, 
   -546812.937
  ], 
  [
   927460.847, 
   -663019.712
  ], 
  [
   -122437.483, 
   -693072.583
  ], 
  [
   332366.631, 
   798379.976
  ], 
  [
   -413569.715, 
   707278.238
  ], 
  [
   7940.296, 
   999699.339
  ], 
  [
   316646.33, 
   511903.872
  ], 
  [
   -384215.009, 
   -348920.212
  ], 
  [
   263794.147, 
   -478114.126
  ], 
  [
   314661.932, 
   461238.261
  ], 
  [
   294146.604, 
   91530.873
  ], 
  [
   -985807.331, 
   127046.491
  ], 
  [
   505423.103, 
   -590804.518
  ], 
  [
   -474434.998, 
   98169.35
  ], 
  [
   -325783.128, 
   476997.905
  ], 
  [
   946170.768, 
   -938677.466
  ], 
  [
   761875.494, 
   -605610.687
  ], 
  [
   152049.248, 
   176738.41
  ], 
  [
   -656783.287, 
   41059.644
  ], 
  [
   231898.676, 
   -959275.39
  ], 
  [
   -387420.829, 
   -985192.231
  ], 
  [
   -235376.238, 
   -313224.933
  ], 
  [
   -343287.936, 
   514957.391
  ], 
  [
   931777.015, 
   97669.266
  ], 
  [
   -816329.498, 
   299120.186
  ], 
  [
   327608.433, 
   24345.287
  ], 
  [
   498320.082, 
   474876.413
  ], 
  [
   546605.448, 
   -488535.135
  ], 
  [
   508654.334, 
   -908577.542
  ], 
  [
   97447.434, 
   -894887.754
  ], 
  [
   -295194.051, 
   963944.642
  ], 
  [
   66085.507, 
   -25041.537
  ], 
  [
   633839.457, 
   -399723.247
  ], 
  [
   -922217.791, 
   -388537.601
  ], 
  [
   53047.488, 
   -695633.407
  ], 
  [
   -501106.41, 
   504783.258
  ], 
  [
   106166.296, 
   -592873.261
  ], 
  [
   -794027.643, 
   -841192.399
  ], 
  [
   -608409.802, 
   782986.295
  ], 
  [
   398370.33, 
   417107.417
  ], 
  [
   960791.721, 
   840303.243
  ], 
  [
   -135933.924, 
   -993878.0
  ], 
  [
   551774.367, 
   -513722.119
  ], 
  [
   828996.273, 
   296068.35
  ], 
  [
   421905.025, 
   -421360.068
  ], 
  [
   -337890.182, 
   62816.942
  ], 
  [
   495240.939, 
   494300.703
  ], 
  [
   300241.787, 
   828197.529
  ]
 ], 
 "PUV": [
  true, 
  true, 
  true, 
  false, 
  false, 
  false, 
  false, 
  true, 
  false, 
  false, 
  true, 
  true, 
  true, 
  true, 
  false
 ], 
 "LCM": {
  "11": [
   "ORR", 
   "ORR", 
   "ANDD", 
   "ORR", 
   "ANDD", 
   "ANDD", 
   "ORR", 
   "ANDD", 
   "ANDD", 
   "ANDD", 
   "ORR", 
   "ANDD", 
   "ANDD", 
   "NOTUSED", 
   "NOTUSED"
  ], 
  "10": [
   "ORR", 
   "ANDD", 
   "ORR", 
   "ORR", 
   "ANDD", 
   "ORR", 
   "ANDD", 
   "ORR", 
   "ORR", 
   "NOTUSED", 
   "NOTUSED", 
   "ORR", 
   "NOTUSED", 
   "ORR", 
   "ANDD"
  ], 
  "13": [
   "ANDD", 
   "ORR", 
   "ANDD", 
   "ANDD", 
   "ORR", 
   "ORR", 
   "ORR", 
   "NOTUSED", 
   "ORR", 
   "ORR", 
   "ORR", 
   "NOTUSED", 
   "ANDD", 
   "ORR", 
   "ANDD"
  ], 
  "12": [
   "ORR", 
   "ANDD", 
   "ORR", 
   "NOTUSED", 
   "NOTUSED", 
   "ORR", 
   "ANDD", 
   "ANDD", 
   "ANDD", 
   "ORR", 
   "NOTUSED", 
   "ANDD", 
   "ORR", 
   "ANDD", 
   "ORR"
  ], 
  "14": [
   "ORR", 
   "NOTUSED", 
   "NOTUSED", 
   "ANDD", 
   "ANDD", 
   "ANDD", 
   "ANDD", 
   "ANDD", 
   "NOTUSED", 
   "NOTUSED", 
   "ANDD", 
   "NOTUSED", 
   "ORR", 
   "ANDD", 
   "ORR"
  ], 
  "1": [
   "NOTUSED", 
   "ORR", 
   "NOTUSED", 
   "ORR", 
   "NOTUSED", 
   "ANDD", 
   "ORR", 
   "ORR", 
   "ANDD", 
   "NOTUSED", 
   "ANDD", 
   "ORR", 
   "ANDD", 
   "ORR", 
   "NOTUSED"
  ], 
  "0": [
   "ANDD", 
   "NOTUSED", 
   "ANDD", 
   "NOTUSED", 
   "ANDD", 
   "ORR", 
   "NOTUSED", 
   "ANDD", 
   "ANDD", 
   "ORR", 
   "ORR", 
   "ORR", 
   "ORR", 
   "ANDD", 
   "ORR"
  ], 
  "3": [
   "NOTUSED", 
   "ORR", 
   "ORR", 
   "ORR", 
   "NOTUSED", 
   "ANDD", 
   "ORR", 
   "NOTUSED", 
   "ORR", 
   "ANDD", 
   "ORR", 
   "ORR", 
   "NOTUSED", 
   "ANDD", 
   "ANDD"
  ], 
  "2": [
   "ANDD", 
   "NOTUSED", 
   "NOTUSED", 
   "ORR", 
   "NOTUSED", 
   "ANDD", 
   "ANDD", 
   "NOTUSED", 
   "ANDD", 
   "NOTUSED", 
   "ORR", 
   "ANDD", 
   "ORR", 
   "ANDD", 
   "NOTUSED"
  ], 
  "5": [
   "ORR", 
   "ANDD", 
   "ANDD", 
   "ANDD", 
   "NOTUSED", 
   "ANDD", 
   "ANDD", 
   "ANDD", 
   "NOTUSED", 
   "ORR", 
   "ORR", 
   "ANDD", 
   "ORR", 
   "ORR", 
   "ANDD"
  ], 
  "4": [
   "ANDD", 
   "NOTUSED", 
   "NOTUSED", 
   "NOTUSED", 
   "ORR", 
   "NOTUSED", 
   "NOTUSED", 
   "NOTUSED", 
   "ANDD", 
   "ANDD", 
   "ANDD", 
   "ANDD", 
   "NOTUSED", 
   "ORR", 
   "ANDD"
  ], 
  "7": [
   "ANDD", 
   "ORR", 
   "NOTUSED", 
   "NOTUSED", 
   "NOTUSED", 
   "ANDD", 
   "NOTUSED", 
   "ORR", 
   "ORR", 
   "NOTUSED", 
   "ORR", 
   "ANDD", 
   "ANDD", 
   "NOTUSED", 
   "ANDD"
  ], 
  "6": [
   "NOTUSED", 
   "ORR", 
   "ANDD", 
   "ORR", 
   "NOTUSED", 
   "ANDD", 
   "NOTUSED", 
   "NOTUSED", 
   "ANDD", 
   "NOTUSED", 
   "ANDD", 
   "ORR", 
   "ANDD", 
   "ORR", 
   "ANDD"
  ], 
  "9": [
   "ORR", 
   "NOTUSED", 
   "NOTUSED", 
   "ANDD", 
   "ANDD", 
   "ORR", 
   "NOTUSED", 
   "NOTUSED", 
   "NOTUSED", 
   "ORR", 
   "NOTUSED", 
   "ANDD", 
   "ORR", 
   "ORR", 
   "NOTUSED"
  ], 
  "8": [
   "ANDD", 
   "ANDD", 
   "ANDD", 
   "ORR", 
   "ANDD", 
   "NOTUSED", 
   "ANDD", 
   "ORR", 
   "ORR", 
   "NOTUSED", 
   "ORR", 
   "ANDD", 
   "ANDD", 
   "ORR", 
   "NOTUSED"
  ]
 }
}