{
 "random_seed": 1376060144, 
 "PARAMETERS": {
  "RADIUS1": 177119.241, 
  "QUADS": 3, 
  "RADIUS2": 991822.776, 
  "DIST": 447429.824, 
  "F_PTS": 20, 
  "K_PTS": 10, 
  "EPSILON": 0.468, 
  "LENGTH1": 250271.587, 
  "G_PTS": 11, 
  "Q_PTS": 9, 
  "N_PTS": 46, 
  "C_PTS": 22, 
  "AREA2": 850209.629, 
  "LENGTH2": 99755.497, 
  "B_PTS": 9, 
  "D_PTS": 13, 
  "AREA1": 792924.962, 
  "A_PTS": 12, 
  "E_PTS": 22
 }, 
 "NUMPOINTS": 56, 
 "points": [
  [
   690795.255, 
   140254.423
  ], 
  [
   696437.419, 
   -880035.141
  ], 
  [
   -549520.363, 
   52530.763
  ], 
  [
   -441527.691, 
   -271588.754
  ], 
  [
   29184.456, 
   354191.351
  ], 
  [
   72674.504, 
   627152.572
  ], 
  [
   958885.045, 
   -973147.872
  ], 
  [
   -113239.019, 
   -433040.556
  ], 
  [
   -568571.994, 
   -189924.448
  ], 
  [
   520998.955, 
   -667675.799
  ], 
  [
   -851904.113, 
   4360.04
  ], 
  [
   -151337.449, 
   -616536.065
  ], 
  [
   721356.581, 
   -453714.39
  ], 
  [
   -813087.142, 
   920377.849
  ], 
  [
   469272.672, 
   68970.129
  ], 
  [
   704851.99, 
   773392.189
  ], 
  [
   170461.048, 
   573652.181
  ], 
  [
   440557.515, 
   -196564.821
  ], 
  [
   -885841.098, 
   794525.271
  ], 
  [
   363144.628, 
   487558.921
  ], 
  [
   179905.222, 
   -47015.762
  ], 
  [
   -728735.846, 
   -788504.205
  ], 
  [
   610002.978, 
   -622212.073
  ], 
  [
   -302485.596, 
   37612.933
  ], 
  [
   -554916.454, 
   255251.942
  ], 
  [
   915760.383, 
   216131.959
  ], 
  [
   425938.415, 
   650671.407
  ], 
  [
   -256920.414, 
   672537.714
  ], 
  [
   945962.854, 
   -262749.915
  ], 
  [
   542266.952, 
   -598416.8
  ], 
  [
   152106.354, 
   603852.916
  ], 
  [
   138574.706, 
   530602.909
  ], 
  [
   526032.001, 
   -913566.748
  ], 
  [
   -582036.951, 
   822415.783
  ], 
  [
   48499.824, 
   -126400.843
  ], 
  [
   -272596.547, 
   -291923.765
  ], 
  [
   584223.473, 
   -499131.425
  ], 
  [
   99967.481, 
   482851.067
  ], 
  [
   318619.806, 
   469417.614
  ], 
  [
   533074.155, 
   -386145.008
  ], 
  [
   -558604.013, 
   -484442.378
  ], 
  [
   -765720.502, 
   252993.347
  ], 
  [
   322019.783, 
   651787.278
  ], 
  [
   -271705.227, 
   176053.231
  ], 
  [
   -370827.119, 
   -325633.468
  ], 
  [
   -264004.088, 
   997731.316
  ], 
  [
   327454.074, 
   -846756.641
  ], 
  [
   -438082.947, 
   771575.262
  ], 
  [
   -443088.008, 
   -32509.758
  ], 
  [
   -444688.908, 
   98593.765
  ], 
  [
   909045.404, 
   -240371.32
  ], 
  [
   869179.275, 
   -184528.857
  ], 
  [
   393081.018, 
   467297.679
  ], 
  [
   -501453.963, 
   -840908.848
  ], 
  [
   804756.012, 
   8283.595
  ], 
  [
   -125017.503, 
   245875.695
  ]
 ], 
 "PUV": [
  true, 
  false, 
  true, 
  false, 
  true, 
  false, 
  false, 
  false, 
  true, 
  true, 
  false, 
  true, 
  true, 
  true, 
  false
 ], 
 "LCM": {
  "11": [
   "NOTUSED", 
   "ORR", 
   "NOTUSED", 
   "ANDD", 
   "ORR", 
   "NOTUSED", 
   "ORR", 
   "ANDD", 
   "NOTUSED", 
   "NOTUSED", 
   "ANDD", 
   "ANDD", 
   "ORR", 
   "ORR", 
   "NOTUSED"
  ], 
  "10": [
   "ANDD", 
   "ORR", 
   "ANDD", 
   "NOTUSED", 
   "NOTUSED", 
   "NOTUSED", 
   "ORR", 
   "ANDD", 
   "ANDD", 
   "ORR", 
   "NOTUSED", 
   "ANDD", 
   "ANDD", 
   "NOTUSED", 
   "ORR"
  ], 
  "13": [
   "ORR", 
   "ORR", 
   "NOTUSED", 
   "NOTUSED", 
   "ANDD", 
   "ANDD", 
   "NOTUSED", 
   "NOTUSED", 
   "NOTUSED", 
   "NOTUSED", 
   "NOTUSED", 
   "ORR", 
   "NOTUSED", 
   "NOTUSED", 
   "ANDD"
  ], 
  "12": [
   "ANDD", 
   "ANDD", 
   "NOTUSED", 
   "ANDD", 
   "ANDD", 
   "ORR", 
   "ORR", 
   "ANDD", 
   "NOTUSED", 
   "NOTUSED", 
   "ANDD", 
   "ORR", 
   "NOTUSED", 
   "NOTUSED", 
   "ANDD"
  ], 
  "14": [
   "ANDD", 
   "ORR", 
   "ANDD", 
   "NOTUSED", 
   "ANDD", 
   "ORR", 
   "ANDD", 
   "NOTUSED", 
   "ORR", 
   "NOTUSED", 
   "ORR", 
   "NOTUSED", 
   "ANDD", 
   "ANDD", 
   "ORR"
  ], 
  "1": [
   "ORR", 
   "NOTUSED", 
   "NOTUSED", 
   "ANDD", 
   "NOTUSED", 
   "NOTUSED", 
   "ANDD", 
   "ORR", 
   "NOTUSED", 
   "NOTUSED", 
   "ORR", 
   "ORR", 
   "ANDD", 
   "ORR", 
   "ORR"
  ], 
  "0": [
   "NOTUSED", 
   "ORR", 
   "ORR", 
   "ANDD", 
   "NOTUSED", 
   "ANDD", 
   "ANDD", 
   "ANDD", 
   "ANDD", 
   "ORR", 
   "ANDD", 
   "NOTUSED", 
   "ANDD", 
   "ORR", 
   "ANDD"
  ], 
  "3": [
   "ANDD", 
   "ANDD", 
   "ORR", 
   "NOTUSED", 
   "NOTUSED", 
   "ANDD", 
   "NOTUSED", 
   "ANDD", 
   "NOTUSED", 
   "ORR", 
   "NOTUSED", 
   "ANDD", 
   "ANDD", 
   "NOTUSED", 
   "NOTUSED"
  ], 
  "2": [
   "ORR", 
   "NOTUSED", 
   "ANDD", 
   "ORR", 
   "NOTUSED", 
   "NOTUSED", 
   "ORR", 
   "NOTUSED", 
   "ORR", 
   "ANDD", 
   "ANDD", 
   "NOTUSED", 
   "NOTUSED", 
   "NOTUSED", 
   "ANDD"
  ], 
  "5": [
   "ANDD", 
   "NOTUSED", 
   "NOTUSED", 
   "ANDD", 
   "NOTUSED", 
   "ORR", 
   "NOTUSED", 
   "ORR", 
   "ORR", 
   "ANDD", 
   "NOTUSED", 
   "NOTUSED", 
   "ORR", 
   "ANDD", 
   "ORR"
  ], 
  "4": [
   "NOTUSED", 
   "NOTUSED", 
   "NOTUSED", 
   "NOTUSED", 
   "ORR", 
   "NOTUSED", 
   "NOTUSED", 
   "ANDD", 
   "NOTUSED", 
   "ORR", 
   "NOTUSED", 
   "ORR", 
   "ANDD", 
   "ANDD", 
   "ANDD"
  ], 
  "7": [
   "ANDD", 
   "ORR", 
   "NOTUSED", 
   "ANDD", 
   "ANDD", 
   "ORR", 
   "NOTUSED", 
   "ORR", 
   "NOTUSED", 
   "ORR", 
   "ANDD", 
   "ANDD", 
   "ANDD", 
   "NOTUSED", 
   "NOTUSED"
  ], 
  "6": [
   "ANDD", 
   "ANDD", 
   "ORR", 
   "NOTUSED", 
   "NOTUSED", 
   "NOTUSED", 
   "ANDD", 
   "NOTUSED", 
   "NOTUSED", 
   "NOTUSED", 
   "ORR", 
   "ORR", 
   "ORR", 
   "NOTUSED", 
   "ANDD"
  ], 
  "9": [
   "ORR", 
   "NOTUSED", 
   "ANDD", 
   "ORR", 
   "ORR", 
   "ANDD", 
   "NOTUSED", 
   "ORR", 
   "ORR", 
   "ANDD", 
   "ORR", 
   "NOTUSED", 
   "NOTUSED", 
   "NOTUSED", 
   "NOTUSED"
  ], 
  "8": [
   "ANDD", 
   "NOTUSED", 
   "ORR", 
   "NOTUSED", 
   "NOTUSED", 
   "ORR", 
   "NOTUSED", 
   "NOTUSED", 
   "NOTUSED", 
   "ORR", 
   "ANDD", 
   "NOTUSED", 
   "NOTUSED", 
   "NOTUSED", 
   "ORR"
  ]
 }
}