{
 "random_seed": 3757530584, 
 "PARAMETERS": {
  "RADIUS1": 124383.059, 
  "QUADS": 1, 
  "RADIUS2": 407192.841, 
  "DIST": 451642.205, 
  "F_PTS": 1, 
  "K_PTS": 71, 
  "EPSILON": 2.656, 
  "LENGTH1": 41913.069, 
  "G_PTS": 56, 
  "Q_PTS": 11, 
  "N_PTS": 58, 
  "C_PTS": 35, 
  "AREA2": 233935.82, 
  "LENGTH2": 375631.727, 
  "B_PTS": 3, 
  "D_PTS": 3, 
  "AREA1": 311829.044, 
  "A_PTS": 27, 
  "E_PTS": 4
 }, 
 "NUMPOINTS": 79, 
 "points": [
  [
   351934.026, 
   439340.745
  ], 
  [
   -787519.946, 
   -398545.78
  ], 
  [
   -16586.467, 
   -742994.778
  ], 
  [
   363787.535, 
   -31605.017
  ], 
  [
   -57203.781, 
   -572775.938
  ], 
  [
   -891208.141, 
   -115862.041
  ], 
  [
   410010.33, 
   -645076.852
  ], 
  [
   -921063.094, 
   -402868.376
  ], 
  [
   686890.219, 
   109449.638
  ], 
  [
   -396956.765, 
   868308.445
  ], 
  [
   -673822.73, 
   81267.019
  ], 
  [
   142611.114, 
   77405.521
  ], 
  [
   731958.331, 
   449158.11
  ], 
  [
   -682265.57, 
   36591.638
  ], 
  [
   -919097.215, 
   722237.107
  ], 
  [
   7310.21, 
   537701.956
  ], 
  [
   -279789.512, 
   547611.503
  ], 
  [
   83820.7, 
   -731487.278
  ], 
  [
   873402.786, 
   660453.504
  ], 
  [
   162252.512, 
   6984.15
  ], 
  [
   -936464.909, 
   605505.326
  ], 
  [
   223439.297, 
   88361.833
  ], 
  [
   925759.212, 
   633561.399
  ], 
  [
   -623127.612, 
   569945.291
  ], 
  [
   482267.781, 
   649495.501
  ], 
  [
   46516.732, 
   -129693.553
  ], 
  [
   -144741.512, 
   53768.849
  ], 
  [
   920844.43, 
   817123.411
  ], 
  [
   -545859.953, 
   88581.395
  ], 
  [
   -171447.933, 
   -404904.783
  ], 
  [
   -130547.682, 
   -979019.422
  ], 
  [
   662875.022, 
   -122729.842
  ], 
  [
   -908986.396, 
   903717.101
  ], 
  [
   477677.688, 
   -370461.964
  ], 
  [
   -313551.43, 
   101638.885
  ], 
  [
   863304.872, 
   171491.857
  ], 
  [
   376072.304, 
   133261.63
  ], 
  [
   989418.036, 
   689795.121
  ], 
  [
   -599099.132, 
   -658136.218
  ], 
  [
   -151722.921, 
   -571558.362
  ], 
  [
   168973.275, 
   -678437.702
  ], 
  [
   -884992.809, 
   269848.613
  ], 
  [
   -283463.082, 
   -843182.076
  ], 
  [
   -628568.024, 
   -248623.043
  ], 
  [
   -184147.115, 
   486020.895
  ], 
  [
   771909.526, 
   -370330.132
  ], 
  [
   -578967.278, 
   -208757.701
  ], 
  [
   813690.486, 
   -50472.447
  ], 
  [
   -403806.165, 
   351586.723
  ], 
  [
   -885447.927, 
   561096.166
  ], 
  [
   -989567.223, 
   -181937.248
  ], 
  [
   -367477.544, 
   -867005.219
  ], 
  [
   -180316.273, 
   -296684.684
  ], 
  [
   -428656.798, 
   371300.188
  ], 
  [
   -700744.639, 
   -204742.894
  ], 
  [
   909992.198, 
   717159.633
  ], 
  [
   -792884.006, 
   -150924.859
  ], 
  [
   486075.554, 
   767972.286
  ], 
  [
   721489.098, 
   -654730.549
  ], 
  [
   -436500.67, 
   995771.156
  ], 
  [
   517963.715, 
   20721.519
  ], 
  [
   176358.266, 
   471595.599
  ], 
  [
   -860490.025, 
   -736296.555
  ], 
  [
   877265.307, 
   210585.115
  ], 
  [
   -683761.719, 
   -411953.101
  ], 
  [
   -686444.832, 
   232795.8
  ], 
  [
   49137.973, 
   767813.282
  ], 
  [
   880285.31, 
   -75553.354
  ], 
  [
   520608.649, 
   903131.688
  ], 
  [
   -369231.394, 
   502903.418
  ], 
  [
   -581937.96, 
   -196679.989
  ], 
  [
   420581.674, 
   -826158.927
  ], 
  [
   161916.164, 
   -439041.959
  ], 
  [
   -120249.55, 
   685141.275
  ], 
  [
   798822.866, 
   219309.136
  ], 
  [
   52554.538, 
   356379.429
  ], 
  [
   -287983.13, 
   54781.53
  ], 
  [
   -925243.151, 
   -766461.05
  ], 
  [
   -185990.436, 
   520118.854
  ]
 ], 
 "PUV": [
  true, 
  true, 
  true, 
  false, 
  false, 
  false, 
  false, 
  true, 
  true, 
  true, 
  false, 
  true, 
  true, 
  false, 
  true
 ], 
 "LCM": {
  "11": [
   "NOTUSED", 
   "ORR", 
   "ORR", 
   "ORR", 
   "ANDD", 
   "ANDD", 
   "ORR", 
   "ANDD", 
   "ANDD", 
   "ANDD", 
   "ANDD", 
   "ANDD", 
   "ORR", 
   "ORR", 
   "ANDD"
  ], 
  "10": [
   "ORR", 
   "ANDD", 
   "ANDD", 
   "NOTUSED", 
   "NOTUSED", 
   "NOTUSED", 
   "NOTUSED", 
   "NOTUSED", 
   "ANDD", 
   "NOTUSED", 
   "ORR", 
   "ANDD", 
   "ORR", 
   "NOTUSED", 
   "ANDD"
  ], 
  "13": [
   "NOTUSED", 
   "ANDD", 
   "ORR", 
   "NOTUSED", 
   "NOTUSED", 
   "NOTUSED", 
   "NOTUSED", 
   "ANDD", 
   "ANDD", 
   "ORR", 
   "NOTUSED", 
   "ORR", 
   "ORR", 
   "ANDD", 
   "ORR"
  ], 
  "12": [
   "ANDD", 
   "ANDD", 
   "ORR", 
   "NOTUSED", 
   "ANDD", 
   "ANDD", 
   "NOTUSED", 
   "ORR", 
   "NOTUSED", 
   "ANDD", 
   "ORR", 
   "ORR", 
   "ANDD", 
   "ORR", 
   "NOTUSED"
  ], 
  "14": [
   "ANDD", 
   "ORR", 
   "ORR", 
   "ANDD", 
   "NOTUSED", 
   "ANDD", 
   "ORR", 
   "NOTUSED", 
   "ORR", 
   "NOTUSED", 
   "ANDD", 
   "ANDD", 
   "NOTUSED", 
   "ORR", 
   "ANDD"
  ], 
  "1": [
   "NOTUSED", 
   "NOTUSED", 
   "NOTUSED", 
   "ANDD", 
   "ANDD", 
   "ORR", 
   "ORR", 
   "ORR", 
   "ANDD", 
   "ANDD", 
   "ANDD", 
   "ORR", 
   "ANDD", 
   "ANDD", 
   "ORR"
  ], 
  "0": [
   "ORR", 
   "NOTUSED", 
   "ANDD", 
   "ANDD", 
   "ORR", 
   "NOTUSED", 
   "ANDD", 
   "NOTUSED", 
   "ANDD", 
   "NOTUSED", 
   "ORR", 
   "NOTUSED", 
   "ANDD", 
   "NOTUSED", 
   "ANDD"
  ], 
  "3": [
   "ANDD", 
   "ANDD", 
   "ANDD", 
   "NOTUSED", 
   "ORR", 
   "ORR", 
   "NOTUSED", 
   "ANDD", 
   "ANDD", 
   "ANDD", 
   "NOTUSED", 
   "ORR", 
   "NOTUSED", 
   "NOTUSED", 
   "ANDD"
  ], 
  "2": [
   "ANDD", 
   "NOTUSED", 
   "ORR", 
   "ANDD", 
   "ORR", 
   "NOTUSED", 
   "ORR", 
   "ORR", 
   "ORR", 
   "NOTUSED", 
   "ANDD", 
   "ORR", 
   "ORR", 
   "ORR", 
   "ORR"
  ], 
  "5": [
   "NOTUSED", 
   "ORR", 
   "NOTUSED", 
   "ORR", 
   "ANDD", 
   "ANDD", 
   "ANDD", 
   "NOTUSED", 
   "ORR", 
   "NOTUSED", 
   "NOTUSED", 
   "ANDD", 
   "ANDD", 
   "NOTUSED", 
   "ANDD"
  ], 
  "4": [
   "ORR", 
   "ANDD", 
   "ORR", 
   "ORR", 
   "ANDD", 
   "ANDD", 
   "ANDD", 
   "ANDD", 
   "ORR", 
   "NOTUSED", 
   "NOTUSED", 
   "ANDD", 
   "ANDD", 
   "NOTUSED", 
   "NOTUSED"
  ], 
  "7": [
   "NOTUSED", 
   "ORR", 
   "ORR", 
   "ANDD", 
   "ANDD", 
   "NOTUSED", 
   "ANDD", 
   "ANDD", 
   "ANDD", 
   "NOTUSED", 
   "NOTUSED", 
   "ANDD", 
   "ORR", 
   "ANDD", 
   "NOTUSED"
  ], 
  "6": [
   "ANDD", 
   "ORR", 
   "ORR", 
   "NOTUSED", 
   "ANDD", 
   "ANDD", 
   "ANDD", 
   "ANDD", 
   "NOTUSED", 
   "ORR", 
   "NOTUSED", 
   "ORR", 
   "NOTUSED", 
   "NOTUSED", 
   "ORR"
  ], 
  "9": [
   "NOTUSED", 
   "ANDD", 
   "NOTUSED", 
   "ANDD", 
   "NOTUSED", 
   "NOTUSED", 
   "ORR", 
   "NOTUSED", 
   "NOTUSED", 
   "ANDD", 
   "NOTUSED", 
   "ANDD", 
   "ANDD", 
   "ORR", 
   "NOTUSED"
  ], 
  "8": [
   "ANDD", 
   "ANDD", 
   "ORR", 
   "ANDD", 
   "ORR", 
   "ORR", 
   "NOTUSED", 
   "ANDD", 
   "ORR", 
   "NOTUSED", 
   "ANDD", 
   "ANDD", 
   "NOTUSED", 
   "ANDD", 
   "ORR"
  ]
 }
}