{
 "random_seed": 2738733160, 
 "PARAMETERS": {
  "RADIUS1": 906317.944, 
  "QUADS": 3, 
  "RADIUS2": 923861.262, 
  "DIST": 802529.874, 
  "F_PTS": 1, 
  "K_PTS": 30, 
  "EPSILON": 0.734, 
  "LENGTH1": 471628.124, 
  "G_PTS": 10, 
  "Q_PTS": 66, 
  "N_PTS": 4, 
  "C_PTS": 11, 
  "AREA2": 410535.354, 
  "LENGTH2": 191058.07, 
  "B_PTS": 15, 
  "D_PTS": 54, 
  "AREA1": 954311.328, 
  "A_PTS": 3, 
  "E_PTS": 62
 }, 
 "NUMPOINTS": 85, 
 "points": [
  [
   -48526.972, 
   332305.468
  ], 
  [
   995349.965, 
   405377.62
  ], 
  [
   -811702.459, 
   -671513.06
  ], 
  [
   66749.041, 
   -893451.814
  ], 
  [
   -981900.774, 
   -989498.936
  ], 
  [
   865453.766, 
   354154.313
  ], 
  [
   -514292.057, 
   261217.852
  ], 
  [
   295458.097, 
   -922578.611
  ], 
  [
   422542.019, 
   108403.87
  ], 
  [
   -905367.711, 
   420561.323
  ], 
  [
   873974.42, 
   944189.137
  ], 
  [
   977674.261, 
   -230554.262
  ], 
  [
   903292.159, 
   -969703.08
  ], 
  [
   186376.825, 
   -529147.11
  ], 
  [
   511232.881, 
   -651815.949
  ], 
  [
   477321.544, 
   248804.107
  ], 
  [
   434801.733, 
   -894718.81
  ], 
  [
   232087.487, 
   -711811.494
  ], 
  [
   -928844.064, 
   -127918.29
  ], 
  [
   -346940.925, 
   517541.253
  ], 
  [
   965690.486, 
   782353.22
  ], 
  [
   149855.436, 
   -860350.586
  ], 
  [
   -773209.395, 
   -386982.918
  ], 
  [
   873851.273, 
   128179.067
  ], 
  [
   -848238.713, 
   -524756.794
  ], 
  [
   -941955.07, 
   -643795.181
  ], 
  [
   -663478.565, 
   623407.779
  ], 
  [
   11097.446, 
   -131495.065
  ], 
  [
   -350973.083, 
   -476081.151
  ], 
  [
   523570.668, 
   982141.942
  ], 
  [
   -75529.006, 
   833941.255
  ], 
  [
   524332.006, 
   186461.767
  ], 
  [
   683758.481, 
   -914043.801
  ], 
  [
   -518298.783, 
   228032.556
  ], 
  [
   -208271.11, 
   993437.542
  ], 
  [
   -955598.515, 
   277488.922
  ], 
  [
   -96603.474, 
   -269906.944
  ], 
  [
   747968.75, 
   975393.214
  ], 
  [
   774941.857, 
   -228535.366
  ], 
  [
   718605.291, 
   983707.563
  ], 
  [
   -465458.218, 
   582990.472
  ], 
  [
   -902158.813, 
   -564624.834
  ], 
  [
   249831.166, 
   497043.707
  ], 
  [
   680706.812, 
   288537.252
  ], 
  [
   736494.686, 
   677817.672
  ], 
  [
   891484.236, 
   -144834.537
  ], 
  [
   -908007.147, 
   -624448.123
  ], 
  [
   -414806.836, 
   434297.663
  ], 
  [
   -661322.725, 
   81744.496
  ], 
  [
   936992.147, 
   390800.097
  ], 
  [
   -878563.184, 
   992642.934
  ], 
  [
   -906406.452, 
   625334.801
  ], 
  [
   647849.709, 
   665740.283
  ], 
  [
   -739816.722, 
   920207.973
  ], 
  [
   -936701.983, 
   777861.981
  ], 
  [
   -462485.355, 
   -659156.832
  ], 
  [
   -361909.167, 
   152630.755
  ], 
  [
   772320.61, 
   -487104.668
  ], 
  [
   -585584.736, 
   299057.777
  ], 
  [
   -51212.762, 
   551490.396
  ], 
  [
   562399.612, 
   -182458.699
  ], 
  [
   338005.454, 
   276286.552
  ], 
  [
   -953409.229, 
   653293.033
  ], 
  [
   -709717.059, 
   923900.449
  ], 
  [
   279449.61, 
   374778.081
  ], 
  [
   708235.491, 
   546005.772
  ], 
  [
   -965656.679, 
   -387962.762
  ], 
  [
   743759.236, 
   -249890.586
  ], 
  [
   106073.468, 
   942188.167
  ], 
  [
   -537469.177, 
   -334840.268
  ], 
  [
   374950.696, 
   -235680.377
  ], 
  [
   -888915.51, 
   902727.416
  ], 
  [
   274054.868, 
   -116728.103
  ], 
  [
   380107.534, 
   109722.615
  ], 
  [
   996034.167, 
   -305417.619
  ], 
  [
   580270.895, 
   10340.083
  ], 
  [
   -165633.652, 
   -313846.09
  ], 
  [
   409737.41, 
   973806.31
  ], 
  [
   -956696.781, 
   -426323.606
  ], 
  [
   -295480.172, 
   423175.929
  ], 
  [
   480430.098, 
   -254427.736
  ], 
  [
   -320771.714, 
   358685.027
  ], 
  [
   655917.906, 
   -986932.792
  ], 
  [
   259246.939, 
   -293593.388
  ], 
  [
   744071.915, 
   -7859.308
  ]
 ], 
 "PUV": [
  false, 
  true, 
  false, 
  false, 
  false, 
  true, 
  false, 
  false, 
  true, 
  true, 
  true, 
  true, 
  true, 
  false, 
  true
 ], 
 "LCM": {
  "11": [
   "ORR", 
   "ORR", 
   "NOTUSED", 
   "ANDD", 
   "NOTUSED", 
   "ANDD", 
   "ANDD", 
   "ANDD", 
   "ORR", 
   "ANDD", 
   "ORR", 
   "ORR", 
   "NOTUSED", 
   "ORR", 
   "ANDD"
  ], 
  "10": [
   "ANDD", 
   "ANDD", 
   "ANDD", 
   "NOTUSED", 
   "ANDD", 
   "ANDD", 
   "ANDD", 
   "NOTUSED", 
   "ANDD", 
   "ANDD", 
   "ANDD", 
   "ORR", 
   "ORR", 
   "ORR", 
   "ORR"
  ], 
  "13": [
   "ORR", 
   "ANDD", 
   "NOTUSED", 
   "ORR", 
   "ORR", 
   "NOTUSED", 
   "NOTUSED", 
   "NOTUSED", 
   "NOTUSED", 
   "ORR", 
   "ORR", 
   "ORR", 
   "ANDD", 
   "NOTUSED", 
   "ANDD"
  ], 
  "12": [
   "ANDD", 
   "NOTUSED", 
   "ORR", 
   "ANDD", 
   "ANDD", 
   "NOTUSED", 
   "ANDD", 
   "NOTUSED", 
   "NOTUSED", 
   "ANDD", 
   "ORR", 
   "NOTUSED", 
   "ORR", 
   "ANDD", 
   "NOTUSED"
  ], 
  "14": [
   "NOTUSED", 
   "ORR", 
   "ANDD", 
   "NOTUSED", 
   "ANDD", 
   "ORR", 
   "ORR", 
   "NOTUSED", 
   "NOTUSED", 
   "ORR", 
   "ORR", 
   "ANDD", 
   "NOTUSED", 
   "ANDD", 
   "NOTUSED"
  ], 
  "1": [
   "NOTUSED", 
   "ORR", 
   "NOTUSED", 
   "ANDD", 
   "ORR", 
   "ANDD", 
   "ORR", 
   "NOTUSED", 
   "ORR", 
   "ORR", 
   "ANDD", 
   "ORR", 
   "NOTUSED", 
   "ANDD", 
   "ORR"
  ], 
  "0": [
   "ANDD", 
   "NOTUSED", 
   "NOTUSED", 
   "ORR", 
   "NOTUSED", 
   "ANDD", 
   "NOTUSED", 
   "NOTUSED", 
   "ANDD", 
   "ORR", 
   "ANDD", 
   "ORR", 
   "ANDD", 
   "ORR", 
   "NOTUSED"
  ], 
  "3": [
   "ORR", 
   "ANDD", 
   "ORR", 
   "NOTUSED", 
   "NOTUSED", 
   "ORR", 
   "ANDD", 
   "NOTUSED", 
   "ANDD", 
   "ORR", 
   "NOTUSED", 
   "ANDD", 
   "ANDD", 
   "ORR", 
   "NOTUSED"
  ], 
  "2": [
   "NOTUSED", 
   "NOTUSED", 
   "ANDD", 
   "ORR", 
   "ORR", 
   "NOTUSED", 
   "ANDD", 
   "NOTUSED", 
   "NOTUSED", 
   "NOTUSED", 
   "ANDD", 
   "NOTUSED", 
   "ORR", 
   "NOTUSED", 
   "ANDD"
  ], 
  "5": [
   "ANDD", 
   "ANDD", 
   "NOTUSED", 
   "ORR", 
   "NOTUSED", 
   "ANDD", 
   "ORR", 
   "ANDD", 
   "ANDD", 
   "ORR", 
   "ANDD", 
   "ANDD", 
   "NOTUSED", 
   "NOTUSED", 
   "ORR"
  ], 
  "4": [
   "NOTUSED", 
   "ORR", 
   "ORR", 
   "NOTUSED", 
   "ANDD", 
   "NOTUSED", 
   "NOTUSED", 
   "NOTUSED", 
   "NOTUSED", 
   "NOTUSED", 
   "ANDD", 
   "NOTUSED", 
   "ANDD", 
   "ORR", 
   "ANDD"
  ], 
  "7": [
   "NOTUSED", 
   "NOTUSED", 
   "NOTUSED", 
   "NOTUSED", 
   "NOTUSED", 
   "ANDD", 
   "ORR", 
   "ORR", 
   "ORR", 
   "NOTUSED", 
   "NOTUSED", 
   "ANDD", 
   "NOTUSED", 
   "NOTUSED", 
   "NOTUSED"
  ], 
  "6": [
   "NOTUSED", 
   "ORR", 
   "ANDD", 
   "ANDD", 
   "NOTUSED", 
   "ORR", 
   "ANDD", 
   "ORR", 
   "NOTUSED", 
   "ORR", 
   "ANDD", 
   "ANDD", 
   "ANDD", 
   "NOTUSED", 
   "ORR"
  ], 
  "9": [
   "ORR", 
   "ORR", 
   "NOTUSED", 
   "ORR", 
   "NOTUSED", 
   "ORR", 
   "ORR", 
   "NOTUSED", 
   "ANDD", 
   "ORR", 
   "ANDD", 
   "ANDD", 
   "ANDD", 
   "ORR", 
   "ORR"
  ], 
  "8": [
   "ANDD", 
   "ORR", 
   "NOTUSED", 
   "ANDD", 
   "NOTUSED", 
   "ANDD", 
   "NOTUSED", 
   "ORR", 
   "NOTUSED", 
   "ANDD", 
   "ANDD", 
   "ORR", 
   "NOTUSED", 
   "NOTUSED", 
   "NOTUSED"
  ]
 }
}