{
 "random_seed": 3356482928, 
 "PARAMETERS": {
  "RADIUS1": 338870.549, 
  "QUADS": 2, 
  "RADIUS2": 889526.489, 
  "DIST": 122243.843, 
  "F_PTS": 17, 
  "K_PTS": 38, 
  "EPSILON": 0.848, 
  "LENGTH1": 79752.071, 
  "G_PTS": 69, 
  "Q_PTS": 38, 
  "N_PTS": 64, 
  "C_PTS": 27, 
  "AREA2": 221390.913, 
  "LENGTH2": 241604.759, 
  "B_PTS": 39, 
  "D_PTS": 37, 
  "AREA1": 347050.681, 
  "A_PTS": 23, 
  "E_PTS": 5
 }, 
 "NUMPOINTS": 81, 
 "points": [
  [
   -535632.817, 
   -854939.677
  ], 
  [
   -488312.975, 
   -308337.025
  ], 
  [
   938799.62, 
   -173736.669
  ], 
  [
   -873778.86, 
   229049.632
  ], 
  [
   268245.742, 
   -298130.246
  ], 
  [
   818654.671, 
   556397.12
  ], 
  [
   655868.843, 
   16183.734
  ], 
  [
   45401.907, 
   -933436.046
  ], 
  [
   791025.667, 
   708791.354
  ], 
  [
   578249.563, 
   -290370.141
  ], 
  [
   798045.891, 
   483702.761
  ], 
  [
   -839709.805, 
   45915.487
  ], 
  [
   -986769.761, 
   -415912.623
  ], 
  [
   -673661.269, 
   554317.01
  ], 
  [
   -302680.948, 
   -841199.74
  ], 
  [
   245288.666, 
   -739913.255
  ], 
  [
   802347.087, 
   -539522.435
  ], 
  [
   474757.201, 
   228373.445
  ], 
  [
   -618177.844, 
   848990.949
  ], 
  [
   655636.453, 
   -506083.884
  ], 
  [
   293158.711, 
   881231.851
  ], 
  [
   338679.915, 
   83563.809
  ], 
  [
   -559105.194, 
   -57256.534
  ], 
  [
   -262620.83, 
   617625.44
  ], 
  [
   491227.489, 
   -647100.192
  ], 
  [
   559098.112, 
   -730416.339
  ], 
  [
   -208755.674, 
   879874.036
  ], 
  [
   138558.645, 
   128827.904
  ], 
  [
   -900833.8, 
   -643075.877
  ], 
  [
   518700.703, 
   -934720.328
  ], 
  [
   919482.454, 
   -447853.257
  ], 
  [
   -484285.343, 
   909365.343
  ], 
  [
   619378.918, 
   422113.271
  ], 
  [
   793576.425, 
   -272935.358
  ], 
  [
   -901802.372, 
   347884.099
  ], 
  [
   377480.772, 
   -94048.949
  ], 
  [
   -550887.627, 
   -42251.677
  ], 
  [
   516081.27, 
   528543.788
  ], 
  [
   -408162.86, 
   891946.992
  ], 
  [
   -225586.302, 
   8107.514
  ], 
  [
   845469.018, 
   -702422.452
  ], 
  [
   33849.588, 
   -94086.25
  ], 
  [
   215938.414, 
   -854375.984
  ], 
  [
   433556.069, 
   237812.46
  ], 
  [
   -751796.073, 
   -917232.044
  ], 
  [
   -671347.638, 
   -357358.373
  ], 
  [
   -865532.688, 
   422859.594
  ], 
  [
   707603.158, 
   463905.183
  ], 
  [
   773843.723, 
   511058.448
  ], 
  [
   -744023.327, 
   -221374.681
  ], 
  [
   -904199.793, 
   -470292.649
  ], 
  [
   -708511.94, 
   -225463.692
  ], 
  [
   555827.678, 
   850192.638
  ], 
  [
   -494541.143, 
   -129024.035
  ], 
  [
   516757.324, 
   -389413.326
  ], 
  [
   -578221.916, 
   -790341.582
  ], 
  [
   -837204.238, 
   -410281.546
  ], 
  [
   -646741.664, 
   -890233.572
  ], 
  [
   636412.206, 
   -640849.894
  ], 
  [
   638793.344, 
   655219.224
  ], 
  [
   -158011.093, 
   498475.928
  ], 
  [
   916443.455, 
   -561122.189
  ], 
  [
   -820533.299, 
   664442.755
  ], 
  [
   -421405.451, 
   929787.341
  ], 
  [
   229581.831, 
   -987901.072
  ], 
  [
   660102.052, 
   654255.165
  ], 
  [
   -556612.652, 
   -703180.505
  ], 
  [
   -585952.735, 
   204286.794
  ], 
  [
   -400650.377, 
   403625.073
  ], 
  [
   -253093.281, 
   -381124.406
  ], 
  [
   -628863.395, 
   358888.19
  ], 
  [
   -499464.362, 
   -13758.757
  ], 
  [
   -767707.843, 
   -995898.385
  ], 
  [
   -352328.018, 
   52442.143
  ], 
  [
   490646.07, 
   929744.981
  ], 
  [
   341202.368, 
   751853.747
  ], 
  [
   -423557.908, 
   360657.734
  ], 
  [
   -726768.046, 
   369618.673
  ], 
  [
   -796169.737, 
   -514662.835
  ], 
  [
   -203892.6, 
   835608.285
  ], 
  [
   -154197.476, 
   -478153.635
  ]
 ], 
 "PUV": [
  false, 
  true, 
  true, 
  false, 
  false, 
  false, 
  true, 
  false, 
  false, 
  false, 
  true, 
  false, 
  true, 
  false, 
  false
 ], 
 "LCM": {
  "11": [
   "ORR", 
   "ORR", 
   "NOTUSED", 
   "NOTUSED", 
   "ORR", 
   "NOTUSED", 
   "ANDD", 
   "ANDD", 
   "ANDD", 
   "ANDD", 
   "ANDD", 
   "ORR", 
   "NOTUSED", 
   "ANDD", 
   "NOTUSED"
  ], 
  "10": [
   "ANDD", 
   "NOTUSED", 
   "NOTUSED", 
   "ANDD", 
   "ANDD", 
   "NOTUSED", 
   "ORR", 
   "ANDD", 
   "ANDD", 
   "ANDD", 
   "NOTUSED", 
   "ANDD", 
   "ANDD", 
   "ORR", 
   "ORR"
  ], 
  "13": [
   "ORR", 
   "ORR", 
   "ORR", 
   "ANDD", 
   "ORR", 
   "ORR", 
   "ANDD", 
   "ORR", 
   "ANDD", 
   "ORR", 
   "ORR", 
   "ANDD", 
   "ORR", 
   "ORR", 
   "ORR"
  ], 
  "12": [
   "NOTUSED", 
   "ORR", 
   "ANDD", 
   "ANDD", 
   "ORR", 
   "ORR", 
   "ANDD", 
   "NOTUSED", 
   "ORR", 
   "NOTUSED", 
   "ANDD", 
   "NOTUSED", 
   "ORR", 
   "ORR", 
   "ANDD"
  ], 
  "14": [
   "NOTUSED", 
   "NOTUSED", 
   "ORR", 
   "ORR", 
   "ORR", 
   "ORR", 
   "ANDD", 
   "NOTUSED", 
   "ANDD", 
   "NOTUSED", 
   "ORR", 
   "NOTUSED", 
   "ANDD", 
   "ORR", 
   "ORR"
  ], 
  "1": [
   "ANDD", 
   "ORR", 
   "NOTUSED", 
   "NOTUSED", 
   "ORR", 
   "ORR", 
   "NOTUSED", 
   "ANDD", 
   "ORR", 
   "NOTUSED", 
   "NOTUSED", 
   "ORR", 
   "ORR", 
   "ORR", 
   "NOTUSED"
  ], 
  "0": [
   "ORR", 
   "ANDD", 
   "ORR", 
   "ORR", 
   "NOTUSED", 
   "ANDD", 
   "ORR", 
   "ORR", 
   "ORR", 
   "ANDD", 
   "ANDD", 
   "ORR", 
   "NOTUSED", 
   "ORR", 
   "NOTUSED"
  ], 
  "3": [
   "ORR", 
   "NOTUSED", 
   "ANDD", 
   "ORR", 
   "NOTUSED", 
   "ANDD", 
   "ANDD", 
   "ORR", 
   "ORR", 
   "ANDD", 
   "ANDD", 
   "NOTUSED", 
   "ANDD", 
   "ANDD", 
   "ORR"
  ], 
  "2": [
   "ORR", 
   "NOTUSED", 
   "ORR", 
   "ANDD", 
   "ORR", 
   "ANDD", 
   "ANDD", 
   "ORR", 
   "NOTUSED", 
   "ORR", 
   "NOTUSED", 
   "NOTUSED", 
   "ANDD", 
   "ORR", 
   "ORR"
  ], 
  "5": [
   "ANDD", 
   "ORR", 
   "ANDD", 
   "ANDD", 
   "ANDD", 
   "ANDD", 
   "ORR", 
   "ANDD", 
   "ANDD", 
   "ORR", 
   "NOTUSED", 
   "NOTUSED", 
   "ORR", 
   "ORR", 
   "ORR"
  ], 
  "4": [
   "NOTUSED", 
   "ORR", 
   "ORR", 
   "NOTUSED", 
   "NOTUSED", 
   "ANDD", 
   "ANDD", 
   "ANDD", 
   "ANDD", 
   "ORR", 
   "ANDD", 
   "ORR", 
   "ORR", 
   "ORR", 
   "ORR"
  ], 
  "7": [
   "ORR", 
   "ANDD", 
   "ORR", 
   "ORR", 
   "ANDD", 
   "ANDD", 
   "NOTUSED", 
   "ANDD", 
   "ANDD", 
   "ANDD", 
   "ANDD", 
   "ANDD", 
   "NOTUSED", 
   "ORR", 
   "NOTUSED"
  ], 
  "6": [
   "ORR", 
   "NOTUSED", 
   "ANDD", 
   "ANDD", 
   "ANDD", 
   "ORR", 
   "ORR", 
   "NOTUSED", 
   "ANDD", 
   "ANDD", 
   "ORR", 
   "ANDD", 
   "ANDD", 
   "ANDD", 
   "ANDD"
  ], 
  "9": [
   "ANDD", 
   "NOTUSED", 
   "ORR", 
   "ANDD", 
   "ORR", 
   "ORR", 
   "ANDD", 
   "ANDD", 
   "ORR", 
   "ORR", 
   "ANDD", 
   "ANDD", 
   "NOTUSED", 
   "ORR", 
   "NOTUSED"
  ], 
  "8": [
   "ORR", 
   "ORR", 
   "NOTUSED", 
   "ORR", 
   "ANDD", 
   "ANDD", 
   "ANDD", 
   "ANDD", 
   "ORR", 
   "ORR", 
   "ANDD", 
   "ANDD", 
   "ORR", 
   "ANDD", 
   "ANDD"
  ]
 }
}