{
 "random_seed": 965279102, 
 "PARAMETERS": {
  "RADIUS1": 796763.756, 
  "QUADS": 2, 
  "RADIUS2": 5984.489, 
  "DIST": 326677.412, 
  "F_PTS": 9, 
  "K_PTS": 20, 
  "EPSILON": 2.164, 
  "LENGTH1": 968332.392, 
  "G_PTS": 3, 
  "Q_PTS": 8, 
  "N_PTS": 25, 
  "C_PTS": 31, 
  "AREA2": 351801.295, 
  "LENGTH2": 533302.716, 
  "B_PTS": 19, 
  "D_PTS": 7, 
  "AREA1": 350693.152, 
  "A_PTS": 8, 
  "E_PTS": 24
 }, 
 "NUMPOINTS": 41, 
 "points": [
  [
   -879367.727, 
   913604.283
  ], 
  [
   998115.292, 
   310259.34
  ], 
  [
   -679561.474, 
   934285.41
  ], 
  [
   527504.782, 
   -224319.968
  ], 
  [
   367411.193, 
   -810852.416
  ], 
  [
   -642278.131, 
   -627401.708
  ], 
  [
   928782.101, 
   362725.577
  ], 
  [
   402014.083, 
   -155211.485
  ], 
  [
   -50900.121, 
   -211628.349
  ], 
  [
   966361.353, 
   776599.851
  ], 
  [
   -312020.857, 
   -847335.186
  ], 
  [
   909550.985, 
   608013.066
  ], 
  [
   -4394.262, 
   500682.595
  ], 
  [
   215637.196, 
   329899.07
  ], 
  [
   880713.477, 
   69891.702
  ], 
  [
   -928407.49, 
   -497705.786
  ], 
  [
   291605.547, 
   -174133.005
  ], 
  [
   350399.682, 
   -569998.521
  ], 
  [
   747204.455, 
   -136584.776
  ], 
  [
   402989.629, 
   -748371.13
  ], 
  [
   -993254.454, 
   384850.608
  ], 
  [
   -252163.681, 
   -486015.692
  ], 
  [
   -157092.428, 
   -981159.072
  ], 
  [
   873580.28, 
   547538.673
  ], 
  [
   52139.509, 
   507252.107
  ], 
  [
   -704309.534, 
   -55825.74
  ], 
  [
   174244.896, 
   493200.802
  ], 
  [
   -193202.647, 
   -268338.75
  ], 
  [
   869698.221, 
   -853100.935
  ], 
  [
   -138015.106, 
   -283898.22
  ], 
  [
   -418021.944, 
   -662803.392
  ], 
  [
   -227771.795, 
   -4881.181
  ], 
  [
   -854287.256, 
   478480.86
  ], 
  [
   815091.529, 
   -662909.749
  ], 
  [
   922623.433, 
   76432.844
  ], 
  [
   -485979.264, 
   90799.352
  ], 
  [
   590969.658, 
   -942541.71
  ], 
  [
   -221671.699, 
   546362.519
  ], 
  [
   291143.202, 
   814691.447
  ], 
  [
   90132.246, 
   969443.124
  ], 
  [
   -532831.047, 
   -618526.773
  ]
 ], 
 "PUV": [
  true, 
  false, 
  true, 
  true, 
  false, 
  true, 
  true, 
  true, 
  true, 
  true, 
  false, 
  false, 
  false, 
  false, 
  false
 ], 
 "LCM": {
  "11": [
   "ANDD", 
   "ANDD", 
   "NOTUSED", 
   "ANDD", 
   "ANDD", 
   "NOTUSED", 
   "ANDD", 
   "ANDD", 
   "ORR", 
   "ORR", 
   "NOTUSED", 
   "ORR", 
   "ANDD", 
   "ORR", 
   "ORR"
  ], 
  "10": [
   "ORR", 
   "ORR", 
   "ANDD", 
   "ANDD", 
   "NOTUSED", 
   "ANDD", 
   "ANDD", 
   "ANDD", 
   "ORR", 
   "NOTUSED", 
   "NOTUSED", 
   "NOTUSED", 
   "NOTUSED", 
   "NOTUSED", 
   "ORR"
  ], 
  "13": [
   "ORR", 
   "ANDD", 
   "NOTUSED", 
   "ORR", 
   "ANDD", 
   "NOTUSED", 
   "NOTUSED", 
   "ORR", 
   "ORR", 
   "ANDD", 
   "NOTUSED", 
   "ORR", 
   "ANDD", 
   "ORR", 
   "ANDD"
  ], 
  "12": [
   "ORR", 
   "NOTUSED", 
   "NOTUSED", 
   "NOTUSED", 
   "NOTUSED", 
   "ANDD", 
   "ANDD", 
   "ANDD", 
   "NOTUSED", 
   "NOTUSED", 
   "NOTUSED", 
   "ANDD", 
   "ORR", 
   "ANDD", 
   "NOTUSED"
  ], 
  "14": [
   "ANDD", 
   "NOTUSED", 
   "ANDD", 
   "ANDD", 
   "NOTUSED", 
   "ORR", 
   "ANDD", 
   "ANDD", 
   "NOTUSED", 
   "NOTUSED", 
   "ORR", 
   "ORR", 
   "NOTUSED", 
   "ANDD", 
   "ANDD"
  ], 
  "1": [
   "NOTUSED", 
   "ANDD", 
   "ANDD", 
   "NOTUSED", 
   "NOTUSED", 
   "ANDD", 
   "NOTUSED", 
   "ANDD", 
   "NOTUSED", 
   "ANDD", 
   "ORR", 
   "ANDD", 
   "NOTUSED", 
   "ANDD", 
   "NOTUSED"
  ], 
  "0": [
   "ORR", 
   "NOTUSED", 
   "ORR", 
   "ORR", 
   "NOTUSED", 
   "NOTUSED", 
   "ANDD", 
   "ORR", 
   "ORR", 
   "NOTUSED", 
   "ORR", 
   "ANDD", 
   "ORR", 
   "ORR", 
   "ANDD"
  ], 
  "3": [
   "ORR", 
   "NOTUSED", 
   "ORR", 
   "NOTUSED", 
   "ANDD", 
   "ORR", 
   "ORR", 
   "ANDD", 
   "NOTUSED", 
   "ANDD", 
   "ANDD", 
   "ANDD", 
   "NOTUSED", 
   "ORR", 
   "ANDD"
  ], 
  "2": [
   "ORR", 
   "ANDD", 
   "NOTUSED", 
   "ORR", 
   "NOTUSED", 
   "NOTUSED", 
   "ANDD", 
   "ANDD", 
   "NOTUSED", 
   "NOTUSED", 
   "ANDD", 
   "NOTUSED", 
   "NOTUSED", 
   "NOTUSED", 
   "ANDD"
  ], 
  "5": [
   "NOTUSED", 
   "ANDD", 
   "NOTUSED", 
   "ORR", 
   "ANDD", 
   "NOTUSED", 
   "NOTUSED", 
   "ANDD", 
   "ANDD", 
   "NOTUSED", 
   "ANDD", 
   "NOTUSED", 
   "ANDD", 
   "NOTUSED", 
   "ORR"
  ], 
  "4": [
   "NOTUSED", 
   "NOTUSED", 
   "NOTUSED", 
   "ANDD", 
   "ORR", 
   "ANDD", 
   "ORR", 
   "ORR", 
   "NOTUSED", 
   "ANDD", 
   "NOTUSED", 
   "ANDD", 
   "NOTUSED", 
   "ANDD", 
   "NOTUSED"
  ], 
  "7": [
   "ORR", 
   "ANDD", 
   "ANDD", 
   "ANDD", 
   "ORR", 
   "ANDD", 
   "ANDD", 
   "NOTUSED", 
   "ANDD", 
   "NOTUSED", 
   "ANDD", 
   "ANDD", 
   "ANDD", 
   "ORR", 
   "ANDD"
  ], 
  "6": [
   "ANDD", 
   "NOTUSED", 
   "ANDD", 
   "ORR", 
   "ORR", 
   "NOTUSED", 
   "ORR", 
   "ANDD", 
   "ANDD", 
   "NOTUSED", 
   "ANDD", 
   "ANDD", 
   "ANDD", 
   "NOTUSED", 
   "ANDD"
  ], 
  "9": [
   "NOTUSED", 
   "ANDD", 
   "NOTUSED", 
   "ANDD", 
   "ANDD", 
   "NOTUSED", 
   "NOTUSED", 
   "NOTUSED", 
   "ANDD", 
   "ANDD", 
   "NOTUSED", 
   "ORR", 
   "NOTUSED", 
   "ANDD", 
   "NOTUSED"
  ], 
  "8": [
   "ORR", 
   "NOTUSED", 
   "NOTUSED", 
   "NOTUSED", 
   "NOTUSED", 
   "ANDD", 
   "ANDD", 
   "ANDD", 
   "ORR", 
   "ANDD", 
   "ORR", 
   "ORR", 
   "NOTUSED", 
   "ORR", 
   "NOTUSED"
  ]
 }
}