{
 "random_seed": 1115053158, 
 "PARAMETERS": {
  "RADIUS1": 420256.15, 
  "QUADS": 1, 
  "RADIUS2": 983144.522, 
  "DIST": 658069.466, 
  "F_PTS": 67, 
  "K_PTS": 53, 
  "EPSILON": 0.14, 
  "LENGTH1": 19464.687, 
  "G_PTS": 11, 
  "Q_PTS": 60, 
  "N_PTS": 30, 
  "C_PTS": 10, 
  "AREA2": 732739.952, 
  "LENGTH2": 258052.922, 
  "B_PTS": 9, 
  "D_PTS": 25, 
  "AREA1": 43045.882, 
  "A_PTS": 40, 
  "E_PTS": 3
 }, 
 "NUMPOINTS": 82, 
 "points": [
  [
   -12528.19, 
   466897.878
  ], 
  [
   -576628.041, 
   -154446.703
  ], 
  [
   431381.965, 
   920555.001
  ], 
  [
   -168821.251, 
   670584.54
  ], 
  [
   -728134.946, 
   -843303.561
  ], 
  [
   -436808.824, 
   -380464.917
  ], 
  [
   -452096.698, 
   901349.507
  ], 
  [
   -301376.677, 
   -480173.429
  ], 
  [
   683613.87, 
   -304544.772
  ], 
  [
   -454512.886, 
   -634264.83
  ], 
  [
   -87222.685, 
   637010.768
  ], 
  [
   -680308.032, 
   -109295.116
  ], 
  [
   -861541.772, 
   977500.539
  ], 
  [
   324902.278, 
   -488975.955
  ], 
  [
   -715869.27, 
   -73643.45
  ], 
  [
   368831.518, 
   655274.53
  ], 
  [
   808534.519, 
   727484.912
  ], 
  [
   -742642.406, 
   -599482.122
  ], 
  [
   341547.724, 
   -748919.98
  ], 
  [
   155081.335, 
   -286472.464
  ], 
  [
   -101036.754, 
   894134.983
  ], 
  [
   -477407.513, 
   889798.401
  ], 
  [
   455995.635, 
   60379.268
  ], 
  [
   731206.018, 
   930469.596
  ], 
  [
   -892587.619, 
   -104698.864
  ], 
  [
   871270.629, 
   -825436.917
  ], 
  [
   -788285.502, 
   -767541.094
  ], 
  [
   -700690.428, 
   -794583.457
  ], 
  [
   -779961.221, 
   -731102.782
  ], 
  [
   212881.809, 
   220615.728
  ], 
  [
   -90413.622, 
   46180.443
  ], 
  [
   963184.326, 
   81907.635
  ], 
  [
   -906294.722, 
   -878778.87
  ], 
  [
   279289.801, 
   -757134.901
  ], 
  [
   763600.72, 
   100597.211
  ], 
  [
   526514.094, 
   -772684.853
  ], 
  [
   -305659.522, 
   214601.861
  ], 
  [
   -378128.616, 
   609751.113
  ], 
  [
   -223752.795, 
   -784566.631
  ], 
  [
   133887.175, 
   440210.886
  ], 
  [
   62906.486, 
   -137691.944
  ], 
  [
   -271070.47, 
   -308513.273
  ], 
  [
   -334351.678, 
   -278418.561
  ], 
  [
   -763396.744, 
   -11958.721
  ], 
  [
   181057.598, 
   -828951.047
  ], 
  [
   357267.483, 
   442844.831
  ], 
  [
   -870915.751, 
   -909365.76
  ], 
  [
   -715523.716, 
   -17717.865
  ], 
  [
   326917.481, 
   535937.7
  ], 
  [
   154509.192, 
   -512767.282
  ], 
  [
   367602.252, 
   834007.475
  ], 
  [
   52981.863, 
   -804209.8
  ], 
  [
   -703600.02, 
   66358.998
  ], 
  [
   -420993.473, 
   755364.111
  ], 
  [
   -171545.854, 
   914602.43
  ], 
  [
   301318.664, 
   497718.279
  ], 
  [
   -3033.194, 
   736197.878
  ], 
  [
   164386.78, 
   -119382.913
  ], 
  [
   45753.114, 
   -820241.191
  ], 
  [
   850977.654, 
   -654658.684
  ], 
  [
   -251936.044, 
   93271.848
  ], 
  [
   943988.083, 
   93914.441
  ], 
  [
   220736.225, 
   -335256.547
  ], 
  [
   -304429.694, 
   370525.24
  ], 
  [
   -296446.11, 
   -716443.697
  ], 
  [
   888527.191, 
   -220424.268
  ], 
  [
   -335023.898, 
   270495.757
  ], 
  [
   930365.869, 
   -682331.372
  ], 
  [
   458761.997, 
   -54434.869
  ], 
  [
   -929866.633, 
   -247945.508
  ], 
  [
   -512905.801, 
   770914.801
  ], 
  [
   -748619.032, 
   149838.829
  ], 
  [
   -893879.653, 
   -762376.48
  ], 
  [
   57036.625, 
   28804.254
  ], 
  [
   -892319.012, 
   944779.559
  ], 
  [
   -265844.285, 
   94980.657
  ], 
  [
   619637.134, 
   -825944.545
  ], 
  [
   497350.433, 
   -786560.084
  ], 
  [
   947407.164, 
   86257.023
  ], 
  [
   204510.362, 
   -986396.133
  ], 
  [
   341991.562, 
   907306.057
  ], 
  [
   598835.944, 
   -907427.159
  ]
 ], 
 "PUV": [
  false, 
  true, 
  false, 
  false, 
  false, 
  true, 
  false, 
  false, 
  false, 
  true, 
  true, 
  true, 
  true, 
  false, 
  true
 ], 
 "LCM": {
  "11": [
   "ANDD", 
   "NOTUSED", 
   "NOTUSED", 
   "NOTUSED", 
   "NOTUSED", 
   "ORR", 
   "NOTUSED", 
   "ANDD", 
   "ORR", 
   "NOTUSED", 
   "ANDD", 
   "ANDD", 
   "ANDD", 
   "ANDD", 
   "NOTUSED"
  ], 
  "10": [
   "ANDD", 
   "ORR", 
   "ANDD", 
   "NOTUSED", 
   "ORR", 
   "ANDD", 
   "ANDD", 
   "NOTUSED", 
   "NOTUSED", 
   "ORR", 
   "ORR", 
   "ANDD", 
   "ANDD", 
   "NOTUSED", 
   "ANDD"
  ], 
  "13": [
   "NOTUSED", 
   "NOTUSED", 
   "ANDD", 
   "NOTUSED", 
   "ORR", 
   "ANDD", 
   "NOTUSED", 
   "ORR", 
   "NOTUSED", 
   "ANDD", 
   "NOTUSED", 
   "ANDD", 
   "NOTUSED", 
   "ORR", 
   "NOTUSED"
  ], 
  "12": [
   "ANDD", 
   "NOTUSED", 
   "ANDD", 
   "NOTUSED", 
   "ANDD", 
   "ANDD", 
   "ANDD", 
   "ANDD", 
   "ORR", 
   "NOTUSED", 
   "ANDD", 
   "ANDD", 
   "ORR", 
   "NOTUSED", 
   "ORR"
  ], 
  "14": [
   "ORR", 
   "ORR", 
   "ORR", 
   "NOTUSED", 
   "ORR", 
   "NOTUSED", 
   "ORR", 
   "NOTUSED", 
   "ANDD", 
   "NOTUSED", 
   "ANDD", 
   "NOTUSED", 
   "ORR", 
   "NOTUSED", 
   "ORR"
  ], 
  "1": [
   "ANDD", 
   "ORR", 
   "ANDD", 
   "ORR", 
   "ORR", 
   "ANDD", 
   "ANDD", 
   "ORR", 
   "ORR", 
   "ORR", 
   "ORR", 
   "NOTUSED", 
   "NOTUSED", 
   "NOTUSED", 
   "ORR"
  ], 
  "0": [
   "ANDD", 
   "ANDD", 
   "ANDD", 
   "NOTUSED", 
   "NOTUSED", 
   "NOTUSED", 
   "ANDD", 
   "ANDD", 
   "ORR", 
   "NOTUSED", 
   "ANDD", 
   "ANDD", 
   "ANDD", 
   "NOTUSED", 
   "ORR"
  ], 
  "3": [
   "NOTUSED", 
   "ORR", 
   "ANDD", 
   "ORR", 
   "NOTUSED", 
   "ANDD", 
   "ORR", 
   "ORR", 
   "NOTUSED", 
   "NOTUSED", 
   "NOTUSED", 
   "NOTUSED", 
   "NOTUSED", 
   "NOTUSED", 
   "NOTUSED"
  ], 
  "2": [
   "ANDD", 
   "ANDD", 
   "ANDD", 
   "ANDD", 
   "ORR", 
   "ORR", 
   "ORR", 
   "ANDD", 
   "ORR", 
   "ORR", 
   "ANDD", 
   "NOTUSED", 
   "ANDD", 
   "ANDD", 
   "ORR"
  ], 
  "5": [
   "NOTUSED", 
   "ANDD", 
   "ORR", 
   "ANDD", 
   "ORR", 
   "ORR", 
   "ANDD", 
   "ANDD", 
   "NOTUSED", 
   "ANDD", 
   "ANDD", 
   "ORR", 
   "ANDD", 
   "ANDD", 
   "NOTUSED"
  ], 
  "4": [
   "NOTUSED", 
   "ORR", 
   "ORR", 
   "NOTUSED", 
   "ORR", 
   "ORR", 
   "ANDD", 
   "ANDD", 
   "NOTUSED", 
   "NOTUSED", 
   "ORR", 
   "NOTUSED", 
   "ANDD", 
   "ORR", 
   "ORR"
  ], 
  "7": [
   "ANDD", 
   "ORR", 
   "ANDD", 
   "ORR", 
   "ANDD", 
   "ANDD", 
   "ORR", 
   "ANDD", 
   "ORR", 
   "NOTUSED", 
   "NOTUSED", 
   "ANDD", 
   "ANDD", 
   "ORR", 
   "NOTUSED"
  ], 
  "6": [
   "ANDD", 
   "ANDD", 
   "ORR", 
   "ORR", 
   "ANDD", 
   "ANDD", 
   "NOTUSED", 
   "ORR", 
   "ANDD", 
   "NOTUSED", 
   "ANDD", 
   "NOTUSED", 
   "ANDD", 
   "NOTUSED", 
   "ORR"
  ], 
  "9": [
   "NOTUSED", 
   "ORR", 
   "ORR", 
   "NOTUSED", 
   "NOTUSED", 
   "ANDD", 
   "NOTUSED", 
   "NOTUSED", 
   "ORR", 
   "NOTUSED", 
   "ORR", 
   "NOTUSED", 
   "NOTUSED", 
   "ANDD", 
   "NOTUSED"
  ], 
  "8": [
   "ORR", 
   "ORR", 
   "ORR", 
   "NOTUSED", 
   "NOTUSED", 
   "NOTUSED", 
   "ANDD", 
   "ORR", 
   "ORR", 
   "ORR", 
   "NOTUSED", 
   "ORR", 
   "ORR", 
   "NOTUSED", 
   "ANDD"
  ]
 }
}