{
 "random_seed": 1322001424, 
 "PARAMETERS": {
  "RADIUS1": 707055.558, 
  "QUADS": 2, 
  "RADIUS2": 747878.814, 
  "DIST": 859516.242, 
  "F_PTS": 34, 
  "K_PTS": 79, 
  "EPSILON": 2.907, 
  "LENGTH1": 434.66, 
  "G_PTS": 26, 
  "Q_PTS": 44, 
  "N_PTS": 72, 
  "C_PTS": 23, 
  "AREA2": 576257.942, 
  "LENGTH2": 257615.924, 
  "B_PTS": 52, 
  "D_PTS": 46, 
  "AREA1": 42632.273, 
  "A_PTS": 20, 
  "E_PTS": 20
 }, 
 "NUMPOINTS": 87, 
 "points": [
  [
   280469.3, 
   -175872.964
  ], 
  [
   381245.873, 
   -107429.546
  ], 
  [
   193441.798, 
   -756588.45
  ], 
  [
   -849950.527, 
   -166451.222
  ], 
  [
   549524.441, 
   954772.417
  ], 
  [
   10986.841, 
   -56741.138
  ], 
  [
   -199390.589, 
   -853158.934
  ], 
  [
   -676485.336, 
   -967142.677
  ], 
  [
   -380747.598, 
   -418004.931
  ], 
  [
   647477.672, 
   -232575.306
  ], 
  [
   -689466.125, 
   -922375.725
  ], 
  [
   -132592.731, 
   630725.972
  ], 
  [
   355378.748, 
   -333606.971
  ], 
  [
   876102.761, 
   375719.091
  ], 
  [
   -54752.474, 
   -401168.939
  ], 
  [
   253271.776, 
   355318.436
  ], 
  [
   246763.311, 
   -2138.869
  ], 
  [
   -435180.758, 
   894494.729
  ], 
  [
   -530685.395, 
   914013.685
  ], 
  [
   -77421.601, 
   407990.513
  ], 
  [
   -460969.624, 
   860121.842
  ], 
  [
   -982140.438, 
   209188.29
  ], 
  [
   -436324.75, 
   145765.875
  ], 
  [
   -993568.392, 
   680594.082
  ], 
  [
   -170969.335, 
   766626.877
  ], 
  [
   -835562.56, 
   -132428.293
  ], 
  [
   -470775.422, 
   -706411.874
  ], 
  [
   -802949.937, 
   799599.352
  ], 
  [
   423213.509, 
   -153845.904
  ], 
  [
   759292.543, 
   -952589.193
  ], 
  [
   373749.89, 
   -645932.311
  ], 
  [
   -745994.26, 
   594788.572
  ], 
  [
   732128.818, 
   -662934.332
  ], 
  [
   -580475.708, 
   815272.677
  ], 
  [
   -681431.48, 
   -700481.009
  ], 
  [
   -521500.943, 
   -133325.376
  ], 
  [
   -742397.447, 
   -522857.38
  ], 
  [
   306170.629, 
   762534.731
  ], 
  [
   846399.906, 
   -693189.455
  ], 
  [
   445741.47, 
   801092.42
  ], 
  [
   366402.976, 
   -350842.043
  ], 
  [
   -769015.957, 
   670805.019
  ], 
  [
   -427305.226, 
   -137596.797
  ], 
  [
   -888332.064, 
   -74000.071
  ], 
  [
   465873.806, 
   45054.755
  ], 
  [
   845381.898, 
   788814.619
  ], 
  [
   -631635.366, 
   -455525.536
  ], 
  [
   13896.979, 
   53598.262
  ], 
  [
   680783.082, 
   -7704.073
  ], 
  [
   563141.112, 
   -308100.893
  ], 
  [
   -326804.119, 
   -426067.079
  ], 
  [
   -621255.055, 
   -665128.924
  ], 
  [
   -632897.134, 
   -502280.713
  ], 
  [
   664.943, 
   -592242.663
  ], 
  [
   776606.763, 
   798557.894
  ], 
  [
   496583.173, 
   402974.739
  ], 
  [
   627988.539, 
   664524.014
  ], 
  [
   -960624.342, 
   -973031.503
  ], 
  [
   6822.887, 
   -416025.33
  ], 
  [
   697718.402, 
   -5366.169
  ], 
  [
   -723803.674, 
   -368270.929
  ], 
  [
   -696560.85, 
   308954.971
  ], 
  [
   -379950.606, 
   -139469.276
  ], 
  [
   -270829.925, 
   77681.539
  ], 
  [
   547886.088, 
   -727826.717
  ], 
  [
   -627703.481, 
   -90283.987
  ], 
  [
   -265229.199, 
   -597708.828
  ], 
  [
   326142.887, 
   -989561.431
  ], 
  [
   556698.224, 
   126334.28
  ], 
  [
   -72157.918, 
   431365.998
  ], 
  [
   53053.488, 
   792657.783
  ], 
  [
   607624.92, 
   -602204.461
  ], 
  [
   653926.888, 
   935615.037
  ], 
  [
   -298786.37, 
   609192.674
  ], 
  [
   -310230.238, 
   -678558.66
  ], 
  [
   58099.134, 
   573650.626
  ], 
  [
   529647.648, 
   711281.566
  ], 
  [
   873347.401, 
   881572.703
  ], 
  [
   250159.584, 
   -566856.003
  ], 
  [
   -833061.298, 
   477144.729
  ], 
  [
   -99693.299, 
   303752.486
  ], 
  [
   -648747.637, 
   780241.538
  ], 
  [
   554710.687, 
   504675.719
  ], 
  [
   352729.393, 
   -731303.972
  ], 
  [
   -814561.933, 
   942325.676
  ], 
  [
   -378551.109, 
   -37143.375
  ], 
  [
   825672.62, 
   509724.658
  ]
 ], 
 "PUV": [
  true, 
  true, 
  true, 
  false, 
  true, 
  true, 
  true, 
  false, 
  false, 
  false, 
  false, 
  false, 
  true, 
  false, 
  false
 ], 
 "LCM": {
  "11": [
   "ORR", 
   "ORR", 
   "NOTUSED", 
   "ANDD", 
   "ANDD", 
   "NOTUSED", 
   "ORR", 
   "ORR", 
   "NOTUSED", 
   "ANDD", 
   "ORR", 
   "ANDD", 
   "NOTUSED", 
   "NOTUSED", 
   "ANDD"
  ], 
  "10": [
   "NOTUSED", 
   "ANDD", 
   "NOTUSED", 
   "ORR", 
   "ORR", 
   "ANDD", 
   "ANDD", 
   "NOTUSED", 
   "NOTUSED", 
   "ANDD", 
   "NOTUSED", 
   "ORR", 
   "NOTUSED", 
   "ORR", 
   "NOTUSED"
  ], 
  "13": [
   "ANDD", 
   "NOTUSED", 
   "ANDD", 
   "NOTUSED", 
   "ORR", 
   "ORR", 
   "ANDD", 
   "ANDD", 
   "ORR", 
   "ORR", 
   "ORR", 
   "NOTUSED", 
   "ANDD", 
   "NOTUSED", 
   "NOTUSED"
  ], 
  "12": [
   "ORR", 
   "ANDD", 
   "ORR", 
   "ANDD", 
   "ANDD", 
   "ORR", 
   "NOTUSED", 
   "ANDD", 
   "ORR", 
   "ANDD", 
   "NOTUSED", 
   "NOTUSED", 
   "ANDD", 
   "ANDD", 
   "NOTUSED"
  ], 
  "14": [
   "ORR", 
   "ORR", 
   "NOTUSED", 
   "ORR", 
   "NOTUSED", 
   "ANDD", 
   "ORR", 
   "ORR", 
   "ANDD", 
   "ORR", 
   "NOTUSED", 
   "ANDD", 
   "NOTUSED", 
   "NOTUSED", 
   "ANDD"
  ], 
  "1": [
   "ANDD", 
   "ANDD", 
   "ORR", 
   "ORR", 
   "ORR", 
   "ANDD", 
   "ANDD", 
   "NOTUSED", 
   "ANDD", 
   "ORR", 
   "ANDD", 
   "ORR", 
   "ANDD", 
   "NOTUSED", 
   "ORR"
  ], 
  "0": [
   "ORR", 
   "ANDD", 
   "ANDD", 
   "ORR", 
   "NOTUSED", 
   "ANDD", 
   "ANDD", 
   "NOTUSED", 
   "NOTUSED", 
   "NOTUSED", 
   "NOTUSED", 
   "ORR", 
   "ORR", 
   "ANDD", 
   "ORR"
  ], 
  "3": [
   "ORR", 
   "ORR", 
   "ORR", 
   "ANDD", 
   "ANDD", 
   "ANDD", 
   "ANDD", 
   "ANDD", 
   "ORR", 
   "NOTUSED", 
   "ORR", 
   "ANDD", 
   "ANDD", 
   "NOTUSED", 
   "ORR"
  ], 
  "2": [
   "ANDD", 
   "ORR", 
   "ORR", 
   "ORR", 
   "ORR", 
   "NOTUSED", 
   "ANDD", 
   "ORR", 
   "NOTUSED", 
   "NOTUSED", 
   "NOTUSED", 
   "NOTUSED", 
   "ORR", 
   "ANDD", 
   "NOTUSED"
  ], 
  "5": [
   "ANDD", 
   "ANDD", 
   "NOTUSED", 
   "ANDD", 
   "ANDD", 
   "NOTUSED", 
   "NOTUSED", 
   "ORR", 
   "ORR", 
   "ORR", 
   "ANDD", 
   "NOTUSED", 
   "ORR", 
   "ORR", 
   "ANDD"
  ], 
  "4": [
   "NOTUSED", 
   "ORR", 
   "ORR", 
   "ANDD", 
   "ANDD", 
   "ANDD", 
   "ORR", 
   "NOTUSED", 
   "NOTUSED", 
   "NOTUSED", 
   "ORR", 
   "ANDD", 
   "ANDD", 
   "ORR", 
   "NOTUSED"
  ], 
  "7": [
   "NOTUSED", 
   "NOTUSED", 
   "ORR", 
   "ANDD", 
   "NOTUSED", 
   "ORR", 
   "NOTUSED", 
   "ORR", 
   "NOTUSED", 
   "ORR", 
   "NOTUSED", 
   "ORR", 
   "ANDD", 
   "ANDD", 
   "ORR"
  ], 
  "6": [
   "ANDD", 
   "ANDD", 
   "ANDD", 
   "ANDD", 
   "ORR", 
   "NOTUSED", 
   "ANDD", 
   "NOTUSED", 
   "ORR", 
   "ANDD", 
   "ANDD", 
   "ORR", 
   "NOTUSED", 
   "ANDD", 
   "ORR"
  ], 
  "9": [
   "NOTUSED", 
   "ORR", 
   "NOTUSED", 
   "NOTUSED", 
   "NOTUSED", 
   "ORR", 
   "ANDD", 
   "ORR", 
   "ORR", 
   "ANDD", 
   "ANDD", 
   "ANDD", 
   "ANDD", 
   "ORR", 
   "ORR"
  ], 
  "8": [
   "NOTUSED", 
   "ANDD", 
   "NOTUSED", 
   "ORR", 
   "NOTUSED", 
   "ORR", 
   "ORR", 
   "NOTUSED", 
   "ORR", 
   "ORR", 
   "NOTUSED", 
   "NOTUSED", 
   "ORR", 
   "ORR", 
   "ANDD"
  ]
 }
}