{
 "random_seed": 29331334, 
 "PARAMETERS": {
  "RADIUS1": 226246.46, 
  "QUADS": 3, 
  "RADIUS2": 808912.107, 
  "DIST": 364271.141, 
  "F_PTS": 35, 
  "K_PTS": 94, 
  "EPSILON": 1.576, 
  "LENGTH1": 790209.943, 
  "G_PTS": 79, 
  "Q_PTS": 40, 
  "N_PTS": 76, 
  "C_PTS": 10, 
  "AREA2": 854460.712, 
  "LENGTH2": 946141.226, 
  "B_PTS": 68, 
  "D_PTS": 12, 
  "AREA1": 691119.808, 
  "A_PTS": 8, 
  "E_PTS": 28
 }, 
 "NUMPOINTS": 98, 
 "points": [
  [
   25826.356, 
   -170276.917
  ], 
  [
   377002.504, 
   -188636.075
  ], 
  [
   956684.606, 
   -594723.788
  ], 
  [
   429025.605, 
   -669618.31
  ], 
  [
   409773.677, 
   589067.95
  ], 
  [
   -636177.244, 
   333883.989
  ], 
  [
   24308.117, 
   -344997.498
  ], 
  [
   -99201.652, 
   -656710.301
  ], 
  [
   114724.646, 
   -214971.762
  ], 
  [
   -325537.129, 
   153374.784
  ], 
  [
   -503937.7, 
   -227934.363
  ], 
  [
   460822.336, 
   -282005.92
  ], 
  [
   -404560.854, 
   -88107.339
  ], 
  [
   586336.903, 
   804104.936
  ], 
  [
   -44593.148, 
   382494.005
  ], 
  [
   -947141.892, 
   281231.48
  ], 
  [
   -688073.709, 
   815336.659
  ], 
  [
   579357.356, 
   -478779.512
  ], 
  [
   -741018.945, 
   705664.442
  ], 
  [
   -438224.325, 
   418310.076
  ], 
  [
   721464.489, 
   316670.401
  ], 
  [
   357449.588, 
   -561604.462
  ], 
  [
   -726871.525, 
   765931.213
  ], 
  [
   839523.311, 
   -831529.044
  ], 
  [
   -982097.149, 
   928513.865
  ], 
  [
   -376066.285, 
   210903.956
  ], 
  [
   -890547.143, 
   845966.279
  ], 
  [
   610511.766, 
   920934.422
  ], 
  [
   -702773.946, 
   339821.134
  ], 
  [
   915508.777, 
   -939064.978
  ], 
  [
   553346.006, 
   -969252.351
  ], 
  [
   535701.257, 
   -694892.837
  ], 
  [
   -110093.663, 
   898878.277
  ], 
  [
   357368.377, 
   -554633.412
  ], 
  [
   734060.708, 
   -577623.008
  ], 
  [
   552626.334, 
   261049.803
  ], 
  [
   -630188.67, 
   -58587.801
  ], 
  [
   48404.644, 
   -15432.48
  ], 
  [
   702208.241, 
   -151574.23
  ], 
  [
   843933.456, 
   -725630.719
  ], 
  [
   -352838.351, 
   165567.123
  ], 
  [
   -698643.059, 
   840759.427
  ], 
  [
   -61423.207, 
   -327231.408
  ], 
  [
   -511929.084, 
   143995.838
  ], 
  [
   -777529.813, 
   411948.257
  ], 
  [
   617804.677, 
   500361.468
  ], 
  [
   346920.61, 
   -989652.688
  ], 
  [
   124458.361, 
   245535.491
  ], 
  [
   -449561.028, 
   -753277.84
  ], 
  [
   -746300.468, 
   835802.432
  ], 
  [
   965939.58, 
   -488381.064
  ], 
  [
   -35741.436, 
   -166926.754
  ], 
  [
   -981706.48, 
   -466873.687
  ], 
  [
   261051.142, 
   -820868.575
  ], 
  [
   -117933.23, 
   -748750.938
  ], 
  [
   -928730.745, 
   -793369.154
  ], 
  [
   -105919.782, 
   795084.312
  ], 
  [
   -439241.932, 
   -312281.701
  ], 
  [
   964227.144, 
   597320.751
  ], 
  [
   798094.418, 
   449999.743
  ], 
  [
   394663.484, 
   -250724.713
  ], 
  [
   -378007.685, 
   -556574.876
  ], 
  [
   847606.706, 
   -774929.599
  ], 
  [
   -693170.15, 
   406373.787
  ], 
  [
   674453.972, 
   99742.571
  ], 
  [
   -309069.424, 
   331333.417
  ], 
  [
   -808250.268, 
   205469.594
  ], 
  [
   -398908.823, 
   -699741.587
  ], 
  [
   843472.262, 
   -673935.819
  ], 
  [
   -96690.939, 
   588565.158
  ], 
  [
   -589411.07, 
   864312.191
  ], 
  [
   929399.45, 
   698194.537
  ], 
  [
   -636120.25, 
   -276736.567
  ], 
  [
   868424.268, 
   65482.158
  ], 
  [
   623529.463, 
   -98304.062
  ], 
  [
   948702.064, 
   226226.288
  ], 
  [
   -446160.132, 
   509641.486
  ], 
  [
   233497.235, 
   -489231.116
  ], 
  [
   930155.624, 
   699169.085
  ], 
  [
   578872.809, 
   611101.217
  ], 
  [
   -526493.392, 
   946400.74
  ], 
  [
   435289.82, 
   -796481.143
  ], 
  [
   426269.997, 
   -910319.279
  ], 
  [
   -828062.809, 
   988991.932
  ], 
  [
   -216818.937, 
   190210.0
  ], 
  [
   -498431.313, 
   260400.621
  ], 
  [
   4645.408, 
   -511947.189
  ], 
  [
   -850570.956, 
   -94846.952
  ], 
  [
   255852.922, 
   270899.575
  ], 
  [
   855392.089, 
   915052.062
  ], 
  [
   188265.927, 
   252765.261
  ], 
  [
   649777.796, 
   -81328.704
  ], 
  [
   -475639.507, 
   989399.541
  ], 
  [
   978235.798, 
   -505094.945
  ], 
  [
   850147.98, 
   -524476.177
  ], 
  [
   56563.578, 
   -985549.206
  ], 
  [
   377485.131, 
   -104513.279
  ], 
  [
   513941.899, 
   248879.53
  ]
 ], 
 "PUV": [
  false, 
  true, 
  true, 
  false, 
  true, 
  true, 
  true, 
  false, 
  true, 
  false, 
  true, 
  true, 
  false, 
  true, 
  false
 ], 
 "LCM": {
  "11": [
   "NOTUSED", 
   "ANDD", 
   "NOTUSED", 
   "NOTUSED", 
   "ANDD", 
   "ANDD", 
   "ANDD", 
   "ORR", 
   "ANDD", 
   "ORR", 
   "ANDD", 
   "NOTUSED", 
   "NOTUSED", 
   "ANDD", 
   "ORR"
  ], 
  "10": [
   "NOTUSED", 
   "ORR", 
   "NOTUSED", 
   "ANDD", 
   "NOTUSED", 
   "ORR", 
   "NOTUSED", 
   "NOTUSED", 
   "ANDD", 
   "ORR", 
   "NOTUSED", 
   "ANDD", 
   "ANDD", 
   "ORR", 
   "ANDD"
  ], 
  "13": [
   "NOTUSED", 
   "NOTUSED", 
   "ORR", 
   "NOTUSED", 
   "NOTUSED", 
   "ORR", 
   "ORR", 
   "NOTUSED", 
   "ANDD", 
   "NOTUSED", 
   "ORR", 
   "ANDD", 
   "ORR", 
   "ANDD", 
   "ANDD"
  ], 
  "12": [
   "ANDD", 
   "ANDD", 
   "ORR", 
   "ANDD", 
   "ORR", 
   "ANDD", 
   "ORR", 
   "NOTUSED", 
   "ORR", 
   "ANDD", 
   "ANDD", 
   "NOTUSED", 
   "NOTUSED", 
   "ORR", 
   "NOTUSED"
  ], 
  "14": [
   "ANDD", 
   "NOTUSED", 
   "ORR", 
   "ORR", 
   "ANDD", 
   "NOTUSED", 
   "ANDD", 
   "ORR", 
   "ORR", 
   "NOTUSED", 
   "ANDD", 
   "ORR", 
   "NOTUSED", 
   "ANDD", 
   "ANDD"
  ], 
  "1": [
   "NOTUSED", 
   "ANDD", 
   "ANDD", 
   "ORR", 
   "ANDD", 
   "NOTUSED", 
   "NOTUSED", 
   "ORR", 
   "NOTUSED", 
   "NOTUSED", 
   "ORR", 
   "ANDD", 
   "ANDD", 
   "NOTUSED", 
   "NOTUSED"
  ], 
  "0": [
   "NOTUSED", 
   "NOTUSED", 
   "ANDD", 
   "NOTUSED", 
   "ORR", 
   "ANDD", 
   "ANDD", 
   "NOTUSED", 
   "ORR", 
   "NOTUSED", 
   "NOTUSED", 
   "NOTUSED", 
   "ANDD", 
   "NOTUSED", 
   "ANDD"
  ], 
  "3": [
   "NOTUSED", 
   "ORR", 
   "ANDD", 
   "NOTUSED", 
   "ANDD", 
   "ANDD", 
   "ANDD", 
   "ANDD", 
   "NOTUSED", 
   "NOTUSED", 
   "ANDD", 
   "NOTUSED", 
   "ANDD", 
   "NOTUSED", 
   "ORR"
  ], 
  "2": [
   "ANDD", 
   "ANDD", 
   "ANDD", 
   "ANDD", 
   "NOTUSED", 
   "NOTUSED", 
   "ANDD", 
   "ORR", 
   "NOTUSED", 
   "ORR", 
   "NOTUSED", 
   "NOTUSED", 
   "ORR", 
   "ORR", 
   "ORR"
  ], 
  "5": [
   "ANDD", 
   "NOTUSED", 
   "NOTUSED", 
   "ANDD", 
   "ANDD", 
   "NOTUSED", 
   "ANDD", 
   "ORR", 
   "ANDD", 
   "ANDD", 
   "ORR", 
   "ANDD", 
   "ANDD", 
   "ORR", 
   "NOTUSED"
  ], 
  "4": [
   "ORR", 
   "ANDD", 
   "NOTUSED", 
   "ANDD", 
   "ANDD", 
   "ANDD", 
   "ORR", 
   "ANDD", 
   "ANDD", 
   "ORR", 
   "NOTUSED", 
   "ANDD", 
   "ORR", 
   "NOTUSED", 
   "ANDD"
  ], 
  "7": [
   "NOTUSED", 
   "ORR", 
   "ORR", 
   "ANDD", 
   "ANDD", 
   "ORR", 
   "NOTUSED", 
   "NOTUSED", 
   "NOTUSED", 
   "ANDD", 
   "NOTUSED", 
   "ORR", 
   "NOTUSED", 
   "NOTUSED", 
   "ORR"
  ], 
  "6": [
   "ANDD", 
   "NOTUSED", 
   "ANDD", 
   "ANDD", 
   "ORR", 
   "ANDD", 
   "ORR", 
   "NOTUSED", 
   "ORR", 
   "ORR", 
   "NOTUSED", 
   "ANDD", 
   "ORR", 
   "ORR", 
   "ANDD"
  ], 
  "9": [
   "NOTUSED", 
   "NOTUSED", 
   "ORR", 
   "NOTUSED", 
   "ORR", 
   "ANDD", 
   "ORR", 
   "ANDD", 
   "ORR", 
   "ANDD", 
   "ORR", 
   "ORR", 
   "ANDD", 
   "NOTUSED", 
   "NOTUSED"
  ], 
  "8": [
   "ORR", 
   "NOTUSED", 
   "NOTUSED", 
   "NOTUSED", 
   "ANDD", 
   "ANDD", 
   "ORR", 
   "NOTUSED", 
   "NOTUSED", 
   "ORR", 
   "ANDD", 
   "ANDD", 
   "ORR", 
   "ANDD", 
   "ORR"
  ]
 }
}