{
 "random_seed": 325358492, 
 "PARAMETERS": {
  "RADIUS1": 720045.136, 
  "QUADS": 3, 
  "RADIUS2": 824689.724, 
  "DIST": 848518.005, 
  "F_PTS": 7, 
  "K_PTS": 3, 
  "EPSILON": 2.132, 
  "LENGTH1": 423078.802, 
  "G_PTS": 22, 
  "Q_PTS": 2, 
  "N_PTS": 29, 
  "C_PTS": 1, 
  "AREA2": 147489.285, 
  "LENGTH2": 908482.986, 
  "B_PTS": 27, 
  "D_PTS": 8, 
  "AREA1": 96562.282, 
  "A_PTS": 8, 
  "E_PTS": 22
 }, 
 "NUMPOINTS": 38, 
 "points": [
  [
   -166369.693, 
   919597.592
  ], 
  [
   -161378.304, 
   -301907.61
  ], 
  [
   363571.83, 
   -603045.437
  ], 
  [
   21569.819, 
   -220001.517
  ], 
  [
   601805.161, 
   -639673.974
  ], 
  [
   -61941.242, 
   -589844.731
  ], 
  [
   268066.273, 
   277257.334
  ], 
  [
   -906622.65, 
   906425.24
  ], 
  [
   357648.222, 
   977467.211
  ], 
  [
   -414750.536, 
   597207.243
  ], 
  [
   71022.619, 
   -845304.346
  ], 
  [
   173973.095, 
   -684478.92
  ], 
  [
   715054.642, 
   436814.463
  ], 
  [
   -920091.728, 
   27161.952
  ], 
  [
   -388970.192, 
   843248.974
  ], 
  [
   -777106.023, 
   -534238.854
  ], 
  [
   -156123.966, 
   600875.309
  ], 
  [
   -510325.95, 
   663343.442
  ], 
  [
   844715.759, 
   455913.259
  ], 
  [
   698994.366, 
   410955.679
  ], 
  [
   165026.836, 
   749880.097
  ], 
  [
   -702030.745, 
   -282776.875
  ], 
  [
   644534.937, 
   136565.752
  ], 
  [
   -671735.381, 
   948152.72
  ], 
  [
   810477.761, 
   916030.848
  ], 
  [
   110293.36, 
   -383897.49
  ], 
  [
   -112046.275, 
   237475.076
  ], 
  [
   -783105.621, 
   -589003.07
  ], 
  [
   484074.694, 
   794945.867
  ], 
  [
   -783434.851, 
   129698.384
  ], 
  [
   -531731.374, 
   828353.422
  ], 
  [
   -444210.515, 
   443125.171
  ], 
  [
   -741987.638, 
   -891535.96
  ], 
  [
   45939.23, 
   939719.094
  ], 
  [
   -708313.826, 
   -412527.41
  ], 
  [
   -661252.085, 
   992135.308
  ], 
  [
   -635611.836, 
   -479988.393
  ], 
  [
   -132198.881, 
   858017.125
  ]
 ], 
 "PUV": [
  false, 
  true, 
  true, 
  true, 
  true, 
  false, 
  false, 
  true, 
  false, 
  false, 
  true, 
  false, 
  true, 
  false, 
  true
 ], 
 "LCM": {
  "11": [
   "ORR", 
   "NOTUSED", 
   "ORR", 
   "ANDD", 
   "ORR", 
   "ORR", 
   "ANDD", 
   "ANDD", 
   "NOTUSED", 
   "ANDD", 
   "ANDD", 
   "ANDD", 
   "NOTUSED", 
   "ANDD", 
   "ORR"
  ], 
  "10": [
   "ANDD", 
   "ORR", 
   "NOTUSED", 
   "ORR", 
   "ANDD", 
   "ANDD", 
   "NOTUSED", 
   "ANDD", 
   "ORR", 
   "ANDD", 
   "ORR", 
   "ANDD", 
   "ORR", 
   "ANDD", 
   "NOTUSED"
  ], 
  "13": [
   "NOTUSED", 
   "NOTUSED", 
   "ORR", 
   "ORR", 
   "ORR", 
   "ORR", 
   "ORR", 
   "ANDD", 
   "ANDD", 
   "ORR", 
   "ANDD", 
   "ANDD", 
   "ORR", 
   "ANDD", 
   "ORR"
  ], 
  "12": [
   "ANDD", 
   "NOTUSED", 
   "ANDD", 
   "ANDD", 
   "ANDD", 
   "ANDD", 
   "ORR", 
   "NOTUSED", 
   "ORR", 
   "ANDD", 
   "ORR", 
   "NOTUSED", 
   "ANDD", 
   "ORR", 
   "ORR"
  ], 
  "14": [
   "ANDD", 
   "ANDD", 
   "NOTUSED", 
   "ANDD", 
   "NOTUSED", 
   "ANDD", 
   "ANDD", 
   "ORR", 
   "ORR", 
   "ORR", 
   "NOTUSED", 
   "ORR", 
   "ORR", 
   "ORR", 
   "NOTUSED"
  ], 
  "1": [
   "ORR", 
   "ANDD", 
   "ORR", 
   "ORR", 
   "ORR", 
   "ORR", 
   "ANDD", 
   "ORR", 
   "ORR", 
   "ORR", 
   "ORR", 
   "NOTUSED", 
   "NOTUSED", 
   "NOTUSED", 
   "ANDD"
  ], 
  "0": [
   "ANDD", 
   "ORR", 
   "ANDD", 
   "NOTUSED", 
   "ANDD", 
   "NOTUSED", 
   "NOTUSED", 
   "ORR", 
   "ANDD", 
   "ORR", 
   "ANDD", 
   "ORR", 
   "ANDD", 
   "NOTUSED", 
   "ANDD"
  ], 
  "3": [
   "NOTUSED", 
   "ORR", 
   "NOTUSED", 
   "ANDD", 
   "ANDD", 
   "NOTUSED", 
   "ANDD", 
   "ORR", 
   "ORR", 
   "ORR", 
   "ORR", 
   "ANDD", 
   "ANDD", 
   "ORR", 
   "ANDD"
  ], 
  "2": [
   "ANDD", 
   "ORR", 
   "ANDD", 
   "NOTUSED", 
   "NOTUSED", 
   "ANDD", 
   "NOTUSED", 
   "NOTUSED", 
   "NOTUSED", 
   "NOTUSED", 
   "NOTUSED", 
   "ORR", 
   "ANDD", 
   "ORR", 
   "NOTUSED"
  ], 
  "5": [
   "NOTUSED", 
   "ORR", 
   "ANDD", 
   "NOTUSED", 
   "ORR", 
   "ORR", 
   "ANDD", 
   "ORR", 
   "NOTUSED", 
   "ANDD", 
   "ANDD", 
   "ORR", 
   "ANDD", 
   "ORR", 
   "ANDD"
  ], 
  "4": [
   "ANDD", 
   "ORR", 
   "NOTUSED", 
   "ANDD", 
   "ORR", 
   "ORR", 
   "ORR", 
   "ANDD", 
   "NOTUSED", 
   "ORR", 
   "ANDD", 
   "ORR", 
   "ANDD", 
   "ORR", 
   "NOTUSED"
  ], 
  "7": [
   "ORR", 
   "ORR", 
   "NOTUSED", 
   "ORR", 
   "ANDD", 
   "ORR", 
   "ORR", 
   "ORR", 
   "ANDD", 
   "ANDD", 
   "ANDD", 
   "ANDD", 
   "NOTUSED", 
   "ANDD", 
   "ORR"
  ], 
  "6": [
   "NOTUSED", 
   "ANDD", 
   "NOTUSED", 
   "ANDD", 
   "ORR", 
   "ANDD", 
   "NOTUSED", 
   "ORR", 
   "NOTUSED", 
   "ANDD", 
   "NOTUSED", 
   "ANDD", 
   "ORR", 
   "ORR", 
   "ANDD"
  ], 
  "9": [
   "ORR", 
   "ORR", 
   "NOTUSED", 
   "ORR", 
   "ORR", 
   "ANDD", 
   "ANDD", 
   "ANDD", 
   "ORR", 
   "ANDD", 
   "ANDD", 
   "ANDD", 
   "ANDD", 
   "ORR", 
   "ORR"
  ], 
  "8": [
   "ANDD", 
   "ORR", 
   "NOTUSED", 
   "ORR", 
   "NOTUSED", 
   "NOTUSED", 
   "NOTUSED", 
   "ANDD", 
   "ANDD", 
   "ORR", 
   "ORR", 
   "NOTUSED", 
   "ORR", 
   "ANDD", 
   "ORR"
  ]
 }
}