{
 "random_seed": 1446081032, 
 "PARAMETERS": {
  "RADIUS1": 39311.571, 
  "QUADS": 2, 
  "RADIUS2": 664055.654, 
  "DIST": 278954.117, 
  "F_PTS": 33, 
  "K_PTS": 29, 
  "EPSILON": 1.746, 
  "LENGTH1": 542141.265, 
  "G_PTS": 45, 
  "Q_PTS": 41, 
  "N_PTS": 18, 
  "C_PTS": 9, 
  "AREA2": 522168.788, 
  "LENGTH2": 646165.28, 
  "B_PTS": 13, 
  "D_PTS": 32, 
  "AREA1": 284115.275, 
  "A_PTS": 15, 
  "E_PTS": 12
 }, 
 "NUMPOINTS": 48, 
 "points": [
  [
   873475.18, 
   595912.777
  ], 
  [
   827726.605, 
   -757830.791
  ], 
  [
   609501.575, 
   658843.739
  ], 
  [
   45328.208, 
   568845.64
  ], 
  [
   36832.366, 
   862330.334
  ], 
  [
   698003.807, 
   -358765.99
  ], 
  [
   209198.118, 
   -981149.935
  ], 
  [
   -719651.562, 
   -734125.531
  ], 
  [
   -575746.833, 
   14609.342
  ], 
  [
   -653820.417, 
   -906209.89
  ], 
  [
   68845.127, 
   -883195.917
  ], 
  [
   -77395.199, 
   -145723.252
  ], 
  [
   218847.577, 
   162998.583
  ], 
  [
   -839152.956, 
   246574.066
  ], 
  [
   854457.364, 
   -894710.577
  ], 
  [
   735812.467, 
   157936.42
  ], 
  [
   -752057.539, 
   74180.905
  ], 
  [
   -862960.365, 
   400107.847
  ], 
  [
   -872671.167, 
   58190.331
  ], 
  [
   -642021.318, 
   -471798.728
  ], 
  [
   -199586.988, 
   -111550.849
  ], 
  [
   989910.188, 
   879801.168
  ], 
  [
   -936124.247, 
   -761640.54
  ], 
  [
   -227721.555, 
   -719985.261
  ], 
  [
   725978.76, 
   -157349.359
  ], 
  [
   487671.178, 
   663880.734
  ], 
  [
   403643.52, 
   -497773.153
  ], 
  [
   409741.006, 
   586445.123
  ], 
  [
   -946016.281, 
   131612.456
  ], 
  [
   -451248.969, 
   878404.777
  ], 
  [
   -664129.243, 
   -511309.361
  ], 
  [
   121699.001, 
   484735.887
  ], 
  [
   -456791.05, 
   -521661.237
  ], 
  [
   -138995.786, 
   -910182.241
  ], 
  [
   689293.202, 
   -736620.638
  ], 
  [
   -199877.818, 
   487650.434
  ], 
  [
   253394.271, 
   731099.876
  ], 
  [
   713460.799, 
   -197482.593
  ], 
  [
   -9590.058, 
   -592923.861
  ], 
  [
   -998311.262, 
   685855.047
  ], 
  [
   -597986.939, 
   -875555.032
  ], 
  [
   -646817.507, 
   2201.956
  ], 
  [
   -793750.551, 
   -229522.964
  ], 
  [
   959648.115, 
   723145.119
  ], 
  [
   -878195.259, 
   808091.315
  ], 
  [
   -422421.43, 
   570883.982
  ], 
  [
   -64306.568, 
   -131210.398
  ], 
  [
   -276884.536, 
   834667.78
  ]
 ], 
 "PUV": [
  false, 
  true, 
  true, 
  true, 
  false, 
  false, 
  true, 
  true, 
  true, 
  false, 
  true, 
  true, 
  true, 
  true, 
  false
 ], 
 "LCM": {
  "11": [
   "NOTUSED", 
   "NOTUSED", 
   "NOTUSED", 
   "NOTUSED", 
   "ANDD", 
   "ORR", 
   "ORR", 
   "ANDD", 
   "ORR", 
   "NOTUSED", 
   "ANDD", 
   "ANDD", 
   "ANDD", 
   "ANDD", 
   "ANDD"
  ], 
  "10": [
   "ORR", 
   "ANDD", 
   "ANDD", 
   "ANDD", 
   "NOTUSED", 
   "ANDD", 
   "ANDD", 
   "ANDD", 
   "ANDD", 
   "ANDD", 
   "NOTUSED", 
   "ANDD", 
   "ANDD", 
   "ORR", 
   "ANDD"
  ], 
  "13": [
   "ANDD", 
   "ORR", 
   "NOTUSED", 
   "ORR", 
   "NOTUSED", 
   "ANDD", 
   "ORR", 
   "ORR", 
   "NOTUSED", 
   "ORR", 
   "ORR", 
   "ANDD", 
   "ANDD", 
   "ANDD", 
   "NOTUSED"
  ], 
  "12": [
   "NOTUSED", 
   "ANDD", 
   "ANDD", 
   "ORR", 
   "ANDD", 
   "ANDD", 
   "NOTUSED", 
   "ORR", 
   "ANDD", 
   "ORR", 
   "ANDD", 
   "ANDD", 
   "ANDD", 
   "ANDD", 
   "NOTUSED"
  ], 
  "14": [
   "ORR", 
   "ANDD", 
   "ANDD", 
   "ANDD", 
   "ANDD", 
   "NOTUSED", 
   "ORR", 
   "ANDD", 
   "ANDD", 
   "ORR", 
   "ANDD", 
   "ANDD", 
   "NOTUSED", 
   "NOTUSED", 
   "ANDD"
  ], 
  "1": [
   "ANDD", 
   "NOTUSED", 
   "ORR", 
   "NOTUSED", 
   "NOTUSED", 
   "ANDD", 
   "NOTUSED", 
   "ANDD", 
   "ANDD", 
   "ANDD", 
   "ANDD", 
   "NOTUSED", 
   "ANDD", 
   "ORR", 
   "ANDD"
  ], 
  "0": [
   "ORR", 
   "ANDD", 
   "NOTUSED", 
   "NOTUSED", 
   "ORR", 
   "ANDD", 
   "ANDD", 
   "NOTUSED", 
   "ANDD", 
   "ANDD", 
   "ORR", 
   "NOTUSED", 
   "NOTUSED", 
   "ANDD", 
   "ORR"
  ], 
  "3": [
   "NOTUSED", 
   "NOTUSED", 
   "ORR", 
   "ANDD", 
   "NOTUSED", 
   "NOTUSED", 
   "ANDD", 
   "ANDD", 
   "ANDD", 
   "ORR", 
   "ANDD", 
   "NOTUSED", 
   "ORR", 
   "ORR", 
   "ANDD"
  ], 
  "2": [
   "NOTUSED", 
   "ORR", 
   "NOTUSED", 
   "ORR", 
   "ORR", 
   "ORR", 
   "ANDD", 
   "ANDD", 
   "ORR", 
   "NOTUSED", 
   "ANDD", 
   "NOTUSED", 
   "ANDD", 
   "NOTUSED", 
   "ANDD"
  ], 
  "5": [
   "ANDD", 
   "ANDD", 
   "ORR", 
   "NOTUSED", 
   "NOTUSED", 
   "NOTUSED", 
   "ANDD", 
   "NOTUSED", 
   "NOTUSED", 
   "ORR", 
   "ANDD", 
   "ORR", 
   "ANDD", 
   "ANDD", 
   "NOTUSED"
  ], 
  "4": [
   "ORR", 
   "NOTUSED", 
   "ORR", 
   "NOTUSED", 
   "ORR", 
   "NOTUSED", 
   "NOTUSED", 
   "ORR", 
   "ORR", 
   "ANDD", 
   "NOTUSED", 
   "ANDD", 
   "ANDD", 
   "NOTUSED", 
   "ANDD"
  ], 
  "7": [
   "NOTUSED", 
   "ANDD", 
   "ANDD", 
   "ANDD", 
   "ORR", 
   "NOTUSED", 
   "ANDD", 
   "NOTUSED", 
   "ORR", 
   "NOTUSED", 
   "ANDD", 
   "ANDD", 
   "ORR", 
   "ORR", 
   "ANDD"
  ], 
  "6": [
   "ANDD", 
   "NOTUSED", 
   "ANDD", 
   "ANDD", 
   "NOTUSED", 
   "ANDD", 
   "ANDD", 
   "ANDD", 
   "ANDD", 
   "ORR", 
   "ANDD", 
   "ORR", 
   "NOTUSED", 
   "ORR", 
   "ORR"
  ], 
  "9": [
   "ANDD", 
   "ANDD", 
   "NOTUSED", 
   "ORR", 
   "ANDD", 
   "ORR", 
   "ORR", 
   "NOTUSED", 
   "NOTUSED", 
   "ORR", 
   "ANDD", 
   "NOTUSED", 
   "ORR", 
   "ORR", 
   "ORR"
  ], 
  "8": [
   "ANDD", 
   "ANDD", 
   "ORR", 
   "ANDD", 
   "ORR", 
   "NOTUSED", 
   "ANDD", 
   "ORR", 
   "ORR", 
   "NOTUSED", 
   "ANDD", 
   "ORR", 
   "ANDD", 
   "NOTUSED", 
   "ANDD"
  ]
 }
}