{
 "random_seed": 64350060, 
 "PARAMETERS": {
  "RADIUS1": 16734.199, 
  "QUADS": 2, 
  "RADIUS2": 204696.953, 
  "DIST": 525675.339, 
  "F_PTS": 35, 
  "K_PTS": 36, 
  "EPSILON": 2.299, 
  "LENGTH1": 840902.494, 
  "G_PTS": 17, 
  "Q_PTS": 22, 
  "N_PTS": 24, 
  "C_PTS": 28, 
  "AREA2": 459090.24, 
  "LENGTH2": 154412.387, 
  "B_PTS": 21, 
  "D_PTS": 13, 
  "AREA1": 952359.203, 
  "A_PTS": 1, 
  "E_PTS": 5
 }, 
 "NUMPOINTS": 69, 
 "points": [
  [
   -71857.67, 
   821410.327
  ], 
  [
   427787.994, 
   -910780.695
  ], 
  [
   436171.869, 
   501603.893
  ], 
  [
   620183.002, 
   92665.947
  ], 
  [
   -400374.504, 
   -62373.85
  ], 
  [
   279012.261, 
   -313349.598
  ], 
  [
   -961800.933, 
   714646.172
  ], 
  [
   -744852.135, 
   586857.331
  ], 
  [
   -872457.054, 
   680950.535
  ], 
  [
   -275072.547, 
   -448108.193
  ], 
  [
   356106.825, 
   990365.475
  ], 
  [
   223551.493, 
   -775077.103
  ], 
  [
   666988.534, 
   -731928.737
  ], 
  [
   552418.028, 
   735710.022
  ], 
  [
   -556503.774, 
   765868.351
  ], 
  [
   156521.371, 
   -482181.889
  ], 
  [
   901718.38, 
   -487248.768
  ], 
  [
   -868578.841, 
   -709349.383
  ], 
  [
   -160566.613, 
   -206878.934
  ], 
  [
   -535073.029, 
   -831553.353
  ], 
  [
   395350.077, 
   -923728.073
  ], 
  [
   -398349.074, 
   -910302.994
  ], 
  [
   28077.803, 
   -204318.55
  ], 
  [
   -846160.168, 
   -783715.166
  ], 
  [
   585781.497, 
   -232203.596
  ], 
  [
   -914484.962, 
   -39655.975
  ], 
  [
   417328.967, 
   -836052.017
  ], 
  [
   -92563.295, 
   -49644.549
  ], 
  [
   -477279.545, 
   -668862.858
  ], 
  [
   469226.255, 
   296274.052
  ], 
  [
   -685243.176, 
   914253.072
  ], 
  [
   550328.844, 
   519422.847
  ], 
  [
   315680.612, 
   -181554.417
  ], 
  [
   200141.622, 
   951792.847
  ], 
  [
   -797028.254, 
   -268175.454
  ], 
  [
   -894485.217, 
   -336974.902
  ], 
  [
   530931.58, 
   230465.282
  ], 
  [
   -420773.986, 
   -462585.544
  ], 
  [
   815877.846, 
   349588.856
  ], 
  [
   55636.315, 
   -118464.525
  ], 
  [
   104519.094, 
   274686.622
  ], 
  [
   232553.124, 
   435375.033
  ], 
  [
   357970.327, 
   -492747.496
  ], 
  [
   -239984.894, 
   -366127.613
  ], 
  [
   -447662.771, 
   507334.178
  ], 
  [
   -366820.506, 
   -751001.857
  ], 
  [
   -126684.268, 
   -182177.297
  ], 
  [
   -324037.815, 
   -312742.961
  ], 
  [
   570512.038, 
   194555.949
  ], 
  [
   -466443.694, 
   191002.477
  ], 
  [
   482630.294, 
   -564674.986
  ], 
  [
   657106.381, 
   -300156.546
  ], 
  [
   682548.58, 
   384934.041
  ], 
  [
   853732.298, 
   -482722.316
  ], 
  [
   -695772.175, 
   965304.598
  ], 
  [
   -120301.08, 
   -170886.319
  ], 
  [
   683098.24, 
   584991.992
  ], 
  [
   -5593.114, 
   481752.373
  ], 
  [
   269661.342, 
   -740881.176
  ], 
  [
   881208.396, 
   -209173.171
  ], 
  [
   921839.072, 
   -34657.766
  ], 
  [
   958172.255, 
   -724549.234
  ], 
  [
   -100328.335, 
   501705.35
  ], 
  [
   -695328.55, 
   838681.781
  ], 
  [
   231412.066, 
   -240745.805
  ], 
  [
   -528253.594, 
   133377.344
  ], 
  [
   800654.499, 
   414349.786
  ], 
  [
   -13094.051, 
   -216159.593
  ], 
  [
   126347.646, 
   -634355.192
  ]
 ], 
 "PUV": [
  true, 
  true, 
  true, 
  false, 
  false, 
  false, 
  true, 
  false, 
  false, 
  false, 
  false, 
  false, 
  true, 
  false, 
  false
 ], 
 "LCM": {
  "11": [
   "ANDD", 
   "ANDD", 
   "ORR", 
   "ANDD", 
   "ANDD", 
   "NOTUSED", 
   "NOTUSED", 
   "ORR", 
   "NOTUSED", 
   "ANDD", 
   "ANDD", 
   "NOTUSED", 
   "NOTUSED", 
   "ORR", 
   "NOTUSED"
  ], 
  "10": [
   "ORR", 
   "ANDD", 
   "ANDD", 
   "ORR", 
   "ANDD", 
   "ORR", 
   "ORR", 
   "ANDD", 
   "NOTUSED", 
   "ANDD", 
   "NOTUSED", 
   "ANDD", 
   "ANDD", 
   "ANDD", 
   "ANDD"
  ], 
  "13": [
   "NOTUSED", 
   "NOTUSED", 
   "NOTUSED", 
   "NOTUSED", 
   "NOTUSED", 
   "ANDD", 
   "ORR", 
   "ANDD", 
   "ORR", 
   "ORR", 
   "ANDD", 
   "ORR", 
   "ORR", 
   "NOTUSED", 
   "ORR"
  ], 
  "12": [
   "NOTUSED", 
   "ANDD", 
   "ANDD", 
   "ORR", 
   "ORR", 
   "ORR", 
   "ORR", 
   "NOTUSED", 
   "ORR", 
   "ANDD", 
   "ANDD", 
   "NOTUSED", 
   "ORR", 
   "ORR", 
   "ANDD"
  ], 
  "14": [
   "NOTUSED", 
   "ORR", 
   "ORR", 
   "ANDD", 
   "NOTUSED", 
   "ANDD", 
   "ANDD", 
   "ANDD", 
   "ANDD", 
   "ANDD", 
   "ANDD", 
   "NOTUSED", 
   "ANDD", 
   "ORR", 
   "ORR"
  ], 
  "1": [
   "NOTUSED", 
   "NOTUSED", 
   "NOTUSED", 
   "ANDD", 
   "ANDD", 
   "NOTUSED", 
   "NOTUSED", 
   "ORR", 
   "ORR", 
   "ORR", 
   "ANDD", 
   "ANDD", 
   "ANDD", 
   "NOTUSED", 
   "ORR"
  ], 
  "0": [
   "NOTUSED", 
   "NOTUSED", 
   "ANDD", 
   "NOTUSED", 
   "ANDD", 
   "NOTUSED", 
   "ORR", 
   "ORR", 
   "ANDD", 
   "ORR", 
   "ORR", 
   "ANDD", 
   "NOTUSED", 
   "NOTUSED", 
   "NOTUSED"
  ], 
  "3": [
   "NOTUSED", 
   "ANDD", 
   "ANDD", 
   "NOTUSED", 
   "ORR", 
   "ANDD", 
   "ANDD", 
   "ORR", 
   "ANDD", 
   "ORR", 
   "ORR", 
   "ANDD", 
   "ORR", 
   "NOTUSED", 
   "ANDD"
  ], 
  "2": [
   "ANDD", 
   "NOTUSED", 
   "ANDD", 
   "ANDD", 
   "ORR", 
   "ORR", 
   "NOTUSED", 
   "ORR", 
   "ORR", 
   "ORR", 
   "ANDD", 
   "ORR", 
   "ANDD", 
   "NOTUSED", 
   "ORR"
  ], 
  "5": [
   "NOTUSED", 
   "NOTUSED", 
   "ORR", 
   "ANDD", 
   "NOTUSED", 
   "ORR", 
   "NOTUSED", 
   "ORR", 
   "ANDD", 
   "ANDD", 
   "ORR", 
   "NOTUSED", 
   "ORR", 
   "ANDD", 
   "ANDD"
  ], 
  "4": [
   "ANDD", 
   "ANDD", 
   "ORR", 
   "ORR", 
   "NOTUSED", 
   "NOTUSED", 
   "ANDD", 
   "ANDD", 
   "ANDD", 
   "ANDD", 
   "ANDD", 
   "ANDD", 
   "ORR", 
   "NOTUSED", 
   "NOTUSED"
  ], 
  "7": [
   "ORR", 
   "ORR", 
   "ORR", 
   "ORR", 
   "ANDD", 
   "ORR", 
   "ORR", 
   "ANDD", 
   "ANDD", 
   "NOTUSED", 
   "ANDD", 
   "ORR", 
   "NOTUSED", 
   "ANDD", 
   "ANDD"
  ], 
  "6": [
   "ORR", 
   "NOTUSED", 
   "NOTUSED", 
   "ANDD", 
   "ANDD", 
   "NOTUSED", 
   "ORR", 
   "ORR", 
   "ORR", 
   "ORR", 
   "ORR", 
   "NOTUSED", 
   "ORR", 
   "ORR", 
   "ANDD"
  ], 
  "9": [
   "ORR", 
   "ORR", 
   "ORR", 
   "ORR", 
   "ANDD", 
   "ANDD", 
   "ORR", 
   "NOTUSED", 
   "ORR", 
   "NOTUSED", 
   "ANDD", 
   "ANDD", 
   "ANDD", 
   "ORR", 
   "ANDD"
  ], 
  "8": [
   "ANDD", 
   "ORR", 
   "ORR", 
   "ANDD", 
   "ANDD", 
   "ANDD", 
   "ORR", 
   "ANDD", 
   "NOTUSED", 
   "ORR", 
   "NOTUSED", 
   "NOTUSED", 
   "ORR", 
   "ORR", 
   "ANDD"
  ]
 }
}