{
 "random_seed": 599230058, 
 "PARAMETERS": {
  "RADIUS1": 641893.292, 
  "QUADS": 1, 
  "RADIUS2": 86931.369, 
  "DIST": 25127.48, 
  "F_PTS": 47, 
  "K_PTS": 13, 
  "EPSILON": 0.203, 
  "LENGTH1": 45332.164, 
  "G_PTS": 55, 
  "Q_PTS": 39, 
  "N_PTS": 47, 
  "C_PTS": 13, 
  "AREA2": 625613.954, 
  "LENGTH2": 827531.066, 
  "B_PTS": 48, 
  "D_PTS": 29, 
  "AREA1": 327578.2, 
  "A_PTS": 12, 
  "E_PTS": 18
 }, 
 "NUMPOINTS": 69, 
 "points": [
  [
   764224.869, 
   -914730.068
  ], 
  [
   -277341.519, 
   426485.179
  ], 
  [
   533761.497, 
   696658.498
  ], 
  [
   209254.52, 
   -626507.264
  ], 
  [
   -843165.081, 
   637621.272
  ], 
  [
   592976.404, 
   -331016.978
  ], 
  [
   302671.07, 
   -103138.239
  ], 
  [
   418749.938, 
   -354274.7
  ], 
  [
   837998.084, 
   779135.554
  ], 
  [
   719504.495, 
   -138428.431
  ], 
  [
   356828.998, 
   -599935.077
  ], 
  [
   737584.386, 
   781333.358
  ], 
  [
   -941334.204, 
   -424792.138
  ], 
  [
   948944.099, 
   -100942.513
  ], 
  [
   -858642.658, 
   -571381.395
  ], 
  [
   618205.081, 
   463631.761
  ], 
  [
   -513075.895, 
   256792.275
  ], 
  [
   -289230.639, 
   398815.404
  ], 
  [
   705125.048, 
   234583.386
  ], 
  [
   193683.395, 
   -118443.193
  ], 
  [
   -163872.35, 
   -813836.892
  ], 
  [
   -685092.471, 
   -71872.385
  ], 
  [
   -492880.482, 
   -419348.446
  ], 
  [
   -689958.138, 
   997739.763
  ], 
  [
   946826.713, 
   476087.76
  ], 
  [
   -869363.168, 
   -591260.069
  ], 
  [
   680697.645, 
   619461.707
  ], 
  [
   -81262.231, 
   956239.297
  ], 
  [
   -590000.146, 
   816024.857
  ], 
  [
   -189768.76, 
   945337.159
  ], 
  [
   984915.081, 
   591486.131
  ], 
  [
   341459.052, 
   508677.838
  ], 
  [
   188812.077, 
   846308.486
  ], 
  [
   432343.154, 
   723029.651
  ], 
  [
   -731495.921, 
   -666330.844
  ], 
  [
   -825798.839, 
   217493.359
  ], 
  [
   352344.015, 
   -199733.604
  ], 
  [
   -694942.278, 
   -96027.21
  ], 
  [
   865024.728, 
   677698.222
  ], 
  [
   -203401.924, 
   965022.984
  ], 
  [
   -317569.121, 
   -136854.378
  ], 
  [
   -492926.884, 
   162395.292
  ], 
  [
   100660.872, 
   -720638.099
  ], 
  [
   -236356.513, 
   128800.086
  ], 
  [
   710633.48, 
   436158.95
  ], 
  [
   738401.687, 
   -352616.433
  ], 
  [
   -263136.179, 
   -679827.2
  ], 
  [
   -874710.025, 
   346705.78
  ], 
  [
   228007.678, 
   -823777.358
  ], 
  [
   -340064.085, 
   -448423.79
  ], 
  [
   362216.432, 
   426460.425
  ], 
  [
   -891740.081, 
   -553415.254
  ], 
  [
   676077.244, 
   -625572.033
  ], 
  [
   343202.029, 
   -664046.616
  ], 
  [
   -906652.272, 
   -76034.448
  ], 
  [
   -297307.963, 
   -26723.347
  ], 
  [
   533474.104, 
   -35450.024
  ], 
  [
   -295660.128, 
   -504609.365
  ], 
  [
   -504355.911, 
   449292.774
  ], 
  [
   -341192.539, 
   -423569.791
  ], 
  [
   -267291.422, 
   -957111.597
  ], 
  [
   -519735.687, 
   299297.128
  ], 
  [
   483755.84, 
   82722.743
  ], 
  [
   319869.255, 
   399808.192
  ], 
  [
   405558.444, 
   690522.612
  ], 
  [
   600763.418, 
   727309.373
  ], 
  [
   777450.536, 
   -988253.285
  ], 
  [
   330537.272, 
   -271279.314
  ], 
  [
   298733.986, 
   -241780.839
  ]
 ], 
 "PUV": [
  true, 
  false, 
  true, 
  true, 
  true, 
  true, 
  true, 
  false, 
  false, 
  true, 
  false, 
  true, 
  true, 
  true, 
  true
 ], 
 "LCM": {
  "11": [
   "ORR", 
   "NOTUSED", 
   "ANDD", 
   "ORR", 
   "ANDD", 
   "ANDD", 
   "ANDD", 
   "ANDD", 
   "NOTUSED", 
   "ORR", 
   "ORR", 
   "ANDD", 
   "ANDD", 
   "NOTUSED", 
   "ORR"
  ], 
  "10": [
   "ANDD", 
   "ORR", 
   "NOTUSED", 
   "ORR", 
   "ANDD", 
   "NOTUSED", 
   "ANDD", 
   "NOTUSED", 
   "ORR", 
   "ANDD", 
   "ANDD", 
   "ORR", 
   "ANDD", 
   "ORR", 
   "ANDD"
  ], 
  "13": [
   "NOTUSED", 
   "ORR", 
   "ORR", 
   "ANDD", 
   "NOTUSED", 
   "NOTUSED", 
   "ANDD", 
   "ORR", 
   "ANDD", 
   "NOTUSED", 
   "ORR", 
   "NOTUSED", 
   "NOTUSED", 
   "NOTUSED", 
   "ORR"
  ], 
  "12": [
   "NOTUSED", 
   "ORR", 
   "ORR", 
   "ANDD", 
   "ORR", 
   "ANDD", 
   "ORR", 
   "NOTUSED", 
   "ORR", 
   "NOTUSED", 
   "ANDD", 
   "ANDD", 
   "NOTUSED", 
   "NOTUSED", 
   "ORR"
  ], 
  "14": [
   "ORR", 
   "ORR", 
   "ANDD", 
   "NOTUSED", 
   "NOTUSED", 
   "NOTUSED", 
   "ORR", 
   "ANDD", 
   "ORR", 
   "ORR", 
   "ANDD", 
   "ORR", 
   "ORR", 
   "ORR", 
   "NOTUSED"
  ], 
  "1": [
   "ORR", 
   "ANDD", 
   "NOTUSED", 
   "ORR", 
   "ANDD", 
   "NOTUSED", 
   "ANDD", 
   "NOTUSED", 
   "NOTUSED", 
   "ANDD", 
   "ORR", 
   "NOTUSED", 
   "ORR", 
   "ORR", 
   "ORR"
  ], 
  "0": [
   "ANDD", 
   "ORR", 
   "ANDD", 
   "NOTUSED", 
   "ANDD", 
   "ANDD", 
   "ANDD", 
   "NOTUSED", 
   "ANDD", 
   "ORR", 
   "ANDD", 
   "ORR", 
   "NOTUSED", 
   "NOTUSED", 
   "ORR"
  ], 
  "3": [
   "NOTUSED", 
   "ORR", 
   "NOTUSED", 
   "ANDD", 
   "NOTUSED", 
   "ANDD", 
   "ANDD", 
   "NOTUSED", 
   "ORR", 
   "ORR", 
   "ORR", 
   "ORR", 
   "ANDD", 
   "ANDD", 
   "NOTUSED"
  ], 
  "2": [
   "ANDD", 
   "NOTUSED", 
   "NOTUSED", 
   "NOTUSED", 
   "NOTUSED", 
   "ORR", 
   "ANDD", 
   "NOTUSED", 
   "ORR", 
   "NOTUSED", 
   "NOTUSED", 
   "ANDD", 
   "ORR", 
   "ORR", 
   "ANDD"
  ], 
  "5": [
   "ANDD", 
   "NOTUSED", 
   "ORR", 
   "ANDD", 
   "ANDD", 
   "NOTUSED", 
   "ANDD", 
   "ORR", 
   "ORR", 
   "ORR", 
   "NOTUSED", 
   "ANDD", 
   "ANDD", 
   "NOTUSED", 
   "NOTUSED"
  ], 
  "4": [
   "ANDD", 
   "ANDD", 
   "NOTUSED", 
   "NOTUSED", 
   "NOTUSED", 
   "ANDD", 
   "ANDD", 
   "ANDD", 
   "NOTUSED", 
   "ANDD", 
   "ANDD", 
   "ANDD", 
   "ORR", 
   "NOTUSED", 
   "NOTUSED"
  ], 
  "7": [
   "NOTUSED", 
   "NOTUSED", 
   "NOTUSED", 
   "NOTUSED", 
   "ANDD", 
   "ORR", 
   "ANDD", 
   "NOTUSED", 
   "ORR", 
   "NOTUSED", 
   "NOTUSED", 
   "ANDD", 
   "NOTUSED", 
   "ORR", 
   "ANDD"
  ], 
  "6": [
   "ANDD", 
   "ANDD", 
   "ANDD", 
   "ANDD", 
   "ANDD", 
   "ANDD", 
   "ORR", 
   "ANDD", 
   "ANDD", 
   "NOTUSED", 
   "ANDD", 
   "ANDD", 
   "ORR", 
   "ANDD", 
   "ORR"
  ], 
  "9": [
   "ORR", 
   "ANDD", 
   "NOTUSED", 
   "ORR", 
   "ANDD", 
   "ORR", 
   "NOTUSED", 
   "NOTUSED", 
   "ANDD", 
   "ORR", 
   "ANDD", 
   "ORR", 
   "NOTUSED", 
   "NOTUSED", 
   "ORR"
  ], 
  "8": [
   "ANDD", 
   "NOTUSED", 
   "ORR", 
   "ORR", 
   "NOTUSED", 
   "ORR", 
   "ANDD", 
   "ORR", 
   "NOTUSED", 
   "ANDD", 
   "ORR", 
   "NOTUSED", 
   "ORR", 
   "ANDD", 
   "ORR"
  ]
 }
}