{
 "random_seed": 2219814488, 
 "PARAMETERS": {
  "RADIUS1": 835366.628, 
  "QUADS": 2, 
  "RADIUS2": 358884.589, 
  "DIST": 778783.436, 
  "F_PTS": 7, 
  "K_PTS": 17, 
  "EPSILON": 1.975, 
  "LENGTH1": 910759.526, 
  "G_PTS": 27, 
  "Q_PTS": 17, 
  "N_PTS": 13, 
  "C_PTS": 5, 
  "AREA2": 384394.743, 
  "LENGTH2": 923626.373, 
  "B_PTS": 14, 
  "D_PTS": 3, 
  "AREA1": 481890.176, 
  "A_PTS": 10, 
  "E_PTS": 30
 }, 
 "NUMPOINTS": 46, 
 "points": [
  [
   -123696.455, 
   702289.029
  ], 
  [
   -853508.43, 
   916383.955
  ], 
  [
   -250036.518, 
   717820.688
  ], 
  [
   -595110.436, 
   -990683.465
  ], 
  [
   -461842.353, 
   -972183.141
  ], 
  [
   -743881.175, 
   -219808.248
  ], 
  [
   -285469.96, 
   996517.7
  ], 
  [
   -524173.931, 
   -392401.283
  ], 
  [
   -719674.001, 
   148279.43
  ], 
  [
   -152853.912, 
   336961.98
  ], 
  [
   -284411.696, 
   994457.165
  ], 
  [
   648466.808, 
   670889.254
  ], 
  [
   -457231.098, 
   907196.197
  ], 
  [
   -97644.568, 
   877799.608
  ], 
  [
   -426745.609, 
   -870768.457
  ], 
  [
   741205.099, 
   515694.66
  ], 
  [
   -787463.504, 
   -51714.474
  ], 
  [
   796364.222, 
   -942167.44
  ], 
  [
   968830.688, 
   135920.168
  ], 
  [
   -254362.478, 
   -364677.262
  ], 
  [
   5641.089, 
   263809.269
  ], 
  [
   946468.932, 
   -502040.32
  ], 
  [
   609715.352, 
   757900.334
  ], 
  [
   579059.121, 
   -788255.978
  ], 
  [
   312261.186, 
   906594.632
  ], 
  [
   -29770.998, 
   169672.253
  ], 
  [
   -36550.427, 
   397406.683
  ], 
  [
   888411.286, 
   402141.103
  ], 
  [
   -288187.92, 
   789220.664
  ], 
  [
   -121542.45, 
   753821.745
  ], 
  [
   -457369.626, 
   -839106.488
  ], 
  [
   165912.668, 
   423307.417
  ], 
  [
   527035.726, 
   40892.343
  ], 
  [
   -268332.266, 
   -306511.712
  ], 
  [
   95413.456, 
   -922783.456
  ], 
  [
   -53974.615, 
   526328.618
  ], 
  [
   130165.654, 
   -277142.786
  ], 
  [
   -776109.335, 
   135353.387
  ], 
  [
   -76676.208, 
   -329434.291
  ], 
  [
   -878486.365, 
   959501.677
  ], 
  [
   -320728.776, 
   20137.08
  ], 
  [
   -833467.55, 
   271895.009
  ], 
  [
   490595.033, 
   89538.819
  ], 
  [
   830879.048, 
   -441462.525
  ], 
  [
   594679.976, 
   -39875.131
  ], 
  [
   -809678.058, 
   457570.67
  ]
 ], 
 "PUV": [
  true, 
  true, 
  true, 
  true, 
  true, 
  true, 
  true, 
  false, 
  true, 
  true, 
  true, 
  false, 
  true, 
  true, 
  false
 ], 
 "LCM": {
  "11": [
   "NOTUSED", 
   "ORR", 
   "ANDD", 
   "ANDD", 
   "ANDD", 
   "ANDD", 
   "ANDD", 
   "ANDD", 
   "ANDD", 
   "ANDD", 
   "ORR", 
   "ANDD", 
   "ORR", 
   "ORR", 
   "NOTUSED"
  ], 
  "10": [
   "ANDD", 
   "NOTUSED", 
   "ANDD", 
   "NOTUSED", 
   "ORR", 
   "ANDD", 
   "NOTUSED", 
   "ORR", 
   "ANDD", 
   "ANDD", 
   "ANDD", 
   "ORR", 
   "NOTUSED", 
   "ORR", 
   "ANDD"
  ], 
  "13": [
   "ANDD", 
   "ORR", 
   "NOTUSED", 
   "ANDD", 
   "ORR", 
   "ANDD", 
   "NOTUSED", 
   "ORR", 
   "ANDD", 
   "ANDD", 
   "ORR", 
   "ORR", 
   "NOTUSED", 
   "ORR", 
   "ORR"
  ], 
  "12": [
   "ORR", 
   "NOTUSED", 
   "ANDD", 
   "ORR", 
   "NOTUSED", 
   "NOTUSED", 
   "NOTUSED", 
   "NOTUSED", 
   "NOTUSED", 
   "NOTUSED", 
   "NOTUSED", 
   "ORR", 
   "ANDD", 
   "NOTUSED", 
   "ANDD"
  ], 
  "14": [
   "ANDD", 
   "ANDD", 
   "ANDD", 
   "NOTUSED", 
   "NOTUSED", 
   "ANDD", 
   "NOTUSED", 
   "NOTUSED", 
   "NOTUSED", 
   "ANDD", 
   "ANDD", 
   "NOTUSED", 
   "ANDD", 
   "ORR", 
   "ANDD"
  ], 
  "1": [
   "NOTUSED", 
   "NOTUSED", 
   "ORR", 
   "ORR", 
   "ORR", 
   "ORR", 
   "ORR", 
   "NOTUSED", 
   "ANDD", 
   "NOTUSED", 
   "NOTUSED", 
   "ORR", 
   "NOTUSED", 
   "ORR", 
   "ANDD"
  ], 
  "0": [
   "NOTUSED", 
   "NOTUSED", 
   "ANDD", 
   "NOTUSED", 
   "NOTUSED", 
   "ANDD", 
   "ORR", 
   "ORR", 
   "NOTUSED", 
   "ANDD", 
   "ANDD", 
   "NOTUSED", 
   "ORR", 
   "ANDD", 
   "ANDD"
  ], 
  "3": [
   "NOTUSED", 
   "ORR", 
   "ORR", 
   "NOTUSED", 
   "NOTUSED", 
   "ORR", 
   "ORR", 
   "ANDD", 
   "ANDD", 
   "NOTUSED", 
   "NOTUSED", 
   "ANDD", 
   "ORR", 
   "ANDD", 
   "NOTUSED"
  ], 
  "2": [
   "ANDD", 
   "ORR", 
   "ANDD", 
   "ORR", 
   "ANDD", 
   "ORR", 
   "ANDD", 
   "ANDD", 
   "ANDD", 
   "ORR", 
   "ANDD", 
   "ANDD", 
   "ANDD", 
   "NOTUSED", 
   "ANDD"
  ], 
  "5": [
   "ANDD", 
   "ORR", 
   "ORR", 
   "ORR", 
   "ORR", 
   "ANDD", 
   "NOTUSED", 
   "ORR", 
   "ORR", 
   "ORR", 
   "ANDD", 
   "ANDD", 
   "NOTUSED", 
   "ANDD", 
   "ANDD"
  ], 
  "4": [
   "NOTUSED", 
   "ORR", 
   "ANDD", 
   "NOTUSED", 
   "ANDD", 
   "ORR", 
   "ORR", 
   "NOTUSED", 
   "ORR", 
   "ANDD", 
   "ORR", 
   "ANDD", 
   "NOTUSED", 
   "ORR", 
   "NOTUSED"
  ], 
  "7": [
   "ORR", 
   "NOTUSED", 
   "ANDD", 
   "ANDD", 
   "NOTUSED", 
   "ORR", 
   "ORR", 
   "ANDD", 
   "NOTUSED", 
   "ANDD", 
   "ORR", 
   "ANDD", 
   "NOTUSED", 
   "ORR", 
   "NOTUSED"
  ], 
  "6": [
   "ORR", 
   "ORR", 
   "ANDD", 
   "ORR", 
   "ORR", 
   "NOTUSED", 
   "ANDD", 
   "ORR", 
   "ANDD", 
   "NOTUSED", 
   "NOTUSED", 
   "ANDD", 
   "NOTUSED", 
   "NOTUSED", 
   "NOTUSED"
  ], 
  "9": [
   "ANDD", 
   "NOTUSED", 
   "ORR", 
   "NOTUSED", 
   "ANDD", 
   "ORR", 
   "NOTUSED", 
   "ANDD", 
   "NOTUSED", 
   "NOTUSED", 
   "ANDD", 
   "ANDD", 
   "NOTUSED", 
   "ANDD", 
   "ANDD"
  ], 
  "8": [
   "NOTUSED", 
   "ANDD", 
   "ANDD", 
   "ANDD", 
   "ORR", 
   "ORR", 
   "ANDD", 
   "NOTUSED", 
   "ANDD", 
   "NOTUSED", 
   "ANDD", 
   "ANDD", 
   "NOTUSED", 
   "ANDD", 
   "NOTUSED"
  ]
 }
}