{
 "random_seed": 3891345468, 
 "PARAMETERS": {
  "RADIUS1": 743598.092, 
  "QUADS": 2, 
  "RADIUS2": 813480.136, 
  "DIST": 905058.457, 
  "F_PTS": 62, 
  "K_PTS": 31, 
  "EPSILON": 3.13, 
  "LENGTH1": 185012.1, 
  "G_PTS": 92, 
  "Q_PTS": 45, 
  "N_PTS": 32, 
  "C_PTS": 50, 
  "AREA2": 976195.867, 
  "LENGTH2": 167235.805, 
  "B_PTS": 16, 
  "D_PTS": 17, 
  "AREA1": 716681.465, 
  "A_PTS": 52, 
  "E_PTS": 20
 }, 
 "NUMPOINTS": 94, 
 "points": [
  [
   -791416.017, 
   258626.839
  ], 
  [
   -453211.6, 
   536743.48
  ], 
  [
   954699.112, 
   -932907.771
  ], 
  [
   301406.085, 
   -984289.699
  ], 
  [
   -605636.796, 
   -961150.69
  ], 
  [
   953513.198, 
   795181.428
  ], 
  [
   -80397.858, 
   801770.201
  ], 
  [
   237935.995, 
   -726106.475
  ], 
  [
   189002.918, 
   72866.776
  ], 
  [
   460798.62, 
   127846.232
  ], 
  [
   -395253.233, 
   -174088.973
  ], 
  [
   -760811.337, 
   -501910.349
  ], 
  [
   175063.244, 
   970840.134
  ], 
  [
   8347.044, 
   607926.0
  ], 
  [
   -889082.846, 
   -622084.996
  ], 
  [
   -987865.785, 
   919781.101
  ], 
  [
   -82780.668, 
   578962.832
  ], 
  [
   592390.78, 
   467944.032
  ], 
  [
   539200.65, 
   209176.962
  ], 
  [
   -12788.828, 
   941881.908
  ], 
  [
   -234657.145, 
   279185.284
  ], 
  [
   151896.471, 
   878907.136
  ], 
  [
   -852579.678, 
   356666.676
  ], 
  [
   560665.014, 
   37584.34
  ], 
  [
   509768.744, 
   -489384.233
  ], 
  [
   658119.187, 
   715153.203
  ], 
  [
   754412.353, 
   -831922.459
  ], 
  [
   116902.545, 
   920305.497
  ], 
  [
   417730.52, 
   977769.9
  ], 
  [
   -747108.871, 
   559478.145
  ], 
  [
   268155.865, 
   -732607.744
  ], 
  [
   -854702.638, 
   346111.393
  ], 
  [
   -180967.369, 
   -226550.374
  ], 
  [
   907737.725, 
   816439.004
  ], 
  [
   384084.978, 
   -522403.069
  ], 
  [
   895254.652, 
   -712385.727
  ], 
  [
   -512993.418, 
   -964236.484
  ], 
  [
   470751.143, 
   -843161.584
  ], 
  [
   172839.906, 
   -105612.128
  ], 
  [
   218945.138, 
   299622.483
  ], 
  [
   904237.041, 
   646187.279
  ], 
  [
   955447.87, 
   959735.566
  ], 
  [
   -713628.164, 
   -711438.503
  ], 
  [
   -622313.677, 
   -830804.977
  ], 
  [
   -756110.561, 
   -487083.175
  ], 
  [
   -616781.314, 
   -915956.986
  ], 
  [
   -419872.462, 
   232625.342
  ], 
  [
   -196759.847, 
   -52878.252
  ], 
  [
   -858399.165, 
   510717.095
  ], 
  [
   -6291.242, 
   -719880.051
  ], 
  [
   -731933.572, 
   -83464.362
  ], 
  [
   -661634.749, 
   195996.434
  ], 
  [
   617873.248, 
   -328637.448
  ], 
  [
   -264945.652, 
   787541.504
  ], 
  [
   -963181.585, 
   -625695.579
  ], 
  [
   945341.652, 
   325587.269
  ], 
  [
   -543537.083, 
   717649.11
  ], 
  [
   361225.578, 
   -988451.227
  ], 
  [
   -228085.109, 
   -766174.112
  ], 
  [
   -66291.191, 
   -35803.412
  ], 
  [
   9625.546, 
   -557370.052
  ], 
  [
   -23943.027, 
   714371.229
  ], 
  [
   -849463.779, 
   -919793.34
  ], 
  [
   -888682.721, 
   -289480.679
  ], 
  [
   -856056.836, 
   86024.194
  ], 
  [
   446021.858, 
   -510010.635
  ], 
  [
   782846.448, 
   -256810.033
  ], 
  [
   -937228.402, 
   -491216.129
  ], 
  [
   55660.494, 
   -366635.779
  ], 
  [
   -171498.255, 
   -169597.47
  ], 
  [
   219248.509, 
   -261707.878
  ], 
  [
   485328.444, 
   -43690.98
  ], 
  [
   691532.294, 
   -316831.192
  ], 
  [
   -341722.075, 
   -269400.105
  ], 
  [
   -263897.189, 
   991317.279
  ], 
  [
   -96034.644, 
   525936.079
  ], 
  [
   911012.848, 
   29593.087
  ], 
  [
   111925.248, 
   -324848.908
  ], 
  [
   -134447.55, 
   -761495.89
  ], 
  [
   -740073.619, 
   -956142.284
  ], 
  [
   908303.5, 
   -620037.841
  ], 
  [
   787277.037, 
   76160.163
  ], 
  [
   769058.777, 
   6514.142
  ], 
  [
   -566262.268, 
   -679372.933
  ], 
  [
   -378355.991, 
   -194571.529
  ], 
  [
   51108.933, 
   -537169.526
  ], 
  [
   -421548.658, 
   710385.392
  ], 
  [
   -324376.44, 
   -180873.004
  ], 
  [
   -739184.513, 
   776104.383
  ], 
  [
   25018.228, 
   -99388.999
  ], 
  [
   573495.926, 
   405206.364
  ], 
  [
   889168.608, 
   9969.782
  ], 
  [
   35435.561, 
   -242564.67
  ], 
  [
   -539234.797, 
   756172.548
  ]
 ], 
 "PUV": [
  true, 
  true, 
  true, 
  true, 
  true, 
  false, 
  true, 
  false, 
  false, 
  true, 
  true, 
  true, 
  true, 
  true, 
  false
 ], 
 "LCM": {
  "11": [
   "ORR", 
   "NOTUSED", 
   "ANDD", 
   "ANDD", 
   "NOTUSED", 
   "ANDD", 
   "ORR", 
   "ORR", 
   "ANDD", 
   "ANDD", 
   "ANDD", 
   "NOTUSED", 
   "NOTUSED", 
   "ORR", 
   "ANDD"
  ], 
  "10": [
   "NOTUSED", 
   "NOTUSED", 
   "ANDD", 
   "ORR", 
   "ANDD", 
   "ANDD", 
   "ANDD", 
   "NOTUSED", 
   "ORR", 
   "ANDD", 
   "NOTUSED", 
   "ANDD", 
   "ORR", 
   "ORR", 
   "ORR"
  ], 
  "13": [
   "ORR", 
   "ORR", 
   "ANDD", 
   "ANDD", 
   "NOTUSED", 
   "ORR", 
   "NOTUSED", 
   "ORR", 
   "ORR", 
   "NOTUSED", 
   "ORR", 
   "ORR", 
   "ORR", 
   "ORR", 
   "NOTUSED"
  ], 
  "12": [
   "ANDD", 
   "NOTUSED", 
   "ANDD", 
   "ANDD", 
   "NOTUSED", 
   "ORR", 
   "NOTUSED", 
   "ANDD", 
   "ORR", 
   "ORR", 
   "ORR", 
   "NOTUSED", 
   "ORR", 
   "ORR", 
   "NOTUSED"
  ], 
  "14": [
   "ANDD", 
   "ORR", 
   "ORR", 
   "NOTUSED", 
   "ORR", 
   "ANDD", 
   "ANDD", 
   "NOTUSED", 
   "NOTUSED", 
   "ORR", 
   "ORR", 
   "ANDD", 
   "NOTUSED", 
   "NOTUSED", 
   "ANDD"
  ], 
  "1": [
   "ANDD", 
   "ORR", 
   "ANDD", 
   "NOTUSED", 
   "ORR", 
   "NOTUSED", 
   "ORR", 
   "ORR", 
   "NOTUSED", 
   "ORR", 
   "NOTUSED", 
   "NOTUSED", 
   "NOTUSED", 
   "ORR", 
   "ORR"
  ], 
  "0": [
   "NOTUSED", 
   "ANDD", 
   "NOTUSED", 
   "NOTUSED", 
   "NOTUSED", 
   "NOTUSED", 
   "ANDD", 
   "ORR", 
   "ORR", 
   "ORR", 
   "NOTUSED", 
   "ORR", 
   "ANDD", 
   "ORR", 
   "ANDD"
  ], 
  "3": [
   "NOTUSED", 
   "NOTUSED", 
   "ANDD", 
   "ORR", 
   "ORR", 
   "ORR", 
   "NOTUSED", 
   "ORR", 
   "NOTUSED", 
   "NOTUSED", 
   "ORR", 
   "ANDD", 
   "ANDD", 
   "ANDD", 
   "NOTUSED"
  ], 
  "2": [
   "NOTUSED", 
   "ANDD", 
   "ORR", 
   "ANDD", 
   "ORR", 
   "ORR", 
   "NOTUSED", 
   "ORR", 
   "ORR", 
   "ORR", 
   "ANDD", 
   "ANDD", 
   "ANDD", 
   "ANDD", 
   "ORR"
  ], 
  "5": [
   "NOTUSED", 
   "NOTUSED", 
   "ORR", 
   "ORR", 
   "NOTUSED", 
   "ORR", 
   "ORR", 
   "ANDD", 
   "ORR", 
   "ANDD", 
   "ANDD", 
   "ANDD", 
   "ORR", 
   "ORR", 
   "ANDD"
  ], 
  "4": [
   "NOTUSED", 
   "ORR", 
   "ORR", 
   "ORR", 
   "ORR", 
   "NOTUSED", 
   "ORR", 
   "ANDD", 
   "ORR", 
   "NOTUSED", 
   "ANDD", 
   "NOTUSED", 
   "NOTUSED", 
   "NOTUSED", 
   "ORR"
  ], 
  "7": [
   "ORR", 
   "ORR", 
   "ORR", 
   "ORR", 
   "ANDD", 
   "ANDD", 
   "NOTUSED", 
   "ANDD", 
   "NOTUSED", 
   "ORR", 
   "NOTUSED", 
   "ORR", 
   "ANDD", 
   "ORR", 
   "NOTUSED"
  ], 
  "6": [
   "ANDD", 
   "ORR", 
   "NOTUSED", 
   "NOTUSED", 
   "ORR", 
   "ORR", 
   "NOTUSED", 
   "NOTUSED", 
   "NOTUSED", 
   "NOTUSED", 
   "ANDD", 
   "ORR", 
   "NOTUSED", 
   "NOTUSED", 
   "ANDD"
  ], 
  "9": [
   "ORR", 
   "ORR", 
   "ORR", 
   "NOTUSED", 
   "NOTUSED", 
   "ANDD", 
   "NOTUSED", 
   "ORR", 
   "ANDD", 
   "NOTUSED", 
   "ANDD", 
   "ANDD", 
   "ORR", 
   "NOTUSED", 
   "ORR"
  ], 
  "8": [
   "ORR", 
   "NOTUSED", 
   "ORR", 
   "NOTUSED", 
   "ORR", 
   "ORR", 
   "NOTUSED", 
   "NOTUSED", 
   "NOTUSED", 
   "ANDD", 
   "ORR", 
   "ANDD", 
   "ORR", 
   "ORR", 
   "NOTUSED"
  ]
 }
}