{
 "random_seed": 1411062142, 
 "PARAMETERS": {
  "RADIUS1": 285631.118, 
  "QUADS": 3, 
  "RADIUS2": 14679.154, 
  "DIST": 531051.464, 
  "F_PTS": 48, 
  "K_PTS": 89, 
  "EPSILON": 0.031, 
  "LENGTH1": 172494.848, 
  "G_PTS": 18, 
  "Q_PTS": 5, 
  "N_PTS": 38, 
  "C_PTS": 17, 
  "AREA2": 776835.211, 
  "LENGTH2": 851674.744, 
  "B_PTS": 20, 
  "D_PTS": 51, 
  "AREA1": 992532.547, 
  "A_PTS": 40, 
  "E_PTS": 1
 }, 
 "NUMPOINTS": 92, 
 "points": [
  [
   840209.435, 
   -389538.042
  ], 
  [
   990424.338, 
   702139.288
  ], 
  [
   -570171.316, 
   495967.382
  ], 
  [
   -422002.219, 
   -422481.179
  ], 
  [
   -613387.787, 
   108772.91
  ], 
  [
   941814.362, 
   -330340.339
  ], 
  [
   2719.092, 
   281534.56
  ], 
  [
   -346378.74, 
   -710440.594
  ], 
  [
   -438572.129, 
   -162033.299
  ], 
  [
   887840.699, 
   332578.773
  ], 
  [
   791891.577, 
   -679705.952
  ], 
  [
   -195066.355, 
   -244001.273
  ], 
  [
   -246575.084, 
   -313037.468
  ], 
  [
   -966882.45, 
   -788519.832
  ], 
  [
   -766354.155, 
   -4484.237
  ], 
  [
   -765343.291, 
   -163784.324
  ], 
  [
   501799.545, 
   -859786.054
  ], 
  [
   155617.906, 
   -504491.389
  ], 
  [
   587013.796, 
   -862723.384
  ], 
  [
   918766.48, 
   815204.598
  ], 
  [
   448749.517, 
   -574575.227
  ], 
  [
   29583.567, 
   -185565.112
  ], 
  [
   -451385.235, 
   -113752.528
  ], 
  [
   46114.444, 
   794308.803
  ], 
  [
   620845.656, 
   -906096.748
  ], 
  [
   -15079.074, 
   613016.917
  ], 
  [
   497400.029, 
   475457.958
  ], 
  [
   947986.838, 
   -529698.233
  ], 
  [
   164288.998, 
   738700.871
  ], 
  [
   919646.086, 
   -950644.636
  ], 
  [
   44535.799, 
   191386.35
  ], 
  [
   786800.485, 
   -563073.101
  ], 
  [
   242512.115, 
   850006.305
  ], 
  [
   9133.587, 
   -207782.882
  ], 
  [
   -167467.392, 
   -735976.666
  ], 
  [
   970009.947, 
   -991786.573
  ], 
  [
   159078.27, 
   841630.728
  ], 
  [
   -980098.195, 
   141527.682
  ], 
  [
   -874282.303, 
   128452.704
  ], 
  [
   -807216.834, 
   -865199.934
  ], 
  [
   -283665.408, 
   -49225.945
  ], 
  [
   -192031.509, 
   -621825.777
  ], 
  [
   -838657.971, 
   -231493.778
  ], 
  [
   -68462.239, 
   -265408.769
  ], 
  [
   -590528.667, 
   -109547.009
  ], 
  [
   17467.641, 
   94204.35
  ], 
  [
   -884905.743, 
   -397096.439
  ], 
  [
   196096.418, 
   44674.575
  ], 
  [
   673505.306, 
   477592.079
  ], 
  [
   -405562.113, 
   -534604.653
  ], 
  [
   519051.527, 
   -515388.868
  ], 
  [
   -702455.572, 
   576529.087
  ], 
  [
   904374.731, 
   917664.439
  ], 
  [
   -785076.425, 
   -994485.463
  ], 
  [
   -631509.038, 
   -724045.405
  ], 
  [
   -415878.121, 
   541336.73
  ], 
  [
   -488041.529, 
   -337683.026
  ], 
  [
   658418.324, 
   -965511.209
  ], 
  [
   -394072.823, 
   -572170.724
  ], 
  [
   -426058.655, 
   -676643.162
  ], 
  [
   -891953.57, 
   661648.403
  ], 
  [
   -536127.333, 
   -829487.553
  ], 
  [
   -613067.881, 
   -341343.284
  ], 
  [
   415878.175, 
   -651487.512
  ], 
  [
   -906247.924, 
   -533610.95
  ], 
  [
   997509.153, 
   -674449.901
  ], 
  [
   -641753.405, 
   328397.752
  ], 
  [
   -595751.939, 
   -991534.565
  ], 
  [
   887857.534, 
   -477099.164
  ], 
  [
   725403.208, 
   535475.376
  ], 
  [
   296590.033, 
   756039.699
  ], 
  [
   4346.105, 
   208004.607
  ], 
  [
   -589100.734, 
   660011.811
  ], 
  [
   304052.983, 
   686972.093
  ], 
  [
   297957.354, 
   430611.22
  ], 
  [
   261080.797, 
   -220995.256
  ], 
  [
   120476.776, 
   -657290.201
  ], 
  [
   -692627.884, 
   -632619.33
  ], 
  [
   -839508.982, 
   -812477.858
  ], 
  [
   -861456.428, 
   -187068.425
  ], 
  [
   -898594.641, 
   -833271.19
  ], 
  [
   -218119.968, 
   427920.477
  ], 
  [
   -157390.103, 
   -101765.478
  ], 
  [
   -580407.337, 
   798930.207
  ], 
  [
   -707565.825, 
   712484.497
  ], 
  [
   -963235.913, 
   -972643.903
  ], 
  [
   -882871.316, 
   272980.156
  ], 
  [
   406084.293, 
   250179.46
  ], 
  [
   -454996.596, 
   452989.199
  ], 
  [
   -459515.906, 
   781827.235
  ], 
  [
   757522.773, 
   -650128.402
  ], 
  [
   538023.905, 
   726101.133
  ]
 ], 
 "PUV": [
  false, 
  true, 
  true, 
  false, 
  false, 
  true, 
  false, 
  false, 
  true, 
  false, 
  true, 
  true, 
  true, 
  true, 
  true
 ], 
 "LCM": {
  "11": [
   "ANDD", 
   "NOTUSED", 
   "NOTUSED", 
   "ANDD", 
   "NOTUSED", 
   "ORR", 
   "NOTUSED", 
   "NOTUSED", 
   "ANDD", 
   "NOTUSED", 
   "NOTUSED", 
   "NOTUSED", 
   "ORR", 
   "ORR", 
   "ANDD"
  ], 
  "10": [
   "NOTUSED", 
   "NOTUSED", 
   "ANDD", 
   "ANDD", 
   "ORR", 
   "NOTUSED", 
   "ORR", 
   "NOTUSED", 
   "ORR", 
   "ORR", 
   "NOTUSED", 
   "NOTUSED", 
   "NOTUSED", 
   "NOTUSED", 
   "ORR"
  ], 
  "13": [
   "NOTUSED", 
   "ORR", 
   "ANDD", 
   "ANDD", 
   "ANDD", 
   "ANDD", 
   "ANDD", 
   "NOTUSED", 
   "NOTUSED", 
   "NOTUSED", 
   "NOTUSED", 
   "ORR", 
   "NOTUSED", 
   "NOTUSED", 
   "ANDD"
  ], 
  "12": [
   "ANDD", 
   "NOTUSED", 
   "ORR", 
   "ANDD", 
   "ORR", 
   "ANDD", 
   "NOTUSED", 
   "ANDD", 
   "ORR", 
   "NOTUSED", 
   "NOTUSED", 
   "ORR", 
   "ORR", 
   "NOTUSED", 
   "NOTUSED"
  ], 
  "14": [
   "ORR", 
   "ORR", 
   "ANDD", 
   "NOTUSED", 
   "NOTUSED", 
   "ANDD", 
   "ANDD", 
   "NOTUSED", 
   "NOTUSED", 
   "NOTUSED", 
   "ORR", 
   "ANDD", 
   "NOTUSED", 
   "ANDD", 
   "ANDD"
  ], 
  "1": [
   "ANDD", 
   "ORR", 
   "ANDD", 
   "ORR", 
   "ORR", 
   "ANDD", 
   "ANDD", 
   "ANDD", 
   "ANDD", 
   "ORR", 
   "NOTUSED", 
   "NOTUSED", 
   "NOTUSED", 
   "ORR", 
   "ORR"
  ], 
  "0": [
   "ANDD", 
   "ANDD", 
   "NOTUSED", 
   "NOTUSED", 
   "NOTUSED", 
   "ORR", 
   "ORR", 
   "NOTUSED", 
   "NOTUSED", 
   "NOTUSED", 
   "NOTUSED", 
   "ANDD", 
   "ANDD", 
   "NOTUSED", 
   "ORR"
  ], 
  "3": [
   "NOTUSED", 
   "ORR", 
   "ANDD", 
   "NOTUSED", 
   "ANDD", 
   "ANDD", 
   "ORR", 
   "ANDD", 
   "ANDD", 
   "ANDD", 
   "ANDD", 
   "ANDD", 
   "ANDD", 
   "ANDD", 
   "NOTUSED"
  ], 
  "2": [
   "NOTUSED", 
   "ANDD", 
   "ANDD", 
   "ANDD", 
   "ORR", 
   "NOTUSED", 
   "ORR", 
   "ANDD", 
   "ANDD", 
   "ORR", 
   "ANDD", 
   "NOTUSED", 
   "ORR", 
   "ANDD", 
   "ANDD"
  ], 
  "5": [
   "ORR", 
   "ANDD", 
   "NOTUSED", 
   "ANDD", 
   "ORR", 
   "NOTUSED", 
   "NOTUSED", 
   "NOTUSED", 
   "NOTUSED", 
   "ANDD", 
   "NOTUSED", 
   "ORR", 
   "ANDD", 
   "ANDD", 
   "ANDD"
  ], 
  "4": [
   "NOTUSED", 
   "ORR", 
   "ORR", 
   "ANDD", 
   "ANDD", 
   "ORR", 
   "ANDD", 
   "ANDD", 
   "ANDD", 
   "ORR", 
   "ORR", 
   "NOTUSED", 
   "ORR", 
   "ANDD", 
   "NOTUSED"
  ], 
  "7": [
   "NOTUSED", 
   "ANDD", 
   "ANDD", 
   "ANDD", 
   "ANDD", 
   "NOTUSED", 
   "NOTUSED", 
   "NOTUSED", 
   "ANDD", 
   "NOTUSED", 
   "NOTUSED", 
   "NOTUSED", 
   "ANDD", 
   "NOTUSED", 
   "NOTUSED"
  ], 
  "6": [
   "ORR", 
   "ANDD", 
   "ORR", 
   "ORR", 
   "ANDD", 
   "NOTUSED", 
   "ORR", 
   "NOTUSED", 
   "NOTUSED", 
   "ORR", 
   "ORR", 
   "NOTUSED", 
   "NOTUSED", 
   "ANDD", 
   "ANDD"
  ], 
  "9": [
   "NOTUSED", 
   "ORR", 
   "ORR", 
   "ANDD", 
   "ORR", 
   "ANDD", 
   "ORR", 
   "NOTUSED", 
   "ANDD", 
   "ORR", 
   "ORR", 
   "NOTUSED", 
   "NOTUSED", 
   "NOTUSED", 
   "NOTUSED"
  ], 
  "8": [
   "NOTUSED", 
   "ANDD", 
   "ANDD", 
   "ANDD", 
   "ANDD", 
   "NOTUSED", 
   "NOTUSED", 
   "ANDD", 
   "ORR", 
   "ANDD", 
   "ORR", 
   "ANDD", 
   "ORR", 
   "NOTUSED", 
   "NOTUSED"
  ]
 }
}