{
 "random_seed": 1153168114, 
 "PARAMETERS": {
  "RADIUS1": 761546.551, 
  "QUADS": 1, 
  "RADIUS2": 699842.89, 
  "DIST": 611455.779, 
  "F_PTS": 3, 
  "K_PTS": 21, 
  "EPSILON": 0.347, 
  "LENGTH1": 287119.831, 
  "G_PTS": 12, 
  "Q_PTS": 43, 
  "N_PTS": 30, 
  "C_PTS": 46, 
  "AREA2": 791441.018, 
  "LENGTH2": 527383.749, 
  "B_PTS": 10, 
  "D_PTS": 1, 
  "AREA1": 665982.05, 
  "A_PTS": 30, 
  "E_PTS": 13
 }, 
 "NUMPOINTS": 52, 
 "points": [
  [
   168273.472, 
   -580715.667
  ], 
  [
   -44074.18, 
   -95769.347
  ], 
  [
   629743.35, 
   617819.305
  ], 
  [
   429401.597, 
   -228911.915
  ], 
  [
   -141205.166, 
   -152906.099
  ], 
  [
   -451097.437, 
   767375.595
  ], 
  [
   387744.055, 
   197283.012
  ], 
  [
   -959299.164, 
   913624.542
  ], 
  [
   910225.164, 
   -736429.701
  ], 
  [
   250371.395, 
   215400.364
  ], 
  [
   128565.502, 
   -333476.228
  ], 
  [
   299922.77, 
   -207062.32
  ], 
  [
   -866405.599, 
   878390.228
  ], 
  [
   -814823.483, 
   351358.389
  ], 
  [
   828811.393, 
   -631776.002
  ], 
  [
   -425920.911, 
   426200.309
  ], 
  [
   456799.413, 
   -47300.042
  ], 
  [
   -600966.557, 
   -80614.447
  ], 
  [
   567549.636, 
   -31752.725
  ], 
  [
   -879437.101, 
   849252.62
  ], 
  [
   63870.815, 
   267543.69
  ], 
  [
   -298317.694, 
   -974510.476
  ], 
  [
   726167.29, 
   705592.963
  ], 
  [
   -868050.678, 
   -176046.708
  ], 
  [
   116594.392, 
   -814622.248
  ], 
  [
   -561092.644, 
   55838.21
  ], 
  [
   -397366.565, 
   323829.504
  ], 
  [
   -905955.881, 
   -580532.836
  ], 
  [
   -521533.148, 
   -281961.916
  ], 
  [
   433297.56, 
   -948789.175
  ], 
  [
   -825361.812, 
   687783.572
  ], 
  [
   -552254.993, 
   -742503.273
  ], 
  [
   258415.853, 
   448712.182
  ], 
  [
   894910.073, 
   580044.818
  ], 
  [
   41342.843, 
   -401151.485
  ], 
  [
   -563679.903, 
   74036.174
  ], 
  [
   -955521.81, 
   31230.846
  ], 
  [
   -955972.626, 
   -170085.129
  ], 
  [
   -635223.94, 
   20057.365
  ], 
  [
   918071.724, 
   -100505.53
  ], 
  [
   -936357.177, 
   419729.991
  ], 
  [
   596792.527, 
   544005.977
  ], 
  [
   -94565.434, 
   -85569.961
  ], 
  [
   -127238.604, 
   698298.954
  ], 
  [
   912624.549, 
   227686.437
  ], 
  [
   210901.365, 
   109641.309
  ], 
  [
   -262903.915, 
   -427459.544
  ], 
  [
   -619836.026, 
   308542.2
  ], 
  [
   695076.259, 
   -536086.153
  ], 
  [
   278557.087, 
   -29082.602
  ], 
  [
   -48277.042, 
   726549.749
  ], 
  [
   -283898.837, 
   510402.387
  ]
 ], 
 "PUV": [
  false, 
  false, 
  false, 
  false, 
  true, 
  false, 
  true, 
  true, 
  false, 
  true, 
  true, 
  true, 
  true, 
  true, 
  false
 ], 
 "LCM": {
  "11": [
   "ORR", 
   "NOTUSED", 
   "ORR", 
   "ANDD", 
   "ANDD", 
   "ANDD", 
   "ORR", 
   "ORR", 
   "ORR", 
   "ORR", 
   "ORR", 
   "NOTUSED", 
   "NOTUSED", 
   "NOTUSED", 
   "ANDD"
  ], 
  "10": [
   "ANDD", 
   "ORR", 
   "NOTUSED", 
   "ORR", 
   "ORR", 
   "ORR", 
   "ANDD", 
   "ANDD", 
   "ANDD", 
   "NOTUSED", 
   "NOTUSED", 
   "ORR", 
   "NOTUSED", 
   "ANDD", 
   "NOTUSED"
  ], 
  "13": [
   "ANDD", 
   "ANDD", 
   "ANDD", 
   "NOTUSED", 
   "ORR", 
   "ORR", 
   "ANDD", 
   "NOTUSED", 
   "NOTUSED", 
   "NOTUSED", 
   "ANDD", 
   "NOTUSED", 
   "NOTUSED", 
   "NOTUSED", 
   "ORR"
  ], 
  "12": [
   "ORR", 
   "ORR", 
   "ORR", 
   "NOTUSED", 
   "NOTUSED", 
   "ORR", 
   "ANDD", 
   "NOTUSED", 
   "ORR", 
   "ANDD", 
   "NOTUSED", 
   "NOTUSED", 
   "ORR", 
   "NOTUSED", 
   "NOTUSED"
  ], 
  "14": [
   "ANDD", 
   "ORR", 
   "ORR", 
   "ORR", 
   "NOTUSED", 
   "NOTUSED", 
   "ANDD", 
   "ANDD", 
   "ORR", 
   "ANDD", 
   "NOTUSED", 
   "ANDD", 
   "NOTUSED", 
   "ORR", 
   "NOTUSED"
  ], 
  "1": [
   "NOTUSED", 
   "NOTUSED", 
   "ORR", 
   "NOTUSED", 
   "ORR", 
   "ANDD", 
   "NOTUSED", 
   "ORR", 
   "NOTUSED", 
   "ANDD", 
   "ORR", 
   "NOTUSED", 
   "ORR", 
   "ANDD", 
   "ORR"
  ], 
  "0": [
   "ORR", 
   "NOTUSED", 
   "ORR", 
   "ANDD", 
   "NOTUSED", 
   "ORR", 
   "ORR", 
   "ORR", 
   "ORR", 
   "ANDD", 
   "ANDD", 
   "ORR", 
   "ORR", 
   "ANDD", 
   "ANDD"
  ], 
  "3": [
   "ANDD", 
   "NOTUSED", 
   "ORR", 
   "ANDD", 
   "ANDD", 
   "NOTUSED", 
   "NOTUSED", 
   "NOTUSED", 
   "ANDD", 
   "ORR", 
   "ORR", 
   "ANDD", 
   "NOTUSED", 
   "NOTUSED", 
   "ORR"
  ], 
  "2": [
   "ORR", 
   "ORR", 
   "ANDD", 
   "ORR", 
   "ORR", 
   "ORR", 
   "ANDD", 
   "NOTUSED", 
   "ORR", 
   "NOTUSED", 
   "NOTUSED", 
   "ORR", 
   "ORR", 
   "ANDD", 
   "ORR"
  ], 
  "5": [
   "ORR", 
   "ANDD", 
   "ORR", 
   "NOTUSED", 
   "ORR", 
   "ANDD", 
   "NOTUSED", 
   "ORR", 
   "ANDD", 
   "ANDD", 
   "ORR", 
   "ANDD", 
   "ORR", 
   "ORR", 
   "NOTUSED"
  ], 
  "4": [
   "NOTUSED", 
   "ORR", 
   "ORR", 
   "ANDD", 
   "ANDD", 
   "ORR", 
   "ORR", 
   "NOTUSED", 
   "ORR", 
   "ORR", 
   "ORR", 
   "ANDD", 
   "NOTUSED", 
   "ORR", 
   "NOTUSED"
  ], 
  "7": [
   "ORR", 
   "ORR", 
   "NOTUSED", 
   "NOTUSED", 
   "NOTUSED", 
   "ORR", 
   "ANDD", 
   "ANDD", 
   "ORR", 
   "ANDD", 
   "ANDD", 
   "ORR", 
   "NOTUSED", 
   "NOTUSED", 
   "ANDD"
  ], 
  "6": [
   "ORR", 
   "NOTUSED", 
   "ANDD", 
   "NOTUSED", 
   "ORR", 
   "NOTUSED", 
   "NOTUSED", 
   "ANDD", 
   "NOTUSED", 
   "ORR", 
   "ANDD", 
   "ORR", 
   "ANDD", 
   "ANDD", 
   "ANDD"
  ], 
  "9": [
   "ANDD", 
   "ANDD", 
   "NOTUSED", 
   "ORR", 
   "ORR", 
   "ANDD", 
   "ORR", 
   "ANDD", 
   "ORR", 
   "ANDD", 
   "NOTUSED", 
   "ORR", 
   "ANDD", 
   "NOTUSED", 
   "ANDD"
  ], 
  "8": [
   "ORR", 
   "NOTUSED", 
   "ORR", 
   "ANDD", 
   "ORR", 
   "ANDD", 
   "NOTUSED", 
   "ORR", 
   "NOTUSED", 
   "ORR", 
   "ANDD", 
   "ORR", 
   "ORR", 
   "NOTUSED", 
   "ORR"
  ]
 }
}