{
 "random_seed": 4082348828, 
 "PARAMETERS": {
  "RADIUS1": 618398.244, 
  "QUADS": 1, 
  "RADIUS2": 625475.89, 
  "DIST": 631741.165, 
  "F_PTS": 5, 
  "K_PTS": 12, 
  "EPSILON": 1.821, 
  "LENGTH1": 366624.066, 
  "G_PTS": 19, 
  "Q_PTS": 7, 
  "N_PTS": 5, 
  "C_PTS": 23, 
  "AREA2": 39596.198, 
  "LENGTH2": 416553.623, 
  "B_PTS": 7, 
  "D_PTS": 6, 
  "AREA1": 305967.838, 
  "A_PTS": 14, 
  "E_PTS": 7
 }, 
 "NUMPOINTS": 35, 
 "points": [
  [
   396870.429, 
   913691.114
  ], 
  [
   155245.785, 
   844475.867
  ], 
  [
   743668.402, 
   826331.998
  ], 
  [
   805592.88, 
   -201305.248
  ], 
  [
   -815597.076, 
   -764607.947
  ], 
  [
   -943626.198, 
   -56443.123
  ], 
  [
   822436.991, 
   -204021.995
  ], 
  [
   188890.256, 
   552384.709
  ], 
  [
   98528.619, 
   -354422.85
  ], 
  [
   349060.012, 
   950817.279
  ], 
  [
   691027.953, 
   563681.962
  ], 
  [
   78739.052, 
   674723.311
  ], 
  [
   -831638.633, 
   -598557.131
  ], 
  [
   -145740.806, 
   -712363.33
  ], 
  [
   501537.332, 
   321212.649
  ], 
  [
   101063.339, 
   645279.311
  ], 
  [
   -37569.665, 
   -911275.714
  ], 
  [
   -667872.728, 
   -164585.824
  ], 
  [
   850219.198, 
   -824453.803
  ], 
  [
   834119.25, 
   611215.761
  ], 
  [
   -904687.32, 
   -655938.28
  ], 
  [
   -806416.887, 
   115572.088
  ], 
  [
   -250840.401, 
   912643.4
  ], 
  [
   -175591.577, 
   491984.179
  ], 
  [
   -740358.139, 
   -893852.943
  ], 
  [
   497281.538, 
   414025.32
  ], 
  [
   840301.239, 
   54517.121
  ], 
  [
   -733249.29, 
   -255752.324
  ], 
  [
   -706171.595, 
   -476893.588
  ], 
  [
   37228.045, 
   -979516.417
  ], 
  [
   -180696.438, 
   -421838.719
  ], 
  [
   -535645.814, 
   -703167.241
  ], 
  [
   342816.59, 
   -837207.733
  ], 
  [
   90144.548, 
   974059.7
  ], 
  [
   -400001.038, 
   925224.84
  ]
 ], 
 "PUV": [
  false, 
  true, 
  false, 
  true, 
  true, 
  false, 
  false, 
  true, 
  false, 
  true, 
  false, 
  true, 
  false, 
  true, 
  true
 ], 
 "LCM": {
  "11": [
   "ANDD", 
   "NOTUSED", 
   "NOTUSED", 
   "ANDD", 
   "ORR", 
   "ANDD", 
   "ANDD", 
   "ORR", 
   "ORR", 
   "NOTUSED", 
   "ORR", 
   "NOTUSED", 
   "ORR", 
   "NOTUSED", 
   "ANDD"
  ], 
  "10": [
   "ANDD", 
   "ORR", 
   "NOTUSED", 
   "ORR", 
   "ORR", 
   "ANDD", 
   "ORR", 
   "NOTUSED", 
   "ORR", 
   "NOTUSED", 
   "NOTUSED", 
   "ORR", 
   "NOTUSED", 
   "NOTUSED", 
   "ORR"
  ], 
  "13": [
   "ORR", 
   "ORR", 
   "ORR", 
   "NOTUSED", 
   "ORR", 
   "ORR", 
   "ORR", 
   "ANDD", 
   "ORR", 
   "ORR", 
   "NOTUSED", 
   "NOTUSED", 
   "ANDD", 
   "ANDD", 
   "ORR"
  ], 
  "12": [
   "ANDD", 
   "ANDD", 
   "NOTUSED", 
   "NOTUSED", 
   "ANDD", 
   "ANDD", 
   "ORR", 
   "ORR", 
   "ANDD", 
   "ORR", 
   "NOTUSED", 
   "ORR", 
   "ORR", 
   "ANDD", 
   "ANDD"
  ], 
  "14": [
   "ANDD", 
   "ORR", 
   "NOTUSED", 
   "ORR", 
   "NOTUSED", 
   "ORR", 
   "ANDD", 
   "ANDD", 
   "ORR", 
   "ORR", 
   "ORR", 
   "ANDD", 
   "ANDD", 
   "ORR", 
   "ORR"
  ], 
  "1": [
   "ANDD", 
   "ANDD", 
   "ORR", 
   "ORR", 
   "ANDD", 
   "ORR", 
   "ORR", 
   "ANDD", 
   "ORR", 
   "ANDD", 
   "ORR", 
   "NOTUSED", 
   "ANDD", 
   "ORR", 
   "ORR"
  ], 
  "0": [
   "ANDD", 
   "ANDD", 
   "NOTUSED", 
   "ANDD", 
   "ORR", 
   "NOTUSED", 
   "NOTUSED", 
   "NOTUSED", 
   "NOTUSED", 
   "ORR", 
   "ANDD", 
   "ANDD", 
   "ANDD", 
   "ORR", 
   "ANDD"
  ], 
  "3": [
   "ANDD", 
   "ORR", 
   "ANDD", 
   "ANDD", 
   "ANDD", 
   "ANDD", 
   "NOTUSED", 
   "NOTUSED", 
   "NOTUSED", 
   "NOTUSED", 
   "ORR", 
   "ANDD", 
   "NOTUSED", 
   "NOTUSED", 
   "ORR"
  ], 
  "2": [
   "NOTUSED", 
   "ORR", 
   "ORR", 
   "ANDD", 
   "ANDD", 
   "ANDD", 
   "ANDD", 
   "NOTUSED", 
   "ANDD", 
   "ANDD", 
   "NOTUSED", 
   "NOTUSED", 
   "NOTUSED", 
   "ORR", 
   "NOTUSED"
  ], 
  "5": [
   "NOTUSED", 
   "ORR", 
   "ANDD", 
   "ANDD", 
   "NOTUSED", 
   "NOTUSED", 
   "ORR", 
   "ORR", 
   "ANDD", 
   "ORR", 
   "ANDD", 
   "ANDD", 
   "ANDD", 
   "ORR", 
   "ORR"
  ], 
  "4": [
   "ORR", 
   "ANDD", 
   "ANDD", 
   "ANDD", 
   "ORR", 
   "NOTUSED", 
   "NOTUSED", 
   "NOTUSED", 
   "ANDD", 
   "ANDD", 
   "ORR", 
   "ORR", 
   "ANDD", 
   "ORR", 
   "NOTUSED"
  ], 
  "7": [
   "NOTUSED", 
   "ANDD", 
   "NOTUSED", 
   "NOTUSED", 
   "NOTUSED", 
   "ORR", 
   "ORR", 
   "NOTUSED", 
   "ORR", 
   "NOTUSED", 
   "NOTUSED", 
   "ORR", 
   "ORR", 
   "ANDD", 
   "ANDD"
  ], 
  "6": [
   "NOTUSED", 
   "ORR", 
   "ANDD", 
   "NOTUSED", 
   "NOTUSED", 
   "ORR", 
   "ANDD", 
   "ORR", 
   "ORR", 
   "NOTUSED", 
   "ORR", 
   "ANDD", 
   "ORR", 
   "ORR", 
   "ANDD"
  ], 
  "9": [
   "ORR", 
   "ANDD", 
   "ANDD", 
   "NOTUSED", 
   "ANDD", 
   "ORR", 
   "NOTUSED", 
   "NOTUSED", 
   "ANDD", 
   "ORR", 
   "NOTUSED", 
   "NOTUSED", 
   "ORR", 
   "ORR", 
   "ORR"
  ], 
  "8": [
   "NOTUSED", 
   "ORR", 
   "ANDD", 
   "NOTUSED", 
   "ANDD", 
   "ANDD", 
   "ORR", 
   "ORR", 
   "ORR", 
   "ANDD", 
   "ORR", 
   "ORR", 
   "ANDD", 
   "ORR", 
   "ORR"
  ]
 }
}