{
 "random_seed": 3426485404, 
 "PARAMETERS": {
  "RADIUS1": 332193.524, 
  "QUADS": 3, 
  "RADIUS2": 806395.934, 
  "DIST": 295139.776, 
  "F_PTS": 13, 
  "K_PTS": 13, 
  "EPSILON": 2.454, 
  "LENGTH1": 668239.783, 
  "G_PTS": 12, 
  "Q_PTS": 12, 
  "N_PTS": 9, 
  "C_PTS": 16, 
  "AREA2": 944117.916, 
  "LENGTH2": 698411.922, 
  "B_PTS": 1, 
  "D_PTS": 3, 
  "AREA1": 319779.754, 
  "A_PTS": 17, 
  "E_PTS": 25
 }, 
 "NUMPOINTS": 48, 
 "points": [
  [
   -829963.277, 
   -66817.413
  ], 
  [
   -665571.756, 
   440827.325
  ], 
  [
   462028.507, 
   735691.883
  ], 
  [
   687524.828, 
   -6109.86
  ], 
  [
   -227705.758, 
   323244.856
  ], 
  [
   -691735.417, 
   29382.628
  ], 
  [
   -640612.985, 
   -481586.536
  ], 
  [
   556130.401, 
   -913672.752
  ], 
  [
   -216583.306, 
   -489201.56
  ], 
  [
   -84307.986, 
   -182741.761
  ], 
  [
   575005.435, 
   439079.263
  ], 
  [
   -20997.497, 
   526962.069
  ], 
  [
   82006.296, 
   -379432.24
  ], 
  [
   -685303.833, 
   -522770.735
  ], 
  [
   404094.547, 
   -203977.156
  ], 
  [
   -71213.614, 
   890812.301
  ], 
  [
   -939866.989, 
   -429908.181
  ], 
  [
   788772.95, 
   687349.242
  ], 
  [
   -951159.929, 
   363131.888
  ], 
  [
   3098.423, 
   484711.326
  ], 
  [
   889309.611, 
   550098.59
  ], 
  [
   123603.854, 
   272928.149
  ], 
  [
   379003.573, 
   715652.944
  ], 
  [
   910167.088, 
   -479540.027
  ], 
  [
   880003.01, 
   107746.992
  ], 
  [
   112422.622, 
   231172.166
  ], 
  [
   -550084.246, 
   89025.154
  ], 
  [
   -757502.713, 
   597207.421
  ], 
  [
   379366.039, 
   120279.221
  ], 
  [
   -275935.061, 
   -955487.407
  ], 
  [
   839458.161, 
   -600397.055
  ], 
  [
   658531.699, 
   -56928.979
  ], 
  [
   -324101.176, 
   -353089.893
  ], 
  [
   183938.64, 
   584031.331
  ], 
  [
   -837165.551, 
   155133.757
  ], 
  [
   -576279.997, 
   628165.69
  ], 
  [
   -599956.595, 
   -43728.736
  ], 
  [
   318888.775, 
   540347.949
  ], 
  [
   -997440.228, 
   -977621.768
  ], 
  [
   457866.502, 
   355562.337
  ], 
  [
   66303.28, 
   -502257.914
  ], 
  [
   195691.241, 
   -618688.906
  ], 
  [
   565296.868, 
   25816.675
  ], 
  [
   859507.237, 
   357679.162
  ], 
  [
   -176553.634, 
   592449.107
  ], 
  [
   107715.68, 
   435094.25
  ], 
  [
   971001.984, 
   -657790.311
  ], 
  [
   489596.617, 
   76551.222
  ]
 ], 
 "PUV": [
  true, 
  false, 
  false, 
  true, 
  true, 
  false, 
  true, 
  true, 
  false, 
  false, 
  true, 
  true, 
  true, 
  true, 
  false
 ], 
 "LCM": {
  "11": [
   "ORR", 
   "ORR", 
   "ANDD", 
   "ANDD", 
   "ORR", 
   "NOTUSED", 
   "ORR", 
   "ORR", 
   "NOTUSED", 
   "NOTUSED", 
   "ANDD", 
   "ANDD", 
   "ORR", 
   "NOTUSED", 
   "NOTUSED"
  ], 
  "10": [
   "ORR", 
   "NOTUSED", 
   "ANDD", 
   "NOTUSED", 
   "ANDD", 
   "ORR", 
   "NOTUSED", 
   "ORR", 
   "NOTUSED", 
   "NOTUSED", 
   "NOTUSED", 
   "ANDD", 
   "ORR", 
   "ANDD", 
   "ANDD"
  ], 
  "13": [
   "NOTUSED", 
   "ORR", 
   "ANDD", 
   "ORR", 
   "ANDD", 
   "ORR", 
   "NOTUSED", 
   "ANDD", 
   "ANDD", 
   "NOTUSED", 
   "ANDD", 
   "NOTUSED", 
   "ORR", 
   "NOTUSED", 
   "ORR"
  ], 
  "12": [
   "ORR", 
   "NOTUSED", 
   "NOTUSED", 
   "NOTUSED", 
   "ORR", 
   "ORR", 
   "ANDD", 
   "ANDD", 
   "ORR", 
   "NOTUSED", 
   "ORR", 
   "ORR", 
   "ORR", 
   "ORR", 
   "ORR"
  ], 
  "14": [
   "NOTUSED", 
   "ORR", 
   "ORR", 
   "NOTUSED", 
   "NOTUSED", 
   "ORR", 
   "ANDD", 
   "ORR", 
   "ORR", 
   "ORR", 
   "ANDD", 
   "NOTUSED", 
   "ORR", 
   "ORR", 
   "NOTUSED"
  ], 
  "1": [
   "ORR", 
   "ORR", 
   "NOTUSED", 
   "ORR", 
   "ANDD", 
   "ANDD", 
   "ANDD", 
   "NOTUSED", 
   "NOTUSED", 
   "NOTUSED", 
   "NOTUSED", 
   "ORR", 
   "NOTUSED", 
   "ORR", 
   "ORR"
  ], 
  "0": [
   "ORR", 
   "ORR", 
   "ORR", 
   "ORR", 
   "ORR", 
   "ORR", 
   "NOTUSED", 
   "ORR", 
   "ORR", 
   "ORR", 
   "ORR", 
   "ORR", 
   "ORR", 
   "NOTUSED", 
   "NOTUSED"
  ], 
  "3": [
   "ORR", 
   "ORR", 
   "ORR", 
   "ANDD", 
   "NOTUSED", 
   "ANDD", 
   "NOTUSED", 
   "NOTUSED", 
   "ORR", 
   "ANDD", 
   "NOTUSED", 
   "ANDD", 
   "NOTUSED", 
   "ORR", 
   "NOTUSED"
  ], 
  "2": [
   "ORR", 
   "NOTUSED", 
   "ANDD", 
   "ORR", 
   "ORR", 
   "ANDD", 
   "ANDD", 
   "NOTUSED", 
   "ANDD", 
   "NOTUSED", 
   "ANDD", 
   "ANDD", 
   "NOTUSED", 
   "ANDD", 
   "ORR"
  ], 
  "5": [
   "ORR", 
   "ANDD", 
   "ANDD", 
   "ANDD", 
   "ORR", 
   "ORR", 
   "ORR", 
   "ANDD", 
   "ORR", 
   "NOTUSED", 
   "ORR", 
   "NOTUSED", 
   "ORR", 
   "ORR", 
   "ORR"
  ], 
  "4": [
   "ORR", 
   "ANDD", 
   "ORR", 
   "NOTUSED", 
   "NOTUSED", 
   "ORR", 
   "ANDD", 
   "ORR", 
   "ORR", 
   "NOTUSED", 
   "ANDD", 
   "ORR", 
   "ORR", 
   "ANDD", 
   "NOTUSED"
  ], 
  "7": [
   "ORR", 
   "NOTUSED", 
   "NOTUSED", 
   "NOTUSED", 
   "ORR", 
   "ANDD", 
   "ORR", 
   "NOTUSED", 
   "ORR", 
   "ORR", 
   "ORR", 
   "ORR", 
   "ANDD", 
   "ANDD", 
   "ORR"
  ], 
  "6": [
   "NOTUSED", 
   "ANDD", 
   "ANDD", 
   "NOTUSED", 
   "ANDD", 
   "ORR", 
   "ANDD", 
   "ORR", 
   "ORR", 
   "ORR", 
   "NOTUSED", 
   "ORR", 
   "ANDD", 
   "NOTUSED", 
   "ANDD"
  ], 
  "9": [
   "ORR", 
   "NOTUSED", 
   "NOTUSED", 
   "ANDD", 
   "NOTUSED", 
   "NOTUSED", 
   "ORR", 
   "ORR", 
   "NOTUSED", 
   "ANDD", 
   "NOTUSED", 
   "NOTUSED", 
   "NOTUSED", 
   "NOTUSED", 
   "ORR"
  ], 
  "8": [
   "ORR", 
   "NOTUSED", 
   "ANDD", 
   "ORR", 
   "ORR", 
   "ORR", 
   "ORR", 
   "ORR", 
   "ANDD", 
   "NOTUSED", 
   "NOTUSED", 
   "NOTUSED", 
   "ORR", 
   "ANDD", 
   "ORR"
  ]
 }
}