{
 "random_seed": 634231872, 
 "PARAMETERS": {
  "RADIUS1": 743270.661, 
  "QUADS": 2, 
  "RADIUS2": 466906.037, 
  "DIST": 980254.604, 
  "F_PTS": 31, 
  "K_PTS": 32, 
  "EPSILON": 1.26, 
  "LENGTH1": 805361.995, 
  "G_PTS": 48, 
  "Q_PTS": 50, 
  "N_PTS": 36, 
  "C_PTS": 10, 
  "AREA2": 397500.048, 
  "LENGTH2": 70935.465, 
  "B_PTS": 46, 
  "D_PTS": 58, 
  "AREA1": 609582.857, 
  "A_PTS": 6, 
  "E_PTS": 5
 }, 
 "NUMPOINTS": 73, 
 "points": [
  [
   121023.846, 
   275558.072
  ], 
  [
   -284442.985, 
   898655.374
  ], 
  [
   497848.282, 
   -1502.387
  ], 
  [
   -932894.678, 
   -988681.751
  ], 
  [
   -721944.426, 
   -838236.397
  ], 
  [
   -330723.847, 
   891804.649
  ], 
  [
   196322.406, 
   806587.667
  ], 
  [
   -368278.03, 
   -909819.68
  ], 
  [
   -287213.153, 
   661074.957
  ], 
  [
   40561.414, 
   -403561.668
  ], 
  [
   -675000.258, 
   198158.406
  ], 
  [
   320997.519, 
   345767.792
  ], 
  [
   905258.479, 
   -203150.846
  ], 
  [
   739021.578, 
   154796.104
  ], 
  [
   -7292.195, 
   -640278.857
  ], 
  [
   -716826.565, 
   -765131.37
  ], 
  [
   401494.178, 
   545531.246
  ], 
  [
   -103555.895, 
   -41017.581
  ], 
  [
   938378.925, 
   -51478.799
  ], 
  [
   -16520.377, 
   611318.675
  ], 
  [
   -81484.336, 
   864445.578
  ], 
  [
   -234033.401, 
   -377073.417
  ], 
  [
   -393236.642, 
   823672.579
  ], 
  [
   583914.238, 
   223125.604
  ], 
  [
   -249997.481, 
   367481.923
  ], 
  [
   612056.048, 
   60919.857
  ], 
  [
   -377458.863, 
   -894701.014
  ], 
  [
   -162391.157, 
   355136.628
  ], 
  [
   -146774.903, 
   300557.26
  ], 
  [
   234840.647, 
   -305635.8
  ], 
  [
   -715650.264, 
   204346.022
  ], 
  [
   -230603.388, 
   249790.446
  ], 
  [
   440263.445, 
   937284.353
  ], 
  [
   -679913.951, 
   950646.484
  ], 
  [
   575134.328, 
   -430937.114
  ], 
  [
   -626994.609, 
   -348284.499
  ], 
  [
   964448.057, 
   -106430.47
  ], 
  [
   -322331.977, 
   -35645.401
  ], 
  [
   197541.076, 
   760563.24
  ], 
  [
   -317026.701, 
   -6372.54
  ], 
  [
   -137389.183, 
   730751.308
  ], 
  [
   -115338.266, 
   747712.908
  ], 
  [
   -580711.346, 
   830024.998
  ], 
  [
   -588.759, 
   -55240.462
  ], 
  [
   -652162.13, 
   -83089.705
  ], 
  [
   834810.028, 
   635833.132
  ], 
  [
   -822335.017, 
   -412175.678
  ], 
  [
   959334.897, 
   102564.773
  ], 
  [
   -160856.801, 
   -821451.608
  ], 
  [
   391127.214, 
   -143358.693
  ], 
  [
   -583022.334, 
   -776783.13
  ], 
  [
   -861010.334, 
   774951.842
  ], 
  [
   827433.836, 
   -704493.8
  ], 
  [
   -502085.758, 
   319301.95
  ], 
  [
   767517.038, 
   335688.519
  ], 
  [
   105694.367, 
   613346.826
  ], 
  [
   -776106.697, 
   -248701.065
  ], 
  [
   747927.539, 
   -183237.2
  ], 
  [
   -679766.75, 
   -353962.207
  ], 
  [
   426206.102, 
   789134.621
  ], 
  [
   -192157.777, 
   178048.071
  ], 
  [
   -895024.53, 
   -371801.617
  ], 
  [
   924725.229, 
   931380.561
  ], 
  [
   859973.545, 
   -702897.955
  ], 
  [
   218103.29, 
   -751941.123
  ], 
  [
   97519.329, 
   509374.47
  ], 
  [
   -835335.008, 
   612585.432
  ], 
  [
   -311916.549, 
   -728081.331
  ], 
  [
   -306439.721, 
   -975947.055
  ], 
  [
   -690852.497, 
   -807494.211
  ], 
  [
   871260.545, 
   167779.63
  ], 
  [
   -573071.127, 
   -731648.537
  ], 
  [
   555104.422, 
   646230.314
  ]
 ], 
 "PUV": [
  false, 
  false, 
  true, 
  true, 
  true, 
  false, 
  false, 
  false, 
  false, 
  false, 
  true, 
  false, 
  true, 
  false, 
  true
 ], 
 "LCM": {
  "11": [
   "NOTUSED", 
   "ORR", 
   "ORR", 
   "NOTUSED", 
   "ORR", 
   "ORR", 
   "ORR", 
   "NOTUSED", 
   "ORR", 
   "ORR", 
   "ANDD", 
   "ANDD", 
   "ANDD", 
   "ORR", 
   "NOTUSED"
  ], 
  "10": [
   "ANDD", 
   "ANDD", 
   "ANDD", 
   "NOTUSED", 
   "ORR", 
   "ANDD", 
   "ANDD", 
   "ANDD", 
   "ORR", 
   "NOTUSED", 
   "ANDD", 
   "ANDD", 
   "ORR", 
   "ORR", 
   "ANDD"
  ], 
  "13": [
   "ORR", 
   "ANDD", 
   "ANDD", 
   "NOTUSED", 
   "ORR", 
   "NOTUSED", 
   "ORR", 
   "NOTUSED", 
   "NOTUSED", 
   "NOTUSED", 
   "ORR", 
   "ORR", 
   "NOTUSED", 
   "ORR", 
   "ANDD"
  ], 
  "12": [
   "ANDD", 
   "ANDD", 
   "ORR", 
   "NOTUSED", 
   "NOTUSED", 
   "NOTUSED", 
   "ORR", 
   "ANDD", 
   "ORR", 
   "NOTUSED", 
   "ORR", 
   "ANDD", 
   "NOTUSED", 
   "NOTUSED", 
   "ORR"
  ], 
  "14": [
   "ANDD", 
   "ANDD", 
   "ORR", 
   "ANDD", 
   "NOTUSED", 
   "ANDD", 
   "ANDD", 
   "ORR", 
   "NOTUSED", 
   "ORR", 
   "ANDD", 
   "NOTUSED", 
   "ORR", 
   "ANDD", 
   "ORR"
  ], 
  "1": [
   "NOTUSED", 
   "ANDD", 
   "ORR", 
   "ANDD", 
   "NOTUSED", 
   "ANDD", 
   "ANDD", 
   "ORR", 
   "NOTUSED", 
   "ORR", 
   "ANDD", 
   "ORR", 
   "ANDD", 
   "ANDD", 
   "ANDD"
  ], 
  "0": [
   "ORR", 
   "NOTUSED", 
   "ANDD", 
   "NOTUSED", 
   "ANDD", 
   "NOTUSED", 
   "NOTUSED", 
   "NOTUSED", 
   "ANDD", 
   "ORR", 
   "ANDD", 
   "NOTUSED", 
   "ANDD", 
   "ORR", 
   "ANDD"
  ], 
  "3": [
   "NOTUSED", 
   "ANDD", 
   "NOTUSED", 
   "ORR", 
   "ORR", 
   "NOTUSED", 
   "ORR", 
   "NOTUSED", 
   "ORR", 
   "ANDD", 
   "NOTUSED", 
   "NOTUSED", 
   "NOTUSED", 
   "NOTUSED", 
   "ANDD"
  ], 
  "2": [
   "ANDD", 
   "ORR", 
   "ANDD", 
   "NOTUSED", 
   "ANDD", 
   "NOTUSED", 
   "ANDD", 
   "ORR", 
   "ANDD", 
   "ANDD", 
   "ANDD", 
   "ORR", 
   "ORR", 
   "ANDD", 
   "ORR"
  ], 
  "5": [
   "NOTUSED", 
   "ANDD", 
   "NOTUSED", 
   "NOTUSED", 
   "NOTUSED", 
   "ANDD", 
   "NOTUSED", 
   "ORR", 
   "ORR", 
   "ANDD", 
   "ANDD", 
   "ORR", 
   "NOTUSED", 
   "NOTUSED", 
   "ANDD"
  ], 
  "4": [
   "ANDD", 
   "NOTUSED", 
   "ANDD", 
   "ORR", 
   "ORR", 
   "NOTUSED", 
   "ORR", 
   "NOTUSED", 
   "ORR", 
   "NOTUSED", 
   "ORR", 
   "ORR", 
   "NOTUSED", 
   "ORR", 
   "NOTUSED"
  ], 
  "7": [
   "NOTUSED", 
   "ORR", 
   "ORR", 
   "NOTUSED", 
   "NOTUSED", 
   "ORR", 
   "ANDD", 
   "NOTUSED", 
   "ORR", 
   "NOTUSED", 
   "ANDD", 
   "NOTUSED", 
   "ANDD", 
   "NOTUSED", 
   "ORR"
  ], 
  "6": [
   "NOTUSED", 
   "ANDD", 
   "ANDD", 
   "ORR", 
   "ORR", 
   "NOTUSED", 
   "ANDD", 
   "ANDD", 
   "NOTUSED", 
   "ANDD", 
   "ANDD", 
   "ORR", 
   "ORR", 
   "ORR", 
   "ANDD"
  ], 
  "9": [
   "ORR", 
   "ORR", 
   "ANDD", 
   "ANDD", 
   "NOTUSED", 
   "ANDD", 
   "ANDD", 
   "NOTUSED", 
   "ANDD", 
   "NOTUSED", 
   "NOTUSED", 
   "ORR", 
   "NOTUSED", 
   "NOTUSED", 
   "ORR"
  ], 
  "8": [
   "ANDD", 
   "NOTUSED", 
   "ANDD", 
   "ORR", 
   "ORR", 
   "ORR", 
   "NOTUSED", 
   "ORR", 
   "ORR", 
   "ANDD", 
   "ORR", 
   "ORR", 
   "ORR", 
   "NOTUSED", 
   "NOTUSED"
  ]
 }
}