{
 "random_seed": 3894457928, 
 "PARAMETERS": {
  "RADIUS1": 414576.443, 
  "QUADS": 3, 
  "RADIUS2": 421859.004, 
  "DIST": 364517.129, 
  "F_PTS": 12, 
  "K_PTS": 51, 
  "EPSILON": 3.14, 
  "LENGTH1": 725909.479, 
  "G_PTS": 17, 
  "Q_PTS": 13, 
  "N_PTS": 57, 
  "C_PTS": 29, 
  "AREA2": 445074.891, 
  "LENGTH2": 467564.117, 
  "B_PTS": 7, 
  "D_PTS": 22, 
  "AREA1": 866596.122, 
  "A_PTS": 17, 
  "E_PTS": 6
 }, 
 "NUMPOINTS": 63, 
 "points": [
  [
   -460317.748, 
   -449726.848
  ], 
  [
   -464476.134, 
   650611.255
  ], 
  [
   -50008.568, 
   717104.165
  ], 
  [
   589684.616, 
   -852326.036
  ], 
  [
   83044.104, 
   654259.783
  ], 
  [
   -738967.481, 
   -933610.236
  ], 
  [
   -121315.223, 
   714707.288
  ], 
  [
   729063.195, 
   -391462.864
  ], 
  [
   -54428.344, 
   646495.844
  ], 
  [
   864669.204, 
   685761.311
  ], 
  [
   -310996.573, 
   31111.888
  ], 
  [
   -537690.601, 
   588283.315
  ], 
  [
   381336.295, 
   -873332.152
  ], 
  [
   209137.462, 
   -928325.758
  ], 
  [
   -599819.944, 
   -820112.954
  ], 
  [
   -422673.577, 
   -612424.436
  ], 
  [
   462626.883, 
   -521382.526
  ], 
  [
   820989.463, 
   -744198.257
  ], 
  [
   -5409.697, 
   361435.046
  ], 
  [
   810122.682, 
   -435271.536
  ], 
  [
   102685.897, 
   -856620.367
  ], 
  [
   29139.32, 
   218596.17
  ], 
  [
   419922.937, 
   -990044.095
  ], 
  [
   -655196.318, 
   224236.55
  ], 
  [
   -171236.778, 
   294916.531
  ], 
  [
   -907635.75, 
   491812.223
  ], 
  [
   161181.045, 
   120679.073
  ], 
  [
   -767495.503, 
   374006.095
  ], 
  [
   600299.13, 
   810540.162
  ], 
  [
   -210502.821, 
   449332.508
  ], 
  [
   329941.111, 
   -155012.047
  ], 
  [
   725959.863, 
   964380.183
  ], 
  [
   -776968.655, 
   630726.484
  ], 
  [
   -71878.485, 
   -429182.385
  ], 
  [
   5014.191, 
   -697051.08
  ], 
  [
   226926.649, 
   694854.751
  ], 
  [
   62584.387, 
   -431590.097
  ], 
  [
   812418.699, 
   -279433.612
  ], 
  [
   -976167.5, 
   694821.865
  ], 
  [
   224431.049, 
   918599.181
  ], 
  [
   -714838.271, 
   -887799.768
  ], 
  [
   393864.477, 
   -165945.745
  ], 
  [
   233772.271, 
   -305714.41
  ], 
  [
   -685929.528, 
   470500.094
  ], 
  [
   -797567.171, 
   -232209.251
  ], 
  [
   754724.672, 
   97442.664
  ], 
  [
   -544031.423, 
   -934454.32
  ], 
  [
   -439205.9, 
   -426719.186
  ], 
  [
   -922787.827, 
   173236.829
  ], 
  [
   56240.63, 
   230749.185
  ], 
  [
   953278.004, 
   673216.493
  ], 
  [
   167852.192, 
   947207.648
  ], 
  [
   -618226.113, 
   -228622.344
  ], 
  [
   -341102.125, 
   -463008.062
  ], 
  [
   654800.01, 
   -557515.836
  ], 
  [
   909466.067, 
   -601958.809
  ], 
  [
   -211523.669, 
   752942.058
  ], 
  [
   588721.083, 
   614901.105
  ], 
  [
   -526776.769, 
   -873336.757
  ], 
  [
   -649103.992, 
   804683.119
  ], 
  [
   -395579.681, 
   723503.181
  ], 
  [
   925556.233, 
   -927110.462
  ], 
  [
   367159.617, 
   -505119.941
  ]
 ], 
 "PUV": [
  false, 
  true, 
  true, 
  true, 
  false, 
  true, 
  true, 
  true, 
  false, 
  true, 
  true, 
  true, 
  false, 
  true, 
  true
 ], 
 "LCM": {
  "11": [
   "ANDD", 
   "ORR", 
   "ORR", 
   "ANDD", 
   "NOTUSED", 
   "ANDD", 
   "ORR", 
   "ORR", 
   "ORR", 
   "NOTUSED", 
   "ANDD", 
   "ORR", 
   "ANDD", 
   "ANDD", 
   "NOTUSED"
  ], 
  "10": [
   "NOTUSED", 
   "ANDD", 
   "ANDD", 
   "ORR", 
   "ORR", 
   "ANDD", 
   "ANDD", 
   "NOTUSED", 
   "NOTUSED", 
   "NOTUSED", 
   "NOTUSED", 
   "ANDD", 
   "ORR", 
   "NOTUSED", 
   "ANDD"
  ], 
  "13": [
   "ANDD", 
   "ANDD", 
   "ANDD", 
   "ANDD", 
   "ORR", 
   "ORR", 
   "NOTUSED", 
   "ORR", 
   "ANDD", 
   "NOTUSED", 
   "NOTUSED", 
   "ANDD", 
   "ORR", 
   "ANDD", 
   "NOTUSED"
  ], 
  "12": [
   "ORR", 
   "ORR", 
   "ORR", 
   "NOTUSED", 
   "ORR", 
   "NOTUSED", 
   "ORR", 
   "ANDD", 
   "ORR", 
   "ORR", 
   "ORR", 
   "ANDD", 
   "ORR", 
   "ORR", 
   "ANDD"
  ], 
  "14": [
   "ORR", 
   "ANDD", 
   "ORR", 
   "NOTUSED", 
   "NOTUSED", 
   "ANDD", 
   "NOTUSED", 
   "ANDD", 
   "ANDD", 
   "ORR", 
   "ANDD", 
   "NOTUSED", 
   "ANDD", 
   "NOTUSED", 
   "ORR"
  ], 
  "1": [
   "ORR", 
   "NOTUSED", 
   "ANDD", 
   "ORR", 
   "ORR", 
   "NOTUSED", 
   "ANDD", 
   "NOTUSED", 
   "ORR", 
   "ANDD", 
   "ANDD", 
   "ORR", 
   "ORR", 
   "ANDD", 
   "ANDD"
  ], 
  "0": [
   "ORR", 
   "ORR", 
   "ANDD", 
   "ANDD", 
   "NOTUSED", 
   "ANDD", 
   "ANDD", 
   "ORR", 
   "NOTUSED", 
   "NOTUSED", 
   "NOTUSED", 
   "ANDD", 
   "ORR", 
   "ANDD", 
   "ORR"
  ], 
  "3": [
   "ANDD", 
   "ORR", 
   "ORR", 
   "ORR", 
   "ANDD", 
   "NOTUSED", 
   "ANDD", 
   "NOTUSED", 
   "ANDD", 
   "ANDD", 
   "ORR", 
   "ANDD", 
   "NOTUSED", 
   "ANDD", 
   "NOTUSED"
  ], 
  "2": [
   "ANDD", 
   "ANDD", 
   "ANDD", 
   "ORR", 
   "ANDD", 
   "ANDD", 
   "NOTUSED", 
   "NOTUSED", 
   "NOTUSED", 
   "NOTUSED", 
   "ANDD", 
   "ORR", 
   "ORR", 
   "ANDD", 
   "ORR"
  ], 
  "5": [
   "ANDD", 
   "NOTUSED", 
   "ANDD", 
   "NOTUSED", 
   "ORR", 
   "ORR", 
   "ANDD", 
   "NOTUSED", 
   "ORR", 
   "NOTUSED", 
   "ANDD", 
   "ANDD", 
   "NOTUSED", 
   "ORR", 
   "ANDD"
  ], 
  "4": [
   "NOTUSED", 
   "ORR", 
   "ANDD", 
   "ANDD", 
   "ANDD", 
   "ORR", 
   "ANDD", 
   "ORR", 
   "ORR", 
   "NOTUSED", 
   "ORR", 
   "NOTUSED", 
   "ORR", 
   "ORR", 
   "NOTUSED"
  ], 
  "7": [
   "ORR", 
   "NOTUSED", 
   "NOTUSED", 
   "NOTUSED", 
   "ORR", 
   "NOTUSED", 
   "NOTUSED", 
   "ANDD", 
   "ORR", 
   "ORR", 
   "NOTUSED", 
   "ORR", 
   "ANDD", 
   "ORR", 
   "ANDD"
  ], 
  "6": [
   "ANDD", 
   "ANDD", 
   "NOTUSED", 
   "ANDD", 
   "ANDD", 
   "ANDD", 
   "ANDD", 
   "NOTUSED", 
   "ANDD", 
   "ORR", 
   "ANDD", 
   "ORR", 
   "ORR", 
   "NOTUSED", 
   "NOTUSED"
  ], 
  "9": [
   "NOTUSED", 
   "ANDD", 
   "NOTUSED", 
   "ANDD", 
   "NOTUSED", 
   "NOTUSED", 
   "ORR", 
   "ORR", 
   "ORR", 
   "ANDD", 
   "NOTUSED", 
   "NOTUSED", 
   "ORR", 
   "NOTUSED", 
   "ORR"
  ], 
  "8": [
   "NOTUSED", 
   "ORR", 
   "NOTUSED", 
   "ANDD", 
   "ORR", 
   "ORR", 
   "ANDD", 
   "ORR", 
   "ANDD", 
   "ORR", 
   "NOTUSED", 
   "ORR", 
   "ORR", 
   "ANDD", 
   "ANDD"
  ]
 }
}