{
 "random_seed": 2649655872, 
 "PARAMETERS": {
  "RADIUS1": 175199.408, 
  "QUADS": 2, 
  "RADIUS2": 240966.633, 
  "DIST": 483135.418, 
  "F_PTS": 17, 
  "K_PTS": 37, 
  "EPSILON": 3.014, 
  "LENGTH1": 868597.489, 
  "G_PTS": 42, 
  "Q_PTS": 15, 
  "N_PTS": 44, 
  "C_PTS": 15, 
  "AREA2": 705264.547, 
  "LENGTH2": 92129.074, 
  "B_PTS": 15, 
  "D_PTS": 3, 
  "AREA1": 654484.855, 
  "A_PTS": 3, 
  "E_PTS": 18
 }, 
 "NUMPOINTS": 45, 
 "points": [
  [
   -279597.357, 
   699607.56
  ], 
  [
   -270937.457, 
   384643.224
  ], 
  [
   -935553.778, 
   -143892.258
  ], 
  [
   -551067.734, 
   -11647.226
  ], 
  [
   -7854.172, 
   -753974.049
  ], 
  [
   -368688.566, 
   -754820.127
  ], 
  [
   722958.038, 
   -146342.726
  ], 
  [
   163237.554, 
   704710.446
  ], 
  [
   -42158.694, 
   619489.852
  ], 
  [
   -577571.908, 
   -694165.003
  ], 
  [
   371320.097, 
   873853.261
  ], 
  [
   352701.843, 
   -647226.731
  ], 
  [
   50917.388, 
   -849803.747
  ], 
  [
   -302220.311, 
   -610214.117
  ], 
  [
   40872.005, 
   -583756.097
  ], 
  [
   140046.224, 
   562712.107
  ], 
  [
   -981516.72, 
   459125.596
  ], 
  [
   668188.23, 
   -241508.52
  ], 
  [
   479348.356, 
   -914858.108
  ], 
  [
   929468.412, 
   -592993.398
  ], 
  [
   -200515.661, 
   -237608.817
  ], 
  [
   -154396.448, 
   42567.449
  ], 
  [
   -937645.084, 
   495711.989
  ], 
  [
   815230.995, 
   -151810.583
  ], 
  [
   552855.478, 
   -991518.619
  ], 
  [
   903069.444, 
   -20730.881
  ], 
  [
   311202.53, 
   -741975.048
  ], 
  [
   -914665.887, 
   -302006.395
  ], 
  [
   -702193.759, 
   -392544.744
  ], 
  [
   772162.301, 
   -987446.691
  ], 
  [
   -603292.619, 
   -411309.245
  ], 
  [
   -501593.913, 
   962705.056
  ], 
  [
   428271.32, 
   -333729.912
  ], 
  [
   45707.826, 
   719644.936
  ], 
  [
   224449.149, 
   227190.277
  ], 
  [
   737451.918, 
   -329443.375
  ], 
  [
   394089.036, 
   489433.377
  ], 
  [
   245596.104, 
   -97157.39
  ], 
  [
   -280304.864, 
   -943042.97
  ], 
  [
   9027.16, 
   681375.671
  ], 
  [
   -681394.516, 
   -444232.56
  ], 
  [
   431991.052, 
   -43609.142
  ], 
  [
   159292.301, 
   -189705.075
  ], 
  [
   998023.944, 
   955685.556
  ], 
  [
   -639721.533, 
   -407894.352
  ]
 ], 
 "PUV": [
  false, 
  false, 
  false, 
  false, 
  true, 
  false, 
  false, 
  true, 
  true, 
  false, 
  false, 
  false, 
  true, 
  false, 
  false
 ], 
 "LCM": {
  "11": [
   "ORR", 
   "NOTUSED", 
   "ORR", 
   "ANDD", 
   "NOTUSED", 
   "NOTUSED", 
   "ANDD", 
   "NOTUSED", 
   "ORR", 
   "ANDD", 
   "NOTUSED", 
   "NOTUSED", 
   "ANDD", 
   "ANDD", 
   "ORR"
  ], 
  "10": [
   "ANDD", 
   "ORR", 
   "ORR", 
   "NOTUSED", 
   "ORR", 
   "NOTUSED", 
   "ORR", 
   "NOTUSED", 
   "ORR", 
   "NOTUSED", 
   "NOTUSED", 
   "NOTUSED", 
   "NOTUSED", 
   "ORR", 
   "NOTUSED"
  ], 
  "13": [
   "ANDD", 
   "NOTUSED", 
   "ANDD", 
   "NOTUSED", 
   "ORR", 
   "ORR", 
   "ORR", 
   "NOTUSED", 
   "ORR", 
   "ANDD", 
   "ORR", 
   "ANDD", 
   "NOTUSED", 
   "NOTUSED", 
   "ANDD"
  ], 
  "12": [
   "ANDD", 
   "NOTUSED", 
   "ORR", 
   "NOTUSED", 
   "ORR", 
   "ANDD", 
   "ORR", 
   "ANDD", 
   "NOTUSED", 
   "ORR", 
   "NOTUSED", 
   "ANDD", 
   "NOTUSED", 
   "NOTUSED", 
   "NOTUSED"
  ], 
  "14": [
   "ORR", 
   "ANDD", 
   "ORR", 
   "NOTUSED", 
   "NOTUSED", 
   "ANDD", 
   "NOTUSED", 
   "ORR", 
   "NOTUSED", 
   "ORR", 
   "NOTUSED", 
   "ORR", 
   "NOTUSED", 
   "ANDD", 
   "ORR"
  ], 
  "1": [
   "ANDD", 
   "ANDD", 
   "ORR", 
   "NOTUSED", 
   "NOTUSED", 
   "ORR", 
   "ORR", 
   "ORR", 
   "NOTUSED", 
   "ANDD", 
   "ORR", 
   "NOTUSED", 
   "NOTUSED", 
   "NOTUSED", 
   "ANDD"
  ], 
  "0": [
   "ANDD", 
   "ANDD", 
   "NOTUSED", 
   "ANDD", 
   "NOTUSED", 
   "ORR", 
   "NOTUSED", 
   "ANDD", 
   "NOTUSED", 
   "NOTUSED", 
   "ANDD", 
   "ORR", 
   "ANDD", 
   "ANDD", 
   "ORR"
  ], 
  "3": [
   "ANDD", 
   "NOTUSED", 
   "NOTUSED", 
   "ANDD", 
   "ORR", 
   "ORR", 
   "ORR", 
   "ORR", 
   "ANDD", 
   "ANDD", 
   "NOTUSED", 
   "ANDD", 
   "NOTUSED", 
   "NOTUSED", 
   "NOTUSED"
  ], 
  "2": [
   "NOTUSED", 
   "ORR", 
   "NOTUSED", 
   "NOTUSED", 
   "ANDD", 
   "ANDD", 
   "NOTUSED", 
   "NOTUSED", 
   "ORR", 
   "ANDD", 
   "ORR", 
   "ORR", 
   "ORR", 
   "ANDD", 
   "ORR"
  ], 
  "5": [
   "ORR", 
   "ORR", 
   "ANDD", 
   "ORR", 
   "ORR", 
   "ANDD", 
   "NOTUSED", 
   "NOTUSED", 
   "ORR", 
   "ANDD", 
   "NOTUSED", 
   "NOTUSED", 
   "ANDD", 
   "ORR", 
   "ANDD"
  ], 
  "4": [
   "NOTUSED", 
   "NOTUSED", 
   "ANDD", 
   "ORR", 
   "ORR", 
   "ORR", 
   "ANDD", 
   "ORR", 
   "NOTUSED", 
   "NOTUSED", 
   "ORR", 
   "NOTUSED", 
   "ORR", 
   "ORR", 
   "NOTUSED"
  ], 
  "7": [
   "ANDD", 
   "ORR", 
   "NOTUSED", 
   "ORR", 
   "ORR", 
   "NOTUSED", 
   "NOTUSED", 
   "NOTUSED", 
   "ORR", 
   "ANDD", 
   "NOTUSED", 
   "NOTUSED", 
   "ANDD", 
   "NOTUSED", 
   "ORR"
  ], 
  "6": [
   "NOTUSED", 
   "ORR", 
   "NOTUSED", 
   "ORR", 
   "ANDD", 
   "NOTUSED", 
   "NOTUSED", 
   "NOTUSED", 
   "ORR", 
   "ANDD", 
   "ORR", 
   "ANDD", 
   "ORR", 
   "ORR", 
   "NOTUSED"
  ], 
  "9": [
   "NOTUSED", 
   "ANDD", 
   "ANDD", 
   "ANDD", 
   "NOTUSED", 
   "ANDD", 
   "ANDD", 
   "ANDD", 
   "NOTUSED", 
   "NOTUSED", 
   "NOTUSED", 
   "ANDD", 
   "ORR", 
   "ANDD", 
   "ORR"
  ], 
  "8": [
   "NOTUSED", 
   "NOTUSED", 
   "ORR", 
   "ANDD", 
   "NOTUSED", 
   "ORR", 
   "ORR", 
   "ORR", 
   "ANDD", 
   "NOTUSED", 
   "ORR", 
   "ORR", 
   "NOTUSED", 
   "ORR", 
   "NOTUSED"
  ]
 }
}