{
 "random_seed": 822122832, 
 "PARAMETERS": {
  "RADIUS1": 665324.762, 
  "QUADS": 2, 
  "RADIUS2": 13160.405, 
  "DIST": 535956.24, 
  "F_PTS": 32, 
  "K_PTS": 7, 
  "EPSILON": 2.526, 
  "LENGTH1": 410479.935, 
  "G_PTS": 13, 
  "Q_PTS": 14, 
  "N_PTS": 42, 
  "C_PTS": 3, 
  "AREA2": 998227.397, 
  "LENGTH2": 988847.309, 
  "B_PTS": 1, 
  "D_PTS": 21, 
  "AREA1": 18064.039, 
  "A_PTS": 10, 
  "E_PTS": 7
 }, 
 "NUMPOINTS": 55, 
 "points": [
  [
   -142947.714, 
   441756.431
  ], 
  [
   778067.271, 
   -875591.755
  ], 
  [
   726894.61, 
   506183.664
  ], 
  [
   -362536.136, 
   998450.26
  ], 
  [
   913350.705, 
   391903.978
  ], 
  [
   -38349.796, 
   662203.514
  ], 
  [
   -66482.228, 
   980868.2
  ], 
  [
   858776.515, 
   578188.366
  ], 
  [
   -911419.488, 
   608577.505
  ], 
  [
   46857.201, 
   419771.731
  ], 
  [
   -465361.946, 
   680953.121
  ], 
  [
   -88846.592, 
   -875953.158
  ], 
  [
   -103733.817, 
   -767566.083
  ], 
  [
   -328749.032, 
   152840.706
  ], 
  [
   270725.791, 
   -140688.062
  ], 
  [
   -717245.539, 
   -91927.195
  ], 
  [
   696590.214, 
   871070.384
  ], 
  [
   168459.228, 
   -626805.935
  ], 
  [
   -786494.439, 
   -534006.609
  ], 
  [
   808478.039, 
   -846409.821
  ], 
  [
   208088.027, 
   400905.547
  ], 
  [
   -408728.549, 
   710883.873
  ], 
  [
   -716558.52, 
   74346.644
  ], 
  [
   -710481.258, 
   -2621.067
  ], 
  [
   248229.48, 
   255268.62
  ], 
  [
   933179.913, 
   -630556.392
  ], 
  [
   988581.018, 
   225288.356
  ], 
  [
   751979.729, 
   401523.273
  ], 
  [
   -109896.983, 
   -870912.097
  ], 
  [
   382594.673, 
   -646623.837
  ], 
  [
   407955.106, 
   831217.809
  ], 
  [
   989029.744, 
   563349.67
  ], 
  [
   -679280.182, 
   887544.898
  ], 
  [
   -274163.004, 
   -125423.279
  ], 
  [
   730357.985, 
   957991.634
  ], 
  [
   -578253.288, 
   -897385.294
  ], 
  [
   21299.024, 
   444645.673
  ], 
  [
   -37240.381, 
   -130605.269
  ], 
  [
   -571006.922, 
   713246.208
  ], 
  [
   902389.681, 
   755938.452
  ], 
  [
   -90582.74, 
   2308.111
  ], 
  [
   -678690.87, 
   443574.824
  ], 
  [
   960239.298, 
   -55121.698
  ], 
  [
   -337454.677, 
   984481.113
  ], 
  [
   448284.049, 
   -383873.434
  ], 
  [
   -838572.592, 
   198726.206
  ], 
  [
   -793176.943, 
   948987.951
  ], 
  [
   -571240.557, 
   638232.04
  ], 
  [
   689838.953, 
   -9393.136
  ], 
  [
   -363441.525, 
   -407439.36
  ], 
  [
   -285013.45, 
   142583.446
  ], 
  [
   403143.854, 
   123858.128
  ], 
  [
   335877.401, 
   884218.703
  ], 
  [
   67410.12, 
   -601590.133
  ], 
  [
   -589617.458, 
   -606687.768
  ]
 ], 
 "PUV": [
  true, 
  false, 
  true, 
  true, 
  false, 
  false, 
  false, 
  false, 
  false, 
  true, 
  false, 
  true, 
  true, 
  false, 
  true
 ], 
 "LCM": {
  "11": [
   "ANDD", 
   "ORR", 
   "ORR", 
   "ORR", 
   "NOTUSED", 
   "ANDD", 
   "NOTUSED", 
   "ORR", 
   "NOTUSED", 
   "NOTUSED", 
   "ORR", 
   "NOTUSED", 
   "NOTUSED", 
   "NOTUSED", 
   "NOTUSED"
  ], 
  "10": [
   "ANDD", 
   "ORR", 
   "NOTUSED", 
   "ORR", 
   "ORR", 
   "NOTUSED", 
   "ANDD", 
   "ANDD", 
   "ANDD", 
   "ANDD", 
   "ORR", 
   "ORR", 
   "ORR", 
   "ANDD", 
   "NOTUSED"
  ], 
  "13": [
   "NOTUSED", 
   "NOTUSED", 
   "ANDD", 
   "ORR", 
   "NOTUSED", 
   "ANDD", 
   "ANDD", 
   "ORR", 
   "NOTUSED", 
   "ANDD", 
   "ANDD", 
   "NOTUSED", 
   "ORR", 
   "ANDD", 
   "ANDD"
  ], 
  "12": [
   "ORR", 
   "NOTUSED", 
   "ORR", 
   "NOTUSED", 
   "ORR", 
   "ORR", 
   "ANDD", 
   "NOTUSED", 
   "NOTUSED", 
   "ORR", 
   "ORR", 
   "NOTUSED", 
   "NOTUSED", 
   "ORR", 
   "ANDD"
  ], 
  "14": [
   "NOTUSED", 
   "ANDD", 
   "NOTUSED", 
   "ANDD", 
   "ORR", 
   "NOTUSED", 
   "ORR", 
   "ANDD", 
   "ANDD", 
   "ANDD", 
   "NOTUSED", 
   "NOTUSED", 
   "ANDD", 
   "ANDD", 
   "NOTUSED"
  ], 
  "1": [
   "NOTUSED", 
   "ORR", 
   "NOTUSED", 
   "ORR", 
   "NOTUSED", 
   "NOTUSED", 
   "ORR", 
   "ORR", 
   "NOTUSED", 
   "ORR", 
   "ORR", 
   "ORR", 
   "NOTUSED", 
   "NOTUSED", 
   "ANDD"
  ], 
  "0": [
   "ANDD", 
   "NOTUSED", 
   "ORR", 
   "NOTUSED", 
   "ANDD", 
   "ANDD", 
   "NOTUSED", 
   "NOTUSED", 
   "ANDD", 
   "ORR", 
   "ANDD", 
   "ANDD", 
   "ORR", 
   "NOTUSED", 
   "NOTUSED"
  ], 
  "3": [
   "NOTUSED", 
   "ORR", 
   "NOTUSED", 
   "ANDD", 
   "NOTUSED", 
   "ANDD", 
   "ORR", 
   "ANDD", 
   "NOTUSED", 
   "NOTUSED", 
   "ORR", 
   "ORR", 
   "NOTUSED", 
   "ORR", 
   "ANDD"
  ], 
  "2": [
   "ORR", 
   "NOTUSED", 
   "ORR", 
   "NOTUSED", 
   "ORR", 
   "ANDD", 
   "ANDD", 
   "NOTUSED", 
   "NOTUSED", 
   "NOTUSED", 
   "NOTUSED", 
   "ORR", 
   "ORR", 
   "ANDD", 
   "NOTUSED"
  ], 
  "5": [
   "ANDD", 
   "NOTUSED", 
   "ANDD", 
   "ANDD", 
   "ANDD", 
   "NOTUSED", 
   "ANDD", 
   "ANDD", 
   "NOTUSED", 
   "ORR", 
   "NOTUSED", 
   "ANDD", 
   "ORR", 
   "ANDD", 
   "NOTUSED"
  ], 
  "4": [
   "ANDD", 
   "NOTUSED", 
   "ORR", 
   "NOTUSED", 
   "ORR", 
   "ANDD", 
   "NOTUSED", 
   "ORR", 
   "ORR", 
   "ORR", 
   "ORR", 
   "NOTUSED", 
   "ORR", 
   "NOTUSED", 
   "ORR"
  ], 
  "7": [
   "NOTUSED", 
   "ORR", 
   "NOTUSED", 
   "ANDD", 
   "ORR", 
   "ANDD", 
   "NOTUSED", 
   "NOTUSED", 
   "NOTUSED", 
   "ORR", 
   "ANDD", 
   "ORR", 
   "NOTUSED", 
   "ORR", 
   "ANDD"
  ], 
  "6": [
   "NOTUSED", 
   "ORR", 
   "ANDD", 
   "ORR", 
   "NOTUSED", 
   "ANDD", 
   "ORR", 
   "NOTUSED", 
   "NOTUSED", 
   "NOTUSED", 
   "ANDD", 
   "NOTUSED", 
   "ANDD", 
   "ANDD", 
   "ORR"
  ], 
  "9": [
   "ORR", 
   "ORR", 
   "NOTUSED", 
   "NOTUSED", 
   "ORR", 
   "ORR", 
   "NOTUSED", 
   "ORR", 
   "ORR", 
   "ORR", 
   "ANDD", 
   "NOTUSED", 
   "ORR", 
   "ANDD", 
   "ANDD"
  ], 
  "8": [
   "ANDD", 
   "NOTUSED", 
   "NOTUSED", 
   "NOTUSED", 
   "ORR", 
   "NOTUSED", 
   "NOTUSED", 
   "NOTUSED", 
   "ANDD", 
   "ORR", 
   "ANDD", 
   "NOTUSED", 
   "NOTUSED", 
   "NOTUSED", 
   "ANDD"
  ]
 }
}