{
 "random_seed": 1821862808, 
 "PARAMETERS": {
  "RADIUS1": 829045.494, 
  "QUADS": 2, 
  "RADIUS2": 225969.601, 
  "DIST": 124560.759, 
  "F_PTS": 38, 
  "K_PTS": 7, 
  "EPSILON": 0.641, 
  "LENGTH1": 219289.004, 
  "G_PTS": 31, 
  "Q_PTS": 42, 
  "N_PTS": 28, 
  "C_PTS": 45, 
  "AREA2": 859568.428, 
  "LENGTH2": 425214.3, 
  "B_PTS": 7, 
  "D_PTS": 1, 
  "AREA1": 600558.822, 
  "A_PTS": 45, 
  "E_PTS": 4
 }, 
 "NUMPOINTS": 59, 
 "points": [
  [
   -48970.564, 
   219802.217
  ], 
  [
   -88708.514, 
   235710.531
  ], 
  [
   -801819.802, 
   -552075.876
  ], 
  [
   70053.336, 
   367134.531
  ], 
  [
   154851.056, 
   111647.57
  ], 
  [
   -375881.288, 
   -162674.83
  ], 
  [
   776104.984, 
   -350966.123
  ], 
  [
   -988155.996, 
   60297.403
  ], 
  [
   479470.407, 
   967764.705
  ], 
  [
   -525763.82, 
   -606812.581
  ], 
  [
   -95949.436, 
   289071.655
  ], 
  [
   608309.095, 
   697518.535
  ], 
  [
   628900.933, 
   -544703.666
  ], 
  [
   826788.808, 
   -943818.288
  ], 
  [
   302284.885, 
   -856860.244
  ], 
  [
   -121251.499, 
   798575.261
  ], 
  [
   -647850.997, 
   -674943.921
  ], 
  [
   346102.908, 
   298455.842
  ], 
  [
   474720.53, 
   -436555.493
  ], 
  [
   497346.018, 
   -933708.553
  ], 
  [
   -4165.001, 
   -256242.712
  ], 
  [
   -413023.431, 
   -613238.182
  ], 
  [
   292834.146, 
   -97451.806
  ], 
  [
   107627.922, 
   381192.85
  ], 
  [
   503413.107, 
   -193641.752
  ], 
  [
   700470.012, 
   523554.019
  ], 
  [
   820313.56, 
   -640392.669
  ], 
  [
   338030.181, 
   -494070.011
  ], 
  [
   -279322.137, 
   457098.416
  ], 
  [
   -379196.039, 
   -421089.78
  ], 
  [
   -538986.915, 
   406878.276
  ], 
  [
   233208.396, 
   88849.426
  ], 
  [
   416331.781, 
   114414.298
  ], 
  [
   -832103.039, 
   273006.649
  ], 
  [
   852267.577, 
   -731170.47
  ], 
  [
   774851.087, 
   -559742.95
  ], 
  [
   275265.852, 
   727994.998
  ], 
  [
   306825.562, 
   -695689.589
  ], 
  [
   -959589.163, 
   -320681.14
  ], 
  [
   -719334.284, 
   127969.029
  ], 
  [
   6200.135, 
   -652967.853
  ], 
  [
   -342842.582, 
   82847.253
  ], 
  [
   -373138.314, 
   -830550.956
  ], 
  [
   547496.701, 
   454259.434
  ], 
  [
   -756332.071, 
   -622487.004
  ], 
  [
   168546.279, 
   -968922.18
  ], 
  [
   -824151.117, 
   546154.149
  ], 
  [
   348222.658, 
   816662.497
  ], 
  [
   -239893.617, 
   -740931.519
  ], 
  [
   -876001.0, 
   813817.902
  ], 
  [
   330810.422, 
   428901.404
  ], 
  [
   -177820.101, 
   655417.419
  ], 
  [
   -302929.621, 
   -549807.348
  ], 
  [
   -844697.089, 
   433297.377
  ], 
  [
   94808.587, 
   -973836.157
  ], 
  [
   -562674.074, 
   -427616.929
  ], 
  [
   -624802.269, 
   -792737.7
  ], 
  [
   461846.426, 
   -728517.092
  ], 
  [
   -766622.007, 
   -612406.288
  ]
 ], 
 "PUV": [
  false, 
  false, 
  true, 
  false, 
  false, 
  true, 
  false, 
  true, 
  true, 
  false, 
  false, 
  false, 
  true, 
  true, 
  false
 ], 
 "LCM": {
  "11": [
   "ORR", 
   "NOTUSED", 
   "NOTUSED", 
   "ORR", 
   "ORR", 
   "NOTUSED", 
   "ANDD", 
   "ORR", 
   "ORR", 
   "ANDD", 
   "ANDD", 
   "ANDD", 
   "ORR", 
   "NOTUSED", 
   "ANDD"
  ], 
  "10": [
   "ANDD", 
   "ANDD", 
   "ANDD", 
   "ORR", 
   "ANDD", 
   "NOTUSED", 
   "ANDD", 
   "NOTUSED", 
   "NOTUSED", 
   "ANDD", 
   "ANDD", 
   "ANDD", 
   "ANDD", 
   "ANDD", 
   "NOTUSED"
  ], 
  "13": [
   "NOTUSED", 
   "NOTUSED", 
   "NOTUSED", 
   "ANDD", 
   "ORR", 
   "ANDD", 
   "ORR", 
   "NOTUSED", 
   "ANDD", 
   "ORR", 
   "ANDD", 
   "NOTUSED", 
   "ORR", 
   "NOTUSED", 
   "NOTUSED"
  ], 
  "12": [
   "NOTUSED", 
   "ANDD", 
   "NOTUSED", 
   "ANDD", 
   "NOTUSED", 
   "ANDD", 
   "NOTUSED", 
   "ORR", 
   "ANDD", 
   "NOTUSED", 
   "ANDD", 
   "ORR", 
   "ANDD", 
   "ORR", 
   "NOTUSED"
  ], 
  "14": [
   "ANDD", 
   "NOTUSED", 
   "NOTUSED", 
   "NOTUSED", 
   "ORR", 
   "ORR", 
   "ORR", 
   "ORR", 
   "NOTUSED", 
   "NOTUSED", 
   "NOTUSED", 
   "ANDD", 
   "NOTUSED", 
   "NOTUSED", 
   "ANDD"
  ], 
  "1": [
   "ORR", 
   "ANDD", 
   "ANDD", 
   "NOTUSED", 
   "ORR", 
   "ANDD", 
   "ORR", 
   "ORR", 
   "ANDD", 
   "ORR", 
   "ANDD", 
   "NOTUSED", 
   "ANDD", 
   "NOTUSED", 
   "NOTUSED"
  ], 
  "0": [
   "ORR", 
   "ORR", 
   "ANDD", 
   "NOTUSED", 
   "ORR", 
   "ANDD", 
   "ORR", 
   "ANDD", 
   "ORR", 
   "ANDD", 
   "ANDD", 
   "ORR", 
   "NOTUSED", 
   "NOTUSED", 
   "ANDD"
  ], 
  "3": [
   "NOTUSED", 
   "NOTUSED", 
   "ANDD", 
   "ORR", 
   "NOTUSED", 
   "ANDD", 
   "ORR", 
   "ANDD", 
   "ANDD", 
   "ORR", 
   "ORR", 
   "ORR", 
   "ANDD", 
   "ANDD", 
   "NOTUSED"
  ], 
  "2": [
   "ANDD", 
   "ANDD", 
   "NOTUSED", 
   "ANDD", 
   "NOTUSED", 
   "ANDD", 
   "NOTUSED", 
   "NOTUSED", 
   "ORR", 
   "ORR", 
   "ANDD", 
   "NOTUSED", 
   "NOTUSED", 
   "NOTUSED", 
   "NOTUSED"
  ], 
  "5": [
   "ANDD", 
   "ANDD", 
   "ANDD", 
   "ANDD", 
   "ORR", 
   "ANDD", 
   "ORR", 
   "ANDD", 
   "ORR", 
   "ORR", 
   "NOTUSED", 
   "NOTUSED", 
   "ANDD", 
   "ANDD", 
   "ORR"
  ], 
  "4": [
   "ORR", 
   "ORR", 
   "NOTUSED", 
   "NOTUSED", 
   "NOTUSED", 
   "ORR", 
   "NOTUSED", 
   "ORR", 
   "ORR", 
   "NOTUSED", 
   "ANDD", 
   "ORR", 
   "NOTUSED", 
   "ORR", 
   "ORR"
  ], 
  "7": [
   "ANDD", 
   "ORR", 
   "NOTUSED", 
   "ANDD", 
   "ORR", 
   "ANDD", 
   "ORR", 
   "ORR", 
   "NOTUSED", 
   "ANDD", 
   "NOTUSED", 
   "ORR", 
   "ORR", 
   "NOTUSED", 
   "ORR"
  ], 
  "6": [
   "ORR", 
   "ORR", 
   "NOTUSED", 
   "ORR", 
   "NOTUSED", 
   "ORR", 
   "ANDD", 
   "ORR", 
   "NOTUSED", 
   "NOTUSED", 
   "ANDD", 
   "ANDD", 
   "NOTUSED", 
   "ORR", 
   "ORR"
  ], 
  "9": [
   "ANDD", 
   "ORR", 
   "ORR", 
   "ORR", 
   "NOTUSED", 
   "ORR", 
   "NOTUSED", 
   "ANDD", 
   "ANDD", 
   "NOTUSED", 
   "ANDD", 
   "ANDD", 
   "NOTUSED", 
   "ORR", 
   "NOTUSED"
  ], 
  "8": [
   "ORR", 
   "ANDD", 
   "ORR", 
   "ANDD", 
   "ORR", 
   "ORR", 
   "NOTUSED", 
   "NOTUSED", 
   "NOTUSED", 
   "ANDD", 
   "NOTUSED", 
   "ORR", 
   "ANDD", 
   "ANDD", 
   "NOTUSED"
  ]
 }
}