{
 "random_seed": 3241709632, 
 "PARAMETERS": {
  "RADIUS1": 553868.759, 
  "QUADS": 1, 
  "RADIUS2": 915464.672, 
  "DIST": 857950.721, 
  "F_PTS": 72, 
  "K_PTS": 64, 
  "EPSILON": 1.357, 
  "LENGTH1": 312618.061, 
  "G_PTS": 23, 
  "Q_PTS": 70, 
  "N_PTS": 22, 
  "C_PTS": 57, 
  "AREA2": 507465.705, 
  "LENGTH2": 602390.062, 
  "B_PTS": 8, 
  "D_PTS": 35, 
  "AREA1": 18216.137, 
  "A_PTS": 83, 
  "E_PTS": 21
 }, 
 "NUMPOINTS": 97, 
 "points": [
  [
   -375812.471, 
   888131.314
  ], 
  [
   -563469.628, 
   -16509.487
  ], 
  [
   -6084.322, 
   -942373.944
  ], 
  [
   384086.684, 
   -494801.33
  ], 
  [
   856394.995, 
   732991.501
  ], 
  [
   -225102.733, 
   246012.221
  ], 
  [
   805628.13, 
   269303.007
  ], 
  [
   857739.413, 
   -285001.141
  ], 
  [
   624320.115, 
   -674012.735
  ], 
  [
   -549224.766, 
   986143.567
  ], 
  [
   -636203.227, 
   -154244.96
  ], 
  [
   -998073.613, 
   569394.821
  ], 
  [
   73284.303, 
   -940008.137
  ], 
  [
   227126.674, 
   -53647.869
  ], 
  [
   465787.412, 
   -797994.27
  ], 
  [
   -246912.602, 
   -738907.698
  ], 
  [
   257804.495, 
   -650223.025
  ], 
  [
   886922.704, 
   738715.058
  ], 
  [
   798378.16, 
   529815.898
  ], 
  [
   5384.333, 
   413078.171
  ], 
  [
   -822322.08, 
   -357701.22
  ], 
  [
   788382.537, 
   -450806.878
  ], 
  [
   -967635.495, 
   486221.533
  ], 
  [
   183289.965, 
   -341209.852
  ], 
  [
   -245763.083, 
   -909533.855
  ], 
  [
   -388724.29, 
   -201411.364
  ], 
  [
   686746.719, 
   684406.568
  ], 
  [
   753443.237, 
   218378.931
  ], 
  [
   254921.495, 
   -307228.287
  ], 
  [
   822157.562, 
   134167.811
  ], 
  [
   -422424.841, 
   989894.501
  ], 
  [
   -649683.025, 
   296016.915
  ], 
  [
   -727703.891, 
   949680.581
  ], 
  [
   46440.331, 
   -227533.402
  ], 
  [
   436952.598, 
   -429061.916
  ], 
  [
   605760.565, 
   -166900.026
  ], 
  [
   145425.991, 
   578516.328
  ], 
  [
   -267073.525, 
   -363733.786
  ], 
  [
   -219057.957, 
   -217466.039
  ], 
  [
   36059.177, 
   746979.935
  ], 
  [
   189282.919, 
   -267152.951
  ], 
  [
   894802.723, 
   340668.304
  ], 
  [
   -253134.536, 
   -3369.325
  ], 
  [
   102947.453, 
   -386398.824
  ], 
  [
   -337849.153, 
   -185114.965
  ], 
  [
   -300753.649, 
   740979.702
  ], 
  [
   -771503.589, 
   -659243.252
  ], 
  [
   143032.182, 
   -525592.436
  ], 
  [
   460906.2, 
   -309963.732
  ], 
  [
   604741.943, 
   835588.676
  ], 
  [
   -540620.015, 
   18693.361
  ], 
  [
   -387954.938, 
   -607908.089
  ], 
  [
   418256.064, 
   -674834.757
  ], 
  [
   779413.26, 
   -664444.847
  ], 
  [
   813182.346, 
   -626804.549
  ], 
  [
   705686.226, 
   -500384.164
  ], 
  [
   492082.751, 
   933303.633
  ], 
  [
   -780859.079, 
   666159.491
  ], 
  [
   -180980.967, 
   -940206.032
  ], 
  [
   -988498.696, 
   -854948.981
  ], 
  [
   849367.108, 
   670467.871
  ], 
  [
   69356.482, 
   149429.465
  ], 
  [
   -566065.29, 
   -502618.85
  ], 
  [
   -307154.082, 
   47297.48
  ], 
  [
   529759.496, 
   -143867.786
  ], 
  [
   -953005.192, 
   -331647.944
  ], 
  [
   159054.376, 
   -152508.662
  ], 
  [
   -93318.435, 
   -656863.236
  ], 
  [
   -946148.409, 
   422707.305
  ], 
  [
   -332358.163, 
   350814.286
  ], 
  [
   -239265.41, 
   -589414.716
  ], 
  [
   354397.516, 
   -792242.194
  ], 
  [
   556183.543, 
   -962162.506
  ], 
  [
   782667.477, 
   -415801.139
  ], 
  [
   660639.027, 
   846888.38
  ], 
  [
   -419697.853, 
   776450.16
  ], 
  [
   147108.289, 
   774641.319
  ], 
  [
   -138044.756, 
   756923.38
  ], 
  [
   236249.044, 
   -193898.782
  ], 
  [
   -309045.679, 
   761693.902
  ], 
  [
   -679222.446, 
   230016.176
  ], 
  [
   -683063.285, 
   -420344.447
  ], 
  [
   357327.843, 
   649281.545
  ], 
  [
   423179.921, 
   -72266.106
  ], 
  [
   -552024.331, 
   -235165.581
  ], 
  [
   -344019.211, 
   552998.724
  ], 
  [
   -258212.636, 
   -777844.166
  ], 
  [
   -68404.227, 
   905794.689
  ], 
  [
   798906.766, 
   102014.584
  ], 
  [
   516486.478, 
   -768290.592
  ], 
  [
   -320091.932, 
   915901.931
  ], 
  [
   902135.366, 
   509292.713
  ], 
  [
   -579081.394, 
   -526298.31
  ], 
  [
   -840409.307, 
   -591545.485
  ], 
  [
   19694.936, 
   -988547.813
  ], 
  [
   -260581.57, 
   659647.421
  ], 
  [
   15361.532, 
   -98173.23
  ]
 ], 
 "PUV": [
  false, 
  false, 
  false, 
  false, 
  true, 
  false, 
  false, 
  true, 
  true, 
  false, 
  false, 
  true, 
  false, 
  true, 
  true
 ], 
 "LCM": {
  "11": [
   "NOTUSED", 
   "ANDD", 
   "ORR", 
   "ANDD", 
   "ANDD", 
   "NOTUSED", 
   "ANDD", 
   "ANDD", 
   "ORR", 
   "ORR", 
   "NOTUSED", 
   "ORR", 
   "NOTUSED", 
   "ORR", 
   "NOTUSED"
  ], 
  "10": [
   "NOTUSED", 
   "ORR", 
   "ORR", 
   "NOTUSED", 
   "NOTUSED", 
   "ANDD", 
   "ANDD", 
   "NOTUSED", 
   "NOTUSED", 
   "ORR", 
   "NOTUSED", 
   "NOTUSED", 
   "ORR", 
   "ORR", 
   "ANDD"
  ], 
  "13": [
   "ANDD", 
   "NOTUSED", 
   "ANDD", 
   "ORR", 
   "ORR", 
   "NOTUSED", 
   "NOTUSED", 
   "NOTUSED", 
   "ANDD", 
   "ORR", 
   "ORR", 
   "ORR", 
   "ANDD", 
   "ANDD", 
   "ORR"
  ], 
  "12": [
   "ANDD", 
   "ANDD", 
   "ANDD", 
   "NOTUSED", 
   "ORR", 
   "ANDD", 
   "NOTUSED", 
   "NOTUSED", 
   "ORR", 
   "ORR", 
   "ORR", 
   "NOTUSED", 
   "NOTUSED", 
   "ANDD", 
   "NOTUSED"
  ], 
  "14": [
   "ANDD", 
   "NOTUSED", 
   "ORR", 
   "ORR", 
   "ANDD", 
   "ANDD", 
   "ORR", 
   "ORR", 
   "NOTUSED", 
   "NOTUSED", 
   "ANDD", 
   "NOTUSED", 
   "NOTUSED", 
   "ORR", 
   "ORR"
  ], 
  "1": [
   "ANDD", 
   "ANDD", 
   "ORR", 
   "NOTUSED", 
   "ANDD", 
   "ANDD", 
   "ORR", 
   "ANDD", 
   "NOTUSED", 
   "NOTUSED", 
   "ORR", 
   "ANDD", 
   "ANDD", 
   "NOTUSED", 
   "NOTUSED"
  ], 
  "0": [
   "ORR", 
   "ANDD", 
   "NOTUSED", 
   "ANDD", 
   "ANDD", 
   "NOTUSED", 
   "ORR", 
   "NOTUSED", 
   "ANDD", 
   "NOTUSED", 
   "NOTUSED", 
   "NOTUSED", 
   "ANDD", 
   "ANDD", 
   "ANDD"
  ], 
  "3": [
   "ANDD", 
   "NOTUSED", 
   "ORR", 
   "ORR", 
   "ORR", 
   "ORR", 
   "ORR", 
   "ANDD", 
   "ANDD", 
   "NOTUSED", 
   "NOTUSED", 
   "ANDD", 
   "NOTUSED", 
   "ORR", 
   "ORR"
  ], 
  "2": [
   "NOTUSED", 
   "ORR", 
   "NOTUSED", 
   "ORR", 
   "NOTUSED", 
   "NOTUSED", 
   "NOTUSED", 
   "ANDD", 
   "ANDD", 
   "ORR", 
   "ORR", 
   "ORR", 
   "ANDD", 
   "ANDD", 
   "ORR"
  ], 
  "5": [
   "NOTUSED", 
   "ANDD", 
   "NOTUSED", 
   "ORR", 
   "ORR", 
   "NOTUSED", 
   "ANDD", 
   "ORR", 
   "ORR", 
   "ANDD", 
   "ANDD", 
   "NOTUSED", 
   "ANDD", 
   "NOTUSED", 
   "ANDD"
  ], 
  "4": [
   "ANDD", 
   "ANDD", 
   "NOTUSED", 
   "ORR", 
   "ANDD", 
   "ORR", 
   "ORR", 
   "NOTUSED", 
   "ANDD", 
   "ANDD", 
   "NOTUSED", 
   "ANDD", 
   "ORR", 
   "ORR", 
   "ANDD"
  ], 
  "7": [
   "NOTUSED", 
   "ANDD", 
   "ANDD", 
   "ANDD", 
   "NOTUSED", 
   "ORR", 
   "NOTUSED", 
   "NOTUSED", 
   "ORR", 
   "NOTUSED", 
   "NOTUSED", 
   "ANDD", 
   "NOTUSED", 
   "NOTUSED", 
   "ORR"
  ], 
  "6": [
   "ORR", 
   "ORR", 
   "NOTUSED", 
   "ORR", 
   "ORR", 
   "ANDD", 
   "ORR", 
   "NOTUSED", 
   "NOTUSED", 
   "ANDD", 
   "ANDD", 
   "ANDD", 
   "NOTUSED", 
   "NOTUSED", 
   "ORR"
  ], 
  "9": [
   "NOTUSED", 
   "NOTUSED", 
   "ORR", 
   "NOTUSED", 
   "ANDD", 
   "ANDD", 
   "ANDD", 
   "NOTUSED", 
   "NOTUSED", 
   "NOTUSED", 
   "ORR", 
   "ORR", 
   "ORR", 
   "ORR", 
   "NOTUSED"
  ], 
  "8": [
   "ANDD", 
   "NOTUSED", 
   "ANDD", 
   "ANDD", 
   "ANDD", 
   "ORR", 
   "NOTUSED", 
   "ORR", 
   "ANDD", 
   "NOTUSED", 
   "NOTUSED", 
   "ORR", 
   "ORR", 
   "ANDD", 
   "NOTUSED"
  ]
 }
}