{
 "random_seed": 1618027200, 
 "PARAMETERS": {
  "RADIUS1": 220917.245, 
  "QUADS": 2, 
  "RADIUS2": 408724.274, 
  "DIST": 622799.176, 
  "F_PTS": 40, 
  "K_PTS": 35, 
  "EPSILON": 0.088, 
  "LENGTH1": 562572.648, 
  "G_PTS": 44, 
  "Q_PTS": 69, 
  "N_PTS": 28, 
  "C_PTS": 8, 
  "AREA2": 629203.804, 
  "LENGTH2": 547409.888, 
  "B_PTS": 4, 
  "D_PTS": 12, 
  "AREA1": 843212.785, 
  "A_PTS": 59, 
  "E_PTS": 15
 }, 
 "NUMPOINTS": 87, 
 "points": [
  [
   -884658.195, 
   777082.578
  ], 
  [
   622756.936, 
   114221.091
  ], 
  [
   -648331.726, 
   119822.274
  ], 
  [
   871438.393, 
   -654287.369
  ], 
  [
   -506783.849, 
   -901786.106
  ], 
  [
   -587359.949, 
   332334.522
  ], 
  [
   -539187.034, 
   298544.979
  ], 
  [
   -449214.144, 
   -575696.77
  ], 
  [
   -835091.112, 
   363310.001
  ], 
  [
   -167342.861, 
   933689.913
  ], 
  [
   229657.581, 
   -873968.246
  ], 
  [
   -675717.694, 
   526725.013
  ], 
  [
   835122.694, 
   -650103.095
  ], 
  [
   -710795.407, 
   -974550.582
  ], 
  [
   733714.906, 
   484273.72
  ], 
  [
   -595269.662, 
   -528287.724
  ], 
  [
   -915895.313, 
   -996278.096
  ], 
  [
   -146339.038, 
   721112.839
  ], 
  [
   84410.266, 
   -992666.908
  ], 
  [
   381482.153, 
   729119.677
  ], 
  [
   -455903.153, 
   688982.913
  ], 
  [
   -562328.828, 
   557237.257
  ], 
  [
   216765.907, 
   10487.301
  ], 
  [
   -218141.83, 
   422424.684
  ], 
  [
   -87828.644, 
   -470922.186
  ], 
  [
   -690491.373, 
   -698836.82
  ], 
  [
   306987.258, 
   888260.343
  ], 
  [
   -978900.52, 
   453961.907
  ], 
  [
   318427.218, 
   -726284.77
  ], 
  [
   298231.273, 
   -158742.38
  ], 
  [
   509848.863, 
   923950.926
  ], 
  [
   77737.831, 
   -282396.602
  ], 
  [
   825322.217, 
   912752.181
  ], 
  [
   -490194.628, 
   498501.786
  ], 
  [
   996165.294, 
   -687948.999
  ], 
  [
   -881782.39, 
   -306484.198
  ], 
  [
   887268.538, 
   -992134.872
  ], 
  [
   -509817.833, 
   -194303.518
  ], 
  [
   921194.085, 
   -603432.064
  ], 
  [
   -130022.454, 
   -527507.963
  ], 
  [
   733078.092, 
   379521.283
  ], 
  [
   -88274.793, 
   27584.638
  ], 
  [
   229629.769, 
   384888.756
  ], 
  [
   -887329.484, 
   -503863.264
  ], 
  [
   590070.922, 
   705167.665
  ], 
  [
   303554.572, 
   767839.367
  ], 
  [
   788038.586, 
   -334000.786
  ], 
  [
   -578668.571, 
   201235.865
  ], 
  [
   985733.709, 
   787237.472
  ], 
  [
   -63372.955, 
   -273864.797
  ], 
  [
   -731139.596, 
   836284.78
  ], 
  [
   490195.221, 
   709683.323
  ], 
  [
   934084.395, 
   -379679.559
  ], 
  [
   48731.261, 
   -925952.911
  ], 
  [
   909224.209, 
   477469.985
  ], 
  [
   599881.924, 
   465002.741
  ], 
  [
   957509.409, 
   41587.289
  ], 
  [
   177683.633, 
   966760.039
  ], 
  [
   378087.877, 
   336024.612
  ], 
  [
   760090.028, 
   76309.104
  ], 
  [
   -723310.311, 
   136033.784
  ], 
  [
   -319791.125, 
   764308.123
  ], 
  [
   -644688.577, 
   814102.854
  ], 
  [
   52519.107, 
   748651.282
  ], 
  [
   -119435.908, 
   -287183.068
  ], 
  [
   650681.746, 
   -371199.829
  ], 
  [
   330297.275, 
   422759.09
  ], 
  [
   -721074.313, 
   -420172.367
  ], 
  [
   -107771.998, 
   209561.57
  ], 
  [
   -437447.244, 
   534286.152
  ], 
  [
   604249.996, 
   -322875.295
  ], 
  [
   303364.98, 
   915747.936
  ], 
  [
   -272235.581, 
   722813.598
  ], 
  [
   -645592.915, 
   -638830.013
  ], 
  [
   -476652.121, 
   -221817.69
  ], 
  [
   -658227.883, 
   -54696.787
  ], 
  [
   647803.627, 
   -259554.936
  ], 
  [
   -170054.837, 
   190725.693
  ], 
  [
   -138957.972, 
   572884.088
  ], 
  [
   -33547.354, 
   -614393.691
  ], 
  [
   522647.191, 
   -484646.205
  ], 
  [
   -465749.223, 
   353491.888
  ], 
  [
   649618.102, 
   -267492.732
  ], 
  [
   -260126.189, 
   103349.18
  ], 
  [
   -669885.008, 
   188200.555
  ], 
  [
   305391.299, 
   -18948.968
  ], 
  [
   -678009.768, 
   -899811.825
  ]
 ], 
 "PUV": [
  true, 
  false, 
  false, 
  false, 
  true, 
  true, 
  false, 
  true, 
  true, 
  false, 
  true, 
  true, 
  false, 
  false, 
  false
 ], 
 "LCM": {
  "11": [
   "ANDD", 
   "NOTUSED", 
   "ANDD", 
   "ANDD", 
   "ORR", 
   "ORR", 
   "ORR", 
   "NOTUSED", 
   "ORR", 
   "ORR", 
   "ANDD", 
   "ORR", 
   "ANDD", 
   "ANDD", 
   "ANDD"
  ], 
  "10": [
   "NOTUSED", 
   "NOTUSED", 
   "ANDD", 
   "ANDD", 
   "NOTUSED", 
   "ORR", 
   "ANDD", 
   "ANDD", 
   "ORR", 
   "ANDD", 
   "ANDD", 
   "ANDD", 
   "NOTUSED", 
   "ORR", 
   "NOTUSED"
  ], 
  "13": [
   "ORR", 
   "ANDD", 
   "NOTUSED", 
   "ANDD", 
   "ORR", 
   "ORR", 
   "ANDD", 
   "NOTUSED", 
   "NOTUSED", 
   "NOTUSED", 
   "ORR", 
   "ANDD", 
   "ORR", 
   "ORR", 
   "ORR"
  ], 
  "12": [
   "ORR", 
   "ORR", 
   "ORR", 
   "ANDD", 
   "NOTUSED", 
   "ORR", 
   "ORR", 
   "ORR", 
   "ORR", 
   "ORR", 
   "NOTUSED", 
   "ANDD", 
   "NOTUSED", 
   "ORR", 
   "ORR"
  ], 
  "14": [
   "ANDD", 
   "NOTUSED", 
   "NOTUSED", 
   "ORR", 
   "ANDD", 
   "ANDD", 
   "ANDD", 
   "NOTUSED", 
   "ORR", 
   "NOTUSED", 
   "NOTUSED", 
   "ANDD", 
   "ORR", 
   "ORR", 
   "ANDD"
  ], 
  "1": [
   "NOTUSED", 
   "ANDD", 
   "ORR", 
   "NOTUSED", 
   "NOTUSED", 
   "NOTUSED", 
   "ORR", 
   "ORR", 
   "ORR", 
   "NOTUSED", 
   "NOTUSED", 
   "NOTUSED", 
   "ORR", 
   "ANDD", 
   "NOTUSED"
  ], 
  "0": [
   "NOTUSED", 
   "NOTUSED", 
   "ORR", 
   "ANDD", 
   "NOTUSED", 
   "ANDD", 
   "ANDD", 
   "ANDD", 
   "ORR", 
   "NOTUSED", 
   "NOTUSED", 
   "ANDD", 
   "ORR", 
   "ORR", 
   "ANDD"
  ], 
  "3": [
   "ANDD", 
   "NOTUSED", 
   "NOTUSED", 
   "ORR", 
   "ANDD", 
   "ORR", 
   "ORR", 
   "NOTUSED", 
   "NOTUSED", 
   "NOTUSED", 
   "ANDD", 
   "ANDD", 
   "ANDD", 
   "ANDD", 
   "ORR"
  ], 
  "2": [
   "ORR", 
   "ORR", 
   "NOTUSED", 
   "NOTUSED", 
   "ORR", 
   "ORR", 
   "ANDD", 
   "NOTUSED", 
   "ANDD", 
   "ORR", 
   "ANDD", 
   "ANDD", 
   "ORR", 
   "NOTUSED", 
   "NOTUSED"
  ], 
  "5": [
   "ANDD", 
   "NOTUSED", 
   "ORR", 
   "ORR", 
   "ORR", 
   "ORR", 
   "NOTUSED", 
   "NOTUSED", 
   "ANDD", 
   "ANDD", 
   "ORR", 
   "ORR", 
   "ORR", 
   "ORR", 
   "ANDD"
  ], 
  "4": [
   "NOTUSED", 
   "NOTUSED", 
   "ORR", 
   "ANDD", 
   "ORR", 
   "ORR", 
   "ORR", 
   "NOTUSED", 
   "ORR", 
   "NOTUSED", 
   "NOTUSED", 
   "ORR", 
   "NOTUSED", 
   "ORR", 
   "ANDD"
  ], 
  "7": [
   "ANDD", 
   "ORR", 
   "NOTUSED", 
   "NOTUSED", 
   "NOTUSED", 
   "NOTUSED", 
   "NOTUSED", 
   "ANDD", 
   "ORR", 
   "ORR", 
   "ANDD", 
   "NOTUSED", 
   "ORR", 
   "NOTUSED", 
   "NOTUSED"
  ], 
  "6": [
   "ANDD", 
   "ORR", 
   "ANDD", 
   "ORR", 
   "ORR", 
   "NOTUSED", 
   "ANDD", 
   "NOTUSED", 
   "ORR", 
   "ANDD", 
   "ANDD", 
   "ORR", 
   "ORR", 
   "ANDD", 
   "ANDD"
  ], 
  "9": [
   "NOTUSED", 
   "NOTUSED", 
   "ORR", 
   "NOTUSED", 
   "NOTUSED", 
   "ANDD", 
   "ANDD", 
   "ORR", 
   "ORR", 
   "ORR", 
   "ANDD", 
   "ORR", 
   "ORR", 
   "NOTUSED", 
   "NOTUSED"
  ], 
  "8": [
   "ORR", 
   "ORR", 
   "ANDD", 
   "NOTUSED", 
   "ORR", 
   "ANDD", 
   "ORR", 
   "ORR", 
   "ORR", 
   "ORR", 
   "ORR", 
   "ORR", 
   "ORR", 
   "NOTUSED", 
   "ORR"
  ]
 }
}