{
 "random_seed": 1942846222, 
 "PARAMETERS": {
  "RADIUS1": 668161.737, 
  "QUADS": 1, 
  "RADIUS2": 619923.215, 
  "DIST": 337075.741, 
  "F_PTS": 34, 
  "K_PTS": 24, 
  "EPSILON": 2.767, 
  "LENGTH1": 80520.929, 
  "G_PTS": 53, 
  "Q_PTS": 6, 
  "N_PTS": 32, 
  "C_PTS": 6, 
  "AREA2": 314095.563, 
  "LENGTH2": 671140.607, 
  "B_PTS": 35, 
  "D_PTS": 27, 
  "AREA1": 621993.675, 
  "A_PTS": 13, 
  "E_PTS": 20
 }, 
 "NUMPOINTS": 57, 
 "points": [
  [
   256053.18, 
   -98982.405
  ], 
  [
   -995659.704, 
   10321.92
  ], 
  [
   -589398.856, 
   465187.111
  ], 
  [
   -785335.284, 
   619657.367
  ], 
  [
   664252.095, 
   330813.999
  ], 
  [
   209168.713, 
   146601.884
  ], 
  [
   -623743.972, 
   632767.327
  ], 
  [
   -672264.55, 
   473358.624
  ], 
  [
   -872832.17, 
   456525.051
  ], 
  [
   -668275.75, 
   899436.218
  ], 
  [
   -413472.209, 
   761850.916
  ], 
  [
   97958.227, 
   -495662.967
  ], 
  [
   151082.998, 
   107866.545
  ], 
  [
   -33178.276, 
   -754896.595
  ], 
  [
   -311136.443, 
   631329.708
  ], 
  [
   185439.752, 
   171434.868
  ], 
  [
   237757.511, 
   -86593.869
  ], 
  [
   -738261.238, 
   892292.172
  ], 
  [
   -189383.101, 
   -465474.616
  ], 
  [
   -237948.076, 
   86633.17
  ], 
  [
   516969.955, 
   725343.916
  ], 
  [
   -963137.923, 
   306271.705
  ], 
  [
   903491.924, 
   -481741.361
  ], 
  [
   -213713.275, 
   879739.803
  ], 
  [
   -327968.531, 
   -503093.986
  ], 
  [
   942676.382, 
   375227.726
  ], 
  [
   355969.328, 
   773100.842
  ], 
  [
   237292.701, 
   335414.747
  ], 
  [
   406121.942, 
   424158.891
  ], 
  [
   -33675.488, 
   948380.718
  ], 
  [
   944459.936, 
   775469.21
  ], 
  [
   262187.644, 
   594063.521
  ], 
  [
   85704.024, 
   85734.362
  ], 
  [
   594692.494, 
   -164284.767
  ], 
  [
   -355704.175, 
   149178.596
  ], 
  [
   -472609.199, 
   80717.726
  ], 
  [
   247204.666, 
   765485.667
  ], 
  [
   385421.151, 
   196982.622
  ], 
  [
   -952983.635, 
   -621441.059
  ], 
  [
   367662.07, 
   351123.389
  ], 
  [
   -83520.208, 
   -56684.926
  ], 
  [
   -264682.036, 
   -768395.973
  ], 
  [
   -953291.669, 
   -827813.844
  ], 
  [
   -824221.541, 
   -297071.772
  ], 
  [
   -306789.313, 
   898719.438
  ], 
  [
   210261.939, 
   -923612.483
  ], 
  [
   122943.989, 
   -742734.297
  ], 
  [
   413737.943, 
   -525810.015
  ], 
  [
   759201.896, 
   129571.154
  ], 
  [
   -925891.811, 
   927539.698
  ], 
  [
   901195.794, 
   -771873.749
  ], 
  [
   -585005.334, 
   -44032.341
  ], 
  [
   6476.076, 
   302328.053
  ], 
  [
   539839.676, 
   -961713.147
  ], 
  [
   671844.749, 
   75483.754
  ], 
  [
   -90967.161, 
   557476.034
  ], 
  [
   88487.405, 
   116073.91
  ]
 ], 
 "PUV": [
  true, 
  false, 
  false, 
  false, 
  true, 
  true, 
  false, 
  false, 
  false, 
  true, 
  true, 
  false, 
  true, 
  true, 
  false
 ], 
 "LCM": {
  "11": [
   "ORR", 
   "ORR", 
   "ANDD", 
   "NOTUSED", 
   "ORR", 
   "ANDD", 
   "NOTUSED", 
   "ANDD", 
   "ORR", 
   "ORR", 
   "ANDD", 
   "ANDD", 
   "NOTUSED", 
   "ANDD", 
   "ORR"
  ], 
  "10": [
   "NOTUSED", 
   "ANDD", 
   "NOTUSED", 
   "ANDD", 
   "NOTUSED", 
   "ORR", 
   "ANDD", 
   "NOTUSED", 
   "NOTUSED", 
   "NOTUSED", 
   "ORR", 
   "ANDD", 
   "ORR", 
   "ANDD", 
   "NOTUSED"
  ], 
  "13": [
   "ANDD", 
   "NOTUSED", 
   "NOTUSED", 
   "ORR", 
   "NOTUSED", 
   "NOTUSED", 
   "ANDD", 
   "NOTUSED", 
   "ORR", 
   "ORR", 
   "ANDD", 
   "ANDD", 
   "NOTUSED", 
   "ORR", 
   "ANDD"
  ], 
  "12": [
   "ANDD", 
   "ORR", 
   "ORR", 
   "NOTUSED", 
   "ORR", 
   "ORR", 
   "ORR", 
   "ANDD", 
   "ANDD", 
   "NOTUSED", 
   "ORR", 
   "NOTUSED", 
   "NOTUSED", 
   "NOTUSED", 
   "ORR"
  ], 
  "14": [
   "NOTUSED", 
   "ORR", 
   "NOTUSED", 
   "ORR", 
   "NOTUSED", 
   "NOTUSED", 
   "ORR", 
   "NOTUSED", 
   "ORR", 
   "NOTUSED", 
   "NOTUSED", 
   "ORR", 
   "ORR", 
   "ANDD", 
   "ORR"
  ], 
  "1": [
   "NOTUSED", 
   "ORR", 
   "NOTUSED", 
   "NOTUSED", 
   "ORR", 
   "ORR", 
   "ANDD", 
   "NOTUSED", 
   "ORR", 
   "ORR", 
   "ANDD", 
   "ORR", 
   "ORR", 
   "NOTUSED", 
   "ORR"
  ], 
  "0": [
   "ANDD", 
   "NOTUSED", 
   "NOTUSED", 
   "ANDD", 
   "ORR", 
   "ANDD", 
   "ORR", 
   "ANDD", 
   "NOTUSED", 
   "NOTUSED", 
   "NOTUSED", 
   "ORR", 
   "ANDD", 
   "ANDD", 
   "NOTUSED"
  ], 
  "3": [
   "ANDD", 
   "NOTUSED", 
   "ORR", 
   "NOTUSED", 
   "ORR", 
   "ANDD", 
   "NOTUSED", 
   "ORR", 
   "ORR", 
   "ORR", 
   "ANDD", 
   "NOTUSED", 
   "NOTUSED", 
   "ORR", 
   "ORR"
  ], 
  "2": [
   "NOTUSED", 
   "NOTUSED", 
   "NOTUSED", 
   "ORR", 
   "ORR", 
   "NOTUSED", 
   "ANDD", 
   "NOTUSED", 
   "ANDD", 
   "ORR", 
   "NOTUSED", 
   "ANDD", 
   "ORR", 
   "NOTUSED", 
   "NOTUSED"
  ], 
  "5": [
   "ANDD", 
   "ORR", 
   "NOTUSED", 
   "ANDD", 
   "ORR", 
   "ANDD", 
   "NOTUSED", 
   "NOTUSED", 
   "NOTUSED", 
   "NOTUSED", 
   "ORR", 
   "ANDD", 
   "ORR", 
   "NOTUSED", 
   "NOTUSED"
  ], 
  "4": [
   "ORR", 
   "ORR", 
   "ORR", 
   "ORR", 
   "ORR", 
   "ORR", 
   "NOTUSED", 
   "NOTUSED", 
   "ANDD", 
   "ORR", 
   "NOTUSED", 
   "ORR", 
   "ORR", 
   "NOTUSED", 
   "NOTUSED"
  ], 
  "7": [
   "ANDD", 
   "NOTUSED", 
   "NOTUSED", 
   "ORR", 
   "NOTUSED", 
   "NOTUSED", 
   "NOTUSED", 
   "ANDD", 
   "ANDD", 
   "NOTUSED", 
   "NOTUSED", 
   "ANDD", 
   "ANDD", 
   "NOTUSED", 
   "NOTUSED"
  ], 
  "6": [
   "ORR", 
   "ANDD", 
   "ANDD", 
   "NOTUSED", 
   "NOTUSED", 
   "NOTUSED", 
   "NOTUSED", 
   "NOTUSED", 
   "NOTUSED", 
   "NOTUSED", 
   "ANDD", 
   "NOTUSED", 
   "ORR", 
   "ANDD", 
   "ORR"
  ], 
  "9": [
   "NOTUSED", 
   "ORR", 
   "ORR", 
   "ORR", 
   "ORR", 
   "NOTUSED", 
   "NOTUSED", 
   "NOTUSED", 
   "NOTUSED", 
   "ORR", 
   "NOTUSED", 
   "ORR", 
   "NOTUSED", 
   "ORR", 
   "NOTUSED"
  ], 
  "8": [
   "NOTUSED", 
   "ORR", 
   "ANDD", 
   "ORR", 
   "ANDD", 
   "NOTUSED", 
   "NOTUSED", 
   "ANDD", 
   "NOTUSED", 
   "NOTUSED", 
   "NOTUSED", 
   "ORR", 
   "ANDD", 
   "ORR", 
   "ORR"
  ]
 }
}