{
 "random_seed": 4219277148, 
 "PARAMETERS": {
  "RADIUS1": 652158.006, 
  "QUADS": 3, 
  "RADIUS2": 344391.462, 
  "DIST": 773682.542, 
  "F_PTS": 42, 
  "K_PTS": 9, 
  "EPSILON": 2.379, 
  "LENGTH1": 763068.469, 
  "G_PTS": 68, 
  "Q_PTS": 55, 
  "N_PTS": 60, 
  "C_PTS": 58, 
  "AREA2": 71162.592, 
  "LENGTH2": 300712.283, 
  "B_PTS": 16, 
  "D_PTS": 1, 
  "AREA1": 898468.303, 
  "A_PTS": 42, 
  "E_PTS": 11
 }, 
 "NUMPOINTS": 71, 
 "points": [
  [
   -254903.041, 
   448554.697
  ], 
  [
   87570.527, 
   385546.012
  ], 
  [
   199697.357, 
   213441.995
  ], 
  [
   936665.745, 
   724345.601
  ], 
  [
   767472.06, 
   -345017.663
  ], 
  [
   -611109.846, 
   -522566.088
  ], 
  [
   260243.364, 
   -601973.121
  ], 
  [
   -754200.425, 
   -834296.384
  ], 
  [
   -94670.11, 
   648623.253
  ], 
  [
   -708728.297, 
   -84368.423
  ], 
  [
   838638.401, 
   -223422.078
  ], 
  [
   449245.208, 
   786318.772
  ], 
  [
   249505.54, 
   -720098.651
  ], 
  [
   -801347.407, 
   721914.915
  ], 
  [
   912695.949, 
   -17101.592
  ], 
  [
   135656.137, 
   -417239.949
  ], 
  [
   578813.39, 
   238871.814
  ], 
  [
   532482.475, 
   260493.293
  ], 
  [
   344597.756, 
   156075.014
  ], 
  [
   -954480.151, 
   -586691.599
  ], 
  [
   268583.144, 
   596644.233
  ], 
  [
   -609748.618, 
   225707.361
  ], 
  [
   659421.695, 
   -572716.416
  ], 
  [
   -989167.219, 
   900587.971
  ], 
  [
   -431559.666, 
   894187.355
  ], 
  [
   44097.264, 
   209680.21
  ], 
  [
   -168684.095, 
   -114465.645
  ], 
  [
   -483891.859, 
   -880813.489
  ], 
  [
   44404.703, 
   -800200.404
  ], 
  [
   695499.031, 
   -319391.542
  ], 
  [
   -643304.945, 
   -402033.995
  ], 
  [
   -876852.183, 
   992062.468
  ], 
  [
   -671878.753, 
   844534.75
  ], 
  [
   303762.969, 
   565749.114
  ], 
  [
   29881.159, 
   664630.106
  ], 
  [
   209523.503, 
   -318674.057
  ], 
  [
   587819.962, 
   348289.067
  ], 
  [
   -311272.073, 
   713270.018
  ], 
  [
   -184525.644, 
   -623897.136
  ], 
  [
   -372180.734, 
   219273.854
  ], 
  [
   -864711.922, 
   278719.848
  ], 
  [
   -790196.767, 
   713932.704
  ], 
  [
   597176.186, 
   646729.213
  ], 
  [
   -929398.005, 
   365249.031
  ], 
  [
   -490105.234, 
   -458506.052
  ], 
  [
   -387528.858, 
   747004.855
  ], 
  [
   777127.801, 
   -877141.863
  ], 
  [
   -515102.027, 
   270157.084
  ], 
  [
   919063.593, 
   -177026.151
  ], 
  [
   -340051.059, 
   398508.41
  ], 
  [
   238864.079, 
   972423.494
  ], 
  [
   -752675.674, 
   -732029.363
  ], 
  [
   423200.688, 
   779752.154
  ], 
  [
   81125.665, 
   467834.921
  ], 
  [
   -487406.73, 
   -290138.833
  ], 
  [
   228898.558, 
   244465.678
  ], 
  [
   486121.22, 
   -851397.953
  ], 
  [
   -463623.456, 
   987084.323
  ], 
  [
   102940.404, 
   -716214.035
  ], 
  [
   246756.972, 
   157129.742
  ], 
  [
   346070.847, 
   -668983.915
  ], 
  [
   -528054.873, 
   -588164.974
  ], 
  [
   -677429.456, 
   -552622.43
  ], 
  [
   -469528.282, 
   -292258.61
  ], 
  [
   -383749.893, 
   -211850.005
  ], 
  [
   543193.588, 
   -790713.811
  ], 
  [
   620074.315, 
   849438.602
  ], 
  [
   -415508.607, 
   -588464.317
  ], 
  [
   -870934.484, 
   -662112.169
  ], 
  [
   509108.213, 
   -812208.611
  ], 
  [
   676828.961, 
   22803.255
  ]
 ], 
 "PUV": [
  false, 
  true, 
  false, 
  false, 
  false, 
  false, 
  true, 
  false, 
  false, 
  true, 
  true, 
  true, 
  false, 
  true, 
  true
 ], 
 "LCM": {
  "11": [
   "ANDD", 
   "NOTUSED", 
   "NOTUSED", 
   "ORR", 
   "ANDD", 
   "ORR", 
   "ORR", 
   "NOTUSED", 
   "NOTUSED", 
   "ANDD", 
   "ORR", 
   "ANDD", 
   "ORR", 
   "ANDD", 
   "ANDD"
  ], 
  "10": [
   "NOTUSED", 
   "ANDD", 
   "ANDD", 
   "ANDD", 
   "ANDD", 
   "ORR", 
   "ORR", 
   "ORR", 
   "ANDD", 
   "NOTUSED", 
   "NOTUSED", 
   "ORR", 
   "NOTUSED", 
   "ANDD", 
   "ORR"
  ], 
  "13": [
   "NOTUSED", 
   "ANDD", 
   "ORR", 
   "ANDD", 
   "ORR", 
   "ANDD", 
   "ORR", 
   "ORR", 
   "ANDD", 
   "ANDD", 
   "ANDD", 
   "ANDD", 
   "ORR", 
   "ANDD", 
   "NOTUSED"
  ], 
  "12": [
   "NOTUSED", 
   "ORR", 
   "NOTUSED", 
   "NOTUSED", 
   "NOTUSED", 
   "ORR", 
   "ORR", 
   "NOTUSED", 
   "ORR", 
   "ANDD", 
   "NOTUSED", 
   "ORR", 
   "ANDD", 
   "ORR", 
   "NOTUSED"
  ], 
  "14": [
   "ORR", 
   "ORR", 
   "ANDD", 
   "ANDD", 
   "ANDD", 
   "ANDD", 
   "NOTUSED", 
   "ANDD", 
   "ORR", 
   "NOTUSED", 
   "ORR", 
   "ANDD", 
   "NOTUSED", 
   "NOTUSED", 
   "ANDD"
  ], 
  "1": [
   "ORR", 
   "ORR", 
   "ORR", 
   "NOTUSED", 
   "ORR", 
   "ANDD", 
   "ORR", 
   "ORR", 
   "ANDD", 
   "ANDD", 
   "ANDD", 
   "NOTUSED", 
   "ORR", 
   "ANDD", 
   "ORR"
  ], 
  "0": [
   "NOTUSED", 
   "ORR", 
   "ANDD", 
   "NOTUSED", 
   "NOTUSED", 
   "NOTUSED", 
   "ANDD", 
   "NOTUSED", 
   "ANDD", 
   "NOTUSED", 
   "NOTUSED", 
   "ANDD", 
   "NOTUSED", 
   "NOTUSED", 
   "ORR"
  ], 
  "3": [
   "NOTUSED", 
   "NOTUSED", 
   "NOTUSED", 
   "ORR", 
   "ORR", 
   "NOTUSED", 
   "NOTUSED", 
   "ANDD", 
   "NOTUSED", 
   "NOTUSED", 
   "ANDD", 
   "ORR", 
   "NOTUSED", 
   "ANDD", 
   "ANDD"
  ], 
  "2": [
   "ANDD", 
   "ORR", 
   "NOTUSED", 
   "NOTUSED", 
   "NOTUSED", 
   "NOTUSED", 
   "NOTUSED", 
   "NOTUSED", 
   "ANDD", 
   "NOTUSED", 
   "ANDD", 
   "NOTUSED", 
   "NOTUSED", 
   "ORR", 
   "ANDD"
  ], 
  "5": [
   "NOTUSED", 
   "ANDD", 
   "NOTUSED", 
   "NOTUSED", 
   "ORR", 
   "NOTUSED", 
   "ORR", 
   "NOTUSED", 
   "NOTUSED", 
   "ANDD", 
   "ORR", 
   "ORR", 
   "ORR", 
   "ANDD", 
   "ANDD"
  ], 
  "4": [
   "NOTUSED", 
   "ORR", 
   "NOTUSED", 
   "ORR", 
   "ANDD", 
   "ORR", 
   "NOTUSED", 
   "ANDD", 
   "ORR", 
   "NOTUSED", 
   "ANDD", 
   "ANDD", 
   "NOTUSED", 
   "ORR", 
   "ANDD"
  ], 
  "7": [
   "NOTUSED", 
   "ORR", 
   "NOTUSED", 
   "ANDD", 
   "ANDD", 
   "NOTUSED", 
   "ORR", 
   "NOTUSED", 
   "ORR", 
   "ANDD", 
   "ORR", 
   "NOTUSED", 
   "NOTUSED", 
   "ORR", 
   "ANDD"
  ], 
  "6": [
   "ANDD", 
   "ORR", 
   "NOTUSED", 
   "NOTUSED", 
   "NOTUSED", 
   "ORR", 
   "ANDD", 
   "ORR", 
   "ORR", 
   "NOTUSED", 
   "ORR", 
   "ORR", 
   "ORR", 
   "ORR", 
   "NOTUSED"
  ], 
  "9": [
   "NOTUSED", 
   "ANDD", 
   "NOTUSED", 
   "NOTUSED", 
   "NOTUSED", 
   "ANDD", 
   "NOTUSED", 
   "ANDD", 
   "ORR", 
   "NOTUSED", 
   "NOTUSED", 
   "ANDD", 
   "ANDD", 
   "ANDD", 
   "NOTUSED"
  ], 
  "8": [
   "ANDD", 
   "ANDD", 
   "ANDD", 
   "NOTUSED", 
   "ORR", 
   "NOTUSED", 
   "ORR", 
   "ORR", 
   "ORR", 
   "ORR", 
   "ANDD", 
   "NOTUSED", 
   "ORR", 
   "ANDD", 
   "ORR"
  ]
 }
}