{
 "random_seed": 1493931128, 
 "PARAMETERS": {
  "RADIUS1": 656833.061, 
  "QUADS": 2, 
  "RADIUS2": 804550.284, 
  "DIST": 312180.961, 
  "F_PTS": 37, 
  "K_PTS": 77, 
  "EPSILON": 3.101, 
  "LENGTH1": 98604.334, 
  "G_PTS": 13, 
  "Q_PTS": 50, 
  "N_PTS": 89, 
  "C_PTS": 46, 
  "AREA2": 684339.569, 
  "LENGTH2": 20200.513, 
  "B_PTS": 65, 
  "D_PTS": 4, 
  "AREA1": 172625.273, 
  "A_PTS": 18, 
  "E_PTS": 27
 }, 
 "NUMPOINTS": 92, 
 "points": [
  [
   897328.856, 
   -154877.414
  ], 
  [
   692171.253, 
   952928.655
  ], 
  [
   559638.045, 
   -825932.334
  ], 
  [
   -336983.876, 
   -705107.623
  ], 
  [
   295450.149, 
   -481453.974
  ], 
  [
   -306628.373, 
   -895453.598
  ], 
  [
   -141394.056, 
   -955554.001
  ], 
  [
   864079.4, 
   -286274.949
  ], 
  [
   -567973.372, 
   -155175.022
  ], 
  [
   360738.545, 
   -53488.107
  ], 
  [
   28576.77, 
   -245440.919
  ], 
  [
   936050.918, 
   857694.25
  ], 
  [
   192685.291, 
   23520.519
  ], 
  [
   633943.123, 
   720224.508
  ], 
  [
   840503.899, 
   347231.254
  ], 
  [
   147821.193, 
   -856382.025
  ], 
  [
   -310827.701, 
   114811.641
  ], 
  [
   519040.044, 
   141284.965
  ], 
  [
   394667.561, 
   953888.138
  ], 
  [
   -460101.767, 
   -467354.752
  ], 
  [
   611677.689, 
   787345.272
  ], 
  [
   -971634.701, 
   -816606.55
  ], 
  [
   -184271.537, 
   -273057.839
  ], 
  [
   -226234.671, 
   366505.003
  ], 
  [
   -948482.007, 
   -877005.675
  ], 
  [
   -642046.885, 
   -71668.36
  ], 
  [
   255619.813, 
   -131559.617
  ], 
  [
   268985.448, 
   -219845.09
  ], 
  [
   -765081.001, 
   455096.27
  ], 
  [
   -127194.814, 
   240917.516
  ], 
  [
   -645889.61, 
   -26961.252
  ], 
  [
   -577954.762, 
   -437651.457
  ], 
  [
   -320570.297, 
   -632478.353
  ], 
  [
   50602.951, 
   908884.033
  ], 
  [
   -44141.123, 
   387609.588
  ], 
  [
   243979.585, 
   202933.603
  ], 
  [
   -608534.941, 
   -126046.539
  ], 
  [
   -897387.152, 
   689701.327
  ], 
  [
   -648450.108, 
   353022.994
  ], 
  [
   709076.811, 
   -518646.948
  ], 
  [
   -666156.375, 
   890843.909
  ], 
  [
   -270438.064, 
   -134013.227
  ], 
  [
   355874.819, 
   375298.812
  ], 
  [
   -314659.359, 
   506463.902
  ], 
  [
   536767.124, 
   592252.01
  ], 
  [
   361816.692, 
   -260512.759
  ], 
  [
   -652198.49, 
   -612238.491
  ], 
  [
   630407.718, 
   889860.306
  ], 
  [
   -812376.516, 
   -91099.987
  ], 
  [
   821122.351, 
   49371.67
  ], 
  [
   -249732.864, 
   -925340.277
  ], 
  [
   -587704.779, 
   857269.894
  ], 
  [
   356024.906, 
   754839.566
  ], 
  [
   576613.216, 
   -286852.257
  ], 
  [
   -571848.601, 
   -546574.251
  ], 
  [
   203482.766, 
   -389534.111
  ], 
  [
   -385806.374, 
   423272.227
  ], 
  [
   -668397.807, 
   -340913.432
  ], 
  [
   -301580.619, 
   294859.162
  ], 
  [
   669119.48, 
   -636155.662
  ], 
  [
   679165.098, 
   -382055.663
  ], 
  [
   -335614.522, 
   -312571.776
  ], 
  [
   -889914.606, 
   -785216.485
  ], 
  [
   670270.362, 
   -444714.238
  ], 
  [
   401588.727, 
   -642606.099
  ], 
  [
   -256516.686, 
   -694450.81
  ], 
  [
   -959384.237, 
   -257818.475
  ], 
  [
   449265.113, 
   384400.113
  ], 
  [
   450314.24, 
   522353.913
  ], 
  [
   603760.792, 
   464338.665
  ], 
  [
   -756639.205, 
   -976214.848
  ], 
  [
   -621498.181, 
   -239626.547
  ], 
  [
   26001.152, 
   802225.119
  ], 
  [
   263787.688, 
   951054.478
  ], 
  [
   -363081.379, 
   -592487.802
  ], 
  [
   677003.603, 
   509868.029
  ], 
  [
   947106.037, 
   978838.936
  ], 
  [
   -624340.252, 
   -555045.85
  ], 
  [
   470434.088, 
   -32908.624
  ], 
  [
   -294031.297, 
   -955980.371
  ], 
  [
   -753502.925, 
   -469057.765
  ], 
  [
   822310.68, 
   -745283.1
  ], 
  [
   295590.043, 
   -20016.734
  ], 
  [
   604745.325, 
   298220.444
  ], 
  [
   419779.354, 
   64785.529
  ], 
  [
   -486327.317, 
   -428346.916
  ], 
  [
   -204452.184, 
   -377819.875
  ], 
  [
   -702853.29, 
   -149.84
  ], 
  [
   175347.642, 
   821441.677
  ], 
  [
   157094.529, 
   837949.286
  ], 
  [
   -330345.074, 
   276771.597
  ], 
  [
   536699.645, 
   620357.146
  ]
 ], 
 "PUV": [
  false, 
  false, 
  true, 
  false, 
  true, 
  true, 
  true, 
  true, 
  true, 
  true, 
  false, 
  false, 
  false, 
  true, 
  true
 ], 
 "LCM": {
  "11": [
   "ANDD", 
   "ANDD", 
   "ANDD", 
   "NOTUSED", 
   "ORR", 
   "ORR", 
   "NOTUSED", 
   "ORR", 
   "ORR", 
   "ANDD", 
   "ORR", 
   "NOTUSED", 
   "ANDD", 
   "ORR", 
   "ORR"
  ], 
  "10": [
   "ORR", 
   "ORR", 
   "NOTUSED", 
   "ORR", 
   "NOTUSED", 
   "NOTUSED", 
   "NOTUSED", 
   "ORR", 
   "ANDD", 
   "ORR", 
   "NOTUSED", 
   "ORR", 
   "ORR", 
   "NOTUSED", 
   "ANDD"
  ], 
  "13": [
   "NOTUSED", 
   "ORR", 
   "ORR", 
   "ANDD", 
   "NOTUSED", 
   "ORR", 
   "NOTUSED", 
   "ANDD", 
   "ANDD", 
   "ANDD", 
   "NOTUSED", 
   "ORR", 
   "NOTUSED", 
   "ANDD", 
   "ANDD"
  ], 
  "12": [
   "ANDD", 
   "ANDD", 
   "ORR", 
   "ORR", 
   "NOTUSED", 
   "NOTUSED", 
   "ANDD", 
   "ORR", 
   "ANDD", 
   "ANDD", 
   "ORR", 
   "ANDD", 
   "ORR", 
   "NOTUSED", 
   "NOTUSED"
  ], 
  "14": [
   "ORR", 
   "NOTUSED", 
   "ORR", 
   "NOTUSED", 
   "ORR", 
   "NOTUSED", 
   "ORR", 
   "NOTUSED", 
   "NOTUSED", 
   "NOTUSED", 
   "ANDD", 
   "ORR", 
   "NOTUSED", 
   "ANDD", 
   "ANDD"
  ], 
  "1": [
   "ORR", 
   "NOTUSED", 
   "NOTUSED", 
   "ANDD", 
   "NOTUSED", 
   "ANDD", 
   "ORR", 
   "ANDD", 
   "NOTUSED", 
   "ORR", 
   "ORR", 
   "ANDD", 
   "ANDD", 
   "ORR", 
   "NOTUSED"
  ], 
  "0": [
   "ANDD", 
   "ORR", 
   "ANDD", 
   "ANDD", 
   "ORR", 
   "ORR", 
   "ORR", 
   "NOTUSED", 
   "ANDD", 
   "NOTUSED", 
   "ORR", 
   "ANDD", 
   "ANDD", 
   "NOTUSED", 
   "ORR"
  ], 
  "3": [
   "ANDD", 
   "ANDD", 
   "ORR", 
   "ORR", 
   "ORR", 
   "ANDD", 
   "ORR", 
   "ANDD", 
   "ANDD", 
   "ANDD", 
   "ORR", 
   "NOTUSED", 
   "ORR", 
   "ANDD", 
   "NOTUSED"
  ], 
  "2": [
   "ANDD", 
   "NOTUSED", 
   "NOTUSED", 
   "ORR", 
   "ORR", 
   "NOTUSED", 
   "NOTUSED", 
   "NOTUSED", 
   "ANDD", 
   "NOTUSED", 
   "NOTUSED", 
   "ANDD", 
   "ORR", 
   "ORR", 
   "ORR"
  ], 
  "5": [
   "ORR", 
   "ANDD", 
   "NOTUSED", 
   "ANDD", 
   "ORR", 
   "ANDD", 
   "ANDD", 
   "NOTUSED", 
   "ANDD", 
   "ORR", 
   "NOTUSED", 
   "ORR", 
   "NOTUSED", 
   "ORR", 
   "NOTUSED"
  ], 
  "4": [
   "ORR", 
   "NOTUSED", 
   "ORR", 
   "ORR", 
   "NOTUSED", 
   "ORR", 
   "NOTUSED", 
   "ANDD", 
   "ANDD", 
   "ORR", 
   "NOTUSED", 
   "ORR", 
   "NOTUSED", 
   "NOTUSED", 
   "ORR"
  ], 
  "7": [
   "NOTUSED", 
   "ANDD", 
   "NOTUSED", 
   "ANDD", 
   "ANDD", 
   "NOTUSED", 
   "ORR", 
   "NOTUSED", 
   "ANDD", 
   "ANDD", 
   "ORR", 
   "ORR", 
   "ORR", 
   "ANDD", 
   "NOTUSED"
  ], 
  "6": [
   "ORR", 
   "ORR", 
   "NOTUSED", 
   "ORR", 
   "NOTUSED", 
   "ANDD", 
   "ORR", 
   "ORR", 
   "ANDD", 
   "ANDD", 
   "NOTUSED", 
   "NOTUSED", 
   "ANDD", 
   "NOTUSED", 
   "ORR"
  ], 
  "9": [
   "NOTUSED", 
   "ORR", 
   "NOTUSED", 
   "ANDD", 
   "ORR", 
   "ORR", 
   "ANDD", 
   "ANDD", 
   "ANDD", 
   "ORR", 
   "ORR", 
   "ANDD", 
   "ANDD", 
   "ANDD", 
   "NOTUSED"
  ], 
  "8": [
   "ANDD", 
   "NOTUSED", 
   "ANDD", 
   "ANDD", 
   "ANDD", 
   "ANDD", 
   "ANDD", 
   "ANDD", 
   "ANDD", 
   "ANDD", 
   "ANDD", 
   "ORR", 
   "ANDD", 
   "ANDD", 
   "NOTUSED"
  ]
 }
}