{
 "random_seed": 408226312, 
 "PARAMETERS": {
  "RADIUS1": 849702.032, 
  "QUADS": 1, 
  "RADIUS2": 929761.435, 
  "DIST": 449649.186, 
  "F_PTS": 2, 
  "K_PTS": 22, 
  "EPSILON": 1.77, 
  "LENGTH1": 844647.593, 
  "G_PTS": 22, 
  "Q_PTS": 13, 
  "N_PTS": 14, 
  "C_PTS": 5, 
  "AREA2": 972868.103, 
  "LENGTH2": 239018.295, 
  "B_PTS": 12, 
  "D_PTS": 21, 
  "AREA1": 129756.823, 
  "A_PTS": 5, 
  "E_PTS": 7
 }, 
 "NUMPOINTS": 40, 
 "points": [
  [
   -142864.554, 
   775318.112
  ], 
  [
   243666.472, 
   -782336.833
  ], 
  [
   -108654.913, 
   509488.833
  ], 
  [
   676686.763, 
   546227.187
  ], 
  [
   -903682.24, 
   384731.355
  ], 
  [
   712322.88, 
   -172420.893
  ], 
  [
   236929.251, 
   -529556.79
  ], 
  [
   861996.808, 
   253107.072
  ], 
  [
   395383.692, 
   -952999.409
  ], 
  [
   981823.571, 
   -303708.117
  ], 
  [
   319409.703, 
   -503354.846
  ], 
  [
   -285736.696, 
   961131.599
  ], 
  [
   -880720.296, 
   777466.581
  ], 
  [
   663073.245, 
   -642710.756
  ], 
  [
   -379438.955, 
   -717391.674
  ], 
  [
   924581.446, 
   -411802.662
  ], 
  [
   -657562.01, 
   762225.318
  ], 
  [
   -886263.219, 
   -326704.147
  ], 
  [
   160048.694, 
   -181716.506
  ], 
  [
   -773699.796, 
   752982.353
  ], 
  [
   -588076.547, 
   -162859.057
  ], 
  [
   -13093.011, 
   -655463.749
  ], 
  [
   195719.238, 
   316291.739
  ], 
  [
   401630.323, 
   -462105.844
  ], 
  [
   -324266.449, 
   -12278.79
  ], 
  [
   612774.113, 
   -799693.82
  ], 
  [
   -379643.13, 
   438410.679
  ], 
  [
   -872009.295, 
   87750.811
  ], 
  [
   -359736.169, 
   806325.01
  ], 
  [
   168595.481, 
   74156.908
  ], 
  [
   -817723.784, 
   426943.37
  ], 
  [
   -620701.605, 
   753007.814
  ], 
  [
   -259241.213, 
   730816.338
  ], 
  [
   562380.224, 
   458944.245
  ], 
  [
   -46194.325, 
   679346.15
  ], 
  [
   311135.946, 
   88566.592
  ], 
  [
   -223675.908, 
   -950250.326
  ], 
  [
   157001.36, 
   -509114.361
  ], 
  [
   617555.255, 
   -816789.89
  ], 
  [
   -918499.244, 
   712305.193
  ]
 ], 
 "PUV": [
  false, 
  false, 
  true, 
  false, 
  true, 
  false, 
  false, 
  false, 
  true, 
  true, 
  true, 
  false, 
  false, 
  false, 
  true
 ], 
 "LCM": {
  "11": [
   "NOTUSED", 
   "NOTUSED", 
   "ORR", 
   "NOTUSED", 
   "NOTUSED", 
   "ANDD", 
   "ANDD", 
   "NOTUSED", 
   "ANDD", 
   "ANDD", 
   "ANDD", 
   "ANDD", 
   "ORR", 
   "NOTUSED", 
   "ANDD"
  ], 
  "10": [
   "ANDD", 
   "ORR", 
   "ANDD", 
   "NOTUSED", 
   "ORR", 
   "ANDD", 
   "ORR", 
   "NOTUSED", 
   "ANDD", 
   "ANDD", 
   "ORR", 
   "ANDD", 
   "ANDD", 
   "ANDD", 
   "ANDD"
  ], 
  "13": [
   "NOTUSED", 
   "ANDD", 
   "ANDD", 
   "ORR", 
   "ORR", 
   "ANDD", 
   "ANDD", 
   "ANDD", 
   "ANDD", 
   "ANDD", 
   "ANDD", 
   "NOTUSED", 
   "ANDD", 
   "NOTUSED", 
   "ANDD"
  ], 
  "12": [
   "ORR", 
   "NOTUSED", 
   "ORR", 
   "ANDD", 
   "ANDD", 
   "NOTUSED", 
   "ORR", 
   "ANDD", 
   "ORR", 
   "ANDD", 
   "ANDD", 
   "ORR", 
   "NOTUSED", 
   "ANDD", 
   "NOTUSED"
  ], 
  "14": [
   "NOTUSED", 
   "ANDD", 
   "ORR", 
   "ORR", 
   "NOTUSED", 
   "ANDD", 
   "NOTUSED", 
   "ORR", 
   "ANDD", 
   "NOTUSED", 
   "ANDD", 
   "ANDD", 
   "NOTUSED", 
   "ANDD", 
   "ORR"
  ], 
  "1": [
   "NOTUSED", 
   "ORR", 
   "ANDD", 
   "ORR", 
   "ORR", 
   "ANDD", 
   "ANDD", 
   "ANDD", 
   "NOTUSED", 
   "NOTUSED", 
   "ORR", 
   "NOTUSED", 
   "NOTUSED", 
   "ANDD", 
   "ANDD"
  ], 
  "0": [
   "ANDD", 
   "NOTUSED", 
   "ORR", 
   "NOTUSED", 
   "NOTUSED", 
   "ORR", 
   "NOTUSED", 
   "NOTUSED", 
   "ANDD", 
   "ORR", 
   "ANDD", 
   "NOTUSED", 
   "ORR", 
   "NOTUSED", 
   "NOTUSED"
  ], 
  "3": [
   "NOTUSED", 
   "ORR", 
   "ORR", 
   "NOTUSED", 
   "ORR", 
   "ANDD", 
   "ORR", 
   "ANDD", 
   "ANDD", 
   "ANDD", 
   "NOTUSED", 
   "NOTUSED", 
   "ANDD", 
   "ORR", 
   "ORR"
  ], 
  "2": [
   "ORR", 
   "ANDD", 
   "NOTUSED", 
   "ORR", 
   "ANDD", 
   "ORR", 
   "ANDD", 
   "ANDD", 
   "ORR", 
   "ANDD", 
   "ANDD", 
   "ORR", 
   "ORR", 
   "ANDD", 
   "ORR"
  ], 
  "5": [
   "ORR", 
   "ANDD", 
   "ORR", 
   "ANDD", 
   "ORR", 
   "ANDD", 
   "ANDD", 
   "ORR", 
   "NOTUSED", 
   "ANDD", 
   "ANDD", 
   "ANDD", 
   "NOTUSED", 
   "ANDD", 
   "ANDD"
  ], 
  "4": [
   "NOTUSED", 
   "ORR", 
   "ANDD", 
   "ORR", 
   "NOTUSED", 
   "ORR", 
   "ANDD", 
   "ANDD", 
   "NOTUSED", 
   "ORR", 
   "ORR", 
   "NOTUSED", 
   "ANDD", 
   "ORR", 
   "NOTUSED"
  ], 
  "7": [
   "NOTUSED", 
   "ANDD", 
   "ANDD", 
   "ANDD", 
   "ANDD", 
   "ORR", 
   "NOTUSED", 
   "ORR", 
   "ORR", 
   "ANDD", 
   "NOTUSED", 
   "NOTUSED", 
   "ANDD", 
   "ANDD", 
   "ORR"
  ], 
  "6": [
   "NOTUSED", 
   "ANDD", 
   "ANDD", 
   "ORR", 
   "ANDD", 
   "ANDD", 
   "ORR", 
   "NOTUSED", 
   "ANDD", 
   "ORR", 
   "ORR", 
   "ANDD", 
   "ORR", 
   "ANDD", 
   "NOTUSED"
  ], 
  "9": [
   "ORR", 
   "NOTUSED", 
   "ANDD", 
   "ANDD", 
   "ORR", 
   "ANDD", 
   "ORR", 
   "ANDD", 
   "ANDD", 
   "NOTUSED", 
   "ANDD", 
   "ANDD", 
   "ANDD", 
   "ANDD", 
   "NOTUSED"
  ], 
  "8": [
   "ANDD", 
   "NOTUSED", 
   "ORR", 
   "ANDD", 
   "NOTUSED", 
   "NOTUSED", 
   "ANDD", 
   "ORR", 
   "ORR", 
   "ANDD", 
   "ANDD", 
   "ANDD", 
   "ORR", 
   "ANDD", 
   "ANDD"
  ]
 }
}