{
 "random_seed": 3235499552, 
 "PARAMETERS": {
  "RADIUS1": 324474.059, 
  "QUADS": 1, 
  "RADIUS2": 75818.823, 
  "DIST": 576495.482, 
  "F_PTS": 7, 
  "K_PTS": 1, 
  "EPSILON": 2.907, 
  "LENGTH1": 52781.052, 
  "G_PTS": 70, 
  "Q_PTS": 3, 
  "N_PTS": 94, 
  "C_PTS": 2, 
  "AREA2": 27618.693, 
  "LENGTH2": 365341.028, 
  "B_PTS": 6, 
  "D_PTS": 58, 
  "AREA1": 929576.994, 
  "A_PTS": 58, 
  "E_PTS": 8
 }, 
 "NUMPOINTS": 96, 
 "points": [
  [
   17861.146, 
   65560.037
  ], 
  [
   680405.626, 
   248407.303
  ], 
  [
   799977.929, 
   -32768.608
  ], 
  [
   554836.743, 
   378972.358
  ], 
  [
   -29574.179, 
   531288.098
  ], 
  [
   -92894.743, 
   -801557.895
  ], 
  [
   543345.524, 
   12493.74
  ], 
  [
   65131.795, 
   -498619.058
  ], 
  [
   248567.002, 
   918369.141
  ], 
  [
   -168202.35, 
   -704016.044
  ], 
  [
   -459265.206, 
   -337539.231
  ], 
  [
   462519.657, 
   889435.118
  ], 
  [
   559695.168, 
   -268648.503
  ], 
  [
   12799.871, 
   -874120.186
  ], 
  [
   -62396.787, 
   740337.949
  ], 
  [
   -387306.655, 
   -351425.47
  ], 
  [
   793823.766, 
   410066.1
  ], 
  [
   677367.861, 
   -490933.232
  ], 
  [
   -979458.197, 
   -932391.397
  ], 
  [
   444853.999, 
   -105390.53
  ], 
  [
   -776012.618, 
   -171101.64
  ], 
  [
   -559628.432, 
   -956164.296
  ], 
  [
   -896951.034, 
   -792588.226
  ], 
  [
   -979671.288, 
   19108.379
  ], 
  [
   -739538.715, 
   -366869.071
  ], 
  [
   -108172.257, 
   -208054.832
  ], 
  [
   388428.237, 
   -625647.662
  ], 
  [
   900538.372, 
   260023.809
  ], 
  [
   -411713.787, 
   -160408.63
  ], 
  [
   -396050.133, 
   214242.303
  ], 
  [
   918867.663, 
   -861504.13
  ], 
  [
   956859.856, 
   320228.579
  ], 
  [
   -147934.719, 
   965607.74
  ], 
  [
   -481625.538, 
   -11928.48
  ], 
  [
   170930.222, 
   777700.194
  ], 
  [
   -745875.88, 
   23901.893
  ], 
  [
   -219284.881, 
   725828.14
  ], 
  [
   548099.919, 
   187671.253
  ], 
  [
   -798675.576, 
   -676216.173
  ], 
  [
   315004.881, 
   501299.01
  ], 
  [
   614675.177, 
   769331.45
  ], 
  [
   -721383.96, 
   794562.616
  ], 
  [
   834706.836, 
   335004.653
  ], 
  [
   36549.93, 
   351784.207
  ], 
  [
   157273.827, 
   -120855.926
  ], 
  [
   -774481.428, 
   308330.515
  ], 
  [
   -943341.701, 
   649590.543
  ], 
  [
   -945351.887, 
   703869.84
  ], 
  [
   -427233.988, 
   782052.361
  ], 
  [
   536788.624, 
   229717.925
  ], 
  [
   -389662.252, 
   257391.363
  ], 
  [
   -676507.493, 
   -181406.345
  ], 
  [
   291689.531, 
   -905743.006
  ], 
  [
   296317.595, 
   -407690.394
  ], 
  [
   100241.002, 
   -715586.265
  ], 
  [
   -477719.755, 
   -672646.194
  ], 
  [
   398337.238, 
   49126.583
  ], 
  [
   -901061.096, 
   490726.658
  ], 
  [
   19800.228, 
   491333.317
  ], 
  [
   -73294.386, 
   203745.078
  ], 
  [
   -577894.314, 
   745265.639
  ], 
  [
   264211.19, 
   -242116.854
  ], 
  [
   -541187.728, 
   -400246.469
  ], 
  [
   -371138.468, 
   311373.598
  ], 
  [
   412361.676, 
   -325678.925
  ], 
  [
   434305.733, 
   -125859.517
  ], 
  [
   -799933.383, 
   -583395.09
  ], 
  [
   929798.783, 
   -315385.844
  ], 
  [
   26330.309, 
   909130.899
  ], 
  [
   -667361.124, 
   743043.158
  ], 
  [
   75852.79, 
   -222497.723
  ], 
  [
   -670778.375, 
   547372.633
  ], 
  [
   -896173.142, 
   907673.602
  ], 
  [
   320821.638, 
   -742844.723
  ], 
  [
   -201143.345, 
   -14289.785
  ], 
  [
   -477618.754, 
   -888301.931
  ], 
  [
   -833573.444, 
   -318608.651
  ], 
  [
   -999092.36, 
   -163594.676
  ], 
  [
   -572973.992, 
   213129.691
  ], 
  [
   603950.179, 
   -680731.365
  ], 
  [
   406466.954, 
   811491.766
  ], 
  [
   117487.244, 
   315408.567
  ], 
  [
   -341474.242, 
   665719.269
  ], 
  [
   -722958.096, 
   -307565.067
  ], 
  [
   -735129.514, 
   341793.642
  ], 
  [
   921296.92, 
   933569.839
  ], 
  [
   121223.565, 
   571476.042
  ], 
  [
   -306839.173, 
   292569.838
  ], 
  [
   537899.475, 
   920671.028
  ], 
  [
   -230395.294, 
   -529133.312
  ], 
  [
   -361906.945, 
   849203.338
  ], 
  [
   -740108.499, 
   958655.585
  ], 
  [
   -630625.947, 
   868175.031
  ], 
  [
   546902.994, 
   -803712.829
  ], 
  [
   47512.202, 
   -110011.312
  ], 
  [
   6400.373, 
   158791.893
  ]
 ], 
 "PUV": [
  true, 
  false, 
  true, 
  false, 
  true, 
  true, 
  false, 
  false, 
  true, 
  false, 
  false, 
  true, 
  false, 
  false, 
  true
 ], 
 "LCM": {
  "11": [
   "ORR", 
   "ORR", 
   "ORR", 
   "NOTUSED", 
   "ANDD", 
   "ANDD", 
   "ORR", 
   "ORR", 
   "NOTUSED", 
   "ORR", 
   "ANDD", 
   "ANDD", 
   "NOTUSED", 
   "ORR", 
   "NOTUSED"
  ], 
  "10": [
   "NOTUSED", 
   "ORR", 
   "NOTUSED", 
   "ANDD", 
   "ANDD", 
   "ANDD", 
   "NOTUSED", 
   "ORR", 
   "NOTUSED", 
   "NOTUSED", 
   "NOTUSED", 
   "ANDD", 
   "ORR", 
   "ANDD", 
   "NOTUSED"
  ], 
  "13": [
   "NOTUSED", 
   "ANDD", 
   "NOTUSED", 
   "NOTUSED", 
   "ANDD", 
   "ANDD", 
   "ANDD", 
   "ANDD", 
   "ORR", 
   "ANDD", 
   "ANDD", 
   "ORR", 
   "ORR", 
   "ANDD", 
   "NOTUSED"
  ], 
  "12": [
   "NOTUSED", 
   "ORR", 
   "NOTUSED", 
   "ORR", 
   "ORR", 
   "ORR", 
   "ANDD", 
   "ANDD", 
   "ORR", 
   "ANDD", 
   "ORR", 
   "NOTUSED", 
   "ANDD", 
   "ORR", 
   "NOTUSED"
  ], 
  "14": [
   "ORR", 
   "ANDD", 
   "NOTUSED", 
   "NOTUSED", 
   "NOTUSED", 
   "NOTUSED", 
   "ANDD", 
   "ANDD", 
   "ORR", 
   "ORR", 
   "NOTUSED", 
   "NOTUSED", 
   "NOTUSED", 
   "NOTUSED", 
   "ORR"
  ], 
  "1": [
   "ORR", 
   "ANDD", 
   "ORR", 
   "ANDD", 
   "ORR", 
   "NOTUSED", 
   "ANDD", 
   "NOTUSED", 
   "ANDD", 
   "ORR", 
   "ORR", 
   "ORR", 
   "ORR", 
   "ANDD", 
   "ANDD"
  ], 
  "0": [
   "ANDD", 
   "ORR", 
   "ORR", 
   "ANDD", 
   "ORR", 
   "NOTUSED", 
   "NOTUSED", 
   "ORR", 
   "NOTUSED", 
   "ANDD", 
   "NOTUSED", 
   "ORR", 
   "NOTUSED", 
   "NOTUSED", 
   "ORR"
  ], 
  "3": [
   "ANDD", 
   "ANDD", 
   "NOTUSED", 
   "ORR", 
   "NOTUSED", 
   "ANDD", 
   "ANDD", 
   "NOTUSED", 
   "NOTUSED", 
   "ORR", 
   "ANDD", 
   "NOTUSED", 
   "ORR", 
   "NOTUSED", 
   "NOTUSED"
  ], 
  "2": [
   "ORR", 
   "ORR", 
   "ORR", 
   "NOTUSED", 
   "ORR", 
   "NOTUSED", 
   "ORR", 
   "NOTUSED", 
   "ANDD", 
   "ORR", 
   "NOTUSED", 
   "ORR", 
   "NOTUSED", 
   "NOTUSED", 
   "NOTUSED"
  ], 
  "5": [
   "NOTUSED", 
   "NOTUSED", 
   "NOTUSED", 
   "ANDD", 
   "ORR", 
   "ORR", 
   "ORR", 
   "ANDD", 
   "NOTUSED", 
   "ORR", 
   "ANDD", 
   "ANDD", 
   "ORR", 
   "ANDD", 
   "NOTUSED"
  ], 
  "4": [
   "ORR", 
   "ORR", 
   "ORR", 
   "NOTUSED", 
   "ORR", 
   "ORR", 
   "ANDD", 
   "ANDD", 
   "ORR", 
   "ORR", 
   "ANDD", 
   "ANDD", 
   "ORR", 
   "ANDD", 
   "NOTUSED"
  ], 
  "7": [
   "ORR", 
   "NOTUSED", 
   "NOTUSED", 
   "NOTUSED", 
   "ANDD", 
   "ANDD", 
   "ORR", 
   "ORR", 
   "NOTUSED", 
   "NOTUSED", 
   "ORR", 
   "ORR", 
   "ANDD", 
   "ANDD", 
   "ANDD"
  ], 
  "6": [
   "NOTUSED", 
   "ANDD", 
   "ORR", 
   "ANDD", 
   "ANDD", 
   "ORR", 
   "ANDD", 
   "ORR", 
   "ORR", 
   "ORR", 
   "NOTUSED", 
   "ORR", 
   "ANDD", 
   "ANDD", 
   "ANDD"
  ], 
  "9": [
   "ANDD", 
   "ORR", 
   "ORR", 
   "ORR", 
   "ORR", 
   "ORR", 
   "ORR", 
   "NOTUSED", 
   "ORR", 
   "ANDD", 
   "NOTUSED", 
   "ORR", 
   "ANDD", 
   "ANDD", 
   "ORR"
  ], 
  "8": [
   "NOTUSED", 
   "ANDD", 
   "ANDD", 
   "NOTUSED", 
   "ORR", 
   "NOTUSED", 
   "ORR", 
   "NOTUSED", 
   "NOTUSED", 
   "ORR", 
   "NOTUSED", 
   "NOTUSED", 
   "ORR", 
   "ORR", 
   "ORR"
  ]
 }
}