{
 "random_seed": 876198928, 
 "PARAMETERS": {
  "RADIUS1": 59653.488, 
  "QUADS": 2, 
  "RADIUS2": 627278.517, 
  "DIST": 849403.376, 
  "F_PTS": 46, 
  "K_PTS": 46, 
  "EPSILON": 2.646, 
  "LENGTH1": 686038.339, 
  "G_PTS": 33, 
  "Q_PTS": 61, 
  "N_PTS": 66, 
  "C_PTS": 1, 
  "AREA2": 477151.292, 
  "LENGTH2": 945628.11, 
  "B_PTS": 17, 
  "D_PTS": 43, 
  "AREA1": 485393.421, 
  "A_PTS": 12, 
  "E_PTS": 21
 }, 
 "NUMPOINTS": 72, 
 "points": [
  [
   -694633.604, 
   802827.842
  ], 
  [
   -837020.411, 
   -743379.859
  ], 
  [
   -612425.24, 
   -917983.53
  ], 
  [
   -986360.712, 
   -562973.673
  ], 
  [
   -434823.671, 
   -420979.386
  ], 
  [
   -632095.57, 
   -591644.853
  ], 
  [
   -693676.875, 
   -448417.873
  ], 
  [
   405464.953, 
   502158.91
  ], 
  [
   588828.397, 
   842695.812
  ], 
  [
   -285955.839, 
   -987091.571
  ], 
  [
   48696.303, 
   -889990.601
  ], 
  [
   470197.956, 
   60079.28
  ], 
  [
   608946.265, 
   735533.56
  ], 
  [
   392574.399, 
   177062.517
  ], 
  [
   -708647.814, 
   434663.569
  ], 
  [
   158831.695, 
   61327.903
  ], 
  [
   721446.541, 
   -233731.085
  ], 
  [
   -869961.007, 
   -712555.84
  ], 
  [
   268267.155, 
   772854.001
  ], 
  [
   764503.529, 
   -679147.322
  ], 
  [
   -27115.865, 
   202689.696
  ], 
  [
   814938.869, 
   -481523.801
  ], 
  [
   -718499.004, 
   -909579.621
  ], 
  [
   413686.446, 
   481274.341
  ], 
  [
   -12953.333, 
   877518.757
  ], 
  [
   -851672.979, 
   -228327.381
  ], 
  [
   -571859.126, 
   354796.759
  ], 
  [
   464813.999, 
   -37584.974
  ], 
  [
   -6364.966, 
   574689.337
  ], 
  [
   -356578.416, 
   -26574.952
  ], 
  [
   732997.567, 
   81103.763
  ], 
  [
   197893.082, 
   -487117.327
  ], 
  [
   -137469.448, 
   569729.442
  ], 
  [
   315340.386, 
   -400178.243
  ], 
  [
   -716047.791, 
   215468.697
  ], 
  [
   -97668.294, 
   844887.355
  ], 
  [
   -599998.977, 
   164460.048
  ], 
  [
   -999061.962, 
   -525453.009
  ], 
  [
   -176676.772, 
   -805677.344
  ], 
  [
   -944752.631, 
   -306389.878
  ], 
  [
   477293.868, 
   -225655.504
  ], 
  [
   -481548.469, 
   668102.697
  ], 
  [
   -945113.267, 
   352220.033
  ], 
  [
   812429.04, 
   883330.862
  ], 
  [
   -435639.081, 
   71782.015
  ], 
  [
   543986.76, 
   -901021.499
  ], 
  [
   -615369.67, 
   685477.809
  ], 
  [
   364445.103, 
   613393.841
  ], 
  [
   955694.35, 
   -604197.426
  ], 
  [
   932447.028, 
   -556649.058
  ], 
  [
   861586.94, 
   -447004.968
  ], 
  [
   -284763.033, 
   -470244.964
  ], 
  [
   102622.21, 
   352192.116
  ], 
  [
   396536.919, 
   323368.577
  ], 
  [
   280832.605, 
   -163416.744
  ], 
  [
   129559.752, 
   134342.994
  ], 
  [
   -673506.473, 
   587492.147
  ], 
  [
   642321.871, 
   -319869.628
  ], 
  [
   -568243.495, 
   59600.898
  ], 
  [
   554320.257, 
   164769.85
  ], 
  [
   -743499.931, 
   786405.893
  ], 
  [
   433408.859, 
   442511.451
  ], 
  [
   -861324.876, 
   -718672.034
  ], 
  [
   -579358.402, 
   -917780.76
  ], 
  [
   493043.088, 
   -412706.696
  ], 
  [
   458197.502, 
   -220481.853
  ], 
  [
   -520265.207, 
   -796738.796
  ], 
  [
   535207.245, 
   758949.514
  ], 
  [
   -718463.904, 
   -401679.663
  ], 
  [
   -299060.009, 
   -110760.02
  ], 
  [
   247466.464, 
   -767379.565
  ], 
  [
   603747.495, 
   -536124.971
  ]
 ], 
 "PUV": [
  true, 
  true, 
  true, 
  false, 
  true, 
  false, 
  false, 
  true, 
  true, 
  true, 
  false, 
  true, 
  true, 
  true, 
  false
 ], 
 "LCM": {
  "11": [
   "NOTUSED", 
   "NOTUSED", 
   "ANDD", 
   "ANDD", 
   "ORR", 
   "NOTUSED", 
   "ANDD", 
   "ORR", 
   "ANDD", 
   "ORR", 
   "NOTUSED", 
   "ANDD", 
   "ANDD", 
   "NOTUSED", 
   "ORR"
  ], 
  "10": [
   "NOTUSED", 
   "NOTUSED", 
   "ORR", 
   "NOTUSED", 
   "ORR", 
   "NOTUSED", 
   "NOTUSED", 
   "ORR", 
   "ORR", 
   "ANDD", 
   "NOTUSED", 
   "NOTUSED", 
   "NOTUSED", 
   "ANDD", 
   "ANDD"
  ], 
  "13": [
   "ORR", 
   "ANDD", 
   "NOTUSED", 
   "ANDD", 
   "ANDD", 
   "NOTUSED", 
   "NOTUSED", 
   "ANDD", 
   "ORR", 
   "ANDD", 
   "ANDD", 
   "NOTUSED", 
   "ORR", 
   "ORR", 
   "NOTUSED"
  ], 
  "12": [
   "ANDD", 
   "NOTUSED", 
   "ANDD", 
   "ANDD", 
   "NOTUSED", 
   "NOTUSED", 
   "ORR", 
   "NOTUSED", 
   "ANDD", 
   "ORR", 
   "NOTUSED", 
   "ANDD", 
   "ORR", 
   "ORR", 
   "ANDD"
  ], 
  "14": [
   "ANDD", 
   "ANDD", 
   "ORR", 
   "ORR", 
   "ANDD", 
   "NOTUSED", 
   "ORR", 
   "NOTUSED", 
   "ORR", 
   "ORR", 
   "ANDD", 
   "ORR", 
   "ANDD", 
   "NOTUSED", 
   "ORR"
  ], 
  "1": [
   "ANDD", 
   "ORR", 
   "ORR", 
   "ORR", 
   "ORR", 
   "NOTUSED", 
   "NOTUSED", 
   "ANDD", 
   "NOTUSED", 
   "NOTUSED", 
   "NOTUSED", 
   "NOTUSED", 
   "NOTUSED", 
   "ANDD", 
   "ANDD"
  ], 
  "0": [
   "ORR", 
   "ANDD", 
   "NOTUSED", 
   "ORR", 
   "ANDD", 
   "NOTUSED", 
   "NOTUSED", 
   "NOTUSED", 
   "ORR", 
   "ORR", 
   "NOTUSED", 
   "NOTUSED", 
   "ANDD", 
   "ORR", 
   "ANDD"
  ], 
  "3": [
   "ORR", 
   "ORR", 
   "ORR", 
   "ORR", 
   "NOTUSED", 
   "ANDD", 
   "ANDD", 
   "NOTUSED", 
   "ORR", 
   "ORR", 
   "NOTUSED", 
   "ANDD", 
   "ANDD", 
   "ANDD", 
   "ORR"
  ], 
  "2": [
   "NOTUSED", 
   "ORR", 
   "ORR", 
   "ORR", 
   "ORR", 
   "ORR", 
   "NOTUSED", 
   "ANDD", 
   "ORR", 
   "ANDD", 
   "ORR", 
   "ANDD", 
   "ANDD", 
   "NOTUSED", 
   "ORR"
  ], 
  "5": [
   "NOTUSED", 
   "NOTUSED", 
   "ORR", 
   "ANDD", 
   "ORR", 
   "ANDD", 
   "ANDD", 
   "NOTUSED", 
   "ORR", 
   "ORR", 
   "NOTUSED", 
   "NOTUSED", 
   "NOTUSED", 
   "NOTUSED", 
   "NOTUSED"
  ], 
  "4": [
   "ANDD", 
   "ORR", 
   "ORR", 
   "NOTUSED", 
   "ORR", 
   "ORR", 
   "ANDD", 
   "ANDD", 
   "NOTUSED", 
   "ANDD", 
   "ORR", 
   "ORR", 
   "NOTUSED", 
   "ANDD", 
   "ANDD"
  ], 
  "7": [
   "NOTUSED", 
   "ANDD", 
   "ANDD", 
   "NOTUSED", 
   "ANDD", 
   "NOTUSED", 
   "ORR", 
   "ORR", 
   "ANDD", 
   "ANDD", 
   "ORR", 
   "ORR", 
   "NOTUSED", 
   "ANDD", 
   "NOTUSED"
  ], 
  "6": [
   "NOTUSED", 
   "NOTUSED", 
   "NOTUSED", 
   "ANDD", 
   "ANDD", 
   "ANDD", 
   "ANDD", 
   "ORR", 
   "ANDD", 
   "NOTUSED", 
   "NOTUSED", 
   "ANDD", 
   "ORR", 
   "NOTUSED", 
   "ORR"
  ], 
  "9": [
   "ORR", 
   "NOTUSED", 
   "ANDD", 
   "ORR", 
   "ANDD", 
   "ORR", 
   "NOTUSED", 
   "ANDD", 
   "ANDD", 
   "ANDD", 
   "ANDD", 
   "ORR", 
   "ORR", 
   "ANDD", 
   "ORR"
  ], 
  "8": [
   "ORR", 
   "NOTUSED", 
   "ORR", 
   "ORR", 
   "NOTUSED", 
   "ORR", 
   "ANDD", 
   "ANDD", 
   "ANDD", 
   "ANDD", 
   "ORR", 
   "ANDD", 
   "ANDD", 
   "ORR", 
   "ORR"
  ]
 }
}