{
 "random_seed": 2770639286, 
 "PARAMETERS": {
  "RADIUS1": 371235.68, 
  "QUADS": 1, 
  "RADIUS2": 637068.765, 
  "DIST": 219699.316, 
  "F_PTS": 53, 
  "K_PTS": 7, 
  "EPSILON": 2.711, 
  "LENGTH1": 993972.929, 
  "G_PTS": 22, 
  "Q_PTS": 77, 
  "N_PTS": 25, 
  "C_PTS": 46, 
  "AREA2": 164072.049, 
  "LENGTH2": 192782.808, 
  "B_PTS": 10, 
  "D_PTS": 14, 
  "AREA1": 449848.064, 
  "A_PTS": 51, 
  "E_PTS": 2
 }, 
 "NUMPOINTS": 81, 
 "points": [
  [
   604941.139, 
   173389.993
  ], 
  [
   -769830.31, 
   163202.931
  ], 
  [
   -264852.735, 
   970008.34
  ], 
  [
   812630.227, 
   132149.341
  ], 
  [
   -807109.574, 
   966409.933
  ], 
  [
   785388.198, 
   -656555.117
  ], 
  [
   362142.89, 
   -217492.349
  ], 
  [
   616364.698, 
   -881622.374
  ], 
  [
   160343.989, 
   694694.976
  ], 
  [
   -991029.053, 
   635294.885
  ], 
  [
   672593.895, 
   232796.237
  ], 
  [
   -210687.856, 
   580203.675
  ], 
  [
   -180113.173, 
   707257.297
  ], 
  [
   -974594.505, 
   444515.232
  ], 
  [
   94312.963, 
   431595.149
  ], 
  [
   -51150.601, 
   -183548.698
  ], 
  [
   -219526.633, 
   -160170.444
  ], 
  [
   -99633.785, 
   407325.352
  ], 
  [
   -737866.92, 
   -9350.204
  ], 
  [
   25200.006, 
   -190491.348
  ], 
  [
   -781614.336, 
   580491.63
  ], 
  [
   -623893.274, 
   -86634.693
  ], 
  [
   870833.334, 
   721549.125
  ], 
  [
   -48325.31, 
   -453137.583
  ], 
  [
   -846640.673, 
   163121.644
  ], 
  [
   871055.74, 
   94400.943
  ], 
  [
   798875.101, 
   959858.311
  ], 
  [
   -595494.294, 
   -161056.953
  ], 
  [
   -756927.496, 
   365393.698
  ], 
  [
   -299886.609, 
   -680738.477
  ], 
  [
   -897018.916, 
   -67437.62
  ], 
  [
   -339118.831, 
   -544341.206
  ], 
  [
   -687211.124, 
   202058.403
  ], 
  [
   -51331.072, 
   860100.505
  ], 
  [
   -690615.041, 
   784290.201
  ], 
  [
   995356.32, 
   -261530.989
  ], 
  [
   -933044.87, 
   -246283.458
  ], 
  [
   -664277.701, 
   -4620.57
  ], 
  [
   -984542.062, 
   423843.208
  ], 
  [
   -707517.173, 
   -998852.136
  ], 
  [
   501591.442, 
   594386.193
  ], 
  [
   -488738.817, 
   532913.542
  ], 
  [
   505343.248, 
   -292475.668
  ], 
  [
   -648198.625, 
   690931.378
  ], 
  [
   -771955.976, 
   584975.989
  ], 
  [
   -194563.659, 
   689450.047
  ], 
  [
   710040.606, 
   -841201.368
  ], 
  [
   -251355.679, 
   -314500.843
  ], 
  [
   793120.557, 
   -341185.857
  ], 
  [
   134714.246, 
   -132376.704
  ], 
  [
   -325169.552, 
   767381.53
  ], 
  [
   867000.618, 
   839027.757
  ], 
  [
   644140.962, 
   459142.246
  ], 
  [
   -961347.953, 
   604749.883
  ], 
  [
   -988786.13, 
   -284366.742
  ], 
  [
   971580.67, 
   -855973.529
  ], 
  [
   917624.004, 
   -622007.516
  ], 
  [
   191704.496, 
   985949.172
  ], 
  [
   176606.978, 
   474562.279
  ], 
  [
   -513252.934, 
   525085.433
  ], 
  [
   645428.943, 
   596440.248
  ], 
  [
   -274730.492, 
   978247.091
  ], 
  [
   -184123.716, 
   650169.995
  ], 
  [
   -992020.634, 
   257014.221
  ], 
  [
   360869.082, 
   -676501.425
  ], 
  [
   638887.065, 
   853213.085
  ], 
  [
   -843928.007, 
   254269.78
  ], 
  [
   -214490.093, 
   -157085.421
  ], 
  [
   334975.427, 
   -469495.295
  ], 
  [
   224279.676, 
   300748.717
  ], 
  [
   -965099.617, 
   966498.785
  ], 
  [
   -570169.89, 
   -737725.384
  ], 
  [
   -573820.057, 
   481454.128
  ], 
  [
   504561.966, 
   838078.116
  ], 
  [
   -901071.459, 
   -476569.667
  ], 
  [
   -795207.307, 
   -728785.331
  ], 
  [
   -97068.68, 
   332226.094
  ], 
  [
   -512423.149, 
   -204837.259
  ], 
  [
   -152104.548, 
   -849279.675
  ], 
  [
   -109534.967, 
   313318.337
  ], 
  [
   421054.129, 
   -163796.03
  ]
 ], 
 "PUV": [
  false, 
  false, 
  false, 
  true, 
  true, 
  false, 
  true, 
  false, 
  false, 
  false, 
  true, 
  false, 
  false, 
  true, 
  false
 ], 
 "LCM": {
  "11": [
   "NOTUSED", 
   "NOTUSED", 
   "NOTUSED", 
   "NOTUSED", 
   "ORR", 
   "ORR", 
   "NOTUSED", 
   "NOTUSED", 
   "ANDD", 
   "ORR", 
   "NOTUSED", 
   "NOTUSED", 
   "ORR", 
   "NOTUSED", 
   "NOTUSED"
  ], 
  "10": [
   "NOTUSED", 
   "ORR", 
   "ORR", 
   "ORR", 
   "NOTUSED", 
   "ORR", 
   "NOTUSED", 
   "NOTUSED", 
   "ORR", 
   "ANDD", 
   "ANDD", 
   "NOTUSED", 
   "ANDD", 
   "ANDD", 
   "ORR"
  ], 
  "13": [
   "NOTUSED", 
   "NOTUSED", 
   "ANDD", 
   "NOTUSED", 
   "ORR", 
   "ANDD", 
   "NOTUSED", 
   "ORR", 
   "ORR", 
   "ORR", 
   "ANDD", 
   "NOTUSED", 
   "ORR", 
   "NOTUSED", 
   "ORR"
  ], 
  "12": [
   "NOTUSED", 
   "ANDD", 
   "NOTUSED", 
   "ORR", 
   "ORR", 
   "ANDD", 
   "ORR", 
   "ANDD", 
   "ORR", 
   "ANDD", 
   "ANDD", 
   "ORR", 
   "ANDD", 
   "ORR", 
   "ANDD"
  ], 
  "14": [
   "NOTUSED", 
   "ANDD", 
   "NOTUSED", 
   "ORR", 
   "ORR", 
   "ORR", 
   "ANDD", 
   "ANDD", 
   "NOTUSED", 
   "ORR", 
   "ORR", 
   "NOTUSED", 
   "ANDD", 
   "ORR", 
   "ANDD"
  ], 
  "1": [
   "NOTUSED", 
   "NOTUSED", 
   "ORR", 
   "ORR", 
   "ANDD", 
   "ORR", 
   "ANDD", 
   "ANDD", 
   "ORR", 
   "NOTUSED", 
   "ORR", 
   "NOTUSED", 
   "ANDD", 
   "NOTUSED", 
   "ANDD"
  ], 
  "0": [
   "ORR", 
   "NOTUSED", 
   "NOTUSED", 
   "ORR", 
   "ANDD", 
   "ORR", 
   "ORR", 
   "ORR", 
   "ANDD", 
   "NOTUSED", 
   "NOTUSED", 
   "NOTUSED", 
   "NOTUSED", 
   "NOTUSED", 
   "NOTUSED"
  ], 
  "3": [
   "ORR", 
   "ORR", 
   "NOTUSED", 
   "ANDD", 
   "NOTUSED", 
   "NOTUSED", 
   "ORR", 
   "NOTUSED", 
   "ORR", 
   "NOTUSED", 
   "ORR", 
   "NOTUSED", 
   "ORR", 
   "NOTUSED", 
   "ORR"
  ], 
  "2": [
   "NOTUSED", 
   "ORR", 
   "ANDD", 
   "NOTUSED", 
   "NOTUSED", 
   "NOTUSED", 
   "NOTUSED", 
   "NOTUSED", 
   "ANDD", 
   "ORR", 
   "ORR", 
   "NOTUSED", 
   "NOTUSED", 
   "ANDD", 
   "NOTUSED"
  ], 
  "5": [
   "ORR", 
   "ORR", 
   "NOTUSED", 
   "NOTUSED", 
   "ORR", 
   "ANDD", 
   "ORR", 
   "ORR", 
   "ORR", 
   "ORR", 
   "ORR", 
   "ORR", 
   "ANDD", 
   "ANDD", 
   "ORR"
  ], 
  "4": [
   "ANDD", 
   "ANDD", 
   "NOTUSED", 
   "NOTUSED", 
   "ORR", 
   "ORR", 
   "ORR", 
   "ANDD", 
   "ORR", 
   "NOTUSED", 
   "NOTUSED", 
   "ORR", 
   "ORR", 
   "ORR", 
   "ORR"
  ], 
  "7": [
   "ORR", 
   "ANDD", 
   "NOTUSED", 
   "NOTUSED", 
   "ANDD", 
   "ORR", 
   "ORR", 
   "NOTUSED", 
   "ORR", 
   "ANDD", 
   "NOTUSED", 
   "NOTUSED", 
   "ANDD", 
   "ORR", 
   "ANDD"
  ], 
  "6": [
   "ORR", 
   "ANDD", 
   "NOTUSED", 
   "ORR", 
   "ORR", 
   "ORR", 
   "ANDD", 
   "ORR", 
   "ANDD", 
   "NOTUSED", 
   "NOTUSED", 
   "NOTUSED", 
   "ORR", 
   "NOTUSED", 
   "ANDD"
  ], 
  "9": [
   "NOTUSED", 
   "NOTUSED", 
   "ORR", 
   "NOTUSED", 
   "NOTUSED", 
   "ORR", 
   "NOTUSED", 
   "ANDD", 
   "NOTUSED", 
   "NOTUSED", 
   "ANDD", 
   "ORR", 
   "ANDD", 
   "ORR", 
   "ORR"
  ], 
  "8": [
   "ANDD", 
   "ORR", 
   "ANDD", 
   "ORR", 
   "ORR", 
   "ORR", 
   "ANDD", 
   "ORR", 
   "NOTUSED", 
   "NOTUSED", 
   "ORR", 
   "ANDD", 
   "ORR", 
   "ORR", 
   "NOTUSED"
  ]
 }
}