{
 "random_seed": 3050704532, 
 "PARAMETERS": {
  "RADIUS1": 676978.149, 
  "QUADS": 1, 
  "RADIUS2": 930888.243, 
  "DIST": 699654.078, 
  "F_PTS": 27, 
  "K_PTS": 20, 
  "EPSILON": 1.547, 
  "LENGTH1": 325297.321, 
  "G_PTS": 29, 
  "Q_PTS": 14, 
  "N_PTS": 10, 
  "C_PTS": 31, 
  "AREA2": 626150.999, 
  "LENGTH2": 123528.387, 
  "B_PTS": 8, 
  "D_PTS": 27, 
  "AREA1": 6679.21, 
  "A_PTS": 42, 
  "E_PTS": 14
 }, 
 "NUMPOINTS": 70, 
 "points": [
  [
   -156401.118, 
   892992.718
  ], 
  [
   849739.554, 
   -163293.272
  ], 
  [
   -741625.728, 
   -754960.519
  ], 
  [
   -732106.281, 
   737605.023
  ], 
  [
   -359542.754, 
   -947810.592
  ], 
  [
   945172.026, 
   -238824.506
  ], 
  [
   -272466.105, 
   1524.526
  ], 
  [
   751599.837, 
   -672902.076
  ], 
  [
   -380055.434, 
   102760.18
  ], 
  [
   886234.441, 
   48378.556
  ], 
  [
   405785.329, 
   953057.807
  ], 
  [
   -403063.743, 
   -971968.273
  ], 
  [
   850291.517, 
   -833131.449
  ], 
  [
   -692399.339, 
   -924119.742
  ], 
  [
   -842821.25, 
   -33745.386
  ], 
  [
   -622208.4, 
   277403.977
  ], 
  [
   759233.465, 
   53893.563
  ], 
  [
   -80257.37, 
   -261576.055
  ], 
  [
   946554.59, 
   -293811.188
  ], 
  [
   195202.867, 
   167606.1
  ], 
  [
   -86797.238, 
   -243979.651
  ], 
  [
   -482383.152, 
   67603.09
  ], 
  [
   -511959.4, 
   271379.041
  ], 
  [
   -909570.897, 
   589227.554
  ], 
  [
   605817.784, 
   657607.549
  ], 
  [
   568621.322, 
   -217192.055
  ], 
  [
   -72048.012, 
   446769.608
  ], 
  [
   -881398.513, 
   165521.19
  ], 
  [
   298907.038, 
   -893101.854
  ], 
  [
   181403.393, 
   -162461.793
  ], 
  [
   -59967.218, 
   690038.274
  ], 
  [
   -537932.841, 
   -626487.482
  ], 
  [
   577220.915, 
   294256.096
  ], 
  [
   -591359.091, 
   -857198.813
  ], 
  [
   -24873.02, 
   292697.536
  ], 
  [
   -172174.773, 
   763803.194
  ], 
  [
   673680.019, 
   -962268.56
  ], 
  [
   413372.85, 
   -841437.875
  ], 
  [
   -964607.256, 
   -525701.866
  ], 
  [
   -275461.154, 
   -715197.869
  ], 
  [
   -84621.179, 
   849832.351
  ], 
  [
   -873491.063, 
   923429.513
  ], 
  [
   -425725.274, 
   720143.687
  ], 
  [
   405847.43, 
   595088.112
  ], 
  [
   418078.554, 
   -184035.866
  ], 
  [
   -454995.992, 
   484914.547
  ], 
  [
   -778615.035, 
   -460430.042
  ], 
  [
   216695.479, 
   -929785.02
  ], 
  [
   -21644.203, 
   728922.811
  ], 
  [
   -861275.55, 
   -925898.902
  ], 
  [
   -106905.232, 
   -890082.864
  ], 
  [
   523953.774, 
   -996995.123
  ], 
  [
   -815260.775, 
   527748.459
  ], 
  [
   987771.317, 
   70345.239
  ], 
  [
   -657945.924, 
   -779288.212
  ], 
  [
   -602499.103, 
   973143.381
  ], 
  [
   196186.547, 
   -888795.212
  ], 
  [
   457567.107, 
   517097.866
  ], 
  [
   518075.024, 
   546797.617
  ], 
  [
   -364838.845, 
   409375.947
  ], 
  [
   798126.82, 
   -63605.753
  ], 
  [
   -785474.499, 
   913749.001
  ], 
  [
   -865065.723, 
   -743036.3
  ], 
  [
   650338.064, 
   370764.269
  ], 
  [
   -869444.679, 
   -759598.584
  ], 
  [
   97875.93, 
   994472.543
  ], 
  [
   800201.9, 
   947656.015
  ], 
  [
   -257947.167, 
   -775481.146
  ], 
  [
   68403.227, 
   359858.517
  ], 
  [
   -37933.776, 
   -182339.214
  ]
 ], 
 "PUV": [
  true, 
  true, 
  true, 
  true, 
  false, 
  false, 
  true, 
  true, 
  false, 
  false, 
  true, 
  false, 
  false, 
  true, 
  true
 ], 
 "LCM": {
  "11": [
   "ORR", 
   "NOTUSED", 
   "NOTUSED", 
   "NOTUSED", 
   "NOTUSED", 
   "ORR", 
   "NOTUSED", 
   "ORR", 
   "ANDD", 
   "ANDD", 
   "ANDD", 
   "ANDD", 
   "NOTUSED", 
   "ANDD", 
   "ANDD"
  ], 
  "10": [
   "NOTUSED", 
   "ORR", 
   "ORR", 
   "NOTUSED", 
   "NOTUSED", 
   "ANDD", 
   "NOTUSED", 
   "ANDD", 
   "ANDD", 
   "ANDD", 
   "ANDD", 
   "ANDD", 
   "ORR", 
   "NOTUSED", 
   "NOTUSED"
  ], 
  "13": [
   "NOTUSED", 
   "ORR", 
   "NOTUSED", 
   "ORR", 
   "ANDD", 
   "ORR", 
   "NOTUSED", 
   "NOTUSED", 
   "NOTUSED", 
   "ANDD", 
   "NOTUSED", 
   "ANDD", 
   "ANDD", 
   "ANDD", 
   "ORR"
  ], 
  "12": [
   "ANDD", 
   "ORR", 
   "ORR", 
   "ANDD", 
   "NOTUSED", 
   "NOTUSED", 
   "ORR", 
   "NOTUSED", 
   "ANDD", 
   "ANDD", 
   "ORR", 
   "NOTUSED", 
   "NOTUSED", 
   "ANDD", 
   "ORR"
  ], 
  "14": [
   "NOTUSED", 
   "NOTUSED", 
   "ANDD", 
   "ORR", 
   "NOTUSED", 
   "ORR", 
   "ANDD", 
   "NOTUSED", 
   "NOTUSED", 
   "NOTUSED", 
   "NOTUSED", 
   "ANDD", 
   "ORR", 
   "ORR", 
   "ORR"
  ], 
  "1": [
   "NOTUSED", 
   "ORR", 
   "NOTUSED", 
   "ANDD", 
   "ORR", 
   "ORR", 
   "ANDD", 
   "ANDD", 
   "NOTUSED", 
   "ANDD", 
   "ORR", 
   "NOTUSED", 
   "ORR", 
   "ORR", 
   "NOTUSED"
  ], 
  "0": [
   "ANDD", 
   "NOTUSED", 
   "ANDD", 
   "ANDD", 
   "ORR", 
   "NOTUSED", 
   "NOTUSED", 
   "ANDD", 
   "ORR", 
   "ANDD", 
   "NOTUSED", 
   "ORR", 
   "ANDD", 
   "NOTUSED", 
   "NOTUSED"
  ], 
  "3": [
   "ANDD", 
   "ANDD", 
   "NOTUSED", 
   "ANDD", 
   "NOTUSED", 
   "NOTUSED", 
   "NOTUSED", 
   "NOTUSED", 
   "ANDD", 
   "ANDD", 
   "NOTUSED", 
   "NOTUSED", 
   "ANDD", 
   "ORR", 
   "ORR"
  ], 
  "2": [
   "ANDD", 
   "NOTUSED", 
   "NOTUSED", 
   "NOTUSED", 
   "ORR", 
   "ANDD", 
   "ANDD", 
   "NOTUSED", 
   "ORR", 
   "ORR", 
   "ORR", 
   "NOTUSED", 
   "ORR", 
   "NOTUSED", 
   "ANDD"
  ], 
  "5": [
   "NOTUSED", 
   "ORR", 
   "ANDD", 
   "NOTUSED", 
   "NOTUSED", 
   "ANDD", 
   "ANDD", 
   "ANDD", 
   "ANDD", 
   "NOTUSED", 
   "ANDD", 
   "ORR", 
   "NOTUSED", 
   "ORR", 
   "ORR"
  ], 
  "4": [
   "ORR", 
   "ORR", 
   "ORR", 
   "NOTUSED", 
   "ANDD", 
   "NOTUSED", 
   "ANDD", 
   "ANDD", 
   "NOTUSED", 
   "ANDD", 
   "NOTUSED", 
   "NOTUSED", 
   "NOTUSED", 
   "ANDD", 
   "NOTUSED"
  ], 
  "7": [
   "ANDD", 
   "ANDD", 
   "NOTUSED", 
   "NOTUSED", 
   "ANDD", 
   "ANDD", 
   "ORR", 
   "NOTUSED", 
   "NOTUSED", 
   "ANDD", 
   "ANDD", 
   "ORR", 
   "NOTUSED", 
   "NOTUSED", 
   "NOTUSED"
  ], 
  "6": [
   "NOTUSED", 
   "ANDD", 
   "ANDD", 
   "NOTUSED", 
   "ANDD", 
   "ANDD", 
   "NOTUSED", 
   "ORR", 
   "ORR", 
   "NOTUSED", 
   "NOTUSED", 
   "NOTUSED", 
   "ORR", 
   "NOTUSED", 
   "ANDD"
  ], 
  "9": [
   "ANDD", 
   "ANDD", 
   "ORR", 
   "ANDD", 
   "ANDD", 
   "NOTUSED", 
   "NOTUSED", 
   "ANDD", 
   "NOTUSED", 
   "NOTUSED", 
   "ANDD", 
   "ANDD", 
   "ANDD", 
   "ANDD", 
   "NOTUSED"
  ], 
  "8": [
   "ORR", 
   "NOTUSED", 
   "ORR", 
   "ANDD", 
   "NOTUSED", 
   "ANDD", 
   "ORR", 
   "NOTUSED", 
   "NOTUSED", 
   "NOTUSED", 
   "ANDD", 
   "ANDD", 
   "ANDD", 
   "NOTUSED", 
   "NOTUSED"
  ]
 }
}