{
 "random_seed": 1169111896, 
 "PARAMETERS": {
  "RADIUS1": 838510.824, 
  "QUADS": 3, 
  "RADIUS2": 499400.436, 
  "DIST": 601702.036, 
  "F_PTS": 3, 
  "K_PTS": 5, 
  "EPSILON": 2.713, 
  "LENGTH1": 899933.112, 
  "G_PTS": 67, 
  "Q_PTS": 40, 
  "N_PTS": 59, 
  "C_PTS": 31, 
  "AREA2": 693534.799, 
  "LENGTH2": 644851.971, 
  "B_PTS": 13, 
  "D_PTS": 40, 
  "AREA1": 548206.677, 
  "A_PTS": 9, 
  "E_PTS": 8
 }, 
 "NUMPOINTS": 74, 
 "points": [
  [
   142291.106, 
   -231383.851
  ], 
  [
   442233.76, 
   892010.033
  ], 
  [
   -555299.634, 
   -2903.204
  ], 
  [
   -410067.706, 
   -900102.523
  ], 
  [
   -510981.189, 
   -807619.941
  ], 
  [
   428200.318, 
   -386368.239
  ], 
  [
   -564808.628, 
   -706657.205
  ], 
  [
   28274.876, 
   -587489.246
  ], 
  [
   201705.744, 
   219060.92
  ], 
  [
   641983.285, 
   513154.052
  ], 
  [
   -25681.97, 
   -189050.365
  ], 
  [
   -712915.473, 
   637047.173
  ], 
  [
   -61434.645, 
   57830.766
  ], 
  [
   808205.56, 
   456851.757
  ], 
  [
   -559959.971, 
   -299364.941
  ], 
  [
   274431.346, 
   558498.344
  ], 
  [
   538075.71, 
   -569244.086
  ], 
  [
   -710065.893, 
   -648817.751
  ], 
  [
   91083.291, 
   -903789.673
  ], 
  [
   -577076.196, 
   -478478.967
  ], 
  [
   500779.478, 
   -181748.707
  ], 
  [
   857329.609, 
   666196.29
  ], 
  [
   864340.002, 
   -641339.969
  ], 
  [
   -182299.723, 
   533710.853
  ], 
  [
   351869.08, 
   535680.072
  ], 
  [
   753100.206, 
   374449.919
  ], 
  [
   -964669.099, 
   -101458.094
  ], 
  [
   398316.774, 
   -930242.317
  ], 
  [
   878539.362, 
   -604610.654
  ], 
  [
   30329.392, 
   317599.151
  ], 
  [
   -248541.785, 
   353804.675
  ], 
  [
   -947182.948, 
   388225.605
  ], 
  [
   -983379.218, 
   -245595.627
  ], 
  [
   -805513.043, 
   -962586.065
  ], 
  [
   -682084.836, 
   626814.073
  ], 
  [
   82940.171, 
   545828.701
  ], 
  [
   -923251.746, 
   750407.089
  ], 
  [
   567359.604, 
   705670.722
  ], 
  [
   349197.843, 
   256146.906
  ], 
  [
   490936.165, 
   -613738.352
  ], 
  [
   488740.955, 
   -633795.06
  ], 
  [
   -792832.928, 
   136909.39
  ], 
  [
   -898489.694, 
   -68102.994
  ], 
  [
   535334.385, 
   447766.576
  ], 
  [
   -632307.851, 
   892356.322
  ], 
  [
   143318.74, 
   558069.294
  ], 
  [
   -85599.12, 
   172829.645
  ], 
  [
   -743961.44, 
   -748855.249
  ], 
  [
   -501997.283, 
   577141.159
  ], 
  [
   191771.86, 
   111680.497
  ], 
  [
   -738049.126, 
   257068.146
  ], 
  [
   -382557.371, 
   859586.302
  ], 
  [
   113253.6, 
   494980.03
  ], 
  [
   -141073.698, 
   502043.551
  ], 
  [
   -767193.3, 
   -828998.305
  ], 
  [
   178864.785, 
   -372154.174
  ], 
  [
   -971618.415, 
   -835063.298
  ], 
  [
   -743932.195, 
   566561.069
  ], 
  [
   836430.725, 
   569915.564
  ], 
  [
   -335831.674, 
   -683069.95
  ], 
  [
   -563908.404, 
   711500.126
  ], 
  [
   -723191.481, 
   -548232.402
  ], 
  [
   620895.324, 
   838382.107
  ], 
  [
   -323016.197, 
   -322807.835
  ], 
  [
   -185918.329, 
   500332.733
  ], 
  [
   894002.595, 
   476547.892
  ], 
  [
   -919418.018, 
   -970629.396
  ], 
  [
   863777.62, 
   -422131.393
  ], 
  [
   427236.703, 
   -677029.452
  ], 
  [
   401753.596, 
   686344.068
  ], 
  [
   569039.106, 
   755044.77
  ], 
  [
   177246.359, 
   811797.391
  ], 
  [
   -326235.182, 
   198672.051
  ], 
  [
   -31365.188, 
   181920.989
  ]
 ], 
 "PUV": [
  true, 
  true, 
  true, 
  true, 
  true, 
  false, 
  true, 
  false, 
  false, 
  false, 
  true, 
  true, 
  true, 
  true, 
  true
 ], 
 "LCM": {
  "11": [
   "ANDD", 
   "ORR", 
   "NOTUSED", 
   "ORR", 
   "ANDD", 
   "ANDD", 
   "NOTUSED", 
   "ANDD", 
   "ORR", 
   "NOTUSED", 
   "ORR", 
   "ORR", 
   "NOTUSED", 
   "ANDD", 
   "ORR"
  ], 
  "10": [
   "NOTUSED", 
   "NOTUSED", 
   "NOTUSED", 
   "ANDD", 
   "ANDD", 
   "ANDD", 
   "NOTUSED", 
   "ORR", 
   "NOTUSED", 
   "ORR", 
   "ANDD", 
   "ORR", 
   "ANDD", 
   "NOTUSED", 
   "ANDD"
  ], 
  "13": [
   "ORR", 
   "NOTUSED", 
   "ANDD", 
   "NOTUSED", 
   "ANDD", 
   "NOTUSED", 
   "NOTUSED", 
   "ORR", 
   "NOTUSED", 
   "ANDD", 
   "NOTUSED", 
   "ANDD", 
   "ORR", 
   "NOTUSED", 
   "ORR"
  ], 
  "12": [
   "ORR", 
   "NOTUSED", 
   "NOTUSED", 
   "ORR", 
   "NOTUSED", 
   "ORR", 
   "NOTUSED", 
   "NOTUSED", 
   "ORR", 
   "NOTUSED", 
   "ANDD", 
   "NOTUSED", 
   "NOTUSED", 
   "ORR", 
   "ORR"
  ], 
  "14": [
   "NOTUSED", 
   "NOTUSED", 
   "ANDD", 
   "NOTUSED", 
   "ANDD", 
   "NOTUSED", 
   "ORR", 
   "NOTUSED", 
   "NOTUSED", 
   "NOTUSED", 
   "ANDD", 
   "ORR", 
   "ORR", 
   "ORR", 
   "ANDD"
  ], 
  "1": [
   "ORR", 
   "NOTUSED", 
   "ORR", 
   "ANDD", 
   "ORR", 
   "ANDD", 
   "ORR", 
   "NOTUSED", 
   "NOTUSED", 
   "ANDD", 
   "NOTUSED", 
   "ORR", 
   "NOTUSED", 
   "NOTUSED", 
   "NOTUSED"
  ], 
  "0": [
   "ANDD", 
   "ORR", 
   "NOTUSED", 
   "ANDD", 
   "ANDD", 
   "ORR", 
   "NOTUSED", 
   "NOTUSED", 
   "ANDD", 
   "NOTUSED", 
   "NOTUSED", 
   "ANDD", 
   "ORR", 
   "ORR", 
   "NOTUSED"
  ], 
  "3": [
   "ANDD", 
   "ANDD", 
   "ANDD", 
   "ANDD", 
   "ANDD", 
   "NOTUSED", 
   "ANDD", 
   "ORR", 
   "ANDD", 
   "ORR", 
   "ANDD", 
   "ORR", 
   "ORR", 
   "NOTUSED", 
   "NOTUSED"
  ], 
  "2": [
   "NOTUSED", 
   "ORR", 
   "ANDD", 
   "ANDD", 
   "ANDD", 
   "NOTUSED", 
   "NOTUSED", 
   "NOTUSED", 
   "ORR", 
   "ANDD", 
   "NOTUSED", 
   "NOTUSED", 
   "NOTUSED", 
   "ANDD", 
   "ANDD"
  ], 
  "5": [
   "ORR", 
   "ANDD", 
   "NOTUSED", 
   "NOTUSED", 
   "ANDD", 
   "NOTUSED", 
   "NOTUSED", 
   "ANDD", 
   "ORR", 
   "ORR", 
   "ANDD", 
   "ANDD", 
   "ORR", 
   "NOTUSED", 
   "NOTUSED"
  ], 
  "4": [
   "ANDD", 
   "ORR", 
   "ANDD", 
   "ANDD", 
   "ORR", 
   "ANDD", 
   "NOTUSED", 
   "NOTUSED", 
   "NOTUSED", 
   "ORR", 
   "ANDD", 
   "ANDD", 
   "NOTUSED", 
   "ANDD", 
   "ANDD"
  ], 
  "7": [
   "NOTUSED", 
   "NOTUSED", 
   "NOTUSED", 
   "ORR", 
   "NOTUSED", 
   "ANDD", 
   "NOTUSED", 
   "ANDD", 
   "ORR", 
   "ANDD", 
   "ORR", 
   "ANDD", 
   "NOTUSED", 
   "ORR", 
   "NOTUSED"
  ], 
  "6": [
   "NOTUSED", 
   "ORR", 
   "NOTUSED", 
   "ANDD", 
   "NOTUSED", 
   "NOTUSED", 
   "NOTUSED", 
   "NOTUSED", 
   "ANDD", 
   "ORR", 
   "NOTUSED", 
   "NOTUSED", 
   "NOTUSED", 
   "NOTUSED", 
   "ORR"
  ], 
  "9": [
   "NOTUSED", 
   "ANDD", 
   "ANDD", 
   "ORR", 
   "ORR", 
   "ORR", 
   "ORR", 
   "ANDD", 
   "NOTUSED", 
   "ORR", 
   "ORR", 
   "NOTUSED", 
   "NOTUSED", 
   "ANDD", 
   "NOTUSED"
  ], 
  "8": [
   "ANDD", 
   "NOTUSED", 
   "ORR", 
   "ANDD", 
   "NOTUSED", 
   "ORR", 
   "ANDD", 
   "ORR", 
   "ORR", 
   "NOTUSED", 
   "NOTUSED", 
   "ORR", 
   "ORR", 
   "NOTUSED", 
   "NOTUSED"
  ]
 }
}