{
 "random_seed": 1614914542, 
 "PARAMETERS": {
  "RADIUS1": 620031.283, 
  "QUADS": 3, 
  "RADIUS2": 560349.153, 
  "DIST": 162360.969, 
  "F_PTS": 27, 
  "K_PTS": 60, 
  "EPSILON": 0.768, 
  "LENGTH1": 961339.577, 
  "G_PTS": 58, 
  "Q_PTS": 19, 
  "N_PTS": 3, 
  "C_PTS": 15, 
  "AREA2": 892429.992, 
  "LENGTH2": 312983.055, 
  "B_PTS": 54, 
  "D_PTS": 32, 
  "AREA1": 798190.081, 
  "A_PTS": 4, 
  "E_PTS": 21
 }, 
 "NUMPOINTS": 65, 
 "points": [
  [
   -472636.844, 
   240177.957
  ], 
  [
   -401395.955, 
   100946.39
  ], 
  [
   683123.284, 
   -995327.521
  ], 
  [
   -694684.997, 
   -370369.093
  ], 
  [
   604975.535, 
   -449006.052
  ], 
  [
   -66156.765, 
   -180146.246
  ], 
  [
   -794892.427, 
   -938478.403
  ], 
  [
   -135307.906, 
   -693909.746
  ], 
  [
   -545178.91, 
   -214675.286
  ], 
  [
   673827.555, 
   483026.716
  ], 
  [
   568827.221, 
   778236.561
  ], 
  [
   -909275.089, 
   -239308.222
  ], 
  [
   806696.534, 
   -449462.594
  ], 
  [
   535535.107, 
   505869.925
  ], 
  [
   -698663.316, 
   -289440.948
  ], 
  [
   -145124.9, 
   -320669.525
  ], 
  [
   65691.103, 
   167319.578
  ], 
  [
   -931137.618, 
   282918.64
  ], 
  [
   -530323.758, 
   -193013.505
  ], 
  [
   273248.403, 
   -788328.821
  ], 
  [
   -65505.049, 
   94884.726
  ], 
  [
   556674.144, 
   -708809.418
  ], 
  [
   522809.467, 
   -934806.609
  ], 
  [
   -186030.23, 
   -61884.567
  ], 
  [
   386914.529, 
   458856.954
  ], 
  [
   -23973.565, 
   -173938.945
  ], 
  [
   -797699.107, 
   -759998.504
  ], 
  [
   -557558.239, 
   -493068.287
  ], 
  [
   381759.604, 
   -575136.455
  ], 
  [
   -603631.926, 
   -184931.566
  ], 
  [
   312204.789, 
   -746876.26
  ], 
  [
   601754.194, 
   -629623.422
  ], 
  [
   905987.073, 
   -121993.877
  ], 
  [
   -209112.9, 
   -89714.805
  ], 
  [
   140770.902, 
   941871.742
  ], 
  [
   -177491.58, 
   711026.223
  ], 
  [
   -15334.095, 
   664457.761
  ], 
  [
   122553.208, 
   84360.908
  ], 
  [
   -125930.315, 
   -559477.125
  ], 
  [
   -316958.564, 
   972929.898
  ], 
  [
   594728.445, 
   -118825.21
  ], 
  [
   -663512.087, 
   -415746.728
  ], 
  [
   -171339.792, 
   130173.667
  ], 
  [
   -678885.23, 
   216429.438
  ], 
  [
   65452.452, 
   771103.767
  ], 
  [
   -229145.682, 
   -484572.782
  ], 
  [
   -313138.062, 
   532772.239
  ], 
  [
   100331.666, 
   -829692.071
  ], 
  [
   235865.019, 
   971665.745
  ], 
  [
   51704.202, 
   38528.804
  ], 
  [
   492999.089, 
   -98013.088
  ], 
  [
   -605964.166, 
   842774.595
  ], 
  [
   -451523.23, 
   -784081.45
  ], 
  [
   40796.86, 
   53823.542
  ], 
  [
   477784.853, 
   -518813.498
  ], 
  [
   -319867.835, 
   -327978.779
  ], 
  [
   -113465.343, 
   -485627.336
  ], 
  [
   42553.099, 
   560501.393
  ], 
  [
   -349073.521, 
   -220276.438
  ], 
  [
   484649.666, 
   102245.262
  ], 
  [
   468306.06, 
   479609.025
  ], 
  [
   559495.245, 
   433780.663
  ], 
  [
   -865510.481, 
   266320.7
  ], 
  [
   606.269, 
   -274422.074
  ], 
  [
   -370472.443, 
   -811231.673
  ]
 ], 
 "PUV": [
  true, 
  false, 
  true, 
  true, 
  true, 
  true, 
  true, 
  false, 
  true, 
  false, 
  true, 
  true, 
  true, 
  false, 
  true
 ], 
 "LCM": {
  "11": [
   "ORR", 
   "NOTUSED", 
   "NOTUSED", 
   "ORR", 
   "ANDD", 
   "ORR", 
   "NOTUSED", 
   "ORR", 
   "NOTUSED", 
   "ORR", 
   "ANDD", 
   "ANDD", 
   "ORR", 
   "NOTUSED", 
   "ANDD"
  ], 
  "10": [
   "NOTUSED", 
   "ANDD", 
   "ORR", 
   "ANDD", 
   "ORR", 
   "ANDD", 
   "NOTUSED", 
   "ORR", 
   "ANDD", 
   "ORR", 
   "NOTUSED", 
   "ANDD", 
   "ORR", 
   "ORR", 
   "NOTUSED"
  ], 
  "13": [
   "ORR", 
   "ORR", 
   "ANDD", 
   "ANDD", 
   "ANDD", 
   "ORR", 
   "ORR", 
   "ORR", 
   "ANDD", 
   "ORR", 
   "ORR", 
   "NOTUSED", 
   "ANDD", 
   "ANDD", 
   "NOTUSED"
  ], 
  "12": [
   "ANDD", 
   "NOTUSED", 
   "ORR", 
   "ORR", 
   "ANDD", 
   "ANDD", 
   "ANDD", 
   "ANDD", 
   "ORR", 
   "NOTUSED", 
   "ORR", 
   "ORR", 
   "ANDD", 
   "ANDD", 
   "ORR"
  ], 
  "14": [
   "ANDD", 
   "ORR", 
   "ORR", 
   "ANDD", 
   "ORR", 
   "ANDD", 
   "ORR", 
   "ANDD", 
   "NOTUSED", 
   "ANDD", 
   "NOTUSED", 
   "ANDD", 
   "ORR", 
   "NOTUSED", 
   "ORR"
  ], 
  "1": [
   "NOTUSED", 
   "ORR", 
   "ANDD", 
   "NOTUSED", 
   "ORR", 
   "NOTUSED", 
   "ANDD", 
   "NOTUSED", 
   "NOTUSED", 
   "ANDD", 
   "ANDD", 
   "NOTUSED", 
   "NOTUSED", 
   "ORR", 
   "ORR"
  ], 
  "0": [
   "ANDD", 
   "NOTUSED", 
   "NOTUSED", 
   "ORR", 
   "ANDD", 
   "NOTUSED", 
   "ORR", 
   "ANDD", 
   "ANDD", 
   "NOTUSED", 
   "NOTUSED", 
   "ORR", 
   "ANDD", 
   "ORR", 
   "ANDD"
  ], 
  "3": [
   "ORR", 
   "NOTUSED", 
   "ANDD", 
   "NOTUSED", 
   "NOTUSED", 
   "NOTUSED", 
   "ANDD", 
   "ANDD", 
   "NOTUSED", 
   "ANDD", 
   "ANDD", 
   "ORR", 
   "ORR", 
   "ANDD", 
   "ANDD"
  ], 
  "2": [
   "NOTUSED", 
   "ANDD", 
   "NOTUSED", 
   "ANDD", 
   "ORR", 
   "ORR", 
   "ORR", 
   "ANDD", 
   "ANDD", 
   "NOTUSED", 
   "ORR", 
   "NOTUSED", 
   "ORR", 
   "ANDD", 
   "ORR"
  ], 
  "5": [
   "NOTUSED", 
   "NOTUSED", 
   "ORR", 
   "NOTUSED", 
   "ORR", 
   "NOTUSED", 
   "NOTUSED", 
   "NOTUSED", 
   "ANDD", 
   "ANDD", 
   "ANDD", 
   "ORR", 
   "ANDD", 
   "ORR", 
   "ANDD"
  ], 
  "4": [
   "ANDD", 
   "ORR", 
   "ORR", 
   "NOTUSED", 
   "NOTUSED", 
   "ORR", 
   "ORR", 
   "ORR", 
   "ORR", 
   "ANDD", 
   "ORR", 
   "ANDD", 
   "ANDD", 
   "ANDD", 
   "ORR"
  ], 
  "7": [
   "ANDD", 
   "NOTUSED", 
   "ANDD", 
   "ANDD", 
   "ORR", 
   "NOTUSED", 
   "ORR", 
   "ORR", 
   "NOTUSED", 
   "ANDD", 
   "ORR", 
   "ORR", 
   "ANDD", 
   "ORR", 
   "ANDD"
  ], 
  "6": [
   "ORR", 
   "ANDD", 
   "ORR", 
   "ANDD", 
   "ORR", 
   "NOTUSED", 
   "ORR", 
   "ORR", 
   "ANDD", 
   "ORR", 
   "NOTUSED", 
   "NOTUSED", 
   "ANDD", 
   "ORR", 
   "ORR"
  ], 
  "9": [
   "NOTUSED", 
   "ANDD", 
   "NOTUSED", 
   "ANDD", 
   "ANDD", 
   "ANDD", 
   "ORR", 
   "ANDD", 
   "NOTUSED", 
   "ANDD", 
   "ORR", 
   "ORR", 
   "NOTUSED", 
   "ORR", 
   "ANDD"
  ], 
  "8": [
   "ANDD", 
   "NOTUSED", 
   "ANDD", 
   "NOTUSED", 
   "ORR", 
   "ANDD", 
   "ANDD", 
   "NOTUSED", 
   "ANDD", 
   "NOTUSED", 
   "ANDD", 
   "NOTUSED", 
   "ORR", 
   "ANDD", 
   "NOTUSED"
  ]
 }
}