{
 "random_seed": 153429228, 
 "PARAMETERS": {
  "RADIUS1": 338203.727, 
  "QUADS": 3, 
  "RADIUS2": 161620.763, 
  "DIST": 54261.749, 
  "F_PTS": 9, 
  "K_PTS": 47, 
  "EPSILON": 1.738, 
  "LENGTH1": 102395.379, 
  "G_PTS": 44, 
  "Q_PTS": 49, 
  "N_PTS": 56, 
  "C_PTS": 76, 
  "AREA2": 989781.857, 
  "LENGTH2": 396021.547, 
  "B_PTS": 83, 
  "D_PTS": 8, 
  "AREA1": 929947.251, 
  "A_PTS": 4, 
  "E_PTS": 27
 }, 
 "NUMPOINTS": 94, 
 "points": [
  [
   600531.555, 
   881965.161
  ], 
  [
   -255302.085, 
   486133.421
  ], 
  [
   198623.175, 
   -741209.114
  ], 
  [
   -965296.05, 
   771575.615
  ], 
  [
   249057.796, 
   -226716.863
  ], 
  [
   -834770.807, 
   771593.264
  ], 
  [
   700285.673, 
   556025.286
  ], 
  [
   38309.529, 
   176041.855
  ], 
  [
   -179082.132, 
   -979288.083
  ], 
  [
   752090.11, 
   237244.482
  ], 
  [
   -562249.568, 
   727242.999
  ], 
  [
   342999.345, 
   933805.522
  ], 
  [
   -589233.534, 
   -681194.576
  ], 
  [
   -150930.854, 
   97876.195
  ], 
  [
   372680.873, 
   783014.791
  ], 
  [
   -557096.474, 
   -537628.121
  ], 
  [
   -460838.737, 
   -760434.306
  ], 
  [
   -489747.72, 
   254632.696
  ], 
  [
   -495436.42, 
   52777.252
  ], 
  [
   243282.855, 
   -984209.678
  ], 
  [
   -705629.949, 
   468858.3
  ], 
  [
   179649.123, 
   -191448.545
  ], 
  [
   897535.491, 
   240472.548
  ], 
  [
   -662574.229, 
   701425.564
  ], 
  [
   -16473.92, 
   544434.788
  ], 
  [
   36430.177, 
   -828372.738
  ], 
  [
   -350273.026, 
   -550342.171
  ], 
  [
   -949796.914, 
   -480636.68
  ], 
  [
   -595980.889, 
   739297.272
  ], 
  [
   -968337.128, 
   362857.978
  ], 
  [
   855863.607, 
   -314642.047
  ], 
  [
   385872.579, 
   698221.806
  ], 
  [
   715374.853, 
   302463.407
  ], 
  [
   -2194.621, 
   -385616.874
  ], 
  [
   -666868.078, 
   -627856.419
  ], 
  [
   -991278.056, 
   769421.107
  ], 
  [
   802323.46, 
   -671757.691
  ], 
  [
   215105.659, 
   952649.916
  ], 
  [
   446970.602, 
   673888.044
  ], 
  [
   -677533.342, 
   37416.715
  ], 
  [
   282560.413, 
   402007.768
  ], 
  [
   39567.833, 
   -765605.828
  ], 
  [
   537241.119, 
   -125111.793
  ], 
  [
   871125.861, 
   920942.675
  ], 
  [
   200809.113, 
   -99104.21
  ], 
  [
   369680.78, 
   -22823.034
  ], 
  [
   -977823.893, 
   -820644.848
  ], 
  [
   -582509.202, 
   833017.371
  ], 
  [
   -415194.546, 
   -968673.176
  ], 
  [
   -816859.388, 
   355042.021
  ], 
  [
   -927700.505, 
   -665710.336
  ], 
  [
   -993707.478, 
   -401969.461
  ], 
  [
   -278780.07, 
   107740.058
  ], 
  [
   322361.239, 
   -564596.481
  ], 
  [
   739781.147, 
   -831007.658
  ], 
  [
   949824.712, 
   -260643.765
  ], 
  [
   -102519.401, 
   -742881.847
  ], 
  [
   381121.373, 
   -337321.529
  ], 
  [
   -199028.13, 
   898323.055
  ], 
  [
   817456.35, 
   735234.266
  ], 
  [
   -959251.996, 
   237622.365
  ], 
  [
   -666473.698, 
   77720.603
  ], 
  [
   -728986.853, 
   140049.731
  ], 
  [
   -42034.055, 
   -301437.431
  ], 
  [
   -600106.519, 
   346276.349
  ], 
  [
   -87677.889, 
   -325462.181
  ], 
  [
   464884.741, 
   -416848.514
  ], 
  [
   -424570.17, 
   -749301.907
  ], 
  [
   -690235.814, 
   -230006.246
  ], 
  [
   -931510.765, 
   -468712.732
  ], 
  [
   976169.433, 
   -92558.321
  ], 
  [
   -323840.458, 
   18629.877
  ], 
  [
   -128473.779, 
   -146860.752
  ], 
  [
   508520.689, 
   560596.483
  ], 
  [
   48920.774, 
   -521800.859
  ], 
  [
   434731.723, 
   222486.566
  ], 
  [
   -172615.189, 
   -737479.819
  ], 
  [
   714141.502, 
   -321797.456
  ], 
  [
   -768151.585, 
   -570614.985
  ], 
  [
   -566834.662, 
   324181.364
  ], 
  [
   710176.951, 
   -380034.654
  ], 
  [
   -859141.178, 
   958588.702
  ], 
  [
   708285.119, 
   -272187.235
  ], 
  [
   936028.969, 
   -6435.763
  ], 
  [
   751346.168, 
   578271.014
  ], 
  [
   482977.023, 
   -307376.313
  ], 
  [
   -664902.112, 
   244084.934
  ], 
  [
   368046.438, 
   403747.247
  ], 
  [
   -471927.841, 
   -165225.509
  ], 
  [
   737176.278, 
   754560.082
  ], 
  [
   198861.571, 
   103298.664
  ], 
  [
   143452.239, 
   -89501.84
  ], 
  [
   -490126.473, 
   -969788.63
  ], 
  [
   -954515.548, 
   876984.864
  ]
 ], 
 "PUV": [
  true, 
  false, 
  true, 
  true, 
  true, 
  true, 
  false, 
  true, 
  true, 
  true, 
  false, 
  true, 
  false, 
  false, 
  true
 ], 
 "LCM": {
  "11": [
   "ANDD", 
   "ORR", 
   "NOTUSED", 
   "ORR", 
   "ANDD", 
   "ANDD", 
   "NOTUSED", 
   "NOTUSED", 
   "NOTUSED", 
   "ORR", 
   "ANDD", 
   "NOTUSED", 
   "NOTUSED", 
   "ANDD", 
   "NOTUSED"
  ], 
  "10": [
   "NOTUSED", 
   "ANDD", 
   "ANDD", 
   "ORR", 
   "ANDD", 
   "ORR", 
   "ANDD", 
   "NOTUSED", 
   "NOTUSED", 
   "NOTUSED", 
   "ANDD", 
   "ANDD", 
   "ORR", 
   "ANDD", 
   "ANDD"
  ], 
  "13": [
   "ORR", 
   "ANDD", 
   "ORR", 
   "NOTUSED", 
   "ORR", 
   "ORR", 
   "ORR", 
   "ANDD", 
   "NOTUSED", 
   "ANDD", 
   "ANDD", 
   "ANDD", 
   "NOTUSED", 
   "ANDD", 
   "ORR"
  ], 
  "12": [
   "ANDD", 
   "ANDD", 
   "ANDD", 
   "ANDD", 
   "ORR", 
   "ORR", 
   "ORR", 
   "ANDD", 
   "ANDD", 
   "NOTUSED", 
   "ORR", 
   "NOTUSED", 
   "ORR", 
   "NOTUSED", 
   "NOTUSED"
  ], 
  "14": [
   "ANDD", 
   "ORR", 
   "NOTUSED", 
   "NOTUSED", 
   "ORR", 
   "ORR", 
   "NOTUSED", 
   "NOTUSED", 
   "ANDD", 
   "NOTUSED", 
   "ANDD", 
   "NOTUSED", 
   "NOTUSED", 
   "ORR", 
   "ANDD"
  ], 
  "1": [
   "ORR", 
   "ORR", 
   "NOTUSED", 
   "ANDD", 
   "ANDD", 
   "NOTUSED", 
   "NOTUSED", 
   "ANDD", 
   "NOTUSED", 
   "ORR", 
   "ANDD", 
   "ORR", 
   "ANDD", 
   "ANDD", 
   "ORR"
  ], 
  "0": [
   "ANDD", 
   "ORR", 
   "NOTUSED", 
   "ORR", 
   "ORR", 
   "ORR", 
   "NOTUSED", 
   "ANDD", 
   "ANDD", 
   "ANDD", 
   "NOTUSED", 
   "ANDD", 
   "ANDD", 
   "ORR", 
   "ANDD"
  ], 
  "3": [
   "ORR", 
   "ANDD", 
   "NOTUSED", 
   "ANDD", 
   "ANDD", 
   "NOTUSED", 
   "ORR", 
   "ORR", 
   "NOTUSED", 
   "ANDD", 
   "ORR", 
   "ORR", 
   "ANDD", 
   "NOTUSED", 
   "NOTUSED"
  ], 
  "2": [
   "NOTUSED", 
   "NOTUSED", 
   "ANDD", 
   "NOTUSED", 
   "NOTUSED", 
   "ORR", 
   "NOTUSED", 
   "ORR", 
   "ORR", 
   "NOTUSED", 
   "ANDD", 
   "NOTUSED", 
   "ANDD", 
   "ORR", 
   "NOTUSED"
  ], 
  "5": [
   "ORR", 
   "NOTUSED", 
   "ORR", 
   "NOTUSED", 
   "ORR", 
   "ORR", 
   "ANDD", 
   "ORR", 
   "ANDD", 
   "NOTUSED", 
   "ORR", 
   "ANDD", 
   "ORR", 
   "ORR", 
   "ORR"
  ], 
  "4": [
   "ORR", 
   "ANDD", 
   "NOTUSED", 
   "ANDD", 
   "NOTUSED", 
   "ORR", 
   "NOTUSED", 
   "ORR", 
   "NOTUSED", 
   "NOTUSED", 
   "ANDD", 
   "ANDD", 
   "ORR", 
   "ORR", 
   "ORR"
  ], 
  "7": [
   "ANDD", 
   "ANDD", 
   "ORR", 
   "ORR", 
   "ORR", 
   "ORR", 
   "ANDD", 
   "ANDD", 
   "NOTUSED", 
   "ORR", 
   "NOTUSED", 
   "NOTUSED", 
   "ANDD", 
   "ANDD", 
   "NOTUSED"
  ], 
  "6": [
   "NOTUSED", 
   "NOTUSED", 
   "NOTUSED", 
   "ORR", 
   "NOTUSED", 
   "ANDD", 
   "ORR", 
   "ANDD", 
   "ANDD", 
   "ORR", 
   "ANDD", 
   "NOTUSED", 
   "ORR", 
   "ORR", 
   "NOTUSED"
  ], 
  "9": [
   "ANDD", 
   "ORR", 
   "NOTUSED", 
   "ANDD", 
   "NOTUSED", 
   "NOTUSED", 
   "ORR", 
   "ORR", 
   "ORR", 
   "NOTUSED", 
   "NOTUSED", 
   "ORR", 
   "NOTUSED", 
   "ANDD", 
   "NOTUSED"
  ], 
  "8": [
   "ANDD", 
   "NOTUSED", 
   "ORR", 
   "NOTUSED", 
   "NOTUSED", 
   "ANDD", 
   "ANDD", 
   "NOTUSED", 
   "NOTUSED", 
   "ORR", 
   "NOTUSED", 
   "NOTUSED", 
   "ANDD", 
   "NOTUSED", 
   "ANDD"
  ]
 }
}