{
 "random_seed": 1583008392, 
 "PARAMETERS": {
  "RADIUS1": 912104.123, 
  "QUADS": 1, 
  "RADIUS2": 292950.725, 
  "DIST": 80463.323, 
  "F_PTS": 35, 
  "K_PTS": 74, 
  "EPSILON": 1.569, 
  "LENGTH1": 510700.17, 
  "G_PTS": 45, 
  "Q_PTS": 71, 
  "N_PTS": 57, 
  "C_PTS": 19, 
  "AREA2": 600798.227, 
  "LENGTH2": 259107.926, 
  "B_PTS": 36, 
  "D_PTS": 15, 
  "AREA1": 862725.659, 
  "A_PTS": 32, 
  "E_PTS": 32
 }, 
 "NUMPOINTS": 81, 
 "points": [
  [
   309331.243, 
   -769975.169
  ], 
  [
   473803.235, 
   804147.115
  ], 
  [
   447115.797, 
   -307617.021
  ], 
  [
   -187224.165, 
   -363306.267
  ], 
  [
   -764593.537, 
   436362.814
  ], 
  [
   -358946.415, 
   608554.102
  ], 
  [
   -899846.94, 
   13983.95
  ], 
  [
   35436.521, 
   173877.187
  ], 
  [
   633458.992, 
   568695.274
  ], 
  [
   725880.145, 
   553109.188
  ], 
  [
   942436.214, 
   -410565.997
  ], 
  [
   507713.956, 
   791234.211
  ], 
  [
   574336.227, 
   -152844.187
  ], 
  [
   557024.779, 
   15640.026
  ], 
  [
   990845.56, 
   -371975.459
  ], 
  [
   -259348.344, 
   1268.558
  ], 
  [
   9226.15, 
   45368.404
  ], 
  [
   -162282.126, 
   639746.572
  ], 
  [
   -126632.05, 
   931815.089
  ], 
  [
   387929.604, 
   -221736.937
  ], 
  [
   -383134.036, 
   -986708.083
  ], 
  [
   -685415.749, 
   549737.32
  ], 
  [
   494672.315, 
   254.347
  ], 
  [
   821980.349, 
   722834.871
  ], 
  [
   -13517.705, 
   311293.778
  ], 
  [
   -373406.958, 
   484446.785
  ], 
  [
   -764522.882, 
   -794645.101
  ], 
  [
   -439805.259, 
   -570150.636
  ], 
  [
   402765.667, 
   923770.807
  ], 
  [
   379431.608, 
   640052.331
  ], 
  [
   231780.633, 
   -160544.562
  ], 
  [
   -308221.312, 
   58066.033
  ], 
  [
   -892042.066, 
   175672.771
  ], 
  [
   -416195.31, 
   383602.26
  ], 
  [
   775546.157, 
   1739.209
  ], 
  [
   -94881.337, 
   -749640.933
  ], 
  [
   -498629.007, 
   533707.784
  ], 
  [
   735797.859, 
   717160.44
  ], 
  [
   -404490.989, 
   -679640.577
  ], 
  [
   -461803.362, 
   634611.696
  ], 
  [
   -603249.432, 
   684167.558
  ], 
  [
   491052.686, 
   491372.7
  ], 
  [
   -896556.683, 
   -439370.738
  ], 
  [
   -535136.882, 
   -709763.692
  ], 
  [
   364137.873, 
   -516188.284
  ], 
  [
   -230968.393, 
   -905479.209
  ], 
  [
   -786209.418, 
   -497890.437
  ], 
  [
   -561051.671, 
   325585.574
  ], 
  [
   -754512.83, 
   -193836.604
  ], 
  [
   467735.308, 
   -918149.442
  ], 
  [
   -190837.722, 
   -830643.657
  ], 
  [
   837066.362, 
   -464849.923
  ], 
  [
   -829304.033, 
   891039.644
  ], 
  [
   361964.096, 
   -919899.114
  ], 
  [
   341897.005, 
   -42764.645
  ], 
  [
   -161818.097, 
   185981.277
  ], 
  [
   378906.217, 
   -180228.918
  ], 
  [
   701331.343, 
   748978.902
  ], 
  [
   781852.105, 
   -508692.68
  ], 
  [
   673161.249, 
   -712274.033
  ], 
  [
   -502261.699, 
   150822.269
  ], 
  [
   128070.498, 
   776701.985
  ], 
  [
   518550.557, 
   985684.274
  ], 
  [
   -859101.978, 
   230941.609
  ], 
  [
   36333.253, 
   633058.072
  ], 
  [
   911134.76, 
   -155838.236
  ], 
  [
   -628319.443, 
   319346.131
  ], 
  [
   -30292.155, 
   -907839.993
  ], 
  [
   775398.32, 
   553743.558
  ], 
  [
   379648.107, 
   -310365.641
  ], 
  [
   -788036.192, 
   128360.516
  ], 
  [
   36927.94, 
   508430.468
  ], 
  [
   -896811.405, 
   92744.707
  ], 
  [
   -900711.692, 
   355754.149
  ], 
  [
   -56469.63, 
   990947.432
  ], 
  [
   412117.765, 
   -290289.496
  ], 
  [
   748302.713, 
   110961.082
  ], 
  [
   -373049.17, 
   538260.486
  ], 
  [
   304531.865, 
   -752025.862
  ], 
  [
   -322674.02, 
   361338.55
  ], 
  [
   -987941.309, 
   -330866.911
  ]
 ], 
 "PUV": [
  true, 
  true, 
  false, 
  false, 
  false, 
  false, 
  true, 
  false, 
  false, 
  false, 
  true, 
  true, 
  true, 
  true, 
  true
 ], 
 "LCM": {
  "11": [
   "ORR", 
   "NOTUSED", 
   "ANDD", 
   "NOTUSED", 
   "NOTUSED", 
   "ORR", 
   "ANDD", 
   "NOTUSED", 
   "NOTUSED", 
   "NOTUSED", 
   "NOTUSED", 
   "ORR", 
   "NOTUSED", 
   "NOTUSED", 
   "ANDD"
  ], 
  "10": [
   "ANDD", 
   "ANDD", 
   "ANDD", 
   "NOTUSED", 
   "ANDD", 
   "ANDD", 
   "NOTUSED", 
   "NOTUSED", 
   "ORR", 
   "ANDD", 
   "NOTUSED", 
   "NOTUSED", 
   "NOTUSED", 
   "ANDD", 
   "ANDD"
  ], 
  "13": [
   "ANDD", 
   "NOTUSED", 
   "NOTUSED", 
   "ORR", 
   "ANDD", 
   "ANDD", 
   "ORR", 
   "NOTUSED", 
   "NOTUSED", 
   "ORR", 
   "ANDD", 
   "NOTUSED", 
   "NOTUSED", 
   "NOTUSED", 
   "NOTUSED"
  ], 
  "12": [
   "ORR", 
   "ANDD", 
   "NOTUSED", 
   "NOTUSED", 
   "NOTUSED", 
   "ORR", 
   "ORR", 
   "ORR", 
   "NOTUSED", 
   "NOTUSED", 
   "NOTUSED", 
   "NOTUSED", 
   "ANDD", 
   "NOTUSED", 
   "NOTUSED"
  ], 
  "14": [
   "NOTUSED", 
   "ORR", 
   "ANDD", 
   "NOTUSED", 
   "ANDD", 
   "ANDD", 
   "NOTUSED", 
   "ANDD", 
   "ANDD", 
   "NOTUSED", 
   "ANDD", 
   "ANDD", 
   "NOTUSED", 
   "NOTUSED", 
   "ORR"
  ], 
  "1": [
   "NOTUSED", 
   "ANDD", 
   "ANDD", 
   "NOTUSED", 
   "ANDD", 
   "NOTUSED", 
   "NOTUSED", 
   "NOTUSED", 
   "ANDD", 
   "ORR", 
   "ANDD", 
   "NOTUSED", 
   "ANDD", 
   "NOTUSED", 
   "ORR"
  ], 
  "0": [
   "ORR", 
   "NOTUSED", 
   "ORR", 
   "ANDD", 
   "NOTUSED", 
   "ORR", 
   "ORR", 
   "NOTUSED", 
   "ORR", 
   "ORR", 
   "ANDD", 
   "ORR", 
   "ORR", 
   "ANDD", 
   "NOTUSED"
  ], 
  "3": [
   "ANDD", 
   "NOTUSED", 
   "ANDD", 
   "ORR", 
   "NOTUSED", 
   "NOTUSED", 
   "ORR", 
   "ANDD", 
   "ANDD", 
   "ORR", 
   "NOTUSED", 
   "NOTUSED", 
   "NOTUSED", 
   "ORR", 
   "NOTUSED"
  ], 
  "2": [
   "ORR", 
   "ANDD", 
   "ORR", 
   "ANDD", 
   "NOTUSED", 
   "ORR", 
   "ORR", 
   "ANDD", 
   "ORR", 
   "ANDD", 
   "ANDD", 
   "ANDD", 
   "NOTUSED", 
   "NOTUSED", 
   "ANDD"
  ], 
  "5": [
   "ORR", 
   "NOTUSED", 
   "ORR", 
   "NOTUSED", 
   "ORR", 
   "NOTUSED", 
   "NOTUSED", 
   "NOTUSED", 
   "ANDD", 
   "ANDD", 
   "ANDD", 
   "ORR", 
   "ORR", 
   "ANDD", 
   "ANDD"
  ], 
  "4": [
   "NOTUSED", 
   "ANDD", 
   "NOTUSED", 
   "NOTUSED", 
   "ANDD", 
   "ORR", 
   "ORR", 
   "NOTUSED", 
   "ORR", 
   "ANDD", 
   "ANDD", 
   "NOTUSED", 
   "NOTUSED", 
   "ANDD", 
   "ANDD"
  ], 
  "7": [
   "NOTUSED", 
   "NOTUSED", 
   "ANDD", 
   "ANDD", 
   "NOTUSED", 
   "NOTUSED", 
   "ANDD", 
   "NOTUSED", 
   "ORR", 
   "NOTUSED", 
   "NOTUSED", 
   "NOTUSED", 
   "ORR", 
   "NOTUSED", 
   "ANDD"
  ], 
  "6": [
   "ORR", 
   "NOTUSED", 
   "ORR", 
   "ORR", 
   "ORR", 
   "NOTUSED", 
   "ANDD", 
   "ANDD", 
   "NOTUSED", 
   "ANDD", 
   "NOTUSED", 
   "ANDD", 
   "ORR", 
   "ORR", 
   "NOTUSED"
  ], 
  "9": [
   "ORR", 
   "ORR", 
   "ANDD", 
   "ORR", 
   "ANDD", 
   "ANDD", 
   "ANDD", 
   "NOTUSED", 
   "ORR", 
   "ANDD", 
   "ANDD", 
   "NOTUSED", 
   "NOTUSED", 
   "ORR", 
   "NOTUSED"
  ], 
  "8": [
   "ORR", 
   "ANDD", 
   "ORR", 
   "ANDD", 
   "ORR", 
   "ANDD", 
   "NOTUSED", 
   "ORR", 
   "ORR", 
   "ORR", 
   "ORR", 
   "NOTUSED", 
   "NOTUSED", 
   "NOTUSED", 
   "ANDD"
  ]
 }
}