{
 "random_seed": 287242860, 
 "PARAMETERS": {
  "RADIUS1": 277045.081, 
  "QUADS": 2, 
  "RADIUS2": 728724.002, 
  "DIST": 16099.368, 
  "F_PTS": 22, 
  "K_PTS": 38, 
  "EPSILON": 0.011, 
  "LENGTH1": 234620.203, 
  "G_PTS": 54, 
  "Q_PTS": 35, 
  "N_PTS": 71, 
  "C_PTS": 58, 
  "AREA2": 727452.537, 
  "LENGTH2": 717909.287, 
  "B_PTS": 3, 
  "D_PTS": 17, 
  "AREA1": 161580.166, 
  "A_PTS": 11, 
  "E_PTS": 26
 }, 
 "NUMPOINTS": 82, 
 "points": [
  [
   566456.587, 
   149121.522
  ], 
  [
   -571230.706, 
   433230.767
  ], 
  [
   538307.62, 
   -104678.193
  ], 
  [
   -374929.781, 
   -437149.726
  ], 
  [
   831288.973, 
   -612375.202
  ], 
  [
   -11916.235, 
   446517.764
  ], 
  [
   275186.499, 
   428772.345
  ], 
  [
   -109036.566, 
   82327.396
  ], 
  [
   -888290.303, 
   -790128.572
  ], 
  [
   -535044.085, 
   -254635.667
  ], 
  [
   -341904.708, 
   98016.679
  ], 
  [
   -689513.633, 
   -253552.385
  ], 
  [
   -408069.932, 
   -170695.163
  ], 
  [
   -655615.614, 
   272719.971
  ], 
  [
   529106.688, 
   -418447.638
  ], 
  [
   -296740.87, 
   687058.892
  ], 
  [
   31270.077, 
   563422.147
  ], 
  [
   -795090.338, 
   -653721.074
  ], 
  [
   765744.266, 
   13670.142
  ], 
  [
   248715.289, 
   275596.056
  ], 
  [
   302056.029, 
   796824.593
  ], 
  [
   636068.483, 
   182672.556
  ], 
  [
   897570.379, 
   -297705.972
  ], 
  [
   527828.705, 
   356796.566
  ], 
  [
   -247492.194, 
   646303.272
  ], 
  [
   -932188.127, 
   569646.406
  ], 
  [
   -316300.53, 
   -643192.176
  ], 
  [
   -481712.344, 
   295869.37
  ], 
  [
   -435293.567, 
   213935.531
  ], 
  [
   -91566.205, 
   644586.171
  ], 
  [
   -828730.806, 
   -481145.603
  ], 
  [
   -69274.149, 
   211859.964
  ], 
  [
   -830839.966, 
   902243.34
  ], 
  [
   450235.239, 
   377869.305
  ], 
  [
   -736292.517, 
   -611760.766
  ], 
  [
   589762.304, 
   557818.116
  ], 
  [
   -248118.084, 
   -478146.829
  ], 
  [
   -331778.789, 
   -4641.756
  ], 
  [
   692925.222, 
   -122942.626
  ], 
  [
   626715.9, 
   -248572.798
  ], 
  [
   -644708.399, 
   13669.616
  ], 
  [
   -704590.16, 
   211314.67
  ], 
  [
   854024.775, 
   20061.395
  ], 
  [
   312718.12, 
   105809.825
  ], 
  [
   712855.147, 
   511423.924
  ], 
  [
   -347039.424, 
   -381452.716
  ], 
  [
   830465.288, 
   307757.814
  ], 
  [
   424328.376, 
   -151203.171
  ], 
  [
   589421.174, 
   217322.664
  ], 
  [
   188246.28, 
   999020.874
  ], 
  [
   858788.612, 
   -337846.858
  ], 
  [
   -313898.896, 
   -591124.838
  ], 
  [
   -230263.564, 
   632303.626
  ], 
  [
   706849.076, 
   447013.463
  ], 
  [
   -302685.261, 
   -600156.057
  ], 
  [
   -922683.861, 
   197577.584
  ], 
  [
   149752.91, 
   -265976.825
  ], 
  [
   -284710.606, 
   -90439.256
  ], 
  [
   -772510.084, 
   -548560.833
  ], 
  [
   737304.568, 
   -864830.919
  ], 
  [
   814289.129, 
   975952.345
  ], 
  [
   -585366.905, 
   -197907.402
  ], 
  [
   -725895.322, 
   -127166.178
  ], 
  [
   -922826.506, 
   385329.235
  ], 
  [
   74098.49, 
   427767.219
  ], 
  [
   605122.723, 
   628772.668
  ], 
  [
   -448008.53, 
   43717.706
  ], 
  [
   -903577.479, 
   -427521.014
  ], 
  [
   732744.001, 
   408840.504
  ], 
  [
   624518.994, 
   -967900.714
  ], 
  [
   793278.739, 
   483000.092
  ], 
  [
   507879.206, 
   -911882.182
  ], 
  [
   656116.015, 
   578761.149
  ], 
  [
   955430.263, 
   -755805.801
  ], 
  [
   347734.29, 
   -368555.247
  ], 
  [
   -613769.632, 
   733461.239
  ], 
  [
   -681854.323, 
   965261.709
  ], 
  [
   441920.207, 
   392600.448
  ], 
  [
   920376.688, 
   -205155.547
  ], 
  [
   517119.168, 
   287119.644
  ], 
  [
   -781343.256, 
   822960.873
  ], 
  [
   -43622.878, 
   959233.421
  ]
 ], 
 "PUV": [
  false, 
  true, 
  false, 
  false, 
  false, 
  false, 
  true, 
  false, 
  false, 
  false, 
  true, 
  false, 
  true, 
  true, 
  false
 ], 
 "LCM": {
  "11": [
   "NOTUSED", 
   "ANDD", 
   "ANDD", 
   "NOTUSED", 
   "ANDD", 
   "NOTUSED", 
   "NOTUSED", 
   "ORR", 
   "NOTUSED", 
   "ORR", 
   "ANDD", 
   "ANDD", 
   "NOTUSED", 
   "NOTUSED", 
   "ANDD"
  ], 
  "10": [
   "ORR", 
   "ORR", 
   "ORR", 
   "NOTUSED", 
   "ANDD", 
   "ORR", 
   "ANDD", 
   "ORR", 
   "NOTUSED", 
   "ORR", 
   "ANDD", 
   "ANDD", 
   "ANDD", 
   "ORR", 
   "NOTUSED"
  ], 
  "13": [
   "NOTUSED", 
   "NOTUSED", 
   "NOTUSED", 
   "ORR", 
   "NOTUSED", 
   "ORR", 
   "ANDD", 
   "ORR", 
   "NOTUSED", 
   "ANDD", 
   "ORR", 
   "NOTUSED", 
   "ANDD", 
   "ANDD", 
   "NOTUSED"
  ], 
  "12": [
   "ORR", 
   "ORR", 
   "NOTUSED", 
   "ORR", 
   "NOTUSED", 
   "NOTUSED", 
   "ANDD", 
   "ORR", 
   "ORR", 
   "ANDD", 
   "ANDD", 
   "NOTUSED", 
   "ORR", 
   "ANDD", 
   "ANDD"
  ], 
  "14": [
   "NOTUSED", 
   "ANDD", 
   "NOTUSED", 
   "NOTUSED", 
   "ANDD", 
   "NOTUSED", 
   "ANDD", 
   "ANDD", 
   "NOTUSED", 
   "ORR", 
   "NOTUSED", 
   "ANDD", 
   "ANDD", 
   "NOTUSED", 
   "ANDD"
  ], 
  "1": [
   "ORR", 
   "NOTUSED", 
   "ANDD", 
   "ORR", 
   "NOTUSED", 
   "NOTUSED", 
   "ANDD", 
   "ORR", 
   "ANDD", 
   "ORR", 
   "ORR", 
   "ANDD", 
   "ORR", 
   "NOTUSED", 
   "ANDD"
  ], 
  "0": [
   "ANDD", 
   "ORR", 
   "ANDD", 
   "ANDD", 
   "ANDD", 
   "ANDD", 
   "ORR", 
   "ORR", 
   "NOTUSED", 
   "ORR", 
   "ORR", 
   "NOTUSED", 
   "ORR", 
   "NOTUSED", 
   "NOTUSED"
  ], 
  "3": [
   "ANDD", 
   "ORR", 
   "NOTUSED", 
   "ANDD", 
   "NOTUSED", 
   "NOTUSED", 
   "ORR", 
   "ANDD", 
   "NOTUSED", 
   "ORR", 
   "NOTUSED", 
   "NOTUSED", 
   "ORR", 
   "ORR", 
   "NOTUSED"
  ], 
  "2": [
   "ANDD", 
   "ANDD", 
   "NOTUSED", 
   "NOTUSED", 
   "ORR", 
   "ANDD", 
   "ANDD", 
   "NOTUSED", 
   "ANDD", 
   "NOTUSED", 
   "ORR", 
   "ANDD", 
   "NOTUSED", 
   "NOTUSED", 
   "NOTUSED"
  ], 
  "5": [
   "ANDD", 
   "NOTUSED", 
   "ANDD", 
   "NOTUSED", 
   "ANDD", 
   "ANDD", 
   "ORR", 
   "NOTUSED", 
   "NOTUSED", 
   "ANDD", 
   "ORR", 
   "NOTUSED", 
   "NOTUSED", 
   "ORR", 
   "NOTUSED"
  ], 
  "4": [
   "ANDD", 
   "NOTUSED", 
   "ORR", 
   "NOTUSED", 
   "ANDD", 
   "ANDD", 
   "NOTUSED", 
   "NOTUSED", 
   "ANDD", 
   "ANDD", 
   "ANDD", 
   "ANDD", 
   "NOTUSED", 
   "NOTUSED", 
   "ANDD"
  ], 
  "7": [
   "ORR", 
   "ORR", 
   "NOTUSED", 
   "ANDD", 
   "NOTUSED", 
   "NOTUSED", 
   "ORR", 
   "ORR", 
   "ORR", 
   "ANDD", 
   "ORR", 
   "ORR", 
   "ORR", 
   "ORR", 
   "ANDD"
  ], 
  "6": [
   "ORR", 
   "ANDD", 
   "ANDD", 
   "ORR", 
   "NOTUSED", 
   "ORR", 
   "ORR", 
   "ORR", 
   "NOTUSED", 
   "ORR", 
   "ANDD", 
   "NOTUSED", 
   "ANDD", 
   "ANDD", 
   "ANDD"
  ], 
  "9": [
   "ORR", 
   "ORR", 
   "NOTUSED", 
   "ORR", 
   "ANDD", 
   "ANDD", 
   "ORR", 
   "ANDD", 
   "ORR", 
   "ANDD", 
   "ORR", 
   "ORR", 
   "ANDD", 
   "ANDD", 
   "ORR"
  ], 
  "8": [
   "NOTUSED", 
   "ANDD", 
   "ANDD", 
   "NOTUSED", 
   "ANDD", 
   "NOTUSED", 
   "NOTUSED", 
   "ORR", 
   "NOTUSED", 
   "ORR", 
   "NOTUSED", 
   "NOTUSED", 
   "ORR", 
   "NOTUSED", 
   "NOTUSED"
  ]
 }
}