{
 "random_seed": 443244956, 
 "PARAMETERS": {
  "RADIUS1": 745468.909, 
  "QUADS": 2, 
  "RADIUS2": 352137.449, 
  "DIST": 130325.094, 
  "F_PTS": 1, 
  "K_PTS": 78, 
  "EPSILON": 0.853, 
  "LENGTH1": 586542.19, 
  "G_PTS": 12, 
  "Q_PTS": 24, 
  "N_PTS": 87, 
  "C_PTS": 9, 
  "AREA2": 471814.307, 
  "LENGTH2": 368388.844, 
  "B_PTS": 1, 
  "D_PTS": 35, 
  "AREA1": 448449.726, 
  "A_PTS": 4, 
  "E_PTS": 48
 }, 
 "NUMPOINTS": 100, 
 "points": [
  [
   435266.24, 
   -251487.321
  ], 
  [
   642949.082, 
   -204576.112
  ], 
  [
   -117673.067, 
   -984707.354
  ], 
  [
   -413225.104, 
   -131129.712
  ], 
  [
   413454.098, 
   81494.628
  ], 
  [
   194046.383, 
   837535.987
  ], 
  [
   894503.909, 
   501404.387
  ], 
  [
   -700281.851, 
   735485.547
  ], 
  [
   700390.531, 
   -189652.122
  ], 
  [
   -968050.089, 
   -423252.449
  ], 
  [
   -295403.208, 
   294259.876
  ], 
  [
   464885.347, 
   697316.861
  ], 
  [
   662120.808, 
   543412.264
  ], 
  [
   419307.819, 
   -999543.896
  ], 
  [
   568802.962, 
   -455476.322
  ], 
  [
   401770.652, 
   -484249.916
  ], 
  [
   933275.552, 
   378338.775
  ], 
  [
   820313.653, 
   -6836.881
  ], 
  [
   -122826.859, 
   344764.449
  ], 
  [
   -204638.012, 
   -997223.922
  ], 
  [
   416856.439, 
   -406415.438
  ], 
  [
   831172.779, 
   234696.539
  ], 
  [
   -902685.804, 
   -942587.166
  ], 
  [
   -843835.304, 
   -65271.629
  ], 
  [
   100304.809, 
   -310416.143
  ], 
  [
   76588.52, 
   211662.606
  ], 
  [
   -47864.613, 
   977098.185
  ], 
  [
   801717.493, 
   -565252.084
  ], 
  [
   189280.553, 
   -149416.943
  ], 
  [
   -443863.703, 
   892226.268
  ], 
  [
   -48882.368, 
   -612393.835
  ], 
  [
   602016.896, 
   -333194.345
  ], 
  [
   544824.047, 
   -495620.951
  ], 
  [
   197641.035, 
   596635.127
  ], 
  [
   734563.25, 
   -751401.186
  ], 
  [
   -312405.154, 
   -896461.534
  ], 
  [
   -77908.371, 
   -864665.304
  ], 
  [
   137636.347, 
   -965063.62
  ], 
  [
   -745070.734, 
   -905501.027
  ], 
  [
   -589353.963, 
   585178.64
  ], 
  [
   597766.791, 
   -75236.965
  ], 
  [
   83834.72, 
   995404.129
  ], 
  [
   -518826.121, 
   937359.099
  ], 
  [
   938489.273, 
   -51874.521
  ], 
  [
   -198401.242, 
   817834.933
  ], 
  [
   35666.707, 
   -432925.621
  ], 
  [
   371896.382, 
   -549582.084
  ], 
  [
   -588615.897, 
   -559703.674
  ], 
  [
   678827.68, 
   820795.667
  ], 
  [
   963522.304, 
   -655959.228
  ], 
  [
   263269.533, 
   -834111.827
  ], 
  [
   813939.457, 
   328111.742
  ], 
  [
   -551634.157, 
   952585.516
  ], 
  [
   721776.06, 
   -773068.338
  ], 
  [
   364336.625, 
   -234631.95
  ], 
  [
   -448894.249, 
   -17531.116
  ], 
  [
   255191.973, 
   -175187.152
  ], 
  [
   -255780.311, 
   -291829.469
  ], 
  [
   286002.582, 
   339170.362
  ], 
  [
   -12552.465, 
   -350303.212
  ], 
  [
   786090.465, 
   -33878.808
  ], 
  [
   -399088.709, 
   454368.667
  ], 
  [
   -701732.73, 
   216151.609
  ], 
  [
   113603.978, 
   431164.77
  ], 
  [
   -936359.839, 
   271534.672
  ], 
  [
   -312306.253, 
   361600.755
  ], 
  [
   889010.562, 
   886234.524
  ], 
  [
   -160240.171, 
   406706.521
  ], 
  [
   4210.546, 
   759191.981
  ], 
  [
   97798.341, 
   171657.788
  ], 
  [
   -938057.049, 
   -731241.428
  ], 
  [
   -334920.045, 
   428693.827
  ], 
  [
   -649392.906, 
   209471.23
  ], 
  [
   332428.357, 
   403623.562
  ], 
  [
   -898333.675, 
   -204976.258
  ], 
  [
   -195975.91, 
   978311.908
  ], 
  [
   579589.198, 
   -118407.468
  ], 
  [
   556703.663, 
   946757.71
  ], 
  [
   681757.329, 
   -171866.633
  ], 
  [
   -856146.312, 
   -741571.967
  ], 
  [
   -400618.322, 
   553948.305
  ], 
  [
   -844784.947, 
   901977.471
  ], 
  [
   58962.332, 
   489289.598
  ], 
  [
   -365381.197, 
   429667.507
  ], 
  [
   -292230.988, 
   -101845.704
  ], 
  [
   -560309.524, 
   446876.052
  ], 
  [
   483230.492, 
   650416.294
  ], 
  [
   -986847.382, 
   216703.966
  ], 
  [
   -690488.184, 
   -222764.536
  ], 
  [
   14274.234, 
   -636678.966
  ], 
  [
   877978.397, 
   224499.376
  ], 
  [
   -391678.387, 
   370312.773
  ], 
  [
   -378127.586, 
   143492.645
  ], 
  [
   148795.519, 
   -670386.647
  ], 
  [
   -759486.255, 
   288665.805
  ], 
  [
   -416803.841, 
   -961880.966
  ], 
  [
   -671214.914, 
   -116504.903
  ], 
  [
   -837616.839, 
   -411724.506
  ], 
  [
   845240.911, 
   -177510.803
  ], 
  [
   697791.516, 
   299006.077
  ]
 ], 
 "PUV": [
  true, 
  false, 
  true, 
  false, 
  false, 
  true, 
  true, 
  true, 
  true, 
  false, 
  true, 
  true, 
  false, 
  true, 
  true
 ], 
 "LCM": {
  "11": [
   "NOTUSED", 
   "ANDD", 
   "ANDD", 
   "NOTUSED", 
   "NOTUSED", 
   "ANDD", 
   "NOTUSED", 
   "ORR", 
   "ANDD", 
   "ORR", 
   "ANDD", 
   "ANDD", 
   "NOTUSED", 
   "ANDD", 
   "ORR"
  ], 
  "10": [
   "NOTUSED", 
   "ANDD", 
   "ORR", 
   "ANDD", 
   "ANDD", 
   "NOTUSED", 
   "ANDD", 
   "NOTUSED", 
   "ANDD", 
   "NOTUSED", 
   "ANDD", 
   "ANDD", 
   "ORR", 
   "ORR", 
   "NOTUSED"
  ], 
  "13": [
   "ORR", 
   "ANDD", 
   "ANDD", 
   "ANDD", 
   "ORR", 
   "ANDD", 
   "NOTUSED", 
   "ORR", 
   "ANDD", 
   "NOTUSED", 
   "ORR", 
   "ANDD", 
   "ORR", 
   "ORR", 
   "NOTUSED"
  ], 
  "12": [
   "NOTUSED", 
   "ORR", 
   "ORR", 
   "NOTUSED", 
   "ANDD", 
   "NOTUSED", 
   "NOTUSED", 
   "ANDD", 
   "NOTUSED", 
   "ANDD", 
   "ORR", 
   "NOTUSED", 
   "ANDD", 
   "ORR", 
   "ORR"
  ], 
  "14": [
   "ANDD", 
   "ANDD", 
   "NOTUSED", 
   "ANDD", 
   "NOTUSED", 
   "NOTUSED", 
   "ORR", 
   "ANDD", 
   "ORR", 
   "NOTUSED", 
   "NOTUSED", 
   "ORR", 
   "ORR", 
   "NOTUSED", 
   "ANDD"
  ], 
  "1": [
   "ORR", 
   "ANDD", 
   "NOTUSED", 
   "NOTUSED", 
   "NOTUSED", 
   "ORR", 
   "NOTUSED", 
   "ANDD", 
   "ORR", 
   "NOTUSED", 
   "ANDD", 
   "ANDD", 
   "ORR", 
   "ANDD", 
   "ANDD"
  ], 
  "0": [
   "ANDD", 
   "ORR", 
   "ANDD", 
   "ORR", 
   "NOTUSED", 
   "NOTUSED", 
   "NOTUSED", 
   "ORR", 
   "ANDD", 
   "ORR", 
   "NOTUSED", 
   "NOTUSED", 
   "NOTUSED", 
   "ORR", 
   "ANDD"
  ], 
  "3": [
   "ORR", 
   "NOTUSED", 
   "ANDD", 
   "ORR", 
   "ORR", 
   "ORR", 
   "ANDD", 
   "ANDD", 
   "ORR", 
   "NOTUSED", 
   "ANDD", 
   "NOTUSED", 
   "NOTUSED", 
   "ANDD", 
   "ANDD"
  ], 
  "2": [
   "ANDD", 
   "NOTUSED", 
   "ORR", 
   "ANDD", 
   "NOTUSED", 
   "ANDD", 
   "ANDD", 
   "NOTUSED", 
   "ANDD", 
   "ANDD", 
   "ORR", 
   "ANDD", 
   "ORR", 
   "ANDD", 
   "NOTUSED"
  ], 
  "5": [
   "NOTUSED", 
   "ORR", 
   "ANDD", 
   "ORR", 
   "ANDD", 
   "ANDD", 
   "ORR", 
   "ORR", 
   "ORR", 
   "ORR", 
   "NOTUSED", 
   "ANDD", 
   "NOTUSED", 
   "ANDD", 
   "NOTUSED"
  ], 
  "4": [
   "NOTUSED", 
   "NOTUSED", 
   "NOTUSED", 
   "ORR", 
   "ORR", 
   "ANDD", 
   "NOTUSED", 
   "ORR", 
   "NOTUSED", 
   "ANDD", 
   "ANDD", 
   "NOTUSED", 
   "ANDD", 
   "ORR", 
   "NOTUSED"
  ], 
  "7": [
   "ORR", 
   "ANDD", 
   "NOTUSED", 
   "ANDD", 
   "ORR", 
   "ORR", 
   "NOTUSED", 
   "ANDD", 
   "NOTUSED", 
   "NOTUSED", 
   "NOTUSED", 
   "ORR", 
   "ANDD", 
   "ORR", 
   "ANDD"
  ], 
  "6": [
   "NOTUSED", 
   "NOTUSED", 
   "ANDD", 
   "ANDD", 
   "NOTUSED", 
   "ORR", 
   "ANDD", 
   "NOTUSED", 
   "ANDD", 
   "ANDD", 
   "ANDD", 
   "NOTUSED", 
   "NOTUSED", 
   "NOTUSED", 
   "ORR"
  ], 
  "9": [
   "ORR", 
   "NOTUSED", 
   "ANDD", 
   "NOTUSED", 
   "ANDD", 
   "ORR", 
   "ANDD", 
   "NOTUSED", 
   "ANDD", 
   "NOTUSED", 
   "NOTUSED", 
   "ORR", 
   "ANDD", 
   "NOTUSED", 
   "NOTUSED"
  ], 
  "8": [
   "ANDD", 
   "ORR", 
   "ANDD", 
   "ORR", 
   "NOTUSED", 
   "ORR", 
   "ANDD", 
   "NOTUSED", 
   "NOTUSED", 
   "ANDD", 
   "ANDD", 
   "ANDD", 
   "NOTUSED", 
   "ANDD", 
   "ORR"
  ]
 }
}