{
 "random_seed": 3477448936, 
 "PARAMETERS": {
  "RADIUS1": 531865.243, 
  "QUADS": 1, 
  "RADIUS2": 583029.074, 
  "DIST": 255100.565, 
  "F_PTS": 18, 
  "K_PTS": 7, 
  "EPSILON": 1.989, 
  "LENGTH1": 344245.204, 
  "G_PTS": 14, 
  "Q_PTS": 5, 
  "N_PTS": 25, 
  "C_PTS": 8, 
  "AREA2": 213484.586, 
  "LENGTH2": 203984.182, 
  "B_PTS": 14, 
  "D_PTS": 18, 
  "AREA1": 125879.392, 
  "A_PTS": 5, 
  "E_PTS": 8
 }, 
 "NUMPOINTS": 35, 
 "points": [
  [
   901391.911, 
   60684.582
  ], 
  [
   830526.637, 
   -663875.903
  ], 
  [
   -49623.697, 
   -801098.377
  ], 
  [
   -886510.474, 
   554737.136
  ], 
  [
   551360.933, 
   707753.346
  ], 
  [
   99666.704, 
   172374.041
  ], 
  [
   -474395.451, 
   -339458.705
  ], 
  [
   -968727.356, 
   -120673.71
  ], 
  [
   550748.741, 
   -780624.881
  ], 
  [
   932807.094, 
   682272.554
  ], 
  [
   633337.539, 
   499759.106
  ], 
  [
   685169.794, 
   -773234.302
  ], 
  [
   123103.649, 
   119789.222
  ], 
  [
   304236.646, 
   123834.004
  ], 
  [
   474524.959, 
   144478.772
  ], 
  [
   -124483.846, 
   -314140.787
  ], 
  [
   636251.799, 
   -38491.005
  ], 
  [
   -340405.33, 
   -225429.58
  ], 
  [
   745371.543, 
   763307.871
  ], 
  [
   -846520.27, 
   547835.388
  ], 
  [
   993607.271, 
   13589.462
  ], 
  [
   841051.533, 
   -606109.689
  ], 
  [
   -111827.125, 
   -787168.97
  ], 
  [
   972606.788, 
   122610.347
  ], 
  [
   -276693.853, 
   -436378.531
  ], 
  [
   -830680.341, 
   -462327.964
  ], 
  [
   -890685.863, 
   -999867.292
  ], 
  [
   -311113.193, 
   892812.098
  ], 
  [
   -52205.519, 
   -583465.676
  ], 
  [
   -891796.136, 
   -807958.414
  ], 
  [
   -780799.86, 
   933715.522
  ], 
  [
   -134323.392, 
   -4597.061
  ], 
  [
   -773188.531, 
   -922322.093
  ], 
  [
   -482479.789, 
   438441.995
  ], 
  [
   761720.267, 
   563328.182
  ]
 ], 
 "PUV": [
  false, 
  false, 
  true, 
  true, 
  false, 
  false, 
  false, 
  true, 
  false, 
  false, 
  true, 
  false, 
  true, 
  false, 
  true
 ], 
 "LCM": {
  "11": [
   "ANDD", 
   "ANDD", 
   "ORR", 
   "ORR", 
   "ORR", 
   "ANDD", 
   "NOTUSED", 
   "NOTUSED", 
   "NOTUSED", 
   "ANDD", 
   "NOTUSED", 
   "NOTUSED", 
   "ANDD", 
   "ORR", 
   "ORR"
  ], 
  "10": [
   "ORR", 
   "ANDD", 
   "ANDD", 
   "ORR", 
   "ORR", 
   "ANDD", 
   "NOTUSED", 
   "ANDD", 
   "NOTUSED", 
   "ORR", 
   "ANDD", 
   "NOTUSED", 
   "ANDD", 
   "ORR", 
   "ORR"
  ], 
  "13": [
   "NOTUSED", 
   "ANDD", 
   "ORR", 
   "ORR", 
   "ANDD", 
   "ANDD", 
   "ANDD", 
   "NOTUSED", 
   "ANDD", 
   "ANDD", 
   "ORR", 
   "ORR", 
   "ANDD", 
   "ORR", 
   "ANDD"
  ], 
  "12": [
   "NOTUSED", 
   "NOTUSED", 
   "ANDD", 
   "ANDD", 
   "ANDD", 
   "NOTUSED", 
   "ORR", 
   "NOTUSED", 
   "ORR", 
   "ORR", 
   "ANDD", 
   "ANDD", 
   "NOTUSED", 
   "ANDD", 
   "ANDD"
  ], 
  "14": [
   "ANDD", 
   "ANDD", 
   "NOTUSED", 
   "ANDD", 
   "ANDD", 
   "ORR", 
   "ANDD", 
   "ORR", 
   "NOTUSED", 
   "ANDD", 
   "ORR", 
   "ORR", 
   "ANDD", 
   "ANDD", 
   "ANDD"
  ], 
  "1": [
   "ANDD", 
   "ORR", 
   "ANDD", 
   "ORR", 
   "ANDD", 
   "NOTUSED", 
   "NOTUSED", 
   "NOTUSED", 
   "ANDD", 
   "ORR", 
   "ANDD", 
   "ANDD", 
   "NOTUSED", 
   "ANDD", 
   "ANDD"
  ], 
  "0": [
   "NOTUSED", 
   "ANDD", 
   "ORR", 
   "NOTUSED", 
   "ANDD", 
   "ORR", 
   "NOTUSED", 
   "ANDD", 
   "ANDD", 
   "NOTUSED", 
   "ORR", 
   "ANDD", 
   "NOTUSED", 
   "NOTUSED", 
   "ANDD"
  ], 
  "3": [
   "NOTUSED", 
   "ORR", 
   "ORR", 
   "NOTUSED", 
   "ANDD", 
   "ANDD", 
   "ORR", 
   "NOTUSED", 
   "ANDD", 
   "NOTUSED", 
   "ORR", 
   "ORR", 
   "ANDD", 
   "ORR", 
   "ANDD"
  ], 
  "2": [
   "ORR", 
   "ANDD", 
   "NOTUSED", 
   "ORR", 
   "ORR", 
   "NOTUSED", 
   "ANDD", 
   "ORR", 
   "ORR", 
   "NOTUSED", 
   "ANDD", 
   "ORR", 
   "ANDD", 
   "ORR", 
   "NOTUSED"
  ], 
  "5": [
   "ORR", 
   "NOTUSED", 
   "NOTUSED", 
   "ANDD", 
   "NOTUSED", 
   "ORR", 
   "ANDD", 
   "ORR", 
   "ANDD", 
   "ANDD", 
   "ANDD", 
   "ANDD", 
   "NOTUSED", 
   "ANDD", 
   "ORR"
  ], 
  "4": [
   "ANDD", 
   "ANDD", 
   "ORR", 
   "ANDD", 
   "ORR", 
   "NOTUSED", 
   "ORR", 
   "ANDD", 
   "ANDD", 
   "NOTUSED", 
   "ORR", 
   "ORR", 
   "ANDD", 
   "ANDD", 
   "ANDD"
  ], 
  "7": [
   "ANDD", 
   "NOTUSED", 
   "ORR", 
   "NOTUSED", 
   "ANDD", 
   "ORR", 
   "ORR", 
   "NOTUSED", 
   "ANDD", 
   "ANDD", 
   "ANDD", 
   "NOTUSED", 
   "NOTUSED", 
   "NOTUSED", 
   "ORR"
  ], 
  "6": [
   "NOTUSED", 
   "NOTUSED", 
   "ANDD", 
   "ORR", 
   "ORR", 
   "ANDD", 
   "ORR", 
   "ORR", 
   "ANDD", 
   "NOTUSED", 
   "NOTUSED", 
   "NOTUSED", 
   "ORR", 
   "ANDD", 
   "ANDD"
  ], 
  "9": [
   "NOTUSED", 
   "ORR", 
   "NOTUSED", 
   "NOTUSED", 
   "NOTUSED", 
   "ANDD", 
   "NOTUSED", 
   "ANDD", 
   "ORR", 
   "NOTUSED", 
   "ORR", 
   "ANDD", 
   "ORR", 
   "ANDD", 
   "ANDD"
  ], 
  "8": [
   "ANDD", 
   "ANDD", 
   "ORR", 
   "ANDD", 
   "ANDD", 
   "ANDD", 
   "ANDD", 
   "ANDD", 
   "NOTUSED", 
   "ORR", 
   "NOTUSED", 
   "NOTUSED", 
   "ORR", 
   "ANDD", 
   "NOTUSED"
  ]
 }
}