{
 "random_seed": 3515563452, 
 "PARAMETERS": {
  "RADIUS1": 83724.516, 
  "QUADS": 3, 
  "RADIUS2": 164721.663, 
  "DIST": 953934.281, 
  "F_PTS": 43, 
  "K_PTS": 41, 
  "EPSILON": 2.383, 
  "LENGTH1": 467218.926, 
  "G_PTS": 15, 
  "Q_PTS": 71, 
  "N_PTS": 74, 
  "C_PTS": 42, 
  "AREA2": 674723.177, 
  "LENGTH2": 370000.462, 
  "B_PTS": 5, 
  "D_PTS": 35, 
  "AREA1": 631188.932, 
  "A_PTS": 7, 
  "E_PTS": 24
 }, 
 "NUMPOINTS": 88, 
 "points": [
  [
   791744.681, 
   -720405.581
  ], 
  [
   -797064.146, 
   129923.405
  ], 
  [
   578768.666, 
   -532.655
  ], 
  [
   620777.765, 
   232634.7
  ], 
  [
   500884.073, 
   594238.493
  ], 
  [
   -982534.743, 
   424475.008
  ], 
  [
   -630240.616, 
   806968.328
  ], 
  [
   469644.769, 
   505895.604
  ], 
  [
   913051.215, 
   -15088.569
  ], 
  [
   32543.84, 
   816549.048
  ], 
  [
   445140.314, 
   -908092.866
  ], 
  [
   -257794.418, 
   -620513.544
  ], 
  [
   -933850.74, 
   132714.887
  ], 
  [
   98191.678, 
   -658063.235
  ], 
  [
   396418.247, 
   -64921.947
  ], 
  [
   -735686.527, 
   442068.752
  ], 
  [
   -235620.198, 
   428992.119
  ], 
  [
   382525.188, 
   190034.823
  ], 
  [
   442372.754, 
   645974.979
  ], 
  [
   -205169.528, 
   933617.116
  ], 
  [
   -554276.993, 
   -678482.755
  ], 
  [
   -748713.231, 
   -423482.341
  ], 
  [
   -887973.755, 
   -903977.318
  ], 
  [
   -195275.982, 
   592884.381
  ], 
  [
   183792.232, 
   501083.281
  ], 
  [
   529257.728, 
   -624576.996
  ], 
  [
   616861.906, 
   -896070.657
  ], 
  [
   352644.342, 
   -332333.931
  ], 
  [
   -214749.035, 
   -698443.676
  ], 
  [
   -32654.02, 
   -437219.353
  ], 
  [
   118311.696, 
   -202676.397
  ], 
  [
   -134065.818, 
   707129.486
  ], 
  [
   -311124.62, 
   214314.048
  ], 
  [
   -374328.44, 
   -250594.137
  ], 
  [
   -272401.144, 
   81106.178
  ], 
  [
   -685224.475, 
   -812712.824
  ], 
  [
   -968328.86, 
   390173.366
  ], 
  [
   491489.434, 
   -307836.866
  ], 
  [
   706245.515, 
   781213.907
  ], 
  [
   -517919.533, 
   -967647.98
  ], 
  [
   -948711.402, 
   760977.853
  ], 
  [
   -457461.434, 
   -970446.565
  ], 
  [
   -386324.09, 
   567356.421
  ], 
  [
   -170528.472, 
   -938216.142
  ], 
  [
   73212.486, 
   -238022.143
  ], 
  [
   169468.709, 
   -686002.934
  ], 
  [
   758685.523, 
   243423.235
  ], 
  [
   252120.988, 
   -510056.598
  ], 
  [
   433178.482, 
   -924677.892
  ], 
  [
   136001.518, 
   787399.858
  ], 
  [
   -860975.797, 
   -418988.648
  ], 
  [
   71479.677, 
   -689750.761
  ], 
  [
   -843070.338, 
   -71230.307
  ], 
  [
   -115912.231, 
   -642941.085
  ], 
  [
   339742.553, 
   790254.661
  ], 
  [
   300055.932, 
   77156.193
  ], 
  [
   -271733.938, 
   337654.561
  ], 
  [
   189209.302, 
   -956602.397
  ], 
  [
   222030.152, 
   -22820.7
  ], 
  [
   483905.129, 
   465678.972
  ], 
  [
   -490430.723, 
   556812.381
  ], 
  [
   306957.912, 
   -43518.192
  ], 
  [
   -966296.181, 
   -743757.229
  ], 
  [
   260878.417, 
   -254340.627
  ], 
  [
   -29365.542, 
   40387.932
  ], 
  [
   270695.621, 
   886102.43
  ], 
  [
   262881.04, 
   29407.249
  ], 
  [
   300846.026, 
   313836.998
  ], 
  [
   -820562.747, 
   -792043.657
  ], 
  [
   954736.084, 
   -811483.607
  ], 
  [
   216511.105, 
   254755.895
  ], 
  [
   842384.157, 
   670627.093
  ], 
  [
   -459946.296, 
   -325804.066
  ], 
  [
   897264.35, 
   920754.454
  ], 
  [
   344025.961, 
   -996388.385
  ], 
  [
   66790.312, 
   -182791.321
  ], 
  [
   -356072.661, 
   -950860.03
  ], 
  [
   -28055.783, 
   693398.596
  ], 
  [
   -888890.898, 
   888040.571
  ], 
  [
   715994.873, 
   -748158.173
  ], 
  [
   -76167.989, 
   688664.799
  ], 
  [
   -103532.361, 
   592850.836
  ], 
  [
   -233854.329, 
   -659918.115
  ], 
  [
   138952.369, 
   138915.826
  ], 
  [
   556260.357, 
   56171.163
  ], 
  [
   51106.754, 
   897524.351
  ], 
  [
   407324.637, 
   -228220.174
  ], 
  [
   -287427.381, 
   466188.9
  ]
 ], 
 "PUV": [
  false, 
  true, 
  true, 
  false, 
  true, 
  true, 
  false, 
  true, 
  false, 
  true, 
  true, 
  false, 
  false, 
  false, 
  false
 ], 
 "LCM": {
  "11": [
   "NOTUSED", 
   "NOTUSED", 
   "NOTUSED", 
   "ORR", 
   "ANDD", 
   "NOTUSED", 
   "ORR", 
   "ORR", 
   "ORR", 
   "NOTUSED", 
   "ANDD", 
   "NOTUSED", 
   "ORR", 
   "ANDD", 
   "ANDD"
  ], 
  "10": [
   "ORR", 
   "ORR", 
   "ANDD", 
   "ORR", 
   "ORR", 
   "ORR", 
   "ORR", 
   "ANDD", 
   "NOTUSED", 
   "ANDD", 
   "NOTUSED", 
   "ANDD", 
   "ORR", 
   "NOTUSED", 
   "NOTUSED"
  ], 
  "13": [
   "NOTUSED", 
   "ORR", 
   "ORR", 
   "ANDD", 
   "ANDD", 
   "ANDD", 
   "ORR", 
   "NOTUSED", 
   "NOTUSED", 
   "ORR", 
   "NOTUSED", 
   "ANDD", 
   "ANDD", 
   "NOTUSED", 
   "ORR"
  ], 
  "12": [
   "ORR", 
   "NOTUSED", 
   "ORR", 
   "NOTUSED", 
   "NOTUSED", 
   "NOTUSED", 
   "NOTUSED", 
   "ORR", 
   "ANDD", 
   "NOTUSED", 
   "ORR", 
   "ORR", 
   "ORR", 
   "ANDD", 
   "ANDD"
  ], 
  "14": [
   "ORR", 
   "ORR", 
   "ORR", 
   "ORR", 
   "ORR", 
   "ANDD", 
   "NOTUSED", 
   "ANDD", 
   "ORR", 
   "ORR", 
   "NOTUSED", 
   "ANDD", 
   "ANDD", 
   "ORR", 
   "ANDD"
  ], 
  "1": [
   "ORR", 
   "ANDD", 
   "NOTUSED", 
   "ANDD", 
   "ANDD", 
   "ANDD", 
   "ORR", 
   "ANDD", 
   "ORR", 
   "ANDD", 
   "ORR", 
   "NOTUSED", 
   "NOTUSED", 
   "ORR", 
   "ORR"
  ], 
  "0": [
   "ORR", 
   "ORR", 
   "NOTUSED", 
   "NOTUSED", 
   "ORR", 
   "NOTUSED", 
   "NOTUSED", 
   "ORR", 
   "ANDD", 
   "ANDD", 
   "ORR", 
   "NOTUSED", 
   "ORR", 
   "NOTUSED", 
   "ORR"
  ], 
  "3": [
   "NOTUSED", 
   "ANDD", 
   "ORR", 
   "ORR", 
   "ANDD", 
   "ORR", 
   "ANDD", 
   "ORR", 
   "ANDD", 
   "ANDD", 
   "ORR", 
   "ORR", 
   "NOTUSED", 
   "ANDD", 
   "ORR"
  ], 
  "2": [
   "NOTUSED", 
   "NOTUSED", 
   "ORR", 
   "ORR", 
   "NOTUSED", 
   "NOTUSED", 
   "ANDD", 
   "ORR", 
   "ORR", 
   "ANDD", 
   "ANDD", 
   "NOTUSED", 
   "ORR", 
   "ORR", 
   "ORR"
  ], 
  "5": [
   "NOTUSED", 
   "ANDD", 
   "NOTUSED", 
   "ORR", 
   "ANDD", 
   "NOTUSED", 
   "ORR", 
   "ANDD", 
   "ANDD", 
   "ORR", 
   "ORR", 
   "NOTUSED", 
   "NOTUSED", 
   "ANDD", 
   "ANDD"
  ], 
  "4": [
   "ORR", 
   "ANDD", 
   "NOTUSED", 
   "ANDD", 
   "ORR", 
   "ANDD", 
   "ANDD", 
   "NOTUSED", 
   "ANDD", 
   "ORR", 
   "ORR", 
   "ANDD", 
   "NOTUSED", 
   "ANDD", 
   "ORR"
  ], 
  "7": [
   "ORR", 
   "ANDD", 
   "ORR", 
   "ORR", 
   "NOTUSED", 
   "ANDD", 
   "ORR", 
   "ANDD", 
   "ANDD", 
   "ANDD", 
   "ANDD", 
   "ORR", 
   "ORR", 
   "NOTUSED", 
   "ANDD"
  ], 
  "6": [
   "NOTUSED", 
   "ORR", 
   "ANDD", 
   "ANDD", 
   "ANDD", 
   "ORR", 
   "ORR", 
   "ORR", 
   "ANDD", 
   "NOTUSED", 
   "ORR", 
   "ORR", 
   "NOTUSED", 
   "ORR", 
   "NOTUSED"
  ], 
  "9": [
   "ANDD", 
   "ANDD", 
   "ANDD", 
   "ANDD", 
   "ORR", 
   "ORR", 
   "NOTUSED", 
   "ANDD", 
   "ANDD", 
   "ANDD", 
   "ANDD", 
   "NOTUSED", 
   "NOTUSED", 
   "ORR", 
   "ORR"
  ], 
  "8": [
   "ANDD", 
   "ORR", 
   "ORR", 
   "ANDD", 
   "ANDD", 
   "ANDD", 
   "ANDD", 
   "ANDD", 
   "NOTUSED", 
   "ANDD", 
   "NOTUSED", 
   "ORR", 
   "ANDD", 
   "NOTUSED", 
   "ORR"
  ]
 }
}