{
 "random_seed": 1013126566, 
 "PARAMETERS": {
  "RADIUS1": 641288.879, 
  "QUADS": 2, 
  "RADIUS2": 638382.571, 
  "DIST": 606509.25, 
  "F_PTS": 6, 
  "K_PTS": 10, 
  "EPSILON": 1.461, 
  "LENGTH1": 530105.08, 
  "G_PTS": 3, 
  "Q_PTS": 30, 
  "N_PTS": 30, 
  "C_PTS": 6, 
  "AREA2": 2839.018, 
  "LENGTH2": 338372.66, 
  "B_PTS": 12, 
  "D_PTS": 21, 
  "AREA1": 966005.646, 
  "A_PTS": 20, 
  "E_PTS": 11
 }, 
 "NUMPOINTS": 43, 
 "points": [
  [
   -243094.551, 
   -579049.614
  ], 
  [
   226354.589, 
   85558.335
  ], 
  [
   444176.721, 
   -913023.779
  ], 
  [
   -295059.468, 
   -505927.429
  ], 
  [
   169888.383, 
   -413683.205
  ], 
  [
   404712.691, 
   -411962.223
  ], 
  [
   814754.427, 
   -197739.927
  ], 
  [
   534315.702, 
   440359.255
  ], 
  [
   -827570.123, 
   -940406.754
  ], 
  [
   -458030.809, 
   -324130.382
  ], 
  [
   130587.382, 
   645979.302
  ], 
  [
   -572496.644, 
   27511.2
  ], 
  [
   509976.415, 
   -924248.119
  ], 
  [
   32084.101, 
   447639.075
  ], 
  [
   -824127.347, 
   590556.419
  ], 
  [
   -97879.282, 
   461342.418
  ], 
  [
   -718317.006, 
   -456694.948
  ], 
  [
   889070.102, 
   -245402.283
  ], 
  [
   -373061.98, 
   -904030.79
  ], 
  [
   -737065.363, 
   837030.435
  ], 
  [
   162056.754, 
   -137011.716
  ], 
  [
   611537.734, 
   202715.618
  ], 
  [
   -397679.724, 
   -291911.184
  ], 
  [
   -958600.377, 
   -620349.651
  ], 
  [
   -599917.779, 
   267931.987
  ], 
  [
   -768939.02, 
   197145.03
  ], 
  [
   927795.7, 
   41071.987
  ], 
  [
   442536.435, 
   71977.395
  ], 
  [
   -911175.351, 
   166363.682
  ], 
  [
   -745148.558, 
   -53169.998
  ], 
  [
   853040.564, 
   113338.947
  ], 
  [
   272979.573, 
   491022.587
  ], 
  [
   -108028.445, 
   957498.713
  ], 
  [
   -313323.428, 
   -929214.976
  ], 
  [
   508739.193, 
   -372566.497
  ], 
  [
   993663.649, 
   588118.684
  ], 
  [
   -37648.134, 
   906776.719
  ], 
  [
   956761.427, 
   -529221.019
  ], 
  [
   -283879.647, 
   196561.493
  ], 
  [
   628.227, 
   830741.607
  ], 
  [
   44756.739, 
   736020.214
  ], 
  [
   -150775.15, 
   -459432.036
  ], 
  [
   -604821.999, 
   -266201.364
  ]
 ], 
 "PUV": [
  false, 
  false, 
  true, 
  false, 
  false, 
  true, 
  true, 
  false, 
  false, 
  false, 
  true, 
  false, 
  false, 
  true, 
  false
 ], 
 "LCM": {
  "11": [
   "ORR", 
   "ORR", 
   "ORR", 
   "NOTUSED", 
   "ORR", 
   "NOTUSED", 
   "ORR", 
   "ORR", 
   "NOTUSED", 
   "ANDD", 
   "NOTUSED", 
   "ANDD", 
   "ORR", 
   "ORR", 
   "NOTUSED"
  ], 
  "10": [
   "ORR", 
   "ANDD", 
   "ORR", 
   "ANDD", 
   "ANDD", 
   "NOTUSED", 
   "ORR", 
   "ANDD", 
   "NOTUSED", 
   "ANDD", 
   "ANDD", 
   "NOTUSED", 
   "ORR", 
   "ANDD", 
   "ORR"
  ], 
  "13": [
   "ORR", 
   "ORR", 
   "ORR", 
   "NOTUSED", 
   "ORR", 
   "ANDD", 
   "ANDD", 
   "NOTUSED", 
   "ORR", 
   "ORR", 
   "ANDD", 
   "ORR", 
   "NOTUSED", 
   "ANDD", 
   "ORR"
  ], 
  "12": [
   "ANDD", 
   "ORR", 
   "NOTUSED", 
   "ORR", 
   "NOTUSED", 
   "ORR", 
   "NOTUSED", 
   "NOTUSED", 
   "ORR", 
   "ORR", 
   "ORR", 
   "ORR", 
   "ORR", 
   "NOTUSED", 
   "ANDD"
  ], 
  "14": [
   "ORR", 
   "ANDD", 
   "ANDD", 
   "ORR", 
   "ORR", 
   "NOTUSED", 
   "NOTUSED", 
   "ANDD", 
   "ORR", 
   "ORR", 
   "ORR", 
   "NOTUSED", 
   "ANDD", 
   "ORR", 
   "ORR"
  ], 
  "1": [
   "NOTUSED", 
   "ORR", 
   "NOTUSED", 
   "ORR", 
   "ORR", 
   "NOTUSED", 
   "NOTUSED", 
   "ANDD", 
   "ORR", 
   "ORR", 
   "ANDD", 
   "ORR", 
   "ORR", 
   "ORR", 
   "ANDD"
  ], 
  "0": [
   "ANDD", 
   "NOTUSED", 
   "ORR", 
   "NOTUSED", 
   "ANDD", 
   "NOTUSED", 
   "NOTUSED", 
   "ORR", 
   "ANDD", 
   "NOTUSED", 
   "ORR", 
   "ORR", 
   "ANDD", 
   "ORR", 
   "ORR"
  ], 
  "3": [
   "NOTUSED", 
   "ORR", 
   "ORR", 
   "ORR", 
   "ANDD", 
   "NOTUSED", 
   "ANDD", 
   "ORR", 
   "NOTUSED", 
   "NOTUSED", 
   "ANDD", 
   "NOTUSED", 
   "ORR", 
   "NOTUSED", 
   "ORR"
  ], 
  "2": [
   "ORR", 
   "NOTUSED", 
   "NOTUSED", 
   "ORR", 
   "ANDD", 
   "NOTUSED", 
   "ORR", 
   "ANDD", 
   "ORR", 
   "ORR", 
   "ORR", 
   "ORR", 
   "NOTUSED", 
   "ORR", 
   "ANDD"
  ], 
  "5": [
   "NOTUSED", 
   "NOTUSED", 
   "NOTUSED", 
   "NOTUSED", 
   "ORR", 
   "NOTUSED", 
   "ANDD", 
   "ANDD", 
   "ANDD", 
   "ANDD", 
   "NOTUSED", 
   "NOTUSED", 
   "ORR", 
   "ANDD", 
   "NOTUSED"
  ], 
  "4": [
   "ANDD", 
   "ORR", 
   "ANDD", 
   "ANDD", 
   "ORR", 
   "ORR", 
   "ORR", 
   "NOTUSED", 
   "NOTUSED", 
   "ORR", 
   "ANDD", 
   "ORR", 
   "NOTUSED", 
   "ORR", 
   "ORR"
  ], 
  "7": [
   "ORR", 
   "ANDD", 
   "ANDD", 
   "ORR", 
   "NOTUSED", 
   "ANDD", 
   "ORR", 
   "NOTUSED", 
   "ANDD", 
   "NOTUSED", 
   "ANDD", 
   "ORR", 
   "NOTUSED", 
   "NOTUSED", 
   "ANDD"
  ], 
  "6": [
   "NOTUSED", 
   "NOTUSED", 
   "ORR", 
   "ANDD", 
   "ORR", 
   "ANDD", 
   "NOTUSED", 
   "ORR", 
   "ANDD", 
   "NOTUSED", 
   "ORR", 
   "ORR", 
   "NOTUSED", 
   "ANDD", 
   "NOTUSED"
  ], 
  "9": [
   "NOTUSED", 
   "ORR", 
   "ORR", 
   "NOTUSED", 
   "ORR", 
   "ANDD", 
   "NOTUSED", 
   "NOTUSED", 
   "NOTUSED", 
   "NOTUSED", 
   "ANDD", 
   "ANDD", 
   "ORR", 
   "ORR", 
   "ORR"
  ], 
  "8": [
   "ANDD", 
   "ORR", 
   "ORR", 
   "NOTUSED", 
   "NOTUSED", 
   "ANDD", 
   "ANDD", 
   "ANDD", 
   "ANDD", 
   "NOTUSED", 
   "NOTUSED", 
   "NOTUSED", 
   "ORR", 
   "ORR", 
   "ORR"
  ]
 }
}