{
 "random_seed": 3464617666, 
 "PARAMETERS": {
  "RADIUS1": 382455.447, 
  "QUADS": 2, 
  "RADIUS2": 210954.951, 
  "DIST": 537011.496, 
  "F_PTS": 23, 
  "K_PTS": 35, 
  "EPSILON": 1.751, 
  "LENGTH1": 727219.082, 
  "G_PTS": 52, 
  "Q_PTS": 77, 
  "N_PTS": 23, 
  "C_PTS": 12, 
  "AREA2": 67168.992, 
  "LENGTH2": 776240.877, 
  "B_PTS": 10, 
  "D_PTS": 47, 
  "AREA1": 14471.937, 
  "A_PTS": 42, 
  "E_PTS": 22
 }, 
 "NUMPOINTS": 80, 
 "points": [
  [
   551363.576, 
   215998.4
  ], 
  [
   -491583.85, 
   -895463.907
  ], 
  [
   264223.383, 
   -699898.656
  ], 
  [
   -132551.193, 
   510301.281
  ], 
  [
   -531466.611, 
   503256.216
  ], 
  [
   101886.124, 
   80032.55
  ], 
  [
   -642984.082, 
   -963891.016
  ], 
  [
   842407.805, 
   237346.845
  ], 
  [
   728922.373, 
   -759094.848
  ], 
  [
   -974249.053, 
   908105.106
  ], 
  [
   330947.662, 
   878161.101
  ], 
  [
   -259204.208, 
   -642321.16
  ], 
  [
   353278.391, 
   437613.847
  ], 
  [
   360627.167, 
   182027.788
  ], 
  [
   407535.817, 
   254363.867
  ], 
  [
   2444.327, 
   -8743.492
  ], 
  [
   559270.616, 
   -689581.385
  ], 
  [
   198443.49, 
   -544803.953
  ], 
  [
   804035.88, 
   413069.66
  ], 
  [
   143425.928, 
   -88329.948
  ], 
  [
   104130.474, 
   877598.35
  ], 
  [
   27837.44, 
   -98987.959
  ], 
  [
   -846578.251, 
   183583.501
  ], 
  [
   224020.687, 
   -48458.726
  ], 
  [
   707521.923, 
   119545.581
  ], 
  [
   603373.027, 
   397500.684
  ], 
  [
   33325.653, 
   678930.882
  ], 
  [
   -746061.393, 
   814971.084
  ], 
  [
   235809.605, 
   575456.065
  ], 
  [
   58493.993, 
   756703.47
  ], 
  [
   -235532.572, 
   -933018.6
  ], 
  [
   73096.562, 
   -194907.208
  ], 
  [
   19318.749, 
   157169.579
  ], 
  [
   209932.066, 
   -507112.85
  ], 
  [
   387109.012, 
   211263.296
  ], 
  [
   -975003.715, 
   471912.251
  ], 
  [
   79686.299, 
   805762.975
  ], 
  [
   -475792.662, 
   14706.275
  ], 
  [
   -63023.592, 
   702205.807
  ], 
  [
   -702610.132, 
   -939019.252
  ], 
  [
   903674.857, 
   703117.24
  ], 
  [
   -660360.92, 
   252324.968
  ], 
  [
   -172939.997, 
   -894331.794
  ], 
  [
   -921158.442, 
   512713.366
  ], 
  [
   -791385.72, 
   849302.793
  ], 
  [
   356935.284, 
   -788365.417
  ], 
  [
   -164412.005, 
   -350130.186
  ], 
  [
   -754590.232, 
   -421056.261
  ], 
  [
   -506771.142, 
   -684226.344
  ], 
  [
   -915365.944, 
   -507975.519
  ], 
  [
   -559960.497, 
   37407.106
  ], 
  [
   252407.413, 
   -523848.589
  ], 
  [
   -28144.316, 
   -585157.743
  ], 
  [
   -285080.996, 
   573541.187
  ], 
  [
   128748.456, 
   -683332.607
  ], 
  [
   -860972.048, 
   -137715.24
  ], 
  [
   -58254.252, 
   -584510.291
  ], 
  [
   -63880.606, 
   -416087.638
  ], 
  [
   155453.731, 
   -116579.297
  ], 
  [
   -408135.872, 
   772705.354
  ], 
  [
   -25287.29, 
   701078.248
  ], 
  [
   -245077.517, 
   -484354.573
  ], 
  [
   759196.793, 
   -444802.54
  ], 
  [
   -718304.225, 
   -953510.92
  ], 
  [
   602205.135, 
   572689.143
  ], 
  [
   605685.805, 
   380060.548
  ], 
  [
   125515.293, 
   965295.421
  ], 
  [
   655370.043, 
   -821519.251
  ], 
  [
   166044.873, 
   -793575.948
  ], 
  [
   -407943.847, 
   -265244.513
  ], 
  [
   -129089.783, 
   602849.575
  ], 
  [
   87211.119, 
   178658.053
  ], 
  [
   769987.82, 
   648958.733
  ], 
  [
   570258.166, 
   -493357.362
  ], 
  [
   -717365.312, 
   -280529.856
  ], 
  [
   703886.513, 
   -662800.954
  ], 
  [
   651152.432, 
   -855113.324
  ], 
  [
   -168545.85, 
   -134349.153
  ], 
  [
   315821.897, 
   848073.729
  ], 
  [
   -586627.322, 
   -213917.924
  ]
 ], 
 "PUV": [
  true, 
  false, 
  true, 
  false, 
  true, 
  true, 
  false, 
  true, 
  false, 
  false, 
  false, 
  true, 
  false, 
  false, 
  true
 ], 
 "LCM": {
  "11": [
   "ANDD", 
   "ORR", 
   "NOTUSED", 
   "ANDD", 
   "ANDD", 
   "NOTUSED", 
   "ORR", 
   "NOTUSED", 
   "ORR", 
   "NOTUSED", 
   "NOTUSED", 
   "ANDD", 
   "ORR", 
   "ANDD", 
   "ORR"
  ], 
  "10": [
   "ANDD", 
   "ORR", 
   "ORR", 
   "NOTUSED", 
   "ORR", 
   "NOTUSED", 
   "ORR", 
   "ORR", 
   "ANDD", 
   "ORR", 
   "ORR", 
   "NOTUSED", 
   "ANDD", 
   "ORR", 
   "NOTUSED"
  ], 
  "13": [
   "ANDD", 
   "ORR", 
   "ANDD", 
   "ORR", 
   "NOTUSED", 
   "ORR", 
   "NOTUSED", 
   "ORR", 
   "ORR", 
   "NOTUSED", 
   "ORR", 
   "ANDD", 
   "ORR", 
   "ORR", 
   "ORR"
  ], 
  "12": [
   "NOTUSED", 
   "NOTUSED", 
   "ANDD", 
   "ANDD", 
   "ANDD", 
   "NOTUSED", 
   "NOTUSED", 
   "ORR", 
   "NOTUSED", 
   "ORR", 
   "ANDD", 
   "ORR", 
   "ORR", 
   "ORR", 
   "ORR"
  ], 
  "14": [
   "ANDD", 
   "ANDD", 
   "ANDD", 
   "ORR", 
   "ORR", 
   "NOTUSED", 
   "NOTUSED", 
   "ORR", 
   "ANDD", 
   "ORR", 
   "NOTUSED", 
   "ORR", 
   "ORR", 
   "ORR", 
   "ORR"
  ], 
  "1": [
   "ORR", 
   "ANDD", 
   "ORR", 
   "ORR", 
   "NOTUSED", 
   "ANDD", 
   "NOTUSED", 
   "ORR", 
   "ANDD", 
   "ANDD", 
   "ORR", 
   "ORR", 
   "NOTUSED", 
   "ORR", 
   "ANDD"
  ], 
  "0": [
   "ANDD", 
   "ORR", 
   "NOTUSED", 
   "NOTUSED", 
   "ANDD", 
   "ANDD", 
   "NOTUSED", 
   "NOTUSED", 
   "ORR", 
   "ORR", 
   "ANDD", 
   "ANDD", 
   "NOTUSED", 
   "ANDD", 
   "ANDD"
  ], 
  "3": [
   "NOTUSED", 
   "ORR", 
   "ORR", 
   "ORR", 
   "NOTUSED", 
   "ORR", 
   "ANDD", 
   "ORR", 
   "ORR", 
   "NOTUSED", 
   "NOTUSED", 
   "ANDD", 
   "ANDD", 
   "ORR", 
   "ORR"
  ], 
  "2": [
   "NOTUSED", 
   "ORR", 
   "NOTUSED", 
   "ORR", 
   "ORR", 
   "ANDD", 
   "NOTUSED", 
   "ANDD", 
   "NOTUSED", 
   "ORR", 
   "ORR", 
   "NOTUSED", 
   "ANDD", 
   "ANDD", 
   "ANDD"
  ], 
  "5": [
   "ANDD", 
   "ANDD", 
   "ANDD", 
   "ORR", 
   "ORR", 
   "NOTUSED", 
   "ORR", 
   "NOTUSED", 
   "ANDD", 
   "NOTUSED", 
   "NOTUSED", 
   "NOTUSED", 
   "NOTUSED", 
   "ORR", 
   "NOTUSED"
  ], 
  "4": [
   "ANDD", 
   "NOTUSED", 
   "ORR", 
   "NOTUSED", 
   "ANDD", 
   "ORR", 
   "ANDD", 
   "ANDD", 
   "ORR", 
   "NOTUSED", 
   "ORR", 
   "ANDD", 
   "ANDD", 
   "NOTUSED", 
   "ORR"
  ], 
  "7": [
   "NOTUSED", 
   "ORR", 
   "ANDD", 
   "ORR", 
   "ANDD", 
   "NOTUSED", 
   "ANDD", 
   "ORR", 
   "ANDD", 
   "ORR", 
   "ORR", 
   "NOTUSED", 
   "ORR", 
   "ORR", 
   "ORR"
  ], 
  "6": [
   "NOTUSED", 
   "NOTUSED", 
   "NOTUSED", 
   "ANDD", 
   "ANDD", 
   "ORR", 
   "ORR", 
   "ANDD", 
   "ANDD", 
   "NOTUSED", 
   "ORR", 
   "ORR", 
   "NOTUSED", 
   "NOTUSED", 
   "NOTUSED"
  ], 
  "9": [
   "ORR", 
   "ANDD", 
   "ORR", 
   "NOTUSED", 
   "NOTUSED", 
   "NOTUSED", 
   "NOTUSED", 
   "ORR", 
   "ORR", 
   "NOTUSED", 
   "ORR", 
   "NOTUSED", 
   "ORR", 
   "NOTUSED", 
   "ORR"
  ], 
  "8": [
   "ORR", 
   "ANDD", 
   "NOTUSED", 
   "ORR", 
   "ORR", 
   "ANDD", 
   "ANDD", 
   "ANDD", 
   "ORR", 
   "ORR", 
   "ANDD", 
   "ORR", 
   "NOTUSED", 
   "ORR", 
   "ANDD"
  ]
 }
}