{
 "random_seed": 2759341760, 
 "PARAMETERS": {
  "RADIUS1": 948631.08, 
  "QUADS": 1, 
  "RADIUS2": 425334.911, 
  "DIST": 276993.916, 
  "F_PTS": 42, 
  "K_PTS": 68, 
  "EPSILON": 0.603, 
  "LENGTH1": 277845.632, 
  "G_PTS": 68, 
  "Q_PTS": 64, 
  "N_PTS": 34, 
  "C_PTS": 26, 
  "AREA2": 596795.263, 
  "LENGTH2": 915476.768, 
  "B_PTS": 48, 
  "D_PTS": 5, 
  "AREA1": 182241.305, 
  "A_PTS": 24, 
  "E_PTS": 5
 }, 
 "NUMPOINTS": 79, 
 "points": [
  [
   446194.08, 
   -361096.607
  ], 
  [
   404670.134, 
   -652634.58
  ], 
  [
   -589450.919, 
   525501.976
  ], 
  [
   -619580.635, 
   -287339.882
  ], 
  [
   769551.421, 
   -841560.215
  ], 
  [
   48935.98, 
   -423100.278
  ], 
  [
   -115331.154, 
   -648882.395
  ], 
  [
   -646470.103, 
   -488242.343
  ], 
  [
   973969.607, 
   -271630.786
  ], 
  [
   74263.769, 
   204043.127
  ], 
  [
   822342.968, 
   462104.7
  ], 
  [
   520932.389, 
   856312.543
  ], 
  [
   128472.585, 
   268944.797
  ], 
  [
   940372.31, 
   883829.645
  ], 
  [
   -393619.666, 
   991681.166
  ], 
  [
   583534.895, 
   735845.115
  ], 
  [
   -424192.655, 
   566532.246
  ], 
  [
   156799.13, 
   952030.984
  ], 
  [
   -14529.218, 
   513211.714
  ], 
  [
   612333.987, 
   -6570.901
  ], 
  [
   -265758.903, 
   -921744.501
  ], 
  [
   141387.064, 
   764278.543
  ], 
  [
   -995809.939, 
   -575651.199
  ], 
  [
   157166.648, 
   538696.151
  ], 
  [
   -442559.366, 
   420385.264
  ], 
  [
   896160.516, 
   -440895.025
  ], 
  [
   566876.682, 
   555929.208
  ], 
  [
   77344.231, 
   -914869.371
  ], 
  [
   -521648.493, 
   -181194.582
  ], 
  [
   -516280.356, 
   -967997.236
  ], 
  [
   -864047.966, 
   138526.435
  ], 
  [
   866853.277, 
   -650863.847
  ], 
  [
   -238717.504, 
   -417884.883
  ], 
  [
   137570.664, 
   269220.218
  ], 
  [
   684299.979, 
   -558074.926
  ], 
  [
   -58918.55, 
   776941.741
  ], 
  [
   -945140.253, 
   -390289.873
  ], 
  [
   -983507.033, 
   -516865.083
  ], 
  [
   -195386.748, 
   -612993.571
  ], 
  [
   610221.07, 
   -466349.738
  ], 
  [
   298979.123, 
   413251.005
  ], 
  [
   -206155.045, 
   673914.451
  ], 
  [
   -332752.667, 
   848007.51
  ], 
  [
   -920573.96, 
   -281675.497
  ], 
  [
   920632.611, 
   71421.88
  ], 
  [
   93287.241, 
   -247166.438
  ], 
  [
   317628.968, 
   850476.314
  ], 
  [
   -958299.953, 
   796691.85
  ], 
  [
   -4292.041, 
   -587379.138
  ], 
  [
   -658058.78, 
   62212.06
  ], 
  [
   -608685.61, 
   809135.356
  ], 
  [
   -841023.812, 
   935638.543
  ], 
  [
   -465249.643, 
   463968.721
  ], 
  [
   781758.294, 
   516773.271
  ], 
  [
   427396.761, 
   1382.27
  ], 
  [
   253917.667, 
   -555288.618
  ], 
  [
   -300427.93, 
   -65423.261
  ], 
  [
   871721.966, 
   -796414.968
  ], 
  [
   -489266.351, 
   -472254.015
  ], 
  [
   -104342.281, 
   382031.278
  ], 
  [
   -171501.047, 
   -887116.311
  ], 
  [
   -196203.575, 
   -717405.137
  ], 
  [
   378119.951, 
   -90861.523
  ], 
  [
   -219568.699, 
   969368.366
  ], 
  [
   451294.37, 
   -523210.348
  ], 
  [
   607542.894, 
   415667.2
  ], 
  [
   400380.057, 
   681922.61
  ], 
  [
   401343.604, 
   -295755.068
  ], 
  [
   159419.556, 
   165986.784
  ], 
  [
   876602.555, 
   -204530.051
  ], 
  [
   454454.216, 
   -832564.91
  ], 
  [
   -757824.362, 
   35929.397
  ], 
  [
   933139.913, 
   697513.327
  ], 
  [
   -387292.815, 
   292951.934
  ], 
  [
   776204.956, 
   371210.427
  ], 
  [
   -51529.241, 
   -562191.214
  ], 
  [
   -448853.208, 
   244101.532
  ], 
  [
   -816651.458, 
   -708052.564
  ], 
  [
   -320621.488, 
   445636.441
  ]
 ], 
 "PUV": [
  true, 
  true, 
  false, 
  true, 
  true, 
  true, 
  false, 
  true, 
  false, 
  true, 
  true, 
  false, 
  false, 
  false, 
  false
 ], 
 "LCM": {
  "11": [
   "NOTUSED", 
   "NOTUSED", 
   "ORR", 
   "ANDD", 
   "NOTUSED", 
   "NOTUSED", 
   "ORR", 
   "ANDD", 
   "ANDD", 
   "ORR", 
   "ANDD", 
   "ANDD", 
   "NOTUSED", 
   "ORR", 
   "NOTUSED"
  ], 
  "10": [
   "NOTUSED", 
   "NOTUSED", 
   "NOTUSED", 
   "ORR", 
   "ORR", 
   "NOTUSED", 
   "ANDD", 
   "ORR", 
   "ORR", 
   "ORR", 
   "ANDD", 
   "ANDD", 
   "ANDD", 
   "NOTUSED", 
   "ANDD"
  ], 
  "13": [
   "ANDD", 
   "NOTUSED", 
   "ORR", 
   "ORR", 
   "ORR", 
   "NOTUSED", 
   "NOTUSED", 
   "NOTUSED", 
   "ORR", 
   "NOTUSED", 
   "NOTUSED", 
   "ORR", 
   "ANDD", 
   "ANDD", 
   "ANDD"
  ], 
  "12": [
   "NOTUSED", 
   "NOTUSED", 
   "ORR", 
   "ANDD", 
   "ORR", 
   "ORR", 
   "ORR", 
   "ANDD", 
   "NOTUSED", 
   "NOTUSED", 
   "ANDD", 
   "NOTUSED", 
   "ORR", 
   "ANDD", 
   "ORR"
  ], 
  "14": [
   "NOTUSED", 
   "NOTUSED", 
   "ANDD", 
   "ORR", 
   "ORR", 
   "NOTUSED", 
   "ANDD", 
   "ORR", 
   "ORR", 
   "ORR", 
   "ANDD", 
   "NOTUSED", 
   "ORR", 
   "ANDD", 
   "ORR"
  ], 
  "1": [
   "ANDD", 
   "ANDD", 
   "ANDD", 
   "ORR", 
   "NOTUSED", 
   "ANDD", 
   "ANDD", 
   "NOTUSED", 
   "ANDD", 
   "ANDD", 
   "NOTUSED", 
   "NOTUSED", 
   "NOTUSED", 
   "NOTUSED", 
   "NOTUSED"
  ], 
  "0": [
   "NOTUSED", 
   "ANDD", 
   "NOTUSED", 
   "ANDD", 
   "NOTUSED", 
   "NOTUSED", 
   "ANDD", 
   "ORR", 
   "NOTUSED", 
   "ORR", 
   "NOTUSED", 
   "NOTUSED", 
   "NOTUSED", 
   "ANDD", 
   "NOTUSED"
  ], 
  "3": [
   "ANDD", 
   "ORR", 
   "ANDD", 
   "NOTUSED", 
   "ANDD", 
   "ORR", 
   "NOTUSED", 
   "ORR", 
   "NOTUSED", 
   "ORR", 
   "ORR", 
   "ANDD", 
   "ANDD", 
   "ORR", 
   "ORR"
  ], 
  "2": [
   "NOTUSED", 
   "ANDD", 
   "ANDD", 
   "ANDD", 
   "ANDD", 
   "ANDD", 
   "ORR", 
   "NOTUSED", 
   "ANDD", 
   "NOTUSED", 
   "NOTUSED", 
   "ORR", 
   "ORR", 
   "ORR", 
   "ANDD"
  ], 
  "5": [
   "NOTUSED", 
   "ANDD", 
   "ANDD", 
   "ORR", 
   "ORR", 
   "ANDD", 
   "NOTUSED", 
   "NOTUSED", 
   "NOTUSED", 
   "NOTUSED", 
   "NOTUSED", 
   "NOTUSED", 
   "ORR", 
   "NOTUSED", 
   "NOTUSED"
  ], 
  "4": [
   "NOTUSED", 
   "NOTUSED", 
   "ANDD", 
   "ANDD", 
   "ANDD", 
   "ORR", 
   "ORR", 
   "NOTUSED", 
   "NOTUSED", 
   "ANDD", 
   "ORR", 
   "NOTUSED", 
   "ORR", 
   "ORR", 
   "ORR"
  ], 
  "7": [
   "ORR", 
   "NOTUSED", 
   "NOTUSED", 
   "ORR", 
   "NOTUSED", 
   "NOTUSED", 
   "ORR", 
   "NOTUSED", 
   "NOTUSED", 
   "ORR", 
   "ORR", 
   "ANDD", 
   "ANDD", 
   "NOTUSED", 
   "ORR"
  ], 
  "6": [
   "ANDD", 
   "ANDD", 
   "ORR", 
   "NOTUSED", 
   "ORR", 
   "NOTUSED", 
   "ORR", 
   "ORR", 
   "NOTUSED", 
   "ANDD", 
   "ANDD", 
   "ORR", 
   "ORR", 
   "NOTUSED", 
   "ANDD"
  ], 
  "9": [
   "ORR", 
   "ANDD", 
   "NOTUSED", 
   "ORR", 
   "ANDD", 
   "NOTUSED", 
   "ANDD", 
   "ORR", 
   "ORR", 
   "ORR", 
   "ORR", 
   "ORR", 
   "NOTUSED", 
   "NOTUSED", 
   "ORR"
  ], 
  "8": [
   "NOTUSED", 
   "ANDD", 
   "ANDD", 
   "NOTUSED", 
   "NOTUSED", 
   "NOTUSED", 
   "NOTUSED", 
   "NOTUSED", 
   "ANDD", 
   "ORR", 
   "ORR", 
   "ANDD", 
   "NOTUSED", 
   "ORR", 
   "ORR"
  ]
 }
}