{
 "random_seed": 2321724192, 
 "PARAMETERS": {
  "RADIUS1": 879062.754, 
  "QUADS": 2, 
  "RADIUS2": 435838.423, 
  "DIST": 996348.111, 
  "F_PTS": 41, 
  "K_PTS": 8, 
  "EPSILON": 1.806, 
  "LENGTH1": 138640.651, 
  "G_PTS": 62, 
  "Q_PTS": 11, 
  "N_PTS": 27, 
  "C_PTS": 31, 
  "AREA2": 201171.554, 
  "LENGTH2": 926360.153, 
  "B_PTS": 71, 
  "D_PTS": 26, 
  "AREA1": 6739.792, 
  "A_PTS": 24, 
  "E_PTS": 37
 }, 
 "NUMPOINTS": 100, 
 "points": [
  [
   647931.028, 
   -689260.325
  ], 
  [
   -65811.797, 
   -37077.946
  ], 
  [
   950356.05, 
   292905.623
  ], 
  [
   47132.289, 
   -50392.582
  ], 
  [
   341565.27, 
   -185202.432
  ], 
  [
   96320.678, 
   183793.533
  ], 
  [
   298407.251, 
   413741.321
  ], 
  [
   -510461.223, 
   412975.34
  ], 
  [
   -922776.934, 
   586829.346
  ], 
  [
   857071.561, 
   847125.909
  ], 
  [
   -617914.843, 
   902289.111
  ], 
  [
   355738.42, 
   262454.894
  ], 
  [
   710466.239, 
   -842968.325
  ], 
  [
   483256.202, 
   -270454.762
  ], 
  [
   -846906.442, 
   -944962.909
  ], 
  [
   -39633.536, 
   905299.617
  ], 
  [
   -683808.861, 
   349740.281
  ], 
  [
   791571.861, 
   -499736.702
  ], 
  [
   -367638.786, 
   -821663.558
  ], 
  [
   -307153.026, 
   165269.327
  ], 
  [
   -230062.997, 
   -910038.754
  ], 
  [
   954797.703, 
   149630.665
  ], 
  [
   5512.982, 
   -841957.013
  ], 
  [
   -602404.175, 
   -966742.137
  ], 
  [
   56038.59, 
   187793.567
  ], 
  [
   780507.31, 
   -804714.403
  ], 
  [
   -796776.727, 
   -706188.871
  ], 
  [
   -891990.567, 
   512114.924
  ], 
  [
   113124.413, 
   814166.679
  ], 
  [
   -975489.921, 
   629122.659
  ], 
  [
   800117.675, 
   678242.374
  ], 
  [
   -543635.649, 
   261030.876
  ], 
  [
   -319185.458, 
   -341977.292
  ], 
  [
   -789130.259, 
   168392.601
  ], 
  [
   -275465.491, 
   -187995.757
  ], 
  [
   -956705.242, 
   10958.66
  ], 
  [
   5890.682, 
   293297.282
  ], 
  [
   -904105.606, 
   -671890.311
  ], 
  [
   -230832.245, 
   258025.324
  ], 
  [
   -921166.341, 
   670696.42
  ], 
  [
   -735047.155, 
   91678.658
  ], 
  [
   -449835.539, 
   -477478.556
  ], 
  [
   779535.749, 
   -923272.132
  ], 
  [
   484383.437, 
   -39421.06
  ], 
  [
   -797658.288, 
   -317340.202
  ], 
  [
   337727.682, 
   -234068.712
  ], 
  [
   -26159.921, 
   -812755.163
  ], 
  [
   858450.085, 
   794795.263
  ], 
  [
   177854.611, 
   -495796.286
  ], 
  [
   808715.602, 
   -863902.473
  ], 
  [
   207307.498, 
   504790.282
  ], 
  [
   -460712.664, 
   36206.895
  ], 
  [
   743482.683, 
   -614227.869
  ], 
  [
   -691896.156, 
   160332.776
  ], 
  [
   443224.303, 
   408936.261
  ], 
  [
   -543089.502, 
   -527788.701
  ], 
  [
   -796760.38, 
   -624879.549
  ], 
  [
   -129310.918, 
   471853.531
  ], 
  [
   602244.178, 
   -992051.236
  ], 
  [
   -39511.757, 
   653242.547
  ], 
  [
   -86201.354, 
   -494089.305
  ], 
  [
   447848.568, 
   -141702.1
  ], 
  [
   432596.37, 
   489395.466
  ], 
  [
   -827092.443, 
   -720078.209
  ], 
  [
   429832.751, 
   974978.175
  ], 
  [
   -74517.51, 
   72361.978
  ], 
  [
   848547.91, 
   -810937.363
  ], 
  [
   -990276.122, 
   -441442.548
  ], 
  [
   -737748.776, 
   -8062.117
  ], 
  [
   -545338.202, 
   97699.426
  ], 
  [
   118482.918, 
   481703.664
  ], 
  [
   -111934.773, 
   869720.092
  ], 
  [
   -601842.935, 
   248527.519
  ], 
  [
   168840.124, 
   391137.192
  ], 
  [
   -557475.47, 
   41501.614
  ], 
  [
   610365.224, 
   739236.396
  ], 
  [
   607788.914, 
   381355.29
  ], 
  [
   -213675.375, 
   679327.753
  ], 
  [
   936379.839, 
   861340.202
  ], 
  [
   453368.216, 
   210726.053
  ], 
  [
   592439.095, 
   -196210.382
  ], 
  [
   -915486.95, 
   -596305.246
  ], 
  [
   175968.719, 
   45096.648
  ], 
  [
   -394101.829, 
   -127621.252
  ], 
  [
   -880640.252, 
   365177.942
  ], 
  [
   917298.262, 
   -877423.131
  ], 
  [
   -520933.653, 
   -818215.177
  ], 
  [
   621293.406, 
   -723326.449
  ], 
  [
   610804.925, 
   -760552.804
  ], 
  [
   429982.182, 
   772168.215
  ], 
  [
   -657391.401, 
   101890.216
  ], 
  [
   -158633.574, 
   -167099.479
  ], 
  [
   256763.726, 
   939576.575
  ], 
  [
   203538.325, 
   -195490.467
  ], 
  [
   837179.532, 
   860782.223
  ], 
  [
   -336042.751, 
   241850.828
  ], 
  [
   -509735.631, 
   -381218.313
  ], 
  [
   536486.569, 
   -435464.587
  ], 
  [
   -384367.126, 
   -747200.748
  ], 
  [
   321951.407, 
   219295.935
  ]
 ], 
 "PUV": [
  false, 
  true, 
  false, 
  true, 
  false, 
  true, 
  true, 
  false, 
  true, 
  true, 
  true, 
  false, 
  false, 
  false, 
  true
 ], 
 "LCM": {
  "11": [
   "ORR", 
   "ORR", 
   "ANDD", 
   "NOTUSED", 
   "ANDD", 
   "ANDD", 
   "NOTUSED", 
   "ANDD", 
   "ORR", 
   "ANDD", 
   "NOTUSED", 
   "NOTUSED", 
   "NOTUSED", 
   "ANDD", 
   "NOTUSED"
  ], 
  "10": [
   "ORR", 
   "ANDD", 
   "ORR", 
   "ORR", 
   "ANDD", 
   "ORR", 
   "NOTUSED", 
   "ANDD", 
   "NOTUSED", 
   "NOTUSED", 
   "ORR", 
   "NOTUSED", 
   "NOTUSED", 
   "ANDD", 
   "NOTUSED"
  ], 
  "13": [
   "NOTUSED", 
   "ANDD", 
   "NOTUSED", 
   "ANDD", 
   "ANDD", 
   "ORR", 
   "NOTUSED", 
   "ORR", 
   "ORR", 
   "NOTUSED", 
   "ANDD", 
   "ANDD", 
   "ANDD", 
   "ORR", 
   "NOTUSED"
  ], 
  "12": [
   "NOTUSED", 
   "NOTUSED", 
   "ORR", 
   "ORR", 
   "ORR", 
   "ANDD", 
   "ORR", 
   "ORR", 
   "ANDD", 
   "NOTUSED", 
   "NOTUSED", 
   "NOTUSED", 
   "ORR", 
   "ANDD", 
   "NOTUSED"
  ], 
  "14": [
   "ANDD", 
   "ORR", 
   "ANDD", 
   "ORR", 
   "ANDD", 
   "ORR", 
   "NOTUSED", 
   "ORR", 
   "ANDD", 
   "ORR", 
   "NOTUSED", 
   "NOTUSED", 
   "NOTUSED", 
   "NOTUSED", 
   "NOTUSED"
  ], 
  "1": [
   "NOTUSED", 
   "ANDD", 
   "ANDD", 
   "ORR", 
   "ANDD", 
   "ANDD", 
   "NOTUSED", 
   "NOTUSED", 
   "NOTUSED", 
   "ANDD", 
   "ANDD", 
   "ORR", 
   "NOTUSED", 
   "ANDD", 
   "ORR"
  ], 
  "0": [
   "ORR", 
   "NOTUSED", 
   "ANDD", 
   "ANDD", 
   "ORR", 
   "ORR", 
   "ANDD", 
   "ORR", 
   "ORR", 
   "ORR", 
   "ORR", 
   "ORR", 
   "NOTUSED", 
   "NOTUSED", 
   "ANDD"
  ], 
  "3": [
   "ANDD", 
   "ORR", 
   "ANDD", 
   "ORR", 
   "NOTUSED", 
   "NOTUSED", 
   "ORR", 
   "ANDD", 
   "ORR", 
   "ANDD", 
   "ORR", 
   "NOTUSED", 
   "ORR", 
   "ANDD", 
   "ORR"
  ], 
  "2": [
   "ANDD", 
   "ANDD", 
   "NOTUSED", 
   "ANDD", 
   "NOTUSED", 
   "NOTUSED", 
   "NOTUSED", 
   "NOTUSED", 
   "ORR", 
   "ANDD", 
   "ORR", 
   "ANDD", 
   "ORR", 
   "NOTUSED", 
   "ANDD"
  ], 
  "5": [
   "ORR", 
   "ANDD", 
   "NOTUSED", 
   "NOTUSED", 
   "NOTUSED", 
   "NOTUSED", 
   "NOTUSED", 
   "ANDD", 
   "ANDD", 
   "ORR", 
   "ORR", 
   "ANDD", 
   "ANDD", 
   "ORR", 
   "ORR"
  ], 
  "4": [
   "ORR", 
   "ANDD", 
   "NOTUSED", 
   "NOTUSED", 
   "NOTUSED", 
   "NOTUSED", 
   "ANDD", 
   "NOTUSED", 
   "ORR", 
   "ORR", 
   "ANDD", 
   "ANDD", 
   "ORR", 
   "ANDD", 
   "ANDD"
  ], 
  "7": [
   "ORR", 
   "NOTUSED", 
   "NOTUSED", 
   "ANDD", 
   "NOTUSED", 
   "ANDD", 
   "NOTUSED", 
   "ORR", 
   "ANDD", 
   "ANDD", 
   "ANDD", 
   "ANDD", 
   "ORR", 
   "ORR", 
   "ORR"
  ], 
  "6": [
   "ANDD", 
   "NOTUSED", 
   "NOTUSED", 
   "ORR", 
   "ANDD", 
   "NOTUSED", 
   "NOTUSED", 
   "NOTUSED", 
   "ANDD", 
   "NOTUSED", 
   "NOTUSED", 
   "NOTUSED", 
   "ORR", 
   "NOTUSED", 
   "NOTUSED"
  ], 
  "9": [
   "ORR", 
   "ANDD", 
   "ANDD", 
   "ANDD", 
   "ORR", 
   "ORR", 
   "NOTUSED", 
   "ANDD", 
   "NOTUSED", 
   "ORR", 
   "NOTUSED", 
   "ANDD", 
   "NOTUSED", 
   "NOTUSED", 
   "ORR"
  ], 
  "8": [
   "ORR", 
   "NOTUSED", 
   "ORR", 
   "ORR", 
   "ORR", 
   "ANDD", 
   "ANDD", 
   "ANDD", 
   "NOTUSED", 
   "NOTUSED", 
   "NOTUSED", 
   "ORR", 
   "ANDD", 
   "ORR", 
   "ANDD"
  ]
 }
}