{
 "random_seed": 860238568, 
 "PARAMETERS": {
  "RADIUS1": 298153.174, 
  "QUADS": 3, 
  "RADIUS2": 441076.899, 
  "DIST": 443351.373, 
  "F_PTS": 35, 
  "K_PTS": 21, 
  "EPSILON": 2.461, 
  "LENGTH1": 410388.688, 
  "G_PTS": 39, 
  "Q_PTS": 42, 
  "N_PTS": 45, 
  "C_PTS": 3, 
  "AREA2": 209054.364, 
  "LENGTH2": 553089.774, 
  "B_PTS": 5, 
  "D_PTS": 31, 
  "AREA1": 553595.321, 
  "A_PTS": 34, 
  "E_PTS": 9
 }, 
 "NUMPOINTS": 58, 
 "points": [
  [
   -415715.882, 
   389796.375
  ], 
  [
   921595.537, 
   288273.721
  ], 
  [
   -327839.08, 
   634175.902
  ], 
  [
   363515.221, 
   412177.685
  ], 
  [
   -219347.718, 
   -307749.986
  ], 
  [
   -397611.557, 
   -492025.899
  ], 
  [
   -231870.833, 
   8447.672
  ], 
  [
   784529.616, 
   -112232.079
  ], 
  [
   -795883.445, 
   -82996.119
  ], 
  [
   -59349.859, 
   138569.058
  ], 
  [
   -814420.376, 
   -534859.825
  ], 
  [
   -886088.422, 
   -593068.663
  ], 
  [
   -366366.166, 
   83754.27
  ], 
  [
   -147775.521, 
   479507.174
  ], 
  [
   819046.835, 
   807166.018
  ], 
  [
   -72966.162, 
   662464.1
  ], 
  [
   -660487.973, 
   829707.246
  ], 
  [
   476664.602, 
   -929803.884
  ], 
  [
   744604.47, 
   321943.126
  ], 
  [
   611285.865, 
   -224187.593
  ], 
  [
   28719.039, 
   353887.215
  ], 
  [
   220044.835, 
   -407965.445
  ], 
  [
   -542.746, 
   -509540.256
  ], 
  [
   286108.174, 
   -592964.81
  ], 
  [
   436554.364, 
   48699.885
  ], 
  [
   830273.85, 
   871475.434
  ], 
  [
   -439343.56, 
   -671180.329
  ], 
  [
   663226.18, 
   -389656.784
  ], 
  [
   792071.313, 
   -534193.058
  ], 
  [
   683562.982, 
   -436689.008
  ], 
  [
   69127.495, 
   841104.965
  ], 
  [
   143841.785, 
   -442358.688
  ], 
  [
   -41055.531, 
   294969.316
  ], 
  [
   836340.668, 
   332284.77
  ], 
  [
   -417792.348, 
   -46309.647
  ], 
  [
   599550.232, 
   683410.042
  ], 
  [
   -582561.416, 
   611309.84
  ], 
  [
   -38687.835, 
   80761.891
  ], 
  [
   444447.337, 
   -317537.704
  ], 
  [
   458995.559, 
   -841284.157
  ], 
  [
   -344409.59, 
   -661066.196
  ], 
  [
   -585019.681, 
   -508786.083
  ], 
  [
   884264.988, 
   -481233.321
  ], 
  [
   273951.599, 
   -170148.383
  ], 
  [
   204831.148, 
   -94203.227
  ], 
  [
   633865.24, 
   755374.995
  ], 
  [
   -104567.065, 
   90787.244
  ], 
  [
   511721.19, 
   -986997.968
  ], 
  [
   -479520.692, 
   -220430.229
  ], 
  [
   992331.205, 
   -946980.154
  ], 
  [
   523113.348, 
   810207.017
  ], 
  [
   -311593.804, 
   304005.347
  ], 
  [
   904038.307, 
   173426.056
  ], 
  [
   883505.101, 
   318227.69
  ], 
  [
   358058.428, 
   482544.468
  ], 
  [
   616944.979, 
   -126487.731
  ], 
  [
   -483544.451, 
   -587311.159
  ], 
  [
   950898.174, 
   118188.011
  ]
 ], 
 "PUV": [
  true, 
  true, 
  true, 
  false, 
  false, 
  true, 
  true, 
  false, 
  false, 
  false, 
  false, 
  false, 
  true, 
  false, 
  false
 ], 
 "LCM": {
  "11": [
   "ANDD", 
   "ANDD", 
   "ANDD", 
   "ANDD", 
   "NOTUSED", 
   "ORR", 
   "ANDD", 
   "ORR", 
   "ORR", 
   "NOTUSED", 
   "NOTUSED", 
   "ORR", 
   "ANDD", 
   "ORR", 
   "ORR"
  ], 
  "10": [
   "NOTUSED", 
   "ANDD", 
   "ORR", 
   "ORR", 
   "NOTUSED", 
   "ORR", 
   "NOTUSED", 
   "NOTUSED", 
   "NOTUSED", 
   "NOTUSED", 
   "ANDD", 
   "NOTUSED", 
   "ANDD", 
   "ANDD", 
   "ORR"
  ], 
  "13": [
   "ORR", 
   "NOTUSED", 
   "ANDD", 
   "NOTUSED", 
   "ORR", 
   "ANDD", 
   "ORR", 
   "ORR", 
   "ORR", 
   "ORR", 
   "ANDD", 
   "ORR", 
   "ORR", 
   "ORR", 
   "ANDD"
  ], 
  "12": [
   "ANDD", 
   "ORR", 
   "ANDD", 
   "NOTUSED", 
   "NOTUSED", 
   "ANDD", 
   "ORR", 
   "ORR", 
   "NOTUSED", 
   "NOTUSED", 
   "ANDD", 
   "ANDD", 
   "ANDD", 
   "ORR", 
   "NOTUSED"
  ], 
  "14": [
   "NOTUSED", 
   "NOTUSED", 
   "ORR", 
   "ORR", 
   "NOTUSED", 
   "NOTUSED", 
   "NOTUSED", 
   "ORR", 
   "ORR", 
   "NOTUSED", 
   "ORR", 
   "ORR", 
   "NOTUSED", 
   "ANDD", 
   "ORR"
  ], 
  "1": [
   "NOTUSED", 
   "ANDD", 
   "ORR", 
   "NOTUSED", 
   "NOTUSED", 
   "ORR", 
   "ORR", 
   "ORR", 
   "NOTUSED", 
   "ANDD", 
   "ANDD", 
   "ANDD", 
   "ORR", 
   "NOTUSED", 
   "NOTUSED"
  ], 
  "0": [
   "ORR", 
   "NOTUSED", 
   "NOTUSED", 
   "NOTUSED", 
   "NOTUSED", 
   "ANDD", 
   "ORR", 
   "ORR", 
   "NOTUSED", 
   "NOTUSED", 
   "NOTUSED", 
   "ANDD", 
   "ANDD", 
   "ORR", 
   "NOTUSED"
  ], 
  "3": [
   "NOTUSED", 
   "NOTUSED", 
   "ANDD", 
   "ANDD", 
   "NOTUSED", 
   "ANDD", 
   "ORR", 
   "NOTUSED", 
   "ORR", 
   "ANDD", 
   "ORR", 
   "ANDD", 
   "NOTUSED", 
   "NOTUSED", 
   "ORR"
  ], 
  "2": [
   "NOTUSED", 
   "ORR", 
   "ORR", 
   "ANDD", 
   "ORR", 
   "ORR", 
   "ANDD", 
   "NOTUSED", 
   "ANDD", 
   "ANDD", 
   "ORR", 
   "ANDD", 
   "ANDD", 
   "ANDD", 
   "ORR"
  ], 
  "5": [
   "ANDD", 
   "ORR", 
   "ORR", 
   "ANDD", 
   "ORR", 
   "ORR", 
   "ORR", 
   "NOTUSED", 
   "NOTUSED", 
   "ORR", 
   "ORR", 
   "ORR", 
   "ANDD", 
   "ANDD", 
   "NOTUSED"
  ], 
  "4": [
   "NOTUSED", 
   "NOTUSED", 
   "ORR", 
   "NOTUSED", 
   "NOTUSED", 
   "ORR", 
   "ORR", 
   "ANDD", 
   "NOTUSED", 
   "NOTUSED", 
   "NOTUSED", 
   "NOTUSED", 
   "NOTUSED", 
   "ORR", 
   "NOTUSED"
  ], 
  "7": [
   "ORR", 
   "ORR", 
   "NOTUSED", 
   "NOTUSED", 
   "ANDD", 
   "NOTUSED", 
   "ORR", 
   "ORR", 
   "ORR", 
   "ORR", 
   "NOTUSED", 
   "ORR", 
   "ORR", 
   "ORR", 
   "ORR"
  ], 
  "6": [
   "ORR", 
   "ORR", 
   "ANDD", 
   "ORR", 
   "ORR", 
   "ORR", 
   "ANDD", 
   "ORR", 
   "NOTUSED", 
   "ORR", 
   "NOTUSED", 
   "ANDD", 
   "ORR", 
   "ORR", 
   "NOTUSED"
  ], 
  "9": [
   "NOTUSED", 
   "ANDD", 
   "ANDD", 
   "ANDD", 
   "NOTUSED", 
   "ORR", 
   "ORR", 
   "ORR", 
   "ANDD", 
   "NOTUSED", 
   "NOTUSED", 
   "NOTUSED", 
   "NOTUSED", 
   "ORR", 
   "NOTUSED"
  ], 
  "8": [
   "NOTUSED", 
   "NOTUSED", 
   "ANDD", 
   "ORR", 
   "NOTUSED", 
   "NOTUSED", 
   "NOTUSED", 
   "ORR", 
   "ANDD", 
   "ANDD", 
   "NOTUSED", 
   "ORR", 
   "NOTUSED", 
   "ORR", 
   "ORR"
  ]
 }
}