{
 "random_seed": 118410256, 
 "PARAMETERS": {
  "RADIUS1": 659317.462, 
  "QUADS": 2, 
  "RADIUS2": 347721.13, 
  "DIST": 225158.166, 
  "F_PTS": 36, 
  "K_PTS": 7, 
  "EPSILON": 1.837, 
  "LENGTH1": 246312.018, 
  "G_PTS": 1, 
  "Q_PTS": 23, 
  "N_PTS": 8, 
  "C_PTS": 42, 
  "AREA2": 538860.584, 
  "LENGTH2": 490853.555, 
  "B_PTS": 8, 
  "D_PTS": 7, 
  "AREA1": 733712.895, 
  "A_PTS": 8, 
  "E_PTS": 10
 }, 
 "NUMPOINTS": 55, 
 "points": [
  [
   807084.331, 
   -743637.042
  ], 
  [
   736220.201, 
   97358.442
  ], 
  [
   -888161.903, 
   -253354.019
  ], 
  [
   -851152.998, 
   -886831.169
  ], 
  [
   -197395.7, 
   199489.282
  ], 
  [
   912423.383, 
   -559690.53
  ], 
  [
   585499.951, 
   -917765.844
  ], 
  [
   851921.572, 
   -887079.047
  ], 
  [
   766043.346, 
   -159537.454
  ], 
  [
   903589.306, 
   -624239.384
  ], 
  [
   60382.95, 
   -834616.351
  ], 
  [
   -669165.123, 
   186181.672
  ], 
  [
   52019.925, 
   -570108.929
  ], 
  [
   -44441.843, 
   375954.985
  ], 
  [
   332056.412, 
   60910.415
  ], 
  [
   722677.875, 
   181908.901
  ], 
  [
   378960.328, 
   358298.389
  ], 
  [
   563802.719, 
   617945.966
  ], 
  [
   -650628.91, 
   10984.998
  ], 
  [
   -618785.748, 
   516619.729
  ], 
  [
   313387.377, 
   -438981.744
  ], 
  [
   -692546.976, 
   -235378.386
  ], 
  [
   493654.909, 
   183116.645
  ], 
  [
   -852411.788, 
   912621.142
  ], 
  [
   812219.651, 
   -410601.886
  ], 
  [
   -751334.576, 
   538789.841
  ], 
  [
   1478.703, 
   -608373.151
  ], 
  [
   -41161.409, 
   -795177.127
  ], 
  [
   -784788.916, 
   -661061.87
  ], 
  [
   -696694.164, 
   568846.964
  ], 
  [
   -989140.019, 
   -489537.331
  ], 
  [
   -832641.767, 
   -687225.301
  ], 
  [
   -154530.094, 
   900781.435
  ], 
  [
   -31446.199, 
   115408.778
  ], 
  [
   -542565.719, 
   407528.28
  ], 
  [
   4070.458, 
   210951.605
  ], 
  [
   -809109.727, 
   728869.975
  ], 
  [
   74684.594, 
   996088.066
  ], 
  [
   -13912.37, 
   -524215.833
  ], 
  [
   911932.443, 
   937989.602
  ], 
  [
   -685998.013, 
   578271.081
  ], 
  [
   326786.596, 
   199648.577
  ], 
  [
   -96548.128, 
   -978697.551
  ], 
  [
   820421.106, 
   300319.178
  ], 
  [
   -388882.126, 
   -362724.775
  ], 
  [
   532192.17, 
   840308.572
  ], 
  [
   268434.873, 
   -804418.668
  ], 
  [
   29348.201, 
   -1491.854
  ], 
  [
   -949641.608, 
   -207038.179
  ], 
  [
   -457372.238, 
   -186726.541
  ], 
  [
   94852.801, 
   -562181.953
  ], 
  [
   119618.116, 
   966312.642
  ], 
  [
   -242953.924, 
   575092.823
  ], 
  [
   -670896.212, 
   61911.53
  ], 
  [
   -605283.574, 
   155951.272
  ]
 ], 
 "PUV": [
  true, 
  true, 
  false, 
  true, 
  true, 
  false, 
  false, 
  false, 
  true, 
  true, 
  true, 
  false, 
  false, 
  false, 
  true
 ], 
 "LCM": {
  "11": [
   "ANDD", 
   "ANDD", 
   "ORR", 
   "NOTUSED", 
   "NOTUSED", 
   "NOTUSED", 
   "ANDD", 
   "NOTUSED", 
   "ANDD", 
   "ANDD", 
   "ORR", 
   "NOTUSED", 
   "ORR", 
   "ORR", 
   "NOTUSED"
  ], 
  "10": [
   "ORR", 
   "ANDD", 
   "ORR", 
   "ORR", 
   "ORR", 
   "NOTUSED", 
   "NOTUSED", 
   "ORR", 
   "ORR", 
   "NOTUSED", 
   "NOTUSED", 
   "ORR", 
   "ORR", 
   "ORR", 
   "NOTUSED"
  ], 
  "13": [
   "ORR", 
   "NOTUSED", 
   "NOTUSED", 
   "ORR", 
   "NOTUSED", 
   "NOTUSED", 
   "NOTUSED", 
   "NOTUSED", 
   "ANDD", 
   "ANDD", 
   "ORR", 
   "ORR", 
   "NOTUSED", 
   "ANDD", 
   "ORR"
  ], 
  "12": [
   "ORR", 
   "ANDD", 
   "ORR", 
   "NOTUSED", 
   "NOTUSED", 
   "ANDD", 
   "ANDD", 
   "ANDD", 
   "NOTUSED", 
   "NOTUSED", 
   "ORR", 
   "ORR", 
   "ORR", 
   "NOTUSED", 
   "NOTUSED"
  ], 
  "14": [
   "ANDD", 
   "NOTUSED", 
   "ANDD", 
   "ANDD", 
   "NOTUSED", 
   "ANDD", 
   "ORR", 
   "NOTUSED", 
   "NOTUSED", 
   "NOTUSED", 
   "NOTUSED", 
   "NOTUSED", 
   "NOTUSED", 
   "ORR", 
   "NOTUSED"
  ], 
  "1": [
   "ORR", 
   "ORR", 
   "NOTUSED", 
   "ORR", 
   "NOTUSED", 
   "ORR", 
   "ANDD", 
   "ORR", 
   "ANDD", 
   "ORR", 
   "ANDD", 
   "ANDD", 
   "ANDD", 
   "NOTUSED", 
   "NOTUSED"
  ], 
  "0": [
   "ANDD", 
   "ORR", 
   "ORR", 
   "ANDD", 
   "ANDD", 
   "NOTUSED", 
   "ANDD", 
   "ANDD", 
   "ORR", 
   "ORR", 
   "ORR", 
   "ANDD", 
   "ORR", 
   "ORR", 
   "ANDD"
  ], 
  "3": [
   "ANDD", 
   "ORR", 
   "ORR", 
   "NOTUSED", 
   "NOTUSED", 
   "ORR", 
   "ORR", 
   "ORR", 
   "ORR", 
   "ORR", 
   "ORR", 
   "NOTUSED", 
   "NOTUSED", 
   "ORR", 
   "ANDD"
  ], 
  "2": [
   "ORR", 
   "NOTUSED", 
   "ANDD", 
   "ORR", 
   "NOTUSED", 
   "ORR", 
   "NOTUSED", 
   "ANDD", 
   "NOTUSED", 
   "ANDD", 
   "ORR", 
   "ORR", 
   "ORR", 
   "NOTUSED", 
   "ANDD"
  ], 
  "5": [
   "NOTUSED", 
   "ORR", 
   "ORR", 
   "ORR", 
   "ORR", 
   "NOTUSED", 
   "ANDD", 
   "NOTUSED", 
   "ANDD", 
   "NOTUSED", 
   "NOTUSED", 
   "NOTUSED", 
   "ANDD", 
   "NOTUSED", 
   "ANDD"
  ], 
  "4": [
   "ANDD", 
   "NOTUSED", 
   "NOTUSED", 
   "NOTUSED", 
   "NOTUSED", 
   "ORR", 
   "ANDD", 
   "ANDD", 
   "ANDD", 
   "ANDD", 
   "ORR", 
   "NOTUSED", 
   "NOTUSED", 
   "NOTUSED", 
   "NOTUSED"
  ], 
  "7": [
   "ANDD", 
   "ORR", 
   "ANDD", 
   "ORR", 
   "ANDD", 
   "NOTUSED", 
   "ORR", 
   "NOTUSED", 
   "ANDD", 
   "ANDD", 
   "ORR", 
   "NOTUSED", 
   "ANDD", 
   "NOTUSED", 
   "NOTUSED"
  ], 
  "6": [
   "ANDD", 
   "ANDD", 
   "NOTUSED", 
   "ORR", 
   "ANDD", 
   "ANDD", 
   "ORR", 
   "ORR", 
   "ORR", 
   "ORR", 
   "NOTUSED", 
   "ANDD", 
   "ANDD", 
   "NOTUSED", 
   "ORR"
  ], 
  "9": [
   "ORR", 
   "ORR", 
   "ANDD", 
   "ORR", 
   "ANDD", 
   "NOTUSED", 
   "ORR", 
   "ANDD", 
   "NOTUSED", 
   "ORR", 
   "NOTUSED", 
   "ANDD", 
   "NOTUSED", 
   "ANDD", 
   "NOTUSED"
  ], 
  "8": [
   "ORR", 
   "ANDD", 
   "NOTUSED", 
   "ORR", 
   "ANDD", 
   "ANDD", 
   "ORR", 
   "ANDD", 
   "ANDD", 
   "NOTUSED", 
   "ORR", 
   "ANDD", 
   "NOTUSED", 
   "ANDD", 
   "NOTUSED"
  ]
 }
}