{
 "random_seed": 1165999448, 
 "PARAMETERS": {
  "RADIUS1": 794920.43, 
  "QUADS": 1, 
  "RADIUS2": 966348.832, 
  "DIST": 568508.527, 
  "F_PTS": 13, 
  "K_PTS": 5, 
  "EPSILON": 1.298, 
  "LENGTH1": 699280.07, 
  "G_PTS": 14, 
  "Q_PTS": 16, 
  "N_PTS": 35, 
  "C_PTS": 30, 
  "AREA2": 190013.35, 
  "LENGTH2": 107700.468, 
  "B_PTS": 18, 
  "D_PTS": 1, 
  "AREA1": 130507.368, 
  "A_PTS": 15, 
  "E_PTS": 12
 }, 
 "NUMPOINTS": 42, 
 "points": [
  [
   630620.668, 
   795339.232
  ], 
  [
   866138.124, 
   863633.303
  ], 
  [
   -338616.442, 
   549827.18
  ], 
  [
   514967.93, 
   -958402.516
  ], 
  [
   773746.343, 
   383190.943
  ], 
  [
   -8386.97, 
   60520.13
  ], 
  [
   -496418.468, 
   -555381.535
  ], 
  [
   -215256.017, 
   637015.565
  ], 
  [
   591143.68, 
   -923007.9
  ], 
  [
   993862.078, 
   675289.601
  ], 
  [
   321030.348, 
   -486145.863
  ], 
  [
   -197042.257, 
   -13871.787
  ], 
  [
   -964475.38, 
   255678.186
  ], 
  [
   99187.745, 
   -52799.277
  ], 
  [
   378397.427, 
   948245.614
  ], 
  [
   -863512.562, 
   -42466.282
  ], 
  [
   11029.471, 
   -590707.163
  ], 
  [
   285199.391, 
   -505257.237
  ], 
  [
   492111.642, 
   938499.114
  ], 
  [
   281940.253, 
   377190.951
  ], 
  [
   -909049.343, 
   806336.267
  ], 
  [
   728430.345, 
   -797397.122
  ], 
  [
   -579963.707, 
   534925.854
  ], 
  [
   581130.227, 
   -193158.76
  ], 
  [
   -321879.215, 
   -371113.62
  ], 
  [
   -604858.248, 
   698046.469
  ], 
  [
   -111791.398, 
   121700.537
  ], 
  [
   804437.506, 
   -567691.062
  ], 
  [
   -427129.772, 
   423379.061
  ], 
  [
   -904148.871, 
   -782447.776
  ], 
  [
   -135345.752, 
   -517507.041
  ], 
  [
   306639.165, 
   -402086.956
  ], 
  [
   -16768.342, 
   500663.861
  ], 
  [
   635438.227, 
   515095.352
  ], 
  [
   313806.661, 
   -931205.714
  ], 
  [
   90722.032, 
   -909594.915
  ], 
  [
   894123.198, 
   237248.299
  ], 
  [
   -75655.287, 
   -86521.355
  ], 
  [
   934454.931, 
   -605404.256
  ], 
  [
   -19332.97, 
   857519.079
  ], 
  [
   -411632.685, 
   -740536.209
  ], 
  [
   -514965.04, 
   82187.332
  ]
 ], 
 "PUV": [
  false, 
  false, 
  false, 
  false, 
  true, 
  false, 
  false, 
  false, 
  false, 
  true, 
  false, 
  true, 
  false, 
  false, 
  true
 ], 
 "LCM": {
  "11": [
   "NOTUSED", 
   "NOTUSED", 
   "ORR", 
   "ORR", 
   "ORR", 
   "ANDD", 
   "ANDD", 
   "ANDD", 
   "ORR", 
   "ANDD", 
   "NOTUSED", 
   "ORR", 
   "NOTUSED", 
   "ANDD", 
   "NOTUSED"
  ], 
  "10": [
   "ORR", 
   "ORR", 
   "NOTUSED", 
   "ANDD", 
   "NOTUSED", 
   "ORR", 
   "ORR", 
   "ORR", 
   "ANDD", 
   "NOTUSED", 
   "ANDD", 
   "NOTUSED", 
   "ORR", 
   "NOTUSED", 
   "ANDD"
  ], 
  "13": [
   "NOTUSED", 
   "NOTUSED", 
   "ANDD", 
   "NOTUSED", 
   "NOTUSED", 
   "ANDD", 
   "ANDD", 
   "ANDD", 
   "ANDD", 
   "NOTUSED", 
   "NOTUSED", 
   "ANDD", 
   "ORR", 
   "ANDD", 
   "NOTUSED"
  ], 
  "12": [
   "ANDD", 
   "ANDD", 
   "ANDD", 
   "ANDD", 
   "ORR", 
   "ORR", 
   "ORR", 
   "ANDD", 
   "ANDD", 
   "ORR", 
   "ORR", 
   "NOTUSED", 
   "ANDD", 
   "ORR", 
   "ANDD"
  ], 
  "14": [
   "NOTUSED", 
   "ANDD", 
   "ANDD", 
   "ORR", 
   "ORR", 
   "ANDD", 
   "ORR", 
   "ANDD", 
   "NOTUSED", 
   "ANDD", 
   "ANDD", 
   "NOTUSED", 
   "ANDD", 
   "NOTUSED", 
   "NOTUSED"
  ], 
  "1": [
   "ANDD", 
   "ORR", 
   "ANDD", 
   "NOTUSED", 
   "ANDD", 
   "NOTUSED", 
   "ORR", 
   "ANDD", 
   "ANDD", 
   "ORR", 
   "ORR", 
   "NOTUSED", 
   "ANDD", 
   "NOTUSED", 
   "ANDD"
  ], 
  "0": [
   "NOTUSED", 
   "ANDD", 
   "ANDD", 
   "ANDD", 
   "ANDD", 
   "ORR", 
   "NOTUSED", 
   "NOTUSED", 
   "ORR", 
   "NOTUSED", 
   "ORR", 
   "NOTUSED", 
   "ANDD", 
   "NOTUSED", 
   "NOTUSED"
  ], 
  "3": [
   "ANDD", 
   "NOTUSED", 
   "NOTUSED", 
   "ANDD", 
   "NOTUSED", 
   "ANDD", 
   "ANDD", 
   "ANDD", 
   "NOTUSED", 
   "NOTUSED", 
   "ANDD", 
   "ORR", 
   "ANDD", 
   "NOTUSED", 
   "ORR"
  ], 
  "2": [
   "ANDD", 
   "ANDD", 
   "NOTUSED", 
   "NOTUSED", 
   "NOTUSED", 
   "ORR", 
   "ORR", 
   "ORR", 
   "ORR", 
   "ORR", 
   "NOTUSED", 
   "ORR", 
   "ANDD", 
   "ANDD", 
   "ANDD"
  ], 
  "5": [
   "ORR", 
   "NOTUSED", 
   "ORR", 
   "ANDD", 
   "ORR", 
   "ANDD", 
   "ANDD", 
   "ORR", 
   "ANDD", 
   "NOTUSED", 
   "ORR", 
   "ANDD", 
   "ORR", 
   "ANDD", 
   "ANDD"
  ], 
  "4": [
   "ANDD", 
   "ANDD", 
   "NOTUSED", 
   "NOTUSED", 
   "ORR", 
   "ORR", 
   "ANDD", 
   "NOTUSED", 
   "ORR", 
   "ORR", 
   "NOTUSED", 
   "ORR", 
   "ORR", 
   "NOTUSED", 
   "ORR"
  ], 
  "7": [
   "NOTUSED", 
   "ANDD", 
   "ORR", 
   "ANDD", 
   "NOTUSED", 
   "ORR", 
   "ANDD", 
   "ANDD", 
   "ORR", 
   "ANDD", 
   "ORR", 
   "ANDD", 
   "ANDD", 
   "ANDD", 
   "ANDD"
  ], 
  "6": [
   "NOTUSED", 
   "ORR", 
   "ORR", 
   "ANDD", 
   "ANDD", 
   "ANDD", 
   "NOTUSED", 
   "ANDD", 
   "NOTUSED", 
   "NOTUSED", 
   "ORR", 
   "ANDD", 
   "ORR", 
   "ANDD", 
   "ORR"
  ], 
  "9": [
   "NOTUSED", 
   "ORR", 
   "ORR", 
   "NOTUSED", 
   "ORR", 
   "NOTUSED", 
   "NOTUSED", 
   "ANDD", 
   "NOTUSED", 
   "ANDD", 
   "NOTUSED", 
   "ANDD", 
   "ORR", 
   "NOTUSED", 
   "ANDD"
  ], 
  "8": [
   "ORR", 
   "ANDD", 
   "ORR", 
   "NOTUSED", 
   "ORR", 
   "ANDD", 
   "NOTUSED", 
   "ORR", 
   "NOTUSED", 
   "NOTUSED", 
   "ANDD", 
   "ORR", 
   "ANDD", 
   "ANDD", 
   "NOTUSED"
  ]
 }
}