{
 "random_seed": 564211332, 
 "PARAMETERS": {
  "RADIUS1": 320324.533, 
  "QUADS": 1, 
  "RADIUS2": 881559.301, 
  "DIST": 889308.689, 
  "F_PTS": 16, 
  "K_PTS": 19, 
  "EPSILON": 2.305, 
  "LENGTH1": 804573.123, 
  "G_PTS": 2, 
  "Q_PTS": 40, 
  "N_PTS": 72, 
  "C_PTS": 28, 
  "AREA2": 497289.718, 
  "LENGTH2": 663643.744, 
  "B_PTS": 8, 
  "D_PTS": 44, 
  "AREA1": 273181.633, 
  "A_PTS": 58, 
  "E_PTS": 53
 }, 
 "NUMPOINTS": 82, 
 "points": [
  [
   465722.196, 
   143220.47
  ], 
  [
   -43771.917, 
   -118236.943
  ], 
  [
   -948445.944, 
   380192.017
  ], 
  [
   -616820.866, 
   600950.179
  ], 
  [
   77050.833, 
   -316997.102
  ], 
  [
   -887984.609, 
   844805.415
  ], 
  [
   985183.073, 
   536613.013
  ], 
  [
   524434.962, 
   -617192.055
  ], 
  [
   221975.638, 
   -445016.747
  ], 
  [
   973825.914, 
   795830.333
  ], 
  [
   797985.487, 
   -706408.281
  ], 
  [
   745044.854, 
   922124.064
  ], 
  [
   622596.112, 
   972674.806
  ], 
  [
   -234516.777, 
   -816706.975
  ], 
  [
   -78693.145, 
   227828.69
  ], 
  [
   359776.745, 
   716630.534
  ], 
  [
   -189126.215, 
   -997288.854
  ], 
  [
   -245656.788, 
   218220.948
  ], 
  [
   -638472.939, 
   5529.371
  ], 
  [
   -798751.51, 
   131853.607
  ], 
  [
   398868.855, 
   171206.301
  ], 
  [
   -150099.197, 
   936063.385
  ], 
  [
   -51496.417, 
   -283376.092
  ], 
  [
   138036.177, 
   287837.165
  ], 
  [
   864487.401, 
   -389228.101
  ], 
  [
   -96502.942, 
   -49370.222
  ], 
  [
   -315916.786, 
   -724551.78
  ], 
  [
   -673104.827, 
   -973147.822
  ], 
  [
   840607.218, 
   -926613.93
  ], 
  [
   567841.812, 
   -558370.951
  ], 
  [
   389755.43, 
   -230287.016
  ], 
  [
   212770.647, 
   -804649.667
  ], 
  [
   -754677.874, 
   -307710.376
  ], 
  [
   -294670.039, 
   466426.417
  ], 
  [
   595336.895, 
   -119058.81
  ], 
  [
   -21192.855, 
   -542575.402
  ], 
  [
   -489884.215, 
   -100856.224
  ], 
  [
   -78846.927, 
   601121.129
  ], 
  [
   -662662.466, 
   -701372.404
  ], 
  [
   -749307.763, 
   19592.621
  ], 
  [
   -624610.861, 
   479700.771
  ], 
  [
   -579953.545, 
   218776.858
  ], 
  [
   470529.436, 
   804628.425
  ], 
  [
   -904661.616, 
   792704.367
  ], 
  [
   745557.923, 
   -870642.032
  ], 
  [
   587373.828, 
   300517.674
  ], 
  [
   763623.37, 
   -547279.25
  ], 
  [
   241937.491, 
   -580355.074
  ], 
  [
   -907623.736, 
   868837.862
  ], 
  [
   887078.942, 
   361069.942
  ], 
  [
   -103681.409, 
   -234762.87
  ], 
  [
   -959969.23, 
   -703128.794
  ], 
  [
   -380675.582, 
   -276867.391
  ], 
  [
   572902.981, 
   399038.624
  ], 
  [
   470949.352, 
   506267.36
  ], 
  [
   775614.628, 
   -550200.846
  ], 
  [
   105493.156, 
   415260.293
  ], 
  [
   387598.059, 
   674315.053
  ], 
  [
   -184822.574, 
   915784.135
  ], 
  [
   424353.735, 
   845639.327
  ], 
  [
   777439.166, 
   -391797.252
  ], 
  [
   637534.498, 
   61602.791
  ], 
  [
   564620.493, 
   -320837.999
  ], 
  [
   -830607.291, 
   -315560.673
  ], 
  [
   313706.089, 
   80333.08
  ], 
  [
   773605.907, 
   -277175.12
  ], 
  [
   453652.913, 
   -355172.8
  ], 
  [
   307653.93, 
   236163.672
  ], 
  [
   655607.582, 
   -750004.91
  ], 
  [
   271368.02, 
   -980078.298
  ], 
  [
   -383823.969, 
   639627.946
  ], 
  [
   -127556.14, 
   -585570.434
  ], 
  [
   -378001.766, 
   928386.053
  ], 
  [
   -330177.098, 
   869454.204
  ], 
  [
   -824857.876, 
   -958044.101
  ], 
  [
   -719712.199, 
   985773.799
  ], 
  [
   -746839.71, 
   213311.109
  ], 
  [
   -899684.467, 
   -606750.083
  ], 
  [
   -938739.898, 
   -562122.029
  ], 
  [
   947132.225, 
   69518.752
  ], 
  [
   -120534.259, 
   -731069.012
  ], 
  [
   -929934.207, 
   -448033.349
  ]
 ], 
 "PUV": [
  false, 
  false, 
  false, 
  false, 
  true, 
  false, 
  false, 
  true, 
  true, 
  true, 
  false, 
  true, 
  false, 
  true, 
  false
 ], 
 "LCM": {
  "11": [
   "NOTUSED", 
   "NOTUSED", 
   "NOTUSED", 
   "ANDD", 
   "ANDD", 
   "ANDD", 
   "NOTUSED", 
   "ORR", 
   "ANDD", 
   "ORR", 
   "NOTUSED", 
   "NOTUSED", 
   "ANDD", 
   "ORR", 
   "NOTUSED"
  ], 
  "10": [
   "ANDD", 
   "ORR", 
   "ORR", 
   "ORR", 
   "ORR", 
   "ORR", 
   "ORR", 
   "NOTUSED", 
   "NOTUSED", 
   "ANDD", 
   "NOTUSED", 
   "NOTUSED", 
   "ANDD", 
   "ORR", 
   "NOTUSED"
  ], 
  "13": [
   "NOTUSED", 
   "ORR", 
   "ANDD", 
   "NOTUSED", 
   "ORR", 
   "NOTUSED", 
   "ANDD", 
   "ORR", 
   "ANDD", 
   "NOTUSED", 
   "ORR", 
   "ORR", 
   "ANDD", 
   "NOTUSED", 
   "ORR"
  ], 
  "12": [
   "NOTUSED", 
   "NOTUSED", 
   "NOTUSED", 
   "ANDD", 
   "ANDD", 
   "ANDD", 
   "ANDD", 
   "ANDD", 
   "ANDD", 
   "NOTUSED", 
   "ANDD", 
   "ANDD", 
   "ANDD", 
   "ANDD", 
   "NOTUSED"
  ], 
  "14": [
   "ORR", 
   "ANDD", 
   "NOTUSED", 
   "NOTUSED", 
   "ANDD", 
   "ORR", 
   "NOTUSED", 
   "ORR", 
   "ORR", 
   "NOTUSED", 
   "NOTUSED", 
   "NOTUSED", 
   "NOTUSED", 
   "ORR", 
   "ORR"
  ], 
  "1": [
   "NOTUSED", 
   "ANDD", 
   "NOTUSED", 
   "NOTUSED", 
   "NOTUSED", 
   "NOTUSED", 
   "ANDD", 
   "ANDD", 
   "ANDD", 
   "ORR", 
   "ORR", 
   "NOTUSED", 
   "NOTUSED", 
   "ORR", 
   "ANDD"
  ], 
  "0": [
   "NOTUSED", 
   "NOTUSED", 
   "ANDD", 
   "ANDD", 
   "NOTUSED", 
   "ANDD", 
   "NOTUSED", 
   "ANDD", 
   "ORR", 
   "ORR", 
   "ANDD", 
   "NOTUSED", 
   "NOTUSED", 
   "NOTUSED", 
   "ORR"
  ], 
  "3": [
   "ANDD", 
   "NOTUSED", 
   "ORR", 
   "NOTUSED", 
   "ANDD", 
   "NOTUSED", 
   "ORR", 
   "ORR", 
   "NOTUSED", 
   "ANDD", 
   "ORR", 
   "ANDD", 
   "ANDD", 
   "NOTUSED", 
   "NOTUSED"
  ], 
  "2": [
   "ANDD", 
   "NOTUSED", 
   "NOTUSED", 
   "ORR", 
   "ANDD", 
   "ORR", 
   "ANDD", 
   "ANDD", 
   "ORR", 
   "NOTUSED", 
   "ORR", 
   "NOTUSED", 
   "NOTUSED", 
   "ANDD", 
   "NOTUSED"
  ], 
  "5": [
   "ANDD", 
   "NOTUSED", 
   "ORR", 
   "NOTUSED", 
   "NOTUSED", 
   "NOTUSED", 
   "NOTUSED", 
   "ANDD", 
   "ANDD", 
   "ANDD", 
   "ORR", 
   "ANDD", 
   "ANDD", 
   "NOTUSED", 
   "ORR"
  ], 
  "4": [
   "NOTUSED", 
   "NOTUSED", 
   "ANDD", 
   "ANDD", 
   "NOTUSED", 
   "NOTUSED", 
   "ORR", 
   "ANDD", 
   "NOTUSED", 
   "NOTUSED", 
   "ORR", 
   "ANDD", 
   "ANDD", 
   "ORR", 
   "ANDD"
  ], 
  "7": [
   "ANDD", 
   "ANDD", 
   "ANDD", 
   "ORR", 
   "ANDD", 
   "ANDD", 
   "ORR", 
   "ANDD", 
   "NOTUSED", 
   "ORR", 
   "NOTUSED", 
   "ORR", 
   "ANDD", 
   "ORR", 
   "ORR"
  ], 
  "6": [
   "NOTUSED", 
   "ANDD", 
   "ANDD", 
   "ORR", 
   "ORR", 
   "NOTUSED", 
   "NOTUSED", 
   "ORR", 
   "ORR", 
   "ORR", 
   "ORR", 
   "NOTUSED", 
   "ANDD", 
   "ANDD", 
   "NOTUSED"
  ], 
  "9": [
   "ORR", 
   "ORR", 
   "NOTUSED", 
   "ANDD", 
   "NOTUSED", 
   "ANDD", 
   "ORR", 
   "ORR", 
   "ORR", 
   "NOTUSED", 
   "ANDD", 
   "ORR", 
   "NOTUSED", 
   "NOTUSED", 
   "NOTUSED"
  ], 
  "8": [
   "ORR", 
   "ANDD", 
   "ORR", 
   "NOTUSED", 
   "NOTUSED", 
   "ANDD", 
   "ORR", 
   "NOTUSED", 
   "ORR", 
   "ORR", 
   "NOTUSED", 
   "ANDD", 
   "ANDD", 
   "ANDD", 
   "ORR"
  ]
 }
}