{
 "random_seed": 4152369102, 
 "PARAMETERS": {
  "RADIUS1": 750394.2, 
  "QUADS": 2, 
  "RADIUS2": 238803.505, 
  "DIST": 257566.782, 
  "F_PTS": 6, 
  "K_PTS": 16, 
  "EPSILON": 1.153, 
  "LENGTH1": 782011.225, 
  "G_PTS": 25, 
  "Q_PTS": 37, 
  "N_PTS": 29, 
  "C_PTS": 14, 
  "AREA2": 553736.026, 
  "LENGTH2": 315110.574, 
  "B_PTS": 1, 
  "D_PTS": 15, 
  "AREA1": 231059.185, 
  "A_PTS": 2, 
  "E_PTS": 18
 }, 
 "NUMPOINTS": 41, 
 "points": [
  [
   -182376.686, 
   -451604.804
  ], 
  [
   911938.948, 
   -970758.623
  ], 
  [
   -496907.113, 
   399796.761
  ], 
  [
   -950011.803, 
   -141270.141
  ], 
  [
   6013.234, 
   258085.332
  ], 
  [
   733655.387, 
   -3840.848
  ], 
  [
   -203998.454, 
   -49949.244
  ], 
  [
   -769301.69, 
   -382506.413
  ], 
  [
   -942338.568, 
   -499149.309
  ], 
  [
   -857241.477, 
   -454103.239
  ], 
  [
   840125.061, 
   200656.068
  ], 
  [
   429105.139, 
   -359772.957
  ], 
  [
   -604946.059, 
   746701.79
  ], 
  [
   688548.952, 
   -899563.265
  ], 
  [
   -147205.071, 
   -782582.44
  ], 
  [
   783117.849, 
   678769.937
  ], 
  [
   749839.151, 
   -552319.107
  ], 
  [
   912788.881, 
   260225.459
  ], 
  [
   710611.801, 
   -820546.66
  ], 
  [
   195669.832, 
   -323207.271
  ], 
  [
   303633.491, 
   847009.521
  ], 
  [
   914676.23, 
   918215.135
  ], 
  [
   -541734.311, 
   351045.198
  ], 
  [
   -114560.633, 
   852809.136
  ], 
  [
   249150.706, 
   -923000.401
  ], 
  [
   66590.427, 
   -102914.517
  ], 
  [
   44741.612, 
   -748358.879
  ], 
  [
   -584009.705, 
   -672466.203
  ], 
  [
   -893861.482, 
   541500.766
  ], 
  [
   928509.807, 
   485039.319
  ], 
  [
   442754.606, 
   887035.558
  ], 
  [
   -850725.992, 
   -734733.456
  ], 
  [
   -655852.126, 
   -360155.629
  ], 
  [
   352237.912, 
   460018.333
  ], 
  [
   671518.751, 
   -448794.917
  ], 
  [
   -390258.521, 
   184741.73
  ], 
  [
   354704.851, 
   -69679.073
  ], 
  [
   92329.01, 
   -977793.851
  ], 
  [
   286387.841, 
   429028.718
  ], 
  [
   -389239.08, 
   648600.524
  ], 
  [
   -792923.046, 
   -460336.198
  ]
 ], 
 "PUV": [
  false, 
  false, 
  true, 
  true, 
  true, 
  true, 
  false, 
  false, 
  false, 
  true, 
  true, 
  true, 
  true, 
  false, 
  false
 ], 
 "LCM": {
  "11": [
   "NOTUSED", 
   "ANDD", 
   "ANDD", 
   "ANDD", 
   "ORR", 
   "ORR", 
   "ANDD", 
   "ORR", 
   "ORR", 
   "ANDD", 
   "ORR", 
   "ORR", 
   "ORR", 
   "ANDD", 
   "NOTUSED"
  ], 
  "10": [
   "ANDD", 
   "ANDD", 
   "ORR", 
   "NOTUSED", 
   "ORR", 
   "ORR", 
   "ORR", 
   "ORR", 
   "ORR", 
   "ANDD", 
   "ANDD", 
   "ORR", 
   "ORR", 
   "ORR", 
   "ANDD"
  ], 
  "13": [
   "ANDD", 
   "ANDD", 
   "ORR", 
   "NOTUSED", 
   "ORR", 
   "ANDD", 
   "ANDD", 
   "ANDD", 
   "ORR", 
   "ORR", 
   "ORR", 
   "ANDD", 
   "ORR", 
   "ANDD", 
   "ANDD"
  ], 
  "12": [
   "ANDD", 
   "ANDD", 
   "ANDD", 
   "ORR", 
   "NOTUSED", 
   "NOTUSED", 
   "ANDD", 
   "ANDD", 
   "NOTUSED", 
   "ANDD", 
   "ORR", 
   "ORR", 
   "ORR", 
   "ORR", 
   "NOTUSED"
  ], 
  "14": [
   "ANDD", 
   "ANDD", 
   "ANDD", 
   "ANDD", 
   "NOTUSED", 
   "ANDD", 
   "ORR", 
   "NOTUSED", 
   "ORR", 
   "NOTUSED", 
   "ANDD", 
   "NOTUSED", 
   "NOTUSED", 
   "ANDD", 
   "NOTUSED"
  ], 
  "1": [
   "ORR", 
   "NOTUSED", 
   "NOTUSED", 
   "ORR", 
   "ORR", 
   "NOTUSED", 
   "NOTUSED", 
   "ANDD", 
   "ANDD", 
   "NOTUSED", 
   "ANDD", 
   "ANDD", 
   "ANDD", 
   "ANDD", 
   "ANDD"
  ], 
  "0": [
   "NOTUSED", 
   "ORR", 
   "NOTUSED", 
   "ORR", 
   "ORR", 
   "NOTUSED", 
   "ORR", 
   "NOTUSED", 
   "ORR", 
   "NOTUSED", 
   "ANDD", 
   "NOTUSED", 
   "ANDD", 
   "ANDD", 
   "ANDD"
  ], 
  "3": [
   "ORR", 
   "ORR", 
   "ANDD", 
   "NOTUSED", 
   "ANDD", 
   "NOTUSED", 
   "ANDD", 
   "ANDD", 
   "ORR", 
   "ORR", 
   "NOTUSED", 
   "ANDD", 
   "ORR", 
   "NOTUSED", 
   "ANDD"
  ], 
  "2": [
   "NOTUSED", 
   "NOTUSED", 
   "ANDD", 
   "ANDD", 
   "ANDD", 
   "ANDD", 
   "ANDD", 
   "ORR", 
   "ORR", 
   "ORR", 
   "ORR", 
   "ANDD", 
   "ANDD", 
   "ORR", 
   "ANDD"
  ], 
  "5": [
   "NOTUSED", 
   "NOTUSED", 
   "ANDD", 
   "NOTUSED", 
   "ORR", 
   "ORR", 
   "ORR", 
   "NOTUSED", 
   "ANDD", 
   "ANDD", 
   "ORR", 
   "ORR", 
   "NOTUSED", 
   "ANDD", 
   "ANDD"
  ], 
  "4": [
   "ORR", 
   "ORR", 
   "ANDD", 
   "ANDD", 
   "ORR", 
   "ORR", 
   "ORR", 
   "NOTUSED", 
   "NOTUSED", 
   "ORR", 
   "ORR", 
   "ORR", 
   "NOTUSED", 
   "ORR", 
   "NOTUSED"
  ], 
  "7": [
   "NOTUSED", 
   "ANDD", 
   "ORR", 
   "ANDD", 
   "NOTUSED", 
   "NOTUSED", 
   "NOTUSED", 
   "ORR", 
   "NOTUSED", 
   "NOTUSED", 
   "ORR", 
   "ORR", 
   "ANDD", 
   "ANDD", 
   "NOTUSED"
  ], 
  "6": [
   "ORR", 
   "NOTUSED", 
   "ANDD", 
   "ANDD", 
   "ORR", 
   "ORR", 
   "ANDD", 
   "NOTUSED", 
   "ANDD", 
   "ANDD", 
   "ORR", 
   "ANDD", 
   "ANDD", 
   "ANDD", 
   "ORR"
  ], 
  "9": [
   "NOTUSED", 
   "NOTUSED", 
   "ORR", 
   "ORR", 
   "ORR", 
   "ANDD", 
   "ANDD", 
   "NOTUSED", 
   "ANDD", 
   "ORR", 
   "ANDD", 
   "ANDD", 
   "ANDD", 
   "ORR", 
   "NOTUSED"
  ], 
  "8": [
   "ORR", 
   "ANDD", 
   "ORR", 
   "ORR", 
   "NOTUSED", 
   "ANDD", 
   "ANDD", 
   "NOTUSED", 
   "ORR", 
   "ANDD", 
   "ORR", 
   "ORR", 
   "NOTUSED", 
   "ORR", 
   "ORR"
  ]
 }
}