{
 "random_seed": 2184795844, 
 "PARAMETERS": {
  "RADIUS1": 438418.403, 
  "QUADS": 1, 
  "RADIUS2": 848517.25, 
  "DIST": 594956.739, 
  "F_PTS": 22, 
  "K_PTS": 48, 
  "EPSILON": 3.066, 
  "LENGTH1": 882412.341, 
  "G_PTS": 34, 
  "Q_PTS": 6, 
  "N_PTS": 42, 
  "C_PTS": 5, 
  "AREA2": 342654.523, 
  "LENGTH2": 50109.686, 
  "B_PTS": 8, 
  "D_PTS": 49, 
  "AREA1": 964081.541, 
  "A_PTS": 37, 
  "E_PTS": 4
 }, 
 "NUMPOINTS": 61, 
 "points": [
  [
   -338481.128, 
   -649477.469
  ], 
  [
   196831.474, 
   146497.651
  ], 
  [
   -312541.127, 
   -768292.031
  ], 
  [
   -112775.129, 
   -331529.568
  ], 
  [
   736349.736, 
   -683039.203
  ], 
  [
   -348633.299, 
   -620101.404
  ], 
  [
   -748374.147, 
   -865259.569
  ], 
  [
   200496.233, 
   -698306.041
  ], 
  [
   -867709.959, 
   920802.652
  ], 
  [
   559355.147, 
   -321025.126
  ], 
  [
   -556313.461, 
   978231.335
  ], 
  [
   -500675.428, 
   652760.685
  ], 
  [
   -44394.572, 
   -341518.784
  ], 
  [
   446660.012, 
   611975.048
  ], 
  [
   186222.909, 
   325299.308
  ], 
  [
   -858068.613, 
   30382.103
  ], 
  [
   155060.887, 
   -609725.755
  ], 
  [
   -900428.126, 
   -241001.283
  ], 
  [
   960852.824, 
   -384728.839
  ], 
  [
   -663551.758, 
   406266.939
  ], 
  [
   -765743.298, 
   642504.342
  ], 
  [
   761757.441, 
   726282.652
  ], 
  [
   -575853.928, 
   -749411.261
  ], 
  [
   910988.663, 
   871445.619
  ], 
  [
   -961452.662, 
   -499577.831
  ], 
  [
   -410608.863, 
   -215956.823
  ], 
  [
   -179312.582, 
   608859.546
  ], 
  [
   376384.335, 
   50512.327
  ], 
  [
   802159.719, 
   441166.318
  ], 
  [
   -212014.42, 
   -117572.608
  ], 
  [
   704925.448, 
   -100723.492
  ], 
  [
   -770060.785, 
   -413423.717
  ], 
  [
   316986.184, 
   -529082.337
  ], 
  [
   565016.906, 
   159524.622
  ], 
  [
   -76724.527, 
   390815.087
  ], 
  [
   -736153.055, 
   -4333.546
  ], 
  [
   -454230.065, 
   -821523.987
  ], 
  [
   -942707.42, 
   -493876.228
  ], 
  [
   841637.839, 
   938579.866
  ], 
  [
   -459756.031, 
   148931.989
  ], 
  [
   -422687.663, 
   -663600.413
  ], 
  [
   -618550.948, 
   -61230.792
  ], 
  [
   -102183.951, 
   452378.611
  ], 
  [
   966896.036, 
   -429666.093
  ], 
  [
   844763.542, 
   458202.18
  ], 
  [
   -433339.035, 
   895263.005
  ], 
  [
   -566039.565, 
   -882163.981
  ], 
  [
   977724.649, 
   952640.879
  ], 
  [
   633740.723, 
   90797.073
  ], 
  [
   232397.792, 
   664964.135
  ], 
  [
   984727.169, 
   583469.957
  ], 
  [
   -831120.612, 
   306256.522
  ], 
  [
   -498693.815, 
   -994625.342
  ], 
  [
   -315155.134, 
   -372381.053
  ], 
  [
   359190.627, 
   400049.298
  ], 
  [
   -636481.392, 
   852114.318
  ], 
  [
   -833819.459, 
   898575.706
  ], 
  [
   -948343.824, 
   809300.369
  ], 
  [
   -458664.41, 
   24126.066
  ], 
  [
   -380956.014, 
   -867761.174
  ], 
  [
   -747805.892, 
   -941647.515
  ]
 ], 
 "PUV": [
  false, 
  false, 
  true, 
  false, 
  true, 
  true, 
  true, 
  true, 
  false, 
  false, 
  true, 
  true, 
  true, 
  true, 
  true
 ], 
 "LCM": {
  "11": [
   "ANDD", 
   "ANDD", 
   "ANDD", 
   "NOTUSED", 
   "ANDD", 
   "ORR", 
   "ANDD", 
   "ANDD", 
   "ANDD", 
   "ANDD", 
   "ANDD", 
   "ANDD", 
   "NOTUSED", 
   "ORR", 
   "ORR"
  ], 
  "10": [
   "ANDD", 
   "NOTUSED", 
   "ORR", 
   "ORR", 
   "ANDD", 
   "NOTUSED", 
   "ANDD", 
   "NOTUSED", 
   "ORR", 
   "ANDD", 
   "NOTUSED", 
   "ANDD", 
   "ANDD", 
   "NOTUSED", 
   "ANDD"
  ], 
  "13": [
   "NOTUSED", 
   "ANDD", 
   "NOTUSED", 
   "ANDD", 
   "ORR", 
   "ORR", 
   "NOTUSED", 
   "NOTUSED", 
   "NOTUSED", 
   "NOTUSED", 
   "NOTUSED", 
   "ORR", 
   "NOTUSED", 
   "NOTUSED", 
   "ANDD"
  ], 
  "12": [
   "ANDD", 
   "NOTUSED", 
   "ANDD", 
   "ORR", 
   "NOTUSED", 
   "ANDD", 
   "NOTUSED", 
   "ANDD", 
   "ORR", 
   "NOTUSED", 
   "ANDD", 
   "NOTUSED", 
   "NOTUSED", 
   "NOTUSED", 
   "ORR"
  ], 
  "14": [
   "ORR", 
   "ORR", 
   "ANDD", 
   "ANDD", 
   "NOTUSED", 
   "ANDD", 
   "NOTUSED", 
   "ORR", 
   "NOTUSED", 
   "ANDD", 
   "ANDD", 
   "ORR", 
   "ORR", 
   "ANDD", 
   "ORR"
  ], 
  "1": [
   "ANDD", 
   "ORR", 
   "ANDD", 
   "ORR", 
   "ORR", 
   "NOTUSED", 
   "NOTUSED", 
   "ANDD", 
   "ANDD", 
   "ANDD", 
   "NOTUSED", 
   "ANDD", 
   "NOTUSED", 
   "ANDD", 
   "ORR"
  ], 
  "0": [
   "ANDD", 
   "ANDD", 
   "ORR", 
   "ANDD", 
   "NOTUSED", 
   "NOTUSED", 
   "ORR", 
   "NOTUSED", 
   "ORR", 
   "ANDD", 
   "ANDD", 
   "ANDD", 
   "ANDD", 
   "NOTUSED", 
   "ORR"
  ], 
  "3": [
   "ANDD", 
   "ORR", 
   "ORR", 
   "NOTUSED", 
   "ANDD", 
   "ORR", 
   "NOTUSED", 
   "ANDD", 
   "ORR", 
   "ANDD", 
   "ORR", 
   "NOTUSED", 
   "ORR", 
   "ANDD", 
   "ANDD"
  ], 
  "2": [
   "ORR", 
   "ANDD", 
   "NOTUSED", 
   "ORR", 
   "NOTUSED", 
   "ORR", 
   "NOTUSED", 
   "NOTUSED", 
   "ANDD", 
   "ORR", 
   "ORR", 
   "ANDD", 
   "ANDD", 
   "NOTUSED", 
   "ANDD"
  ], 
  "5": [
   "NOTUSED", 
   "NOTUSED", 
   "ORR", 
   "ORR", 
   "ANDD", 
   "ANDD", 
   "ORR", 
   "NOTUSED", 
   "ORR", 
   "ANDD", 
   "NOTUSED", 
   "ORR", 
   "ANDD", 
   "ORR", 
   "ANDD"
  ], 
  "4": [
   "NOTUSED", 
   "ORR", 
   "NOTUSED", 
   "ANDD", 
   "ANDD", 
   "ANDD", 
   "ANDD", 
   "NOTUSED", 
   "ORR", 
   "NOTUSED", 
   "ANDD", 
   "ANDD", 
   "NOTUSED", 
   "ORR", 
   "NOTUSED"
  ], 
  "7": [
   "NOTUSED", 
   "ANDD", 
   "NOTUSED", 
   "ANDD", 
   "NOTUSED", 
   "NOTUSED", 
   "NOTUSED", 
   "ORR", 
   "ANDD", 
   "ANDD", 
   "NOTUSED", 
   "ANDD", 
   "ANDD", 
   "NOTUSED", 
   "ORR"
  ], 
  "6": [
   "ORR", 
   "NOTUSED", 
   "NOTUSED", 
   "NOTUSED", 
   "ANDD", 
   "ORR", 
   "ORR", 
   "NOTUSED", 
   "ORR", 
   "ORR", 
   "ANDD", 
   "ANDD", 
   "NOTUSED", 
   "NOTUSED", 
   "NOTUSED"
  ], 
  "9": [
   "ANDD", 
   "ANDD", 
   "ORR", 
   "ANDD", 
   "NOTUSED", 
   "ANDD", 
   "ORR", 
   "ANDD", 
   "NOTUSED", 
   "ORR", 
   "ANDD", 
   "ANDD", 
   "NOTUSED", 
   "NOTUSED", 
   "ANDD"
  ], 
  "8": [
   "ORR", 
   "ANDD", 
   "ANDD", 
   "ORR", 
   "ORR", 
   "ORR", 
   "ORR", 
   "ANDD", 
   "ORR", 
   "NOTUSED", 
   "ORR", 
   "ANDD", 
   "ORR", 
   "NOTUSED", 
   "NOTUSED"
  ]
 }
}