{
 "random_seed": 4031385612, 
 "PARAMETERS": {
  "RADIUS1": 11639.841, 
  "QUADS": 1, 
  "RADIUS2": 289655.299, 
  "DIST": 68275.622, 
  "F_PTS": 53, 
  "K_PTS": 48, 
  "EPSILON": 0.464, 
  "LENGTH1": 893846.63, 
  "G_PTS": 18, 
  "Q_PTS": 70, 
  "N_PTS": 78, 
  "C_PTS": 34, 
  "AREA2": 454388.879, 
  "LENGTH2": 481680.621, 
  "B_PTS": 5, 
  "D_PTS": 30, 
  "AREA1": 711034.757, 
  "A_PTS": 30, 
  "E_PTS": 10
 }, 
 "NUMPOINTS": 89, 
 "points": [
  [
   -58136.418, 
   323288.929
  ], 
  [
   766757.852, 
   -983393.828
  ], 
  [
   489078.653, 
   317105.657
  ], 
  [
   -998066.083, 
   -603154.876
  ], 
  [
   856447.243, 
   -612472.888
  ], 
  [
   -834541.185, 
   322184.553
  ], 
  [
   -875850.416, 
   -473307.616
  ], 
  [
   522621.307, 
   702549.001
  ], 
  [
   77729.182, 
   144734.1
  ], 
  [
   810639.331, 
   -628155.52
  ], 
  [
   -738831.094, 
   492164.17
  ], 
  [
   -763838.831, 
   515675.881
  ], 
  [
   37013.398, 
   935806.365
  ], 
  [
   470294.905, 
   563957.457
  ], 
  [
   -596446.487, 
   -775253.86
  ], 
  [
   759108.064, 
   -123123.96
  ], 
  [
   -400778.61, 
   173988.412
  ], 
  [
   -656697.996, 
   779606.096
  ], 
  [
   150548.209, 
   107087.047
  ], 
  [
   -691116.48, 
   -33364.172
  ], 
  [
   -599481.512, 
   506939.387
  ], 
  [
   307767.707, 
   -782064.859
  ], 
  [
   -172222.998, 
   -807896.224
  ], 
  [
   700839.251, 
   -637517.229
  ], 
  [
   -364054.357, 
   -746619.382
  ], 
  [
   487013.541, 
   769165.726
  ], 
  [
   467515.337, 
   -819008.114
  ], 
  [
   -628984.767, 
   -111114.314
  ], 
  [
   -23308.108, 
   967178.599
  ], 
  [
   -251475.805, 
   -358365.084
  ], 
  [
   -646063.111, 
   -132199.946
  ], 
  [
   780044.85, 
   -635360.791
  ], 
  [
   -519119.113, 
   907393.041
  ], 
  [
   -134416.547, 
   -509212.151
  ], 
  [
   533968.609, 
   -731101.322
  ], 
  [
   -317280.507, 
   -675071.381
  ], 
  [
   -213146.897, 
   698277.074
  ], 
  [
   -140991.508, 
   70131.988
  ], 
  [
   770686.897, 
   -690009.232
  ], 
  [
   114193.373, 
   749918.93
  ], 
  [
   -388811.422, 
   512797.888
  ], 
  [
   263091.092, 
   656327.618
  ], 
  [
   964700.001, 
   225682.245
  ], 
  [
   -688576.147, 
   494728.387
  ], 
  [
   90278.048, 
   -545815.487
  ], 
  [
   56455.474, 
   785639.132
  ], 
  [
   996521.167, 
   263962.425
  ], 
  [
   222613.465, 
   814741.237
  ], 
  [
   -30262.445, 
   825326.012
  ], 
  [
   -695428.444, 
   -4988.442
  ], 
  [
   838019.561, 
   -270373.971
  ], 
  [
   -865579.592, 
   788336.563
  ], 
  [
   15291.878, 
   281772.605
  ], 
  [
   -687388.81, 
   172092.399
  ], 
  [
   -274052.803, 
   -868275.497
  ], 
  [
   -40277.795, 
   756662.481
  ], 
  [
   567761.78, 
   502977.553
  ], 
  [
   934880.578, 
   769641.831
  ], 
  [
   -460973.563, 
   305494.658
  ], 
  [
   -458004.212, 
   700452.222
  ], 
  [
   -823880.602, 
   247139.396
  ], 
  [
   444249.549, 
   300646.589
  ], 
  [
   171737.152, 
   -282014.298
  ], 
  [
   192311.605, 
   107436.859
  ], 
  [
   -633945.378, 
   -589912.875
  ], 
  [
   -643226.712, 
   -622172.264
  ], 
  [
   648023.345, 
   494878.105
  ], 
  [
   426601.413, 
   607848.425
  ], 
  [
   -45397.05, 
   118398.094
  ], 
  [
   542677.108, 
   251564.495
  ], 
  [
   42909.166, 
   -988213.562
  ], 
  [
   -840964.454, 
   921149.26
  ], 
  [
   -28225.221, 
   693106.212
  ], 
  [
   -247879.794, 
   -467346.658
  ], 
  [
   -837152.041, 
   -304762.698
  ], 
  [
   430133.841, 
   -553706.392
  ], 
  [
   -641784.798, 
   42419.809
  ], 
  [
   889253.524, 
   -50354.708
  ], 
  [
   -645623.56, 
   253470.406
  ], 
  [
   -833699.354, 
   329244.701
  ], 
  [
   756339.601, 
   -582414.451
  ], 
  [
   905890.536, 
   -167936.389
  ], 
  [
   -388378.069, 
   -328966.97
  ], 
  [
   -614743.592, 
   904437.235
  ], 
  [
   819672.168, 
   -108619.152
  ], 
  [
   -455238.327, 
   345155.927
  ], 
  [
   -989724.46, 
   -920674.281
  ], 
  [
   593791.786, 
   325547.706
  ], 
  [
   -895767.048, 
   -360692.278
  ]
 ], 
 "PUV": [
  true, 
  true, 
  true, 
  true, 
  true, 
  false, 
  true, 
  true, 
  true, 
  true, 
  true, 
  true, 
  false, 
  true, 
  false
 ], 
 "LCM": {
  "11": [
   "ORR", 
   "NOTUSED", 
   "ORR", 
   "NOTUSED", 
   "NOTUSED", 
   "NOTUSED", 
   "NOTUSED", 
   "NOTUSED", 
   "ORR", 
   "ANDD", 
   "NOTUSED", 
   "NOTUSED", 
   "ORR", 
   "ORR", 
   "NOTUSED"
  ], 
  "10": [
   "NOTUSED", 
   "ANDD", 
   "ANDD", 
   "ANDD", 
   "ANDD", 
   "NOTUSED", 
   "NOTUSED", 
   "ORR", 
   "NOTUSED", 
   "ORR", 
   "ORR", 
   "NOTUSED", 
   "ANDD", 
   "NOTUSED", 
   "ANDD"
  ], 
  "13": [
   "ANDD", 
   "ANDD", 
   "ORR", 
   "NOTUSED", 
   "ORR", 
   "ORR", 
   "ORR", 
   "NOTUSED", 
   "NOTUSED", 
   "ANDD", 
   "NOTUSED", 
   "ORR", 
   "ORR", 
   "ANDD", 
   "NOTUSED"
  ], 
  "12": [
   "ORR", 
   "NOTUSED", 
   "ANDD", 
   "ORR", 
   "ORR", 
   "NOTUSED", 
   "ANDD", 
   "ORR", 
   "ANDD", 
   "ORR", 
   "ANDD", 
   "ORR", 
   "ORR", 
   "ORR", 
   "ANDD"
  ], 
  "14": [
   "ANDD", 
   "ORR", 
   "ANDD", 
   "NOTUSED", 
   "ANDD", 
   "NOTUSED", 
   "NOTUSED", 
   "ORR", 
   "ANDD", 
   "ANDD", 
   "ANDD", 
   "NOTUSED", 
   "ANDD", 
   "NOTUSED", 
   "ORR"
  ], 
  "1": [
   "NOTUSED", 
   "ANDD", 
   "ANDD", 
   "NOTUSED", 
   "ORR", 
   "ANDD", 
   "ORR", 
   "ORR", 
   "ORR", 
   "ANDD", 
   "ANDD", 
   "NOTUSED", 
   "NOTUSED", 
   "ANDD", 
   "ORR"
  ], 
  "0": [
   "ANDD", 
   "NOTUSED", 
   "ANDD", 
   "ANDD", 
   "ANDD", 
   "NOTUSED", 
   "ANDD", 
   "ANDD", 
   "ANDD", 
   "NOTUSED", 
   "NOTUSED", 
   "ORR", 
   "ORR", 
   "ANDD", 
   "ANDD"
  ], 
  "3": [
   "ANDD", 
   "NOTUSED", 
   "ANDD", 
   "ORR", 
   "ORR", 
   "NOTUSED", 
   "ANDD", 
   "ORR", 
   "NOTUSED", 
   "ORR", 
   "ANDD", 
   "NOTUSED", 
   "ORR", 
   "NOTUSED", 
   "NOTUSED"
  ], 
  "2": [
   "ANDD", 
   "ANDD", 
   "ANDD", 
   "ANDD", 
   "ANDD", 
   "ORR", 
   "ORR", 
   "ORR", 
   "ANDD", 
   "NOTUSED", 
   "ANDD", 
   "ORR", 
   "ANDD", 
   "ORR", 
   "ANDD"
  ], 
  "5": [
   "NOTUSED", 
   "ANDD", 
   "ORR", 
   "NOTUSED", 
   "ORR", 
   "ORR", 
   "ANDD", 
   "ORR", 
   "ORR", 
   "NOTUSED", 
   "NOTUSED", 
   "NOTUSED", 
   "NOTUSED", 
   "ORR", 
   "NOTUSED"
  ], 
  "4": [
   "ANDD", 
   "ORR", 
   "ANDD", 
   "ORR", 
   "ANDD", 
   "ORR", 
   "NOTUSED", 
   "ORR", 
   "ORR", 
   "ORR", 
   "ANDD", 
   "NOTUSED", 
   "ORR", 
   "ORR", 
   "ANDD"
  ], 
  "7": [
   "ANDD", 
   "ORR", 
   "ORR", 
   "ORR", 
   "ORR", 
   "ORR", 
   "ANDD", 
   "ORR", 
   "ORR", 
   "ANDD", 
   "ORR", 
   "NOTUSED", 
   "ORR", 
   "NOTUSED", 
   "ORR"
  ], 
  "6": [
   "ANDD", 
   "ORR", 
   "ORR", 
   "ANDD", 
   "NOTUSED", 
   "ANDD", 
   "ORR", 
   "ANDD", 
   "NOTUSED", 
   "ORR", 
   "NOTUSED", 
   "NOTUSED", 
   "ANDD", 
   "ORR", 
   "NOTUSED"
  ], 
  "9": [
   "NOTUSED", 
   "ANDD", 
   "NOTUSED", 
   "ORR", 
   "ORR", 
   "NOTUSED", 
   "ORR", 
   "ANDD", 
   "ANDD", 
   "NOTUSED", 
   "ORR", 
   "ANDD", 
   "ORR", 
   "ANDD", 
   "ANDD"
  ], 
  "8": [
   "ANDD", 
   "ORR", 
   "ANDD", 
   "NOTUSED", 
   "ORR", 
   "ORR", 
   "NOTUSED", 
   "ORR", 
   "ANDD", 
   "ANDD", 
   "NOTUSED", 
   "ORR", 
   "ANDD", 
   "NOTUSED", 
   "ANDD"
  ]
 }
}