{
 "random_seed": 3980422648, 
 "PARAMETERS": {
  "RADIUS1": 573043.575, 
  "QUADS": 1, 
  "RADIUS2": 856432.901, 
  "DIST": 657386.357, 
  "F_PTS": 17, 
  "K_PTS": 33, 
  "EPSILON": 2.787, 
  "LENGTH1": 472576.023, 
  "G_PTS": 57, 
  "Q_PTS": 36, 
  "N_PTS": 63, 
  "C_PTS": 11, 
  "AREA2": 596743.678, 
  "LENGTH2": 160.92, 
  "B_PTS": 28, 
  "D_PTS": 11, 
  "AREA1": 725159.608, 
  "A_PTS": 47, 
  "E_PTS": 65
 }, 
 "NUMPOINTS": 89, 
 "points": [
  [
   403412.434, 
   -259815.205
  ], 
  [
   37825.466, 
   93428.045
  ], 
  [
   472595.208, 
   -448577.91
  ], 
  [
   9549.72, 
   -604661.428
  ], 
  [
   -338830.885, 
   799450.828
  ], 
  [
   -769502.508, 
   -63962.927
  ], 
  [
   290199.241, 
   -214823.311
  ], 
  [
   563704.935, 
   -521445.847
  ], 
  [
   -234102.495, 
   186168.504
  ], 
  [
   -146071.601, 
   516826.652
  ], 
  [
   971795.514, 
   -950021.825
  ], 
  [
   317506.695, 
   780585.509
  ], 
  [
   793444.316, 
   787355.305
  ], 
  [
   -758629.283, 
   -175143.89
  ], 
  [
   709995.959, 
   -983890.527
  ], 
  [
   530102.091, 
   887807.388
  ], 
  [
   301464.696, 
   -171950.85
  ], 
  [
   -429350.628, 
   899907.094
  ], 
  [
   -638690.548, 
   105404.597
  ], 
  [
   229403.364, 
   193905.666
  ], 
  [
   866118.05, 
   60699.101
  ], 
  [
   -642341.952, 
   799327.387
  ], 
  [
   26612.146, 
   -636505.739
  ], 
  [
   917322.105, 
   111374.156
  ], 
  [
   -193604.658, 
   -615128.486
  ], 
  [
   575786.256, 
   347328.843
  ], 
  [
   -965622.311, 
   487313.046
  ], 
  [
   178987.469, 
   900068.099
  ], 
  [
   148077.196, 
   -329241.268
  ], 
  [
   479595.514, 
   431275.311
  ], 
  [
   -268026.905, 
   -580034.371
  ], 
  [
   711757.752, 
   420099.124
  ], 
  [
   655328.714, 
   -898262.482
  ], 
  [
   -215580.034, 
   55756.594
  ], 
  [
   754775.445, 
   -798815.383
  ], 
  [
   -50145.745, 
   -810381.362
  ], 
  [
   396313.528, 
   -927521.579
  ], 
  [
   -32963.514, 
   881095.057
  ], 
  [
   -408601.829, 
   -928007.306
  ], 
  [
   -734174.957, 
   -591983.813
  ], 
  [
   176549.278, 
   -635804.105
  ], 
  [
   -525644.218, 
   571256.957
  ], 
  [
   896450.236, 
   -607154.392
  ], 
  [
   -665866.631, 
   -755537.442
  ], 
  [
   847635.134, 
   191968.633
  ], 
  [
   -34931.894, 
   -290109.497
  ], 
  [
   943168.851, 
   425044.084
  ], 
  [
   -793889.225, 
   -12174.671
  ], 
  [
   -630309.6, 
   -243366.773
  ], 
  [
   558513.665, 
   569383.839
  ], 
  [
   -680547.61, 
   977725.873
  ], 
  [
   558848.092, 
   767954.848
  ], 
  [
   -594042.846, 
   471159.165
  ], 
  [
   187466.062, 
   -572410.757
  ], 
  [
   25955.611, 
   -487854.197
  ], 
  [
   481583.07, 
   -629867.762
  ], 
  [
   -349789.837, 
   671435.331
  ], 
  [
   279603.871, 
   747804.269
  ], 
  [
   -205722.615, 
   940627.329
  ], 
  [
   128340.925, 
   868055.237
  ], 
  [
   56788.713, 
   274870.877
  ], 
  [
   -281388.976, 
   -603520.027
  ], 
  [
   279799.839, 
   465245.59
  ], 
  [
   -59998.069, 
   748696.13
  ], 
  [
   595990.002, 
   -9176.157
  ], 
  [
   232181.792, 
   121142.371
  ], 
  [
   -623768.997, 
   685800.934
  ], 
  [
   242226.792, 
   -833103.905
  ], 
  [
   -320444.686, 
   -676470.992
  ], 
  [
   -22456.402, 
   -808185.923
  ], 
  [
   -317719.187, 
   499572.502
  ], 
  [
   668419.183, 
   230971.148
  ], 
  [
   51537.68, 
   102425.643
  ], 
  [
   404521.604, 
   647368.62
  ], 
  [
   -399369.734, 
   -244909.757
  ], 
  [
   333375.303, 
   -968782.184
  ], 
  [
   39885.144, 
   -741138.228
  ], 
  [
   360194.274, 
   81957.292
  ], 
  [
   -93940.051, 
   -80709.196
  ], 
  [
   95016.43, 
   -387187.177
  ], 
  [
   -199911.414, 
   -774522.452
  ], 
  [
   -971302.593, 
   -562742.416
  ], 
  [
   -434753.084, 
   -557335.621
  ], 
  [
   -39302.999, 
   909556.419
  ], 
  [
   350955.805, 
   44556.604
  ], 
  [
   363200.417, 
   -287782.139
  ], 
  [
   433182.622, 
   -736974.644
  ], 
  [
   -303156.686, 
   -582378.165
  ], 
  [
   885048.373, 
   319489.847
  ]
 ], 
 "PUV": [
  false, 
  true, 
  true, 
  true, 
  false, 
  false, 
  true, 
  false, 
  true, 
  true, 
  true, 
  false, 
  false, 
  true, 
  false
 ], 
 "LCM": {
  "11": [
   "ANDD", 
   "NOTUSED", 
   "ANDD", 
   "ORR", 
   "NOTUSED", 
   "NOTUSED", 
   "ANDD", 
   "NOTUSED", 
   "ORR", 
   "ORR", 
   "ORR", 
   "ANDD", 
   "ANDD", 
   "ORR", 
   "ORR"
  ], 
  "10": [
   "ORR", 
   "ORR", 
   "NOTUSED", 
   "NOTUSED", 
   "NOTUSED", 
   "ANDD", 
   "ANDD", 
   "NOTUSED", 
   "NOTUSED", 
   "ORR", 
   "NOTUSED", 
   "ORR", 
   "ORR", 
   "ANDD", 
   "ANDD"
  ], 
  "13": [
   "ANDD", 
   "NOTUSED", 
   "ORR", 
   "NOTUSED", 
   "ANDD", 
   "ORR", 
   "NOTUSED", 
   "NOTUSED", 
   "NOTUSED", 
   "NOTUSED", 
   "ANDD", 
   "ORR", 
   "NOTUSED", 
   "NOTUSED", 
   "NOTUSED"
  ], 
  "12": [
   "ANDD", 
   "NOTUSED", 
   "NOTUSED", 
   "ORR", 
   "NOTUSED", 
   "ORR", 
   "ANDD", 
   "ORR", 
   "ANDD", 
   "ANDD", 
   "ORR", 
   "ANDD", 
   "NOTUSED", 
   "NOTUSED", 
   "ANDD"
  ], 
  "14": [
   "ORR", 
   "NOTUSED", 
   "NOTUSED", 
   "NOTUSED", 
   "ORR", 
   "NOTUSED", 
   "ORR", 
   "ANDD", 
   "NOTUSED", 
   "NOTUSED", 
   "ANDD", 
   "ORR", 
   "ANDD", 
   "NOTUSED", 
   "ORR"
  ], 
  "1": [
   "ANDD", 
   "ORR", 
   "ORR", 
   "ORR", 
   "ANDD", 
   "ORR", 
   "ORR", 
   "ORR", 
   "ORR", 
   "NOTUSED", 
   "ORR", 
   "NOTUSED", 
   "NOTUSED", 
   "NOTUSED", 
   "NOTUSED"
  ], 
  "0": [
   "NOTUSED", 
   "ANDD", 
   "NOTUSED", 
   "NOTUSED", 
   "NOTUSED", 
   "NOTUSED", 
   "NOTUSED", 
   "NOTUSED", 
   "ANDD", 
   "ORR", 
   "ORR", 
   "ANDD", 
   "ANDD", 
   "ANDD", 
   "ORR"
  ], 
  "3": [
   "NOTUSED", 
   "ORR", 
   "ANDD", 
   "ORR", 
   "NOTUSED", 
   "NOTUSED", 
   "NOTUSED", 
   "NOTUSED", 
   "ANDD", 
   "ORR", 
   "NOTUSED", 
   "ORR", 
   "ORR", 
   "NOTUSED", 
   "NOTUSED"
  ], 
  "2": [
   "NOTUSED", 
   "ORR", 
   "NOTUSED", 
   "ANDD", 
   "ANDD", 
   "NOTUSED", 
   "ANDD", 
   "ANDD", 
   "NOTUSED", 
   "NOTUSED", 
   "NOTUSED", 
   "ANDD", 
   "NOTUSED", 
   "ORR", 
   "NOTUSED"
  ], 
  "5": [
   "NOTUSED", 
   "ORR", 
   "NOTUSED", 
   "NOTUSED", 
   "NOTUSED", 
   "ORR", 
   "ANDD", 
   "ORR", 
   "ANDD", 
   "ANDD", 
   "ANDD", 
   "NOTUSED", 
   "ORR", 
   "ORR", 
   "NOTUSED"
  ], 
  "4": [
   "NOTUSED", 
   "ANDD", 
   "ANDD", 
   "NOTUSED", 
   "ANDD", 
   "NOTUSED", 
   "ANDD", 
   "NOTUSED", 
   "ORR", 
   "ORR", 
   "NOTUSED", 
   "NOTUSED", 
   "NOTUSED", 
   "ANDD", 
   "ORR"
  ], 
  "7": [
   "NOTUSED", 
   "ORR", 
   "ANDD", 
   "NOTUSED", 
   "NOTUSED", 
   "ORR", 
   "ANDD", 
   "NOTUSED", 
   "ANDD", 
   "ORR", 
   "NOTUSED", 
   "NOTUSED", 
   "ORR", 
   "NOTUSED", 
   "ANDD"
  ], 
  "6": [
   "NOTUSED", 
   "ORR", 
   "ANDD", 
   "NOTUSED", 
   "ANDD", 
   "ANDD", 
   "ANDD", 
   "ANDD", 
   "ORR", 
   "NOTUSED", 
   "ANDD", 
   "ANDD", 
   "ANDD", 
   "NOTUSED", 
   "ORR"
  ], 
  "9": [
   "ORR", 
   "NOTUSED", 
   "NOTUSED", 
   "ORR", 
   "ORR", 
   "ANDD", 
   "NOTUSED", 
   "ORR", 
   "ORR", 
   "NOTUSED", 
   "ORR", 
   "ORR", 
   "ANDD", 
   "NOTUSED", 
   "NOTUSED"
  ], 
  "8": [
   "ANDD", 
   "ORR", 
   "NOTUSED", 
   "ANDD", 
   "ORR", 
   "ANDD", 
   "ORR", 
   "ANDD", 
   "NOTUSED", 
   "ORR", 
   "NOTUSED", 
   "ORR", 
   "ANDD", 
   "NOTUSED", 
   "NOTUSED"
  ]
 }
}