{
 "random_seed": 516363588, 
 "PARAMETERS": {
  "RADIUS1": 530801.83, 
  "QUADS": 3, 
  "RADIUS2": 525105.727, 
  "DIST": 584434.684, 
  "F_PTS": 36, 
  "K_PTS": 11, 
  "EPSILON": 2.193, 
  "LENGTH1": 705033.841, 
  "G_PTS": 35, 
  "Q_PTS": 45, 
  "N_PTS": 48, 
  "C_PTS": 13, 
  "AREA2": 707603.925, 
  "LENGTH2": 820943.118, 
  "B_PTS": 40, 
  "D_PTS": 30, 
  "AREA1": 147160.592, 
  "A_PTS": 1, 
  "E_PTS": 9
 }, 
 "NUMPOINTS": 48, 
 "points": [
  [
   -732926.269, 
   -744275.959
  ], 
  [
   -291118.283, 
   -873232.319
  ], 
  [
   494244.577, 
   988685.109
  ], 
  [
   405046.482, 
   -508096.074
  ], 
  [
   -787838.554, 
   -954006.036
  ], 
  [
   -221492.407, 
   -526933.634
  ], 
  [
   846080.422, 
   -625097.91
  ], 
  [
   -562266.064, 
   283077.578
  ], 
  [
   241817.063, 
   -614942.441
  ], 
  [
   206443.524, 
   -407298.684
  ], 
  [
   -740190.736, 
   -87429.16
  ], 
  [
   -3990.929, 
   247447.301
  ], 
  [
   -789611.101, 
   154278.124
  ], 
  [
   -230621.604, 
   262778.295
  ], 
  [
   915550.812, 
   937973.14
  ], 
  [
   -773274.741, 
   451746.453
  ], 
  [
   138105.524, 
   115270.474
  ], 
  [
   -981906.937, 
   -13254.973
  ], 
  [
   -384502.694, 
   802605.94
  ], 
  [
   -139588.148, 
   -92392.755
  ], 
  [
   199322.381, 
   973772.033
  ], 
  [
   864775.818, 
   486793.272
  ], 
  [
   158034.723, 
   -342800.69
  ], 
  [
   -774881.696, 
   -686032.313
  ], 
  [
   -123800.488, 
   791171.985
  ], 
  [
   -458893.193, 
   332021.369
  ], 
  [
   -868223.314, 
   -231686.889
  ], 
  [
   211809.842, 
   -758594.652
  ], 
  [
   839052.364, 
   697084.943
  ], 
  [
   510594.411, 
   -793262.16
  ], 
  [
   -206457.429, 
   -824715.031
  ], 
  [
   -207649.287, 
   -391585.977
  ], 
  [
   202824.809, 
   276426.706
  ], 
  [
   557489.781, 
   612660.204
  ], 
  [
   433389.339, 
   -276569.045
  ], 
  [
   397250.511, 
   -465805.453
  ], 
  [
   -499028.945, 
   262820.41
  ], 
  [
   562112.036, 
   -415552.036
  ], 
  [
   -467716.247, 
   -422465.01
  ], 
  [
   630096.89, 
   -143717.953
  ], 
  [
   -656311.532, 
   313920.411
  ], 
  [
   935792.545, 
   -989242.637
  ], 
  [
   -739134.823, 
   -875485.509
  ], 
  [
   671244.379, 
   522729.267
  ], 
  [
   598067.302, 
   -619373.845
  ], 
  [
   -675144.152, 
   33014.263
  ], 
  [
   92071.786, 
   -936831.342
  ], 
  [
   -927248.655, 
   -456879.574
  ]
 ], 
 "PUV": [
  false, 
  true, 
  false, 
  true, 
  false, 
  false, 
  true, 
  true, 
  false, 
  true, 
  false, 
  true, 
  false, 
  false, 
  true
 ], 
 "LCM": {
  "11": [
   "NOTUSED", 
   "NOTUSED", 
   "NOTUSED", 
   "ANDD", 
   "ANDD", 
   "ORR", 
   "NOTUSED", 
   "ORR", 
   "ORR", 
   "NOTUSED", 
   "NOTUSED", 
   "ORR", 
   "ORR", 
   "NOTUSED", 
   "NOTUSED"
  ], 
  "10": [
   "ORR", 
   "NOTUSED", 
   "NOTUSED", 
   "NOTUSED", 
   "ORR", 
   "ANDD", 
   "ANDD", 
   "ANDD", 
   "ANDD", 
   "ORR", 
   "ANDD", 
   "NOTUSED", 
   "ANDD", 
   "ORR", 
   "NOTUSED"
  ], 
  "13": [
   "NOTUSED", 
   "NOTUSED", 
   "NOTUSED", 
   "NOTUSED", 
   "ORR", 
   "ANDD", 
   "ORR", 
   "NOTUSED", 
   "ANDD", 
   "ORR", 
   "ORR", 
   "NOTUSED", 
   "NOTUSED", 
   "ORR", 
   "NOTUSED"
  ], 
  "12": [
   "ANDD", 
   "NOTUSED", 
   "NOTUSED", 
   "NOTUSED", 
   "NOTUSED", 
   "NOTUSED", 
   "ORR", 
   "ANDD", 
   "ORR", 
   "NOTUSED", 
   "ANDD", 
   "ORR", 
   "NOTUSED", 
   "NOTUSED", 
   "NOTUSED"
  ], 
  "14": [
   "NOTUSED", 
   "ANDD", 
   "ANDD", 
   "NOTUSED", 
   "ANDD", 
   "ORR", 
   "ORR", 
   "ANDD", 
   "ORR", 
   "NOTUSED", 
   "NOTUSED", 
   "NOTUSED", 
   "NOTUSED", 
   "NOTUSED", 
   "ORR"
  ], 
  "1": [
   "ANDD", 
   "ORR", 
   "ANDD", 
   "ANDD", 
   "ORR", 
   "ORR", 
   "ORR", 
   "ORR", 
   "ORR", 
   "ANDD", 
   "NOTUSED", 
   "NOTUSED", 
   "NOTUSED", 
   "NOTUSED", 
   "ANDD"
  ], 
  "0": [
   "ANDD", 
   "ANDD", 
   "ORR", 
   "ANDD", 
   "ANDD", 
   "ANDD", 
   "NOTUSED", 
   "NOTUSED", 
   "ANDD", 
   "ORR", 
   "ORR", 
   "NOTUSED", 
   "ANDD", 
   "NOTUSED", 
   "NOTUSED"
  ], 
  "3": [
   "ANDD", 
   "ANDD", 
   "ORR", 
   "ANDD", 
   "ORR", 
   "ORR", 
   "NOTUSED", 
   "ANDD", 
   "ORR", 
   "ORR", 
   "NOTUSED", 
   "ANDD", 
   "NOTUSED", 
   "NOTUSED", 
   "NOTUSED"
  ], 
  "2": [
   "ORR", 
   "ANDD", 
   "ANDD", 
   "ORR", 
   "ORR", 
   "NOTUSED", 
   "ORR", 
   "ORR", 
   "ANDD", 
   "NOTUSED", 
   "NOTUSED", 
   "NOTUSED", 
   "NOTUSED", 
   "NOTUSED", 
   "ANDD"
  ], 
  "5": [
   "ANDD", 
   "ORR", 
   "NOTUSED", 
   "ORR", 
   "ANDD", 
   "NOTUSED", 
   "ANDD", 
   "NOTUSED", 
   "NOTUSED", 
   "ANDD", 
   "ANDD", 
   "ORR", 
   "NOTUSED", 
   "ANDD", 
   "ORR"
  ], 
  "4": [
   "ANDD", 
   "ORR", 
   "ORR", 
   "ORR", 
   "NOTUSED", 
   "ANDD", 
   "ANDD", 
   "ANDD", 
   "ORR", 
   "ORR", 
   "ORR", 
   "ANDD", 
   "NOTUSED", 
   "ORR", 
   "ANDD"
  ], 
  "7": [
   "NOTUSED", 
   "ORR", 
   "ORR", 
   "ANDD", 
   "ANDD", 
   "NOTUSED", 
   "ORR", 
   "ORR", 
   "ORR", 
   "ORR", 
   "ANDD", 
   "ORR", 
   "ANDD", 
   "NOTUSED", 
   "ANDD"
  ], 
  "6": [
   "NOTUSED", 
   "ORR", 
   "ORR", 
   "NOTUSED", 
   "ANDD", 
   "ANDD", 
   "ORR", 
   "ORR", 
   "ORR", 
   "NOTUSED", 
   "ANDD", 
   "NOTUSED", 
   "ORR", 
   "ORR", 
   "ORR"
  ], 
  "9": [
   "ORR", 
   "ANDD", 
   "NOTUSED", 
   "ORR", 
   "ORR", 
   "ANDD", 
   "NOTUSED", 
   "ORR", 
   "ORR", 
   "NOTUSED", 
   "ORR", 
   "NOTUSED", 
   "NOTUSED", 
   "ORR", 
   "NOTUSED"
  ], 
  "8": [
   "ANDD", 
   "ORR", 
   "ANDD", 
   "ORR", 
   "ORR", 
   "NOTUSED", 
   "ORR", 
   "ORR", 
   "ORR", 
   "ORR", 
   "ANDD", 
   "ORR", 
   "ORR", 
   "ANDD", 
   "ORR"
  ]
 }
}