{
 "random_seed": 1633971328, 
 "PARAMETERS": {
  "RADIUS1": 181716.57, 
  "QUADS": 2, 
  "RADIUS2": 994620.28, 
  "DIST": 493642.788, 
  "F_PTS": 18, 
  "K_PTS": 11, 
  "EPSILON": 0.689, 
  "LENGTH1": 543961.573, 
  "G_PTS": 49, 
  "Q_PTS": 3, 
  "N_PTS": 51, 
  "C_PTS": 22, 
  "AREA2": 401012.262, 
  "LENGTH2": 490286.275, 
  "B_PTS": 23, 
  "D_PTS": 4, 
  "AREA1": 954923.711, 
  "A_PTS": 25, 
  "E_PTS": 23
 }, 
 "NUMPOINTS": 66, 
 "points": [
  [
   969919.856, 
   554148.186
  ], 
  [
   -380762.761, 
   -745593.069
  ], 
  [
   964914.092, 
   -887661.333
  ], 
  [
   -582271.882, 
   -37515.473
  ], 
  [
   -641499.918, 
   -262476.149
  ], 
  [
   84940.299, 
   823041.21
  ], 
  [
   -705114.528, 
   696198.493
  ], 
  [
   -631632.145, 
   198877.487
  ], 
  [
   566921.384, 
   102113.99
  ], 
  [
   567933.535, 
   -653383.797
  ], 
  [
   -660739.422, 
   974051.58
  ], 
  [
   103561.857, 
   11939.634
  ], 
  [
   -232344.912, 
   -979891.096
  ], 
  [
   -753398.742, 
   335655.734
  ], 
  [
   -746921.472, 
   -776021.886
  ], 
  [
   472849.653, 
   -922599.124
  ], 
  [
   -151819.213, 
   794707.268
  ], 
  [
   -145872.153, 
   -864145.635
  ], 
  [
   -748785.582, 
   903009.615
  ], 
  [
   -730626.404, 
   524426.746
  ], 
  [
   343538.591, 
   -618781.345
  ], 
  [
   829955.518, 
   884267.137
  ], 
  [
   -951035.14, 
   -935545.961
  ], 
  [
   -644459.582, 
   -974688.332
  ], 
  [
   -371837.273, 
   -418627.286
  ], 
  [
   -258505.68, 
   398731.714
  ], 
  [
   -339256.007, 
   857486.471
  ], 
  [
   565828.746, 
   -683378.239
  ], 
  [
   746604.206, 
   -928509.856
  ], 
  [
   -205190.76, 
   -828013.173
  ], 
  [
   -871811.632, 
   -88480.511
  ], 
  [
   -233712.814, 
   793392.36
  ], 
  [
   -157582.055, 
   369448.799
  ], 
  [
   735260.928, 
   238784.62
  ], 
  [
   383158.674, 
   -887332.103
  ], 
  [
   333071.588, 
   480460.323
  ], 
  [
   -880014.331, 
   -994652.691
  ], 
  [
   -212420.423, 
   -771382.747
  ], 
  [
   -783106.34, 
   -129118.348
  ], 
  [
   203671.184, 
   -380913.936
  ], 
  [
   -316836.113, 
   -318359.36
  ], 
  [
   758701.684, 
   -176529.476
  ], 
  [
   -728293.095, 
   557765.529
  ], 
  [
   -195268.099, 
   -903359.057
  ], 
  [
   43772.299, 
   -202812.14
  ], 
  [
   917413.781, 
   -123343.544
  ], 
  [
   -66277.93, 
   196520.857
  ], 
  [
   660076.616, 
   296727.579
  ], 
  [
   -220787.786, 
   -792433.016
  ], 
  [
   140392.462, 
   629490.843
  ], 
  [
   -147372.511, 
   791053.193
  ], 
  [
   -181617.365, 
   188050.175
  ], 
  [
   762882.144, 
   926764.761
  ], 
  [
   108004.304, 
   181004.872
  ], 
  [
   555465.277, 
   271792.112
  ], 
  [
   -105251.909, 
   484104.505
  ], 
  [
   310530.276, 
   985643.266
  ], 
  [
   989030.085, 
   159849.303
  ], 
  [
   -822333.456, 
   750085.189
  ], 
  [
   -765169.424, 
   695182.492
  ], 
  [
   800078.715, 
   -590451.199
  ], 
  [
   420522.742, 
   -133984.149
  ], 
  [
   -859312.586, 
   -630443.963
  ], 
  [
   -80068.929, 
   902965.921
  ], 
  [
   -773394.59, 
   45465.853
  ], 
  [
   293282.831, 
   -824431.997
  ]
 ], 
 "PUV": [
  false, 
  false, 
  false, 
  true, 
  false, 
  true, 
  false, 
  true, 
  false, 
  true, 
  true, 
  true, 
  false, 
  false, 
  true
 ], 
 "LCM": {
  "11": [
   "ANDD", 
   "ORR", 
   "NOTUSED", 
   "ANDD", 
   "NOTUSED", 
   "NOTUSED", 
   "NOTUSED", 
   "NOTUSED", 
   "ORR", 
   "ANDD", 
   "NOTUSED", 
   "NOTUSED", 
   "ORR", 
   "ANDD", 
   "ORR"
  ], 
  "10": [
   "NOTUSED", 
   "ANDD", 
   "ORR", 
   "ORR", 
   "ORR", 
   "ANDD", 
   "NOTUSED", 
   "ORR", 
   "ORR", 
   "NOTUSED", 
   "ORR", 
   "NOTUSED", 
   "ORR", 
   "NOTUSED", 
   "ANDD"
  ], 
  "13": [
   "NOTUSED", 
   "ANDD", 
   "ORR", 
   "ORR", 
   "NOTUSED", 
   "ORR", 
   "ANDD", 
   "ANDD", 
   "ORR", 
   "NOTUSED", 
   "NOTUSED", 
   "ANDD", 
   "ANDD", 
   "ORR", 
   "NOTUSED"
  ], 
  "12": [
   "ANDD", 
   "ORR", 
   "NOTUSED", 
   "ORR", 
   "ORR", 
   "NOTUSED", 
   "NOTUSED", 
   "NOTUSED", 
   "NOTUSED", 
   "ANDD", 
   "ORR", 
   "ORR", 
   "ANDD", 
   "ANDD", 
   "NOTUSED"
  ], 
  "14": [
   "NOTUSED", 
   "NOTUSED", 
   "ORR", 
   "ORR", 
   "ANDD", 
   "ANDD", 
   "ANDD", 
   "ANDD", 
   "ANDD", 
   "ORR", 
   "ANDD", 
   "ORR", 
   "NOTUSED", 
   "NOTUSED", 
   "NOTUSED"
  ], 
  "1": [
   "ANDD", 
   "ORR", 
   "ANDD", 
   "ORR", 
   "ORR", 
   "NOTUSED", 
   "NOTUSED", 
   "NOTUSED", 
   "ANDD", 
   "ORR", 
   "ANDD", 
   "ORR", 
   "ORR", 
   "ANDD", 
   "NOTUSED"
  ], 
  "0": [
   "ORR", 
   "ANDD", 
   "ANDD", 
   "NOTUSED", 
   "ORR", 
   "NOTUSED", 
   "ANDD", 
   "ANDD", 
   "ORR", 
   "ORR", 
   "NOTUSED", 
   "ANDD", 
   "ANDD", 
   "NOTUSED", 
   "NOTUSED"
  ], 
  "3": [
   "NOTUSED", 
   "ORR", 
   "ANDD", 
   "NOTUSED", 
   "ORR", 
   "ORR", 
   "NOTUSED", 
   "NOTUSED", 
   "NOTUSED", 
   "NOTUSED", 
   "ORR", 
   "ANDD", 
   "ORR", 
   "ORR", 
   "ORR"
  ], 
  "2": [
   "ANDD", 
   "ANDD", 
   "NOTUSED", 
   "ANDD", 
   "NOTUSED", 
   "ANDD", 
   "NOTUSED", 
   "ORR", 
   "NOTUSED", 
   "NOTUSED", 
   "ORR", 
   "NOTUSED", 
   "NOTUSED", 
   "ORR", 
   "ORR"
  ], 
  "5": [
   "NOTUSED", 
   "NOTUSED", 
   "ANDD", 
   "ORR", 
   "ORR", 
   "ANDD", 
   "ORR", 
   "NOTUSED", 
   "ORR", 
   "ANDD", 
   "ANDD", 
   "NOTUSED", 
   "NOTUSED", 
   "ORR", 
   "ANDD"
  ], 
  "4": [
   "ORR", 
   "ORR", 
   "NOTUSED", 
   "ORR", 
   "ORR", 
   "ORR", 
   "NOTUSED", 
   "ANDD", 
   "ORR", 
   "NOTUSED", 
   "ORR", 
   "NOTUSED", 
   "ORR", 
   "NOTUSED", 
   "ANDD"
  ], 
  "7": [
   "ANDD", 
   "NOTUSED", 
   "ORR", 
   "NOTUSED", 
   "ANDD", 
   "NOTUSED", 
   "NOTUSED", 
   "ORR", 
   "NOTUSED", 
   "NOTUSED", 
   "ORR", 
   "NOTUSED", 
   "NOTUSED", 
   "ANDD", 
   "ANDD"
  ], 
  "6": [
   "ANDD", 
   "NOTUSED", 
   "NOTUSED", 
   "NOTUSED", 
   "NOTUSED", 
   "ORR", 
   "NOTUSED", 
   "NOTUSED", 
   "ANDD", 
   "NOTUSED", 
   "NOTUSED", 
   "NOTUSED", 
   "NOTUSED", 
   "ANDD", 
   "ANDD"
  ], 
  "9": [
   "ORR", 
   "ORR", 
   "NOTUSED", 
   "NOTUSED", 
   "NOTUSED", 
   "ANDD", 
   "NOTUSED", 
   "NOTUSED", 
   "ANDD", 
   "ORR", 
   "NOTUSED", 
   "ANDD", 
   "ANDD", 
   "NOTUSED", 
   "ORR"
  ], 
  "8": [
   "ORR", 
   "ANDD", 
   "NOTUSED", 
   "NOTUSED", 
   "ORR", 
   "ORR", 
   "ANDD", 
   "NOTUSED", 
   "NOTUSED", 
   "ANDD", 
   "ORR", 
   "ORR", 
   "NOTUSED", 
   "ORR", 
   "ANDD"
  ]
 }
}