{
 "random_seed": 3703453868, 
 "PARAMETERS": {
  "RADIUS1": 603188.936, 
  "QUADS": 2, 
  "RADIUS2": 714714.815, 
  "DIST": 69887.901, 
  "F_PTS": 14, 
  "K_PTS": 18, 
  "EPSILON": 3.039, 
  "LENGTH1": 153343.766, 
  "G_PTS": 39, 
  "Q_PTS": 42, 
  "N_PTS": 11, 
  "C_PTS": 37, 
  "AREA2": 974027.008, 
  "LENGTH2": 520678.875, 
  "B_PTS": 5, 
  "D_PTS": 23, 
  "AREA1": 27581.389, 
  "A_PTS": 51, 
  "E_PTS": 1
 }, 
 "NUMPOINTS": 66, 
 "points": [
  [
   -658131.154, 
   821643.127
  ], 
  [
   -909939.594, 
   -207651.735
  ], 
  [
   -197307.292, 
   547187.045
  ], 
  [
   69670.3, 
   405779.6
  ], 
  [
   -965663.84, 
   -29361.058
  ], 
  [
   -742260.946, 
   -204126.274
  ], 
  [
   -274261.607, 
   -134387.919
  ], 
  [
   138777.393, 
   -863677.335
  ], 
  [
   992207.094, 
   550958.526
  ], 
  [
   -301590.933, 
   -322079.295
  ], 
  [
   538598.669, 
   520574.974
  ], 
  [
   723899.658, 
   -167031.288
  ], 
  [
   159444.023, 
   9845.748
  ], 
  [
   235562.736, 
   508429.323
  ], 
  [
   414339.818, 
   -38388.12
  ], 
  [
   253106.531, 
   445448.376
  ], 
  [
   668303.823, 
   -997632.378
  ], 
  [
   -66342.173, 
   752361.354
  ], 
  [
   601239.964, 
   34731.96
  ], 
  [
   -727100.233, 
   499515.288
  ], 
  [
   -888272.282, 
   -275616.79
  ], 
  [
   -570070.808, 
   -484814.395
  ], 
  [
   242801.009, 
   11059.63
  ], 
  [
   967283.583, 
   -855156.273
  ], 
  [
   -869377.295, 
   651558.276
  ], 
  [
   -694092.949, 
   -603470.746
  ], 
  [
   -687448.07, 
   -843533.072
  ], 
  [
   442822.769, 
   -868244.517
  ], 
  [
   -618154.567, 
   556344.361
  ], 
  [
   -584147.973, 
   -213260.824
  ], 
  [
   299469.186, 
   -933586.803
  ], 
  [
   76597.663, 
   713719.167
  ], 
  [
   766063.835, 
   919600.273
  ], 
  [
   -986452.08, 
   -631442.322
  ], 
  [
   440639.296, 
   -266851.995
  ], 
  [
   -625569.654, 
   945664.461
  ], 
  [
   707060.538, 
   159055.833
  ], 
  [
   632304.322, 
   863599.426
  ], 
  [
   416309.531, 
   -644142.794
  ], 
  [
   18951.781, 
   -679835.479
  ], 
  [
   -159470.286, 
   -567344.24
  ], 
  [
   542159.026, 
   -460219.043
  ], 
  [
   -980454.681, 
   833309.322
  ], 
  [
   995905.141, 
   98704.054
  ], 
  [
   699588.098, 
   -29740.812
  ], 
  [
   112473.332, 
   533365.231
  ], 
  [
   370281.421, 
   741097.333
  ], 
  [
   -743172.31, 
   -547433.835
  ], 
  [
   428004.331, 
   627493.256
  ], 
  [
   -127469.461, 
   -149823.792
  ], 
  [
   925637.395, 
   -316342.427
  ], 
  [
   970272.055, 
   65498.223
  ], 
  [
   -99086.235, 
   522429.17
  ], 
  [
   -990509.62, 
   450923.487
  ], 
  [
   447737.707, 
   711258.27
  ], 
  [
   296960.733, 
   -253324.661
  ], 
  [
   997546.134, 
   76623.156
  ], 
  [
   236747.491, 
   257577.349
  ], 
  [
   -133058.643, 
   129454.323
  ], 
  [
   -85618.915, 
   -921535.472
  ], 
  [
   -682403.164, 
   -787779.024
  ], 
  [
   -907587.029, 
   451649.527
  ], 
  [
   212623.573, 
   -765220.487
  ], 
  [
   -689900.194, 
   -410118.65
  ], 
  [
   807265.176, 
   157718.941
  ], 
  [
   -577757.476, 
   -838145.848
  ]
 ], 
 "PUV": [
  false, 
  false, 
  true, 
  true, 
  false, 
  true, 
  false, 
  false, 
  true, 
  true, 
  true, 
  false, 
  false, 
  true, 
  true
 ], 
 "LCM": {
  "11": [
   "ORR", 
   "NOTUSED", 
   "ORR", 
   "ORR", 
   "ORR", 
   "ANDD", 
   "ORR", 
   "NOTUSED", 
   "NOTUSED", 
   "ORR", 
   "ANDD", 
   "ORR", 
   "ANDD", 
   "ANDD", 
   "ORR"
  ], 
  "10": [
   "ORR", 
   "NOTUSED", 
   "ANDD", 
   "NOTUSED", 
   "ORR", 
   "ANDD", 
   "ANDD", 
   "ANDD", 
   "NOTUSED", 
   "NOTUSED", 
   "NOTUSED", 
   "ANDD", 
   "NOTUSED", 
   "NOTUSED", 
   "ORR"
  ], 
  "13": [
   "NOTUSED", 
   "ORR", 
   "NOTUSED", 
   "NOTUSED", 
   "NOTUSED", 
   "NOTUSED", 
   "NOTUSED", 
   "ORR", 
   "ORR", 
   "ANDD", 
   "NOTUSED", 
   "ANDD", 
   "NOTUSED", 
   "NOTUSED", 
   "ORR"
  ], 
  "12": [
   "NOTUSED", 
   "ORR", 
   "ANDD", 
   "ANDD", 
   "ORR", 
   "ORR", 
   "ORR", 
   "ANDD", 
   "NOTUSED", 
   "ANDD", 
   "NOTUSED", 
   "ANDD", 
   "ORR", 
   "NOTUSED", 
   "ORR"
  ], 
  "14": [
   "ANDD", 
   "ANDD", 
   "ORR", 
   "ORR", 
   "ORR", 
   "NOTUSED", 
   "ORR", 
   "ANDD", 
   "NOTUSED", 
   "ORR", 
   "ORR", 
   "ORR", 
   "ORR", 
   "ORR", 
   "ORR"
  ], 
  "1": [
   "ORR", 
   "NOTUSED", 
   "NOTUSED", 
   "ORR", 
   "NOTUSED", 
   "ANDD", 
   "NOTUSED", 
   "ANDD", 
   "ANDD", 
   "ORR", 
   "NOTUSED", 
   "NOTUSED", 
   "ORR", 
   "ORR", 
   "ANDD"
  ], 
  "0": [
   "ORR", 
   "ORR", 
   "NOTUSED", 
   "ORR", 
   "ORR", 
   "ANDD", 
   "ORR", 
   "NOTUSED", 
   "ORR", 
   "ANDD", 
   "ORR", 
   "ORR", 
   "NOTUSED", 
   "NOTUSED", 
   "ANDD"
  ], 
  "3": [
   "ORR", 
   "ORR", 
   "ANDD", 
   "ANDD", 
   "ANDD", 
   "ORR", 
   "NOTUSED", 
   "NOTUSED", 
   "NOTUSED", 
   "NOTUSED", 
   "NOTUSED", 
   "ORR", 
   "ANDD", 
   "NOTUSED", 
   "ORR"
  ], 
  "2": [
   "NOTUSED", 
   "NOTUSED", 
   "NOTUSED", 
   "ANDD", 
   "ANDD", 
   "ORR", 
   "NOTUSED", 
   "NOTUSED", 
   "ORR", 
   "ORR", 
   "ANDD", 
   "ORR", 
   "ANDD", 
   "NOTUSED", 
   "ORR"
  ], 
  "5": [
   "ANDD", 
   "ANDD", 
   "ORR", 
   "ORR", 
   "ANDD", 
   "ORR", 
   "ORR", 
   "NOTUSED", 
   "NOTUSED", 
   "NOTUSED", 
   "ANDD", 
   "ANDD", 
   "ORR", 
   "NOTUSED", 
   "NOTUSED"
  ], 
  "4": [
   "ORR", 
   "NOTUSED", 
   "ANDD", 
   "ANDD", 
   "ANDD", 
   "ANDD", 
   "ANDD", 
   "ORR", 
   "ORR", 
   "ANDD", 
   "ORR", 
   "ORR", 
   "ORR", 
   "NOTUSED", 
   "ORR"
  ], 
  "7": [
   "NOTUSED", 
   "ANDD", 
   "NOTUSED", 
   "NOTUSED", 
   "ORR", 
   "NOTUSED", 
   "ORR", 
   "ANDD", 
   "ORR", 
   "NOTUSED", 
   "ANDD", 
   "NOTUSED", 
   "ANDD", 
   "ORR", 
   "ANDD"
  ], 
  "6": [
   "ORR", 
   "NOTUSED", 
   "NOTUSED", 
   "NOTUSED", 
   "ANDD", 
   "ORR", 
   "NOTUSED", 
   "ORR", 
   "NOTUSED", 
   "NOTUSED", 
   "ANDD", 
   "ORR", 
   "ORR", 
   "NOTUSED", 
   "ORR"
  ], 
  "9": [
   "ANDD", 
   "ORR", 
   "ORR", 
   "NOTUSED", 
   "ANDD", 
   "NOTUSED", 
   "NOTUSED", 
   "NOTUSED", 
   "NOTUSED", 
   "NOTUSED", 
   "NOTUSED", 
   "ORR", 
   "ANDD", 
   "ANDD", 
   "ORR"
  ], 
  "8": [
   "ORR", 
   "ANDD", 
   "ORR", 
   "NOTUSED", 
   "ORR", 
   "NOTUSED", 
   "NOTUSED", 
   "ORR", 
   "ORR", 
   "NOTUSED", 
   "NOTUSED", 
   "NOTUSED", 
   "NOTUSED", 
   "ORR", 
   "NOTUSED"
  ]
 }
}