{
 "random_seed": 4289297088, 
 "PARAMETERS": {
  "RADIUS1": 445359.472, 
  "QUADS": 1, 
  "RADIUS2": 152444.293, 
  "DIST": 499588.355, 
  "F_PTS": 5, 
  "K_PTS": 2, 
  "EPSILON": 2.849, 
  "LENGTH1": 577542.575, 
  "G_PTS": 15, 
  "Q_PTS": 16, 
  "N_PTS": 4, 
  "C_PTS": 9, 
  "AREA2": 229908.247, 
  "LENGTH2": 745793.28, 
  "B_PTS": 19, 
  "D_PTS": 9, 
  "AREA1": 666199.536, 
  "A_PTS": 1, 
  "E_PTS": 8
 }, 
 "NUMPOINTS": 24, 
 "points": [
  [
   688035.556, 
   -443681.238
  ], 
  [
   -328685.166, 
   716265.221
  ], 
  [
   -302366.244, 
   535606.525
  ], 
  [
   288628.076, 
   -903956.648
  ], 
  [
   -990848.602, 
   103996.401
  ], 
  [
   -907697.603, 
   -857787.388
  ], 
  [
   668280.942, 
   -221627.505
  ], 
  [
   -586245.285, 
   717831.913
  ], 
  [
   -616386.13, 
   -783284.967
  ], 
  [
   -345609.259, 
   941722.14
  ], 
  [
   -384738.39, 
   -465570.842
  ], 
  [
   -962190.595, 
   456894.561
  ], 
  [
   422830.059, 
   -207844.425
  ], 
  [
   577611.815, 
   -100520.525
  ], 
  [
   762631.305, 
   -861703.956
  ], 
  [
   577944.127, 
   -579488.57
  ], 
  [
   -248925.812, 
   -442821.069
  ], 
  [
   57473.485, 
   963100.514
  ], 
  [
   818936.693, 
   -347536.068
  ], 
  [
   540644.539, 
   296442.397
  ], 
  [
   343697.781, 
   370691.436
  ], 
  [
   -841375.647, 
   -359406.687
  ], 
  [
   -152137.266, 
   -429254.216
  ], 
  [
   -817824.057, 
   858000.948
  ]
 ], 
 "PUV": [
  true, 
  false, 
  false, 
  false, 
  true, 
  false, 
  false, 
  false, 
  true, 
  false, 
  true, 
  true, 
  false, 
  true, 
  false
 ], 
 "LCM": {
  "11": [
   "ORR", 
   "NOTUSED", 
   "ORR", 
   "NOTUSED", 
   "ORR", 
   "NOTUSED", 
   "ANDD", 
   "NOTUSED", 
   "ORR", 
   "NOTUSED", 
   "ANDD", 
   "ANDD", 
   "ANDD", 
   "ORR", 
   "ORR"
  ], 
  "10": [
   "ANDD", 
   "NOTUSED", 
   "NOTUSED", 
   "NOTUSED", 
   "NOTUSED", 
   "NOTUSED", 
   "NOTUSED", 
   "NOTUSED", 
   "ANDD", 
   "NOTUSED", 
   "NOTUSED", 
   "ANDD", 
   "ORR", 
   "ORR", 
   "ORR"
  ], 
  "13": [
   "ANDD", 
   "NOTUSED", 
   "ORR", 
   "ORR", 
   "NOTUSED", 
   "ANDD", 
   "NOTUSED", 
   "ORR", 
   "NOTUSED", 
   "NOTUSED", 
   "ORR", 
   "ORR", 
   "NOTUSED", 
   "NOTUSED", 
   "NOTUSED"
  ], 
  "12": [
   "ANDD", 
   "NOTUSED", 
   "ORR", 
   "ANDD", 
   "ANDD", 
   "ANDD", 
   "NOTUSED", 
   "ORR", 
   "NOTUSED", 
   "ORR", 
   "ORR", 
   "ANDD", 
   "ORR", 
   "NOTUSED", 
   "NOTUSED"
  ], 
  "14": [
   "ORR", 
   "ORR", 
   "NOTUSED", 
   "NOTUSED", 
   "ORR", 
   "ORR", 
   "ANDD", 
   "ORR", 
   "ANDD", 
   "NOTUSED", 
   "ORR", 
   "ORR", 
   "NOTUSED", 
   "NOTUSED", 
   "ANDD"
  ], 
  "1": [
   "ANDD", 
   "ORR", 
   "ANDD", 
   "ORR", 
   "ORR", 
   "ORR", 
   "ANDD", 
   "NOTUSED", 
   "ANDD", 
   "NOTUSED", 
   "NOTUSED", 
   "NOTUSED", 
   "NOTUSED", 
   "NOTUSED", 
   "ORR"
  ], 
  "0": [
   "NOTUSED", 
   "ANDD", 
   "ORR", 
   "ORR", 
   "ANDD", 
   "ORR", 
   "NOTUSED", 
   "ANDD", 
   "ORR", 
   "ANDD", 
   "ANDD", 
   "ORR", 
   "ANDD", 
   "ANDD", 
   "ORR"
  ], 
  "3": [
   "ORR", 
   "ORR", 
   "NOTUSED", 
   "ORR", 
   "NOTUSED", 
   "ORR", 
   "NOTUSED", 
   "ORR", 
   "NOTUSED", 
   "ORR", 
   "NOTUSED", 
   "NOTUSED", 
   "ANDD", 
   "ORR", 
   "NOTUSED"
  ], 
  "2": [
   "ORR", 
   "ANDD", 
   "ANDD", 
   "NOTUSED", 
   "ORR", 
   "NOTUSED", 
   "ANDD", 
   "ANDD", 
   "NOTUSED", 
   "ANDD", 
   "NOTUSED", 
   "ORR", 
   "ORR", 
   "ORR", 
   "NOTUSED"
  ], 
  "5": [
   "ORR", 
   "ORR", 
   "NOTUSED", 
   "ORR", 
   "ANDD", 
   "ORR", 
   "ORR", 
   "ANDD", 
   "NOTUSED", 
   "NOTUSED", 
   "NOTUSED", 
   "NOTUSED", 
   "ANDD", 
   "ANDD", 
   "ORR"
  ], 
  "4": [
   "ANDD", 
   "ORR", 
   "ORR", 
   "NOTUSED", 
   "ORR", 
   "ANDD", 
   "ORR", 
   "ORR", 
   "NOTUSED", 
   "ANDD", 
   "NOTUSED", 
   "ORR", 
   "ANDD", 
   "NOTUSED", 
   "ORR"
  ], 
  "7": [
   "ANDD", 
   "NOTUSED", 
   "ANDD", 
   "ORR", 
   "ORR", 
   "ANDD", 
   "ORR", 
   "ANDD", 
   "NOTUSED", 
   "ORR", 
   "NOTUSED", 
   "NOTUSED", 
   "ORR", 
   "ORR", 
   "ORR"
  ], 
  "6": [
   "NOTUSED", 
   "ANDD", 
   "ANDD", 
   "NOTUSED", 
   "ORR", 
   "ORR", 
   "ANDD", 
   "ORR", 
   "ANDD", 
   "ORR", 
   "NOTUSED", 
   "ANDD", 
   "NOTUSED", 
   "NOTUSED", 
   "ANDD"
  ], 
  "9": [
   "ANDD", 
   "NOTUSED", 
   "ANDD", 
   "ORR", 
   "ANDD", 
   "NOTUSED", 
   "ORR", 
   "ORR", 
   "ANDD", 
   "ORR", 
   "NOTUSED", 
   "NOTUSED", 
   "ORR", 
   "NOTUSED", 
   "NOTUSED"
  ], 
  "8": [
   "ORR", 
   "ANDD", 
   "NOTUSED", 
   "NOTUSED", 
   "NOTUSED", 
   "NOTUSED", 
   "ANDD", 
   "NOTUSED", 
   "ANDD", 
   "ANDD", 
   "ANDD", 
   "ORR", 
   "NOTUSED", 
   "NOTUSED", 
   "ANDD"
  ]
 }
}