{
 "random_seed": 1395118644, 
 "PARAMETERS": {
  "RADIUS1": 593700.208, 
  "QUADS": 1, 
  "RADIUS2": 828228.575, 
  "DIST": 355830.456, 
  "F_PTS": 1, 
  "K_PTS": 25, 
  "EPSILON": 0.794, 
  "LENGTH1": 850043.535, 
  "G_PTS": 76, 
  "Q_PTS": 18, 
  "N_PTS": 91, 
  "C_PTS": 41, 
  "AREA2": 174246.815, 
  "LENGTH2": 732002.248, 
  "B_PTS": 64, 
  "D_PTS": 25, 
  "AREA1": 715718.448, 
  "A_PTS": 20, 
  "E_PTS": 16
 }, 
 "NUMPOINTS": 98, 
 "points": [
  [
   253418.317, 
   -670694.561
  ], 
  [
   -735570.617, 
   501820.807
  ], 
  [
   -915081.55, 
   317467.871
  ], 
  [
   327148.848, 
   159882.759
  ], 
  [
   996049.853, 
   -499504.703
  ], 
  [
   622633.268, 
   458417.379
  ], 
  [
   -588842.006, 
   -524881.743
  ], 
  [
   768716.612, 
   -436080.68
  ], 
  [
   -326602.675, 
   -566401.209
  ], 
  [
   -931985.565, 
   256605.365
  ], 
  [
   452155.466, 
   427554.236
  ], 
  [
   219354.581, 
   409441.398
  ], 
  [
   749862.92, 
   -787039.993
  ], 
  [
   -105879.768, 
   -702390.305
  ], 
  [
   -117829.307, 
   -52224.464
  ], 
  [
   612846.72, 
   514039.271
  ], 
  [
   288341.645, 
   -284957.55
  ], 
  [
   -479117.174, 
   -580920.335
  ], 
  [
   -873832.976, 
   -832383.575
  ], 
  [
   846443.949, 
   369262.492
  ], 
  [
   -917094.858, 
   -433881.707
  ], 
  [
   729111.042, 
   -283628.106
  ], 
  [
   -884276.18, 
   -169507.071
  ], 
  [
   688486.904, 
   449855.736
  ], 
  [
   3581.329, 
   -328362.24
  ], 
  [
   -68970.448, 
   17469.295
  ], 
  [
   -289605.724, 
   616419.355
  ], 
  [
   -323941.804, 
   762743.306
  ], 
  [
   -791123.539, 
   -312110.585
  ], 
  [
   -859740.063, 
   184147.458
  ], 
  [
   -821928.012, 
   -105834.458
  ], 
  [
   724716.82, 
   -220451.066
  ], 
  [
   286578.941, 
   457091.047
  ], 
  [
   -81521.378, 
   845582.402
  ], 
  [
   -633433.705, 
   -548944.692
  ], 
  [
   405460.826, 
   969945.93
  ], 
  [
   -908849.317, 
   -902210.334
  ], 
  [
   881091.887, 
   387999.322
  ], 
  [
   206184.205, 
   933873.783
  ], 
  [
   -980621.241, 
   -624237.736
  ], 
  [
   -759769.822, 
   764746.181
  ], 
  [
   736023.109, 
   -34120.507
  ], 
  [
   -300606.408, 
   386382.814
  ], 
  [
   -401031.113, 
   657388.228
  ], 
  [
   -59019.122, 
   558614.372
  ], 
  [
   314731.635, 
   579044.008
  ], 
  [
   345098.761, 
   -465934.05
  ], 
  [
   955201.912, 
   80028.632
  ], 
  [
   -635523.263, 
   547465.479
  ], 
  [
   -100763.238, 
   661127.964
  ], 
  [
   741251.247, 
   817694.706
  ], 
  [
   -730434.651, 
   977660.441
  ], 
  [
   -527193.366, 
   -233121.009
  ], 
  [
   -947199.12, 
   -764707.141
  ], 
  [
   -885371.212, 
   463042.414
  ], 
  [
   15605.455, 
   780026.54
  ], 
  [
   132836.626, 
   638308.502
  ], 
  [
   317643.928, 
   5488.448
  ], 
  [
   -468709.763, 
   -780603.161
  ], 
  [
   295052.952, 
   -406604.666
  ], 
  [
   812543.141, 
   567629.281
  ], 
  [
   173275.739, 
   -653111.873
  ], 
  [
   633740.298, 
   638814.225
  ], 
  [
   -87140.635, 
   669322.423
  ], 
  [
   289700.634, 
   4960.812
  ], 
  [
   -335255.145, 
   198898.404
  ], 
  [
   859702.429, 
   -447776.557
  ], 
  [
   749427.517, 
   609865.532
  ], 
  [
   -509003.967, 
   -294176.252
  ], 
  [
   -583555.455, 
   724545.972
  ], 
  [
   659600.157, 
   952826.592
  ], 
  [
   -145210.493, 
   -303020.404
  ], 
  [
   317154.897, 
   366116.718
  ], 
  [
   -814345.18, 
   804952.574
  ], 
  [
   443324.761, 
   -917699.214
  ], 
  [
   312066.411, 
   -891404.184
  ], 
  [
   621372.57, 
   -317618.968
  ], 
  [
   281743.09, 
   703155.838
  ], 
  [
   622762.867, 
   -684956.584
  ], 
  [
   -938692.089, 
   672030.758
  ], 
  [
   -193696.477, 
   58545.74
  ], 
  [
   -515445.706, 
   -755653.407
  ], 
  [
   -446029.864, 
   561156.714
  ], 
  [
   -775711.443, 
   299758.883
  ], 
  [
   -373742.436, 
   909540.637
  ], 
  [
   -533580.856, 
   199791.865
  ], 
  [
   292647.926, 
   35357.448
  ], 
  [
   -956206.482, 
   -840973.72
  ], 
  [
   189387.009, 
   -770175.192
  ], 
  [
   -808536.664, 
   674464.571
  ], 
  [
   269241.014, 
   925512.958
  ], 
  [
   -605321.277, 
   701894.465
  ], 
  [
   -140400.154, 
   -11513.794
  ], 
  [
   275399.551, 
   673075.348
  ], 
  [
   -923052.701, 
   780469.788
  ], 
  [
   -199504.801, 
   714605.943
  ], 
  [
   -166997.859, 
   -595898.378
  ], 
  [
   -694822.714, 
   -196647.138
  ]
 ], 
 "PUV": [
  true, 
  true, 
  true, 
  true, 
  true, 
  false, 
  false, 
  true, 
  true, 
  true, 
  true, 
  false, 
  false, 
  true, 
  false
 ], 
 "LCM": {
  "11": [
   "ANDD", 
   "ANDD", 
   "ANDD", 
   "ANDD", 
   "NOTUSED", 
   "ORR", 
   "NOTUSED", 
   "NOTUSED", 
   "ANDD", 
   "ANDD", 
   "NOTUSED", 
   "NOTUSED", 
   "ANDD", 
   "ORR", 
   "ORR"
  ], 
  "10": [
   "NOTUSED", 
   "ANDD", 
   "NOTUSED", 
   "ANDD", 
   "ORR", 
   "NOTUSED", 
   "ORR", 
   "NOTUSED", 
   "ANDD", 
   "NOTUSED", 
   "ORR", 
   "NOTUSED", 
   "ORR", 
   "ANDD", 
   "NOTUSED"
  ], 
  "13": [
   "ORR", 
   "NOTUSED", 
   "ORR", 
   "ANDD", 
   "NOTUSED", 
   "ORR", 
   "NOTUSED", 
   "ANDD", 
   "NOTUSED", 
   "NOTUSED", 
   "ANDD", 
   "ORR", 
   "NOTUSED", 
   "ORR", 
   "ORR"
  ], 
  "12": [
   "ANDD", 
   "ORR", 
   "ANDD", 
   "ANDD", 
   "ORR", 
   "NOTUSED", 
   "ANDD", 
   "ANDD", 
   "NOTUSED", 
   "ORR", 
   "ORR", 
   "ANDD", 
   "NOTUSED", 
   "NOTUSED", 
   "NOTUSED"
  ], 
  "14": [
   "NOTUSED", 
   "ANDD", 
   "ANDD", 
   "NOTUSED", 
   "ANDD", 
   "ANDD", 
   "ANDD", 
   "NOTUSED", 
   "NOTUSED", 
   "NOTUSED", 
   "NOTUSED", 
   "ORR", 
   "NOTUSED", 
   "ORR", 
   "ANDD"
  ], 
  "1": [
   "NOTUSED", 
   "ANDD", 
   "ANDD", 
   "ORR", 
   "ORR", 
   "ANDD", 
   "NOTUSED", 
   "NOTUSED", 
   "ORR", 
   "ANDD", 
   "ANDD", 
   "ANDD", 
   "ORR", 
   "NOTUSED", 
   "ANDD"
  ], 
  "0": [
   "NOTUSED", 
   "NOTUSED", 
   "NOTUSED", 
   "ANDD", 
   "ANDD", 
   "ORR", 
   "ORR", 
   "ANDD", 
   "NOTUSED", 
   "ANDD", 
   "NOTUSED", 
   "ANDD", 
   "ANDD", 
   "ORR", 
   "NOTUSED"
  ], 
  "3": [
   "ANDD", 
   "ORR", 
   "NOTUSED", 
   "ORR", 
   "NOTUSED", 
   "NOTUSED", 
   "ANDD", 
   "ORR", 
   "ORR", 
   "NOTUSED", 
   "ANDD", 
   "ANDD", 
   "ANDD", 
   "ANDD", 
   "NOTUSED"
  ], 
  "2": [
   "NOTUSED", 
   "ANDD", 
   "ANDD", 
   "NOTUSED", 
   "ORR", 
   "ORR", 
   "ANDD", 
   "ORR", 
   "ANDD", 
   "NOTUSED", 
   "NOTUSED", 
   "ANDD", 
   "ANDD", 
   "ORR", 
   "ANDD"
  ], 
  "5": [
   "ORR", 
   "ANDD", 
   "ORR", 
   "NOTUSED", 
   "ANDD", 
   "ANDD", 
   "NOTUSED", 
   "ANDD", 
   "ANDD", 
   "ORR", 
   "NOTUSED", 
   "ORR", 
   "NOTUSED", 
   "ORR", 
   "ANDD"
  ], 
  "4": [
   "ANDD", 
   "ORR", 
   "ORR", 
   "NOTUSED", 
   "NOTUSED", 
   "ANDD", 
   "NOTUSED", 
   "ORR", 
   "ORR", 
   "NOTUSED", 
   "ORR", 
   "NOTUSED", 
   "ORR", 
   "NOTUSED", 
   "ANDD"
  ], 
  "7": [
   "ANDD", 
   "NOTUSED", 
   "ORR", 
   "ORR", 
   "ORR", 
   "ANDD", 
   "ORR", 
   "ORR", 
   "NOTUSED", 
   "ANDD", 
   "NOTUSED", 
   "NOTUSED", 
   "ANDD", 
   "ANDD", 
   "NOTUSED"
  ], 
  "6": [
   "ORR", 
   "NOTUSED", 
   "ANDD", 
   "ANDD", 
   "NOTUSED", 
   "NOTUSED", 
   "ANDD", 
   "ORR", 
   "ORR", 
   "ANDD", 
   "ORR", 
   "NOTUSED", 
   "ANDD", 
   "NOTUSED", 
   "ANDD"
  ], 
  "9": [
   "ANDD", 
   "ANDD", 
   "NOTUSED", 
   "NOTUSED", 
   "NOTUSED", 
   "ORR", 
   "ANDD", 
   "ANDD", 
   "ORR", 
   "NOTUSED", 
   "NOTUSED", 
   "ANDD", 
   "ORR", 
   "NOTUSED", 
   "NOTUSED"
  ], 
  "8": [
   "NOTUSED", 
   "ORR", 
   "ANDD", 
   "ORR", 
   "ORR", 
   "ANDD", 
   "ORR", 
   "NOTUSED", 
   "ORR", 
   "ORR", 
   "ANDD", 
   "ANDD", 
   "NOTUSED", 
   "NOTUSED", 
   "NOTUSED"
  ]
 }
}