{
 "random_seed": 1255076616, 
 "PARAMETERS": {
  "RADIUS1": 604102.832, 
  "QUADS": 3, 
  "RADIUS2": 179032.361, 
  "DIST": 616532.292, 
  "F_PTS": 30, 
  "K_PTS": 21, 
  "EPSILON": 2.39, 
  "LENGTH1": 293461.406, 
  "G_PTS": 63, 
  "Q_PTS": 64, 
  "N_PTS": 41, 
  "C_PTS": 35, 
  "AREA2": 788707.986, 
  "LENGTH2": 712855.361, 
  "B_PTS": 9, 
  "D_PTS": 14, 
  "AREA1": 903902.418, 
  "A_PTS": 44, 
  "E_PTS": 19
 }, 
 "NUMPOINTS": 81, 
 "points": [
  [
   392206.754, 
   -279083.206
  ], 
  [
   393499.929, 
   -798442.482
  ], 
  [
   833484.933, 
   -289658.495
  ], 
  [
   769272.733, 
   -267205.272
  ], 
  [
   191289.128, 
   -937175.107
  ], 
  [
   -653664.904, 
   -261854.592
  ], 
  [
   604681.969, 
   599615.991
  ], 
  [
   -890062.622, 
   496967.929
  ], 
  [
   -916325.523, 
   882721.337
  ], 
  [
   -452965.707, 
   -596594.968
  ], 
  [
   113358.565, 
   370822.691
  ], 
  [
   -735766.004, 
   726063.347
  ], 
  [
   -29295.961, 
   -932034.852
  ], 
  [
   -412836.078, 
   668454.877
  ], 
  [
   888251.754, 
   533200.167
  ], 
  [
   511002.047, 
   -126702.024
  ], 
  [
   -395768.088, 
   -931366.136
  ], 
  [
   -97959.445, 
   -463978.206
  ], 
  [
   -874974.661, 
   253711.208
  ], 
  [
   -803392.909, 
   866401.973
  ], 
  [
   -856267.718, 
   80666.229
  ], 
  [
   591177.893, 
   865765.723
  ], 
  [
   -970839.246, 
   474170.868
  ], 
  [
   326714.929, 
   459507.136
  ], 
  [
   -327470.063, 
   -675731.803
  ], 
  [
   -60895.832, 
   -313071.764
  ], 
  [
   -503309.31, 
   -135186.405
  ], 
  [
   -990740.273, 
   361596.005
  ], 
  [
   -429430.635, 
   -541999.258
  ], 
  [
   194938.891, 
   -565322.711
  ], 
  [
   -262973.366, 
   655723.255
  ], 
  [
   -861988.305, 
   -544901.673
  ], 
  [
   -611807.918, 
   685459.849
  ], 
  [
   354436.518, 
   -312072.718
  ], 
  [
   -726854.217, 
   -818349.768
  ], 
  [
   -239623.501, 
   328519.665
  ], 
  [
   86129.294, 
   -449571.354
  ], 
  [
   -722932.564, 
   -30897.746
  ], 
  [
   106578.963, 
   318223.423
  ], 
  [
   -22054.622, 
   -400761.585
  ], 
  [
   -595799.294, 
   -590431.407
  ], 
  [
   938387.157, 
   -987666.601
  ], 
  [
   -899182.242, 
   500799.457
  ], 
  [
   -889570.609, 
   433603.873
  ], 
  [
   -887277.144, 
   -273318.798
  ], 
  [
   -881882.701, 
   -471898.131
  ], 
  [
   -82882.081, 
   -533170.479
  ], 
  [
   -929549.737, 
   352726.055
  ], 
  [
   -561555.4, 
   932169.551
  ], 
  [
   -574821.186, 
   497202.61
  ], 
  [
   195553.055, 
   659328.249
  ], 
  [
   -638748.525, 
   -405761.625
  ], 
  [
   869822.619, 
   -611673.44
  ], 
  [
   320108.0, 
   -733526.903
  ], 
  [
   116949.171, 
   721416.768
  ], 
  [
   -775286.992, 
   -201395.636
  ], 
  [
   -201990.439, 
   -406436.888
  ], 
  [
   132884.973, 
   -381733.396
  ], 
  [
   488193.391, 
   182331.426
  ], 
  [
   -75933.945, 
   -846574.8
  ], 
  [
   -97296.009, 
   130437.094
  ], 
  [
   911341.282, 
   -839445.408
  ], 
  [
   80904.33, 
   -686691.638
  ], 
  [
   432362.652, 
   -64444.323
  ], 
  [
   588021.479, 
   -559757.123
  ], 
  [
   -925673.697, 
   -549104.292
  ], 
  [
   -804896.385, 
   -445412.434
  ], 
  [
   939429.821, 
   692639.48
  ], 
  [
   287791.935, 
   -479158.324
  ], 
  [
   -817755.557, 
   -403242.458
  ], 
  [
   -481294.96, 
   154196.633
  ], 
  [
   -915953.072, 
   815742.361
  ], 
  [
   -893286.791, 
   7598.263
  ], 
  [
   714915.545, 
   355655.426
  ], 
  [
   924896.407, 
   -537972.459
  ], 
  [
   102216.715, 
   754930.727
  ], 
  [
   240552.983, 
   762440.035
  ], 
  [
   409225.471, 
   912689.945
  ], 
  [
   -700462.504, 
   544235.495
  ], 
  [
   244116.353, 
   -50306.729
  ], 
  [
   748682.395, 
   304920.16
  ]
 ], 
 "PUV": [
  true, 
  false, 
  false, 
  true, 
  false, 
  true, 
  true, 
  false, 
  false, 
  false, 
  false, 
  true, 
  false, 
  true, 
  false
 ], 
 "LCM": {
  "11": [
   "ORR", 
   "ORR", 
   "NOTUSED", 
   "NOTUSED", 
   "ORR", 
   "ORR", 
   "ORR", 
   "NOTUSED", 
   "NOTUSED", 
   "NOTUSED", 
   "ANDD", 
   "NOTUSED", 
   "NOTUSED", 
   "ANDD", 
   "ORR"
  ], 
  "10": [
   "ORR", 
   "NOTUSED", 
   "ANDD", 
   "ANDD", 
   "ANDD", 
   "NOTUSED", 
   "ORR", 
   "ANDD", 
   "NOTUSED", 
   "ORR", 
   "NOTUSED", 
   "ANDD", 
   "NOTUSED", 
   "NOTUSED", 
   "ORR"
  ], 
  "13": [
   "ORR", 
   "ANDD", 
   "ORR", 
   "NOTUSED", 
   "ANDD", 
   "ANDD", 
   "ORR", 
   "ANDD", 
   "NOTUSED", 
   "ANDD", 
   "NOTUSED", 
   "ANDD", 
   "NOTUSED", 
   "ANDD", 
   "ORR"
  ], 
  "12": [
   "ANDD", 
   "NOTUSED", 
   "ORR", 
   "ANDD", 
   "ANDD", 
   "NOTUSED", 
   "ANDD", 
   "ANDD", 
   "ORR", 
   "NOTUSED", 
   "NOTUSED", 
   "NOTUSED", 
   "ANDD", 
   "NOTUSED", 
   "ANDD"
  ], 
  "14": [
   "NOTUSED", 
   "ANDD", 
   "ORR", 
   "ANDD", 
   "ANDD", 
   "ORR", 
   "ANDD", 
   "NOTUSED", 
   "ANDD", 
   "ORR", 
   "ORR", 
   "ORR", 
   "ANDD", 
   "ORR", 
   "ANDD"
  ], 
  "1": [
   "NOTUSED", 
   "NOTUSED", 
   "NOTUSED", 
   "NOTUSED", 
   "ORR", 
   "ANDD", 
   "ANDD", 
   "ORR", 
   "ANDD", 
   "ANDD", 
   "NOTUSED", 
   "ORR", 
   "NOTUSED", 
   "ANDD", 
   "ANDD"
  ], 
  "0": [
   "ANDD", 
   "NOTUSED", 
   "NOTUSED", 
   "NOTUSED", 
   "ORR", 
   "ORR", 
   "NOTUSED", 
   "ORR", 
   "NOTUSED", 
   "ANDD", 
   "ORR", 
   "ORR", 
   "ANDD", 
   "ORR", 
   "NOTUSED"
  ], 
  "3": [
   "NOTUSED", 
   "NOTUSED", 
   "ORR", 
   "ANDD", 
   "ANDD", 
   "ANDD", 
   "NOTUSED", 
   "NOTUSED", 
   "ORR", 
   "ORR", 
   "ANDD", 
   "NOTUSED", 
   "ANDD", 
   "NOTUSED", 
   "ANDD"
  ], 
  "2": [
   "NOTUSED", 
   "NOTUSED", 
   "NOTUSED", 
   "ORR", 
   "ANDD", 
   "ANDD", 
   "ORR", 
   "ANDD", 
   "ANDD", 
   "ORR", 
   "ANDD", 
   "NOTUSED", 
   "ORR", 
   "ORR", 
   "ORR"
  ], 
  "5": [
   "ORR", 
   "ANDD", 
   "ANDD", 
   "ANDD", 
   "ANDD", 
   "ANDD", 
   "ORR", 
   "ORR", 
   "ORR", 
   "NOTUSED", 
   "NOTUSED", 
   "ORR", 
   "NOTUSED", 
   "ANDD", 
   "ORR"
  ], 
  "4": [
   "ORR", 
   "ORR", 
   "ANDD", 
   "ANDD", 
   "ANDD", 
   "ANDD", 
   "NOTUSED", 
   "ANDD", 
   "ORR", 
   "ORR", 
   "ANDD", 
   "ORR", 
   "ANDD", 
   "ANDD", 
   "ANDD"
  ], 
  "7": [
   "ORR", 
   "ORR", 
   "ANDD", 
   "NOTUSED", 
   "ANDD", 
   "ORR", 
   "ANDD", 
   "ANDD", 
   "NOTUSED", 
   "NOTUSED", 
   "ANDD", 
   "NOTUSED", 
   "ANDD", 
   "ANDD", 
   "NOTUSED"
  ], 
  "6": [
   "NOTUSED", 
   "ANDD", 
   "ORR", 
   "NOTUSED", 
   "NOTUSED", 
   "ORR", 
   "ANDD", 
   "ANDD", 
   "NOTUSED", 
   "ORR", 
   "ORR", 
   "ORR", 
   "ANDD", 
   "ORR", 
   "ANDD"
  ], 
  "9": [
   "ANDD", 
   "ANDD", 
   "ORR", 
   "ORR", 
   "ORR", 
   "NOTUSED", 
   "ORR", 
   "NOTUSED", 
   "NOTUSED", 
   "ORR", 
   "ORR", 
   "NOTUSED", 
   "NOTUSED", 
   "ANDD", 
   "ORR"
  ], 
  "8": [
   "NOTUSED", 
   "ANDD", 
   "ANDD", 
   "ORR", 
   "ORR", 
   "ORR", 
   "NOTUSED", 
   "NOTUSED", 
   "ANDD", 
   "NOTUSED", 
   "NOTUSED", 
   "NOTUSED", 
   "ORR", 
   "NOTUSED", 
   "ANDD"
  ]
 }
}