{
 "random_seed": 3582487500, 
 "PARAMETERS": {
  "RADIUS1": 847103.344, 
  "QUADS": 2, 
  "RADIUS2": 36041.805, 
  "DIST": 782388.856, 
  "F_PTS": 9, 
  "K_PTS": 22, 
  "EPSILON": 2.323, 
  "LENGTH1": 624694.128, 
  "G_PTS": 34, 
  "Q_PTS": 24, 
  "N_PTS": 11, 
  "C_PTS": 10, 
  "AREA2": 637758.839, 
  "LENGTH2": 834779.757, 
  "B_PTS": 6, 
  "D_PTS": 25, 
  "AREA1": 980337.589, 
  "A_PTS": 24, 
  "E_PTS": 12
 }, 
 "NUMPOINTS": 39, 
 "points": [
  [
   200824.004, 
   742197.049
  ], 
  [
   573303.025, 
   -398594.288
  ], 
  [
   904471.822, 
   260619.46
  ], 
  [
   -453665.014, 
   165602.665
  ], 
  [
   116253.71, 
   -338564.024
  ], 
  [
   -887608.245, 
   -198721.577
  ], 
  [
   -50659.311, 
   659488.47
  ], 
  [
   -401108.363, 
   -273550.49
  ], 
  [
   -677837.167, 
   57274.851
  ], 
  [
   920909.612, 
   412617.357
  ], 
  [
   911425.438, 
   198659.83
  ], 
  [
   145258.522, 
   651282.047
  ], 
  [
   -931067.804, 
   -681958.297
  ], 
  [
   43259.575, 
   -581469.576
  ], 
  [
   -601925.542, 
   -291859.995
  ], 
  [
   -694386.498, 
   443882.079
  ], 
  [
   630811.441, 
   -810956.245
  ], 
  [
   -36711.992, 
   -574755.95
  ], 
  [
   290693.285, 
   768045.412
  ], 
  [
   -549068.03, 
   -783361.385
  ], 
  [
   -134509.635, 
   -306107.455
  ], 
  [
   -866491.944, 
   -277920.74
  ], 
  [
   -310517.468, 
   759978.681
  ], 
  [
   -882436.417, 
   552249.436
  ], 
  [
   124925.26, 
   -217665.019
  ], 
  [
   719831.545, 
   -810864.822
  ], 
  [
   -887580.465, 
   -303587.893
  ], 
  [
   -680888.558, 
   -73803.164
  ], 
  [
   -614673.683, 
   395312.793
  ], 
  [
   -557130.6, 
   684335.176
  ], 
  [
   508176.099, 
   513683.238
  ], 
  [
   -84734.762, 
   935286.766
  ], 
  [
   293513.186, 
   829334.052
  ], 
  [
   905824.376, 
   -864647.702
  ], 
  [
   188070.583, 
   127036.412
  ], 
  [
   400318.417, 
   -879094.919
  ], 
  [
   971243.495, 
   -383071.172
  ], 
  [
   -958668.982, 
   430898.195
  ], 
  [
   -921516.502, 
   925281.26
  ]
 ], 
 "PUV": [
  false, 
  true, 
  true, 
  false, 
  false, 
  true, 
  true, 
  true, 
  true, 
  true, 
  true, 
  true, 
  true, 
  false, 
  false
 ], 
 "LCM": {
  "11": [
   "NOTUSED", 
   "ANDD", 
   "ANDD", 
   "NOTUSED", 
   "NOTUSED", 
   "ORR", 
   "NOTUSED", 
   "NOTUSED", 
   "NOTUSED", 
   "ORR", 
   "NOTUSED", 
   "ANDD", 
   "ANDD", 
   "ORR", 
   "ORR"
  ], 
  "10": [
   "ORR", 
   "NOTUSED", 
   "ANDD", 
   "ORR", 
   "ORR", 
   "ORR", 
   "NOTUSED", 
   "NOTUSED", 
   "ANDD", 
   "ANDD", 
   "NOTUSED", 
   "NOTUSED", 
   "ORR", 
   "ANDD", 
   "ANDD"
  ], 
  "13": [
   "ORR", 
   "NOTUSED", 
   "NOTUSED", 
   "ANDD", 
   "ANDD", 
   "NOTUSED", 
   "NOTUSED", 
   "NOTUSED", 
   "ANDD", 
   "NOTUSED", 
   "ANDD", 
   "ORR", 
   "ORR", 
   "ANDD", 
   "NOTUSED"
  ], 
  "12": [
   "NOTUSED", 
   "ANDD", 
   "NOTUSED", 
   "ANDD", 
   "NOTUSED", 
   "NOTUSED", 
   "NOTUSED", 
   "NOTUSED", 
   "ORR", 
   "NOTUSED", 
   "ORR", 
   "ANDD", 
   "ORR", 
   "ORR", 
   "ORR"
  ], 
  "14": [
   "ANDD", 
   "ORR", 
   "NOTUSED", 
   "NOTUSED", 
   "ORR", 
   "NOTUSED", 
   "ORR", 
   "NOTUSED", 
   "ORR", 
   "ANDD", 
   "ANDD", 
   "ORR", 
   "ORR", 
   "NOTUSED", 
   "ORR"
  ], 
  "1": [
   "ORR", 
   "ANDD", 
   "ANDD", 
   "ANDD", 
   "ANDD", 
   "ORR", 
   "NOTUSED", 
   "NOTUSED", 
   "ORR", 
   "NOTUSED", 
   "NOTUSED", 
   "ANDD", 
   "ANDD", 
   "NOTUSED", 
   "ORR"
  ], 
  "0": [
   "NOTUSED", 
   "ORR", 
   "NOTUSED", 
   "ORR", 
   "ANDD", 
   "ANDD", 
   "NOTUSED", 
   "ANDD", 
   "NOTUSED", 
   "ORR", 
   "ORR", 
   "NOTUSED", 
   "NOTUSED", 
   "ORR", 
   "ANDD"
  ], 
  "3": [
   "ORR", 
   "ANDD", 
   "NOTUSED", 
   "ORR", 
   "ANDD", 
   "NOTUSED", 
   "NOTUSED", 
   "ORR", 
   "ORR", 
   "NOTUSED", 
   "ORR", 
   "NOTUSED", 
   "ANDD", 
   "ANDD", 
   "NOTUSED"
  ], 
  "2": [
   "NOTUSED", 
   "ANDD", 
   "ANDD", 
   "NOTUSED", 
   "ANDD", 
   "NOTUSED", 
   "NOTUSED", 
   "ORR", 
   "ORR", 
   "ANDD", 
   "ANDD", 
   "ANDD", 
   "NOTUSED", 
   "NOTUSED", 
   "NOTUSED"
  ], 
  "5": [
   "ANDD", 
   "ORR", 
   "NOTUSED", 
   "NOTUSED", 
   "ORR", 
   "NOTUSED", 
   "ORR", 
   "ORR", 
   "NOTUSED", 
   "NOTUSED", 
   "ORR", 
   "ORR", 
   "NOTUSED", 
   "NOTUSED", 
   "NOTUSED"
  ], 
  "4": [
   "ANDD", 
   "ANDD", 
   "ANDD", 
   "ANDD", 
   "ORR", 
   "ORR", 
   "ORR", 
   "ANDD", 
   "NOTUSED", 
   "ORR", 
   "ORR", 
   "NOTUSED", 
   "NOTUSED", 
   "ANDD", 
   "ORR"
  ], 
  "7": [
   "ANDD", 
   "NOTUSED", 
   "ORR", 
   "ORR", 
   "ANDD", 
   "ORR", 
   "NOTUSED", 
   "ORR", 
   "ORR", 
   "NOTUSED", 
   "NOTUSED", 
   "NOTUSED", 
   "NOTUSED", 
   "NOTUSED", 
   "NOTUSED"
  ], 
  "6": [
   "NOTUSED", 
   "NOTUSED", 
   "NOTUSED", 
   "NOTUSED", 
   "ORR", 
   "ORR", 
   "ANDD", 
   "NOTUSED", 
   "ORR", 
   "ANDD", 
   "NOTUSED", 
   "NOTUSED", 
   "NOTUSED", 
   "NOTUSED", 
   "ORR"
  ], 
  "9": [
   "ORR", 
   "NOTUSED", 
   "ANDD", 
   "NOTUSED", 
   "ORR", 
   "NOTUSED", 
   "ANDD", 
   "NOTUSED", 
   "ANDD", 
   "ORR", 
   "ANDD", 
   "ORR", 
   "NOTUSED", 
   "NOTUSED", 
   "ANDD"
  ], 
  "8": [
   "NOTUSED", 
   "ORR", 
   "ORR", 
   "ORR", 
   "NOTUSED", 
   "NOTUSED", 
   "ORR", 
   "ORR", 
   "ANDD", 
   "ANDD", 
   "ANDD", 
   "NOTUSED", 
   "ORR", 
   "ANDD", 
   "ORR"
  ]
 }
}