{
 "random_seed": 1770899324, 
 "PARAMETERS": {
  "RADIUS1": 902692.047, 
  "QUADS": 2, 
  "RADIUS2": 746221.203, 
  "DIST": 303598.224, 
  "F_PTS": 20, 
  "K_PTS": 56, 
  "EPSILON": 0.195, 
  "LENGTH1": 632363.11, 
  "G_PTS": 18, 
  "Q_PTS": 74, 
  "N_PTS": 11, 
  "C_PTS": 3, 
  "AREA2": 885416.169, 
  "LENGTH2": 574394.539, 
  "B_PTS": 19, 
  "D_PTS": 18, 
  "AREA1": 939084.306, 
  "A_PTS": 43, 
  "E_PTS": 35
 }, 
 "NUMPOINTS": 80, 
 "points": [
  [
   -484027.157, 
   -770074.771
  ], 
  [
   -586677.818, 
   304553.15
  ], 
  [
   -221490.287, 
   689130.707
  ], 
  [
   -419853.012, 
   -309399.422
  ], 
  [
   788539.437, 
   381524.673
  ], 
  [
   -20399.144, 
   70930.082
  ], 
  [
   -365567.728, 
   -322842.035
  ], 
  [
   -541777.546, 
   -183237.622
  ], 
  [
   652028.125, 
   -996326.84
  ], 
  [
   410997.39, 
   226417.369
  ], 
  [
   24985.194, 
   251395.148
  ], 
  [
   -863377.085, 
   42989.239
  ], 
  [
   -55834.491, 
   919613.024
  ], 
  [
   -60067.67, 
   -315426.398
  ], 
  [
   -866792.991, 
   -708930.474
  ], 
  [
   889198.789, 
   -703583.396
  ], 
  [
   -223914.125, 
   930120.47
  ], 
  [
   -915148.651, 
   -835140.182
  ], 
  [
   202216.742, 
   198383.118
  ], 
  [
   630872.216, 
   -100830.97
  ], 
  [
   959912.112, 
   431242.355
  ], 
  [
   693588.472, 
   831474.521
  ], 
  [
   49328.999, 
   461575.634
  ], 
  [
   556682.814, 
   -267224.373
  ], 
  [
   496942.83, 
   -137963.785
  ], 
  [
   606955.862, 
   -452785.673
  ], 
  [
   171252.877, 
   -558723.911
  ], 
  [
   -624633.778, 
   858426.218
  ], 
  [
   678061.426, 
   147145.187
  ], 
  [
   285765.661, 
   257961.797
  ], 
  [
   -464105.981, 
   -407524.242
  ], 
  [
   -181539.249, 
   570130.885
  ], 
  [
   -105914.299, 
   351010.224
  ], 
  [
   -859569.273, 
   -47375.498
  ], 
  [
   -751358.526, 
   -549365.392
  ], 
  [
   -389456.704, 
   -562218.374
  ], 
  [
   -562912.059, 
   301179.313
  ], 
  [
   882238.622, 
   578220.558
  ], 
  [
   672070.216, 
   805954.799
  ], 
  [
   -88645.865, 
   -166449.134
  ], 
  [
   504014.891, 
   972109.045
  ], 
  [
   120671.294, 
   952561.972
  ], 
  [
   -571203.383, 
   -22147.393
  ], 
  [
   58207.657, 
   854479.693
  ], 
  [
   -740675.498, 
   730935.575
  ], 
  [
   -246211.288, 
   -498873.886
  ], 
  [
   471695.226, 
   665615.694
  ], 
  [
   -145583.862, 
   961658.231
  ], 
  [
   785522.392, 
   -790209.566
  ], 
  [
   -587676.14, 
   796567.807
  ], 
  [
   766416.173, 
   91670.448
  ], 
  [
   -739615.276, 
   -55255.314
  ], 
  [
   -216909.862, 
   113148.765
  ], 
  [
   -799520.332, 
   187819.135
  ], 
  [
   -64434.388, 
   217747.629
  ], 
  [
   -484000.443, 
   -938679.565
  ], 
  [
   230998.398, 
   640653.733
  ], 
  [
   -782227.217, 
   661148.135
  ], 
  [
   -68538.95, 
   -723082.428
  ], 
  [
   -84482.257, 
   -421115.645
  ], 
  [
   544842.402, 
   -385529.852
  ], 
  [
   18692.298, 
   -388316.891
  ], 
  [
   -182896.675, 
   -948597.34
  ], 
  [
   -206615.096, 
   -833849.91
  ], 
  [
   319031.612, 
   139014.32
  ], 
  [
   801444.369, 
   -208823.725
  ], 
  [
   -968040.484, 
   -328958.93
  ], 
  [
   471287.281, 
   209352.159
  ], 
  [
   506875.913, 
   -449981.017
  ], 
  [
   -686539.238, 
   493257.367
  ], 
  [
   988746.621, 
   465126.462
  ], 
  [
   173071.868, 
   208167.699
  ], 
  [
   -594024.521, 
   -276128.034
  ], 
  [
   -125694.296, 
   -607557.369
  ], 
  [
   -360103.762, 
   42704.671
  ], 
  [
   672210.442, 
   102718.1
  ], 
  [
   -55733.156, 
   -206147.33
  ], 
  [
   -57755.428, 
   665088.694
  ], 
  [
   -486501.278, 
   438394.192
  ], 
  [
   -952192.862, 
   120065.894
  ]
 ], 
 "PUV": [
  false, 
  false, 
  false, 
  true, 
  false, 
  true, 
  false, 
  false, 
  false, 
  false, 
  false, 
  true, 
  false, 
  true, 
  false
 ], 
 "LCM": {
  "11": [
   "ORR", 
   "ORR", 
   "NOTUSED", 
   "ORR", 
   "NOTUSED", 
   "ANDD", 
   "ANDD", 
   "ORR", 
   "ANDD", 
   "NOTUSED", 
   "NOTUSED", 
   "NOTUSED", 
   "ANDD", 
   "ANDD", 
   "ORR"
  ], 
  "10": [
   "ANDD", 
   "ORR", 
   "ANDD", 
   "NOTUSED", 
   "NOTUSED", 
   "NOTUSED", 
   "ANDD", 
   "ANDD", 
   "NOTUSED", 
   "ANDD", 
   "ORR", 
   "NOTUSED", 
   "ORR", 
   "NOTUSED", 
   "NOTUSED"
  ], 
  "13": [
   "ORR", 
   "ORR", 
   "ORR", 
   "ANDD", 
   "ANDD", 
   "ANDD", 
   "ORR", 
   "ORR", 
   "ANDD", 
   "ORR", 
   "NOTUSED", 
   "ANDD", 
   "ORR", 
   "ORR", 
   "ORR"
  ], 
  "12": [
   "ORR", 
   "ORR", 
   "ORR", 
   "ORR", 
   "ANDD", 
   "ORR", 
   "ORR", 
   "NOTUSED", 
   "NOTUSED", 
   "NOTUSED", 
   "ORR", 
   "ANDD", 
   "ORR", 
   "ORR", 
   "ORR"
  ], 
  "14": [
   "NOTUSED", 
   "NOTUSED", 
   "ANDD", 
   "NOTUSED", 
   "ANDD", 
   "ANDD", 
   "NOTUSED", 
   "ORR", 
   "ANDD", 
   "ANDD", 
   "NOTUSED", 
   "ORR", 
   "ORR", 
   "ORR", 
   "ORR"
  ], 
  "1": [
   "ORR", 
   "ANDD", 
   "ORR", 
   "ORR", 
   "ANDD", 
   "NOTUSED", 
   "NOTUSED", 
   "NOTUSED", 
   "NOTUSED", 
   "NOTUSED", 
   "ORR", 
   "ORR", 
   "ORR", 
   "ORR", 
   "NOTUSED"
  ], 
  "0": [
   "NOTUSED", 
   "ORR", 
   "ORR", 
   "ORR", 
   "ORR", 
   "ANDD", 
   "NOTUSED", 
   "NOTUSED", 
   "NOTUSED", 
   "ANDD", 
   "ANDD", 
   "ORR", 
   "ORR", 
   "ORR", 
   "NOTUSED"
  ], 
  "3": [
   "ORR", 
   "ORR", 
   "ORR", 
   "NOTUSED", 
   "ORR", 
   "ORR", 
   "ORR", 
   "ANDD", 
   "ORR", 
   "NOTUSED", 
   "NOTUSED", 
   "ORR", 
   "ORR", 
   "ANDD", 
   "NOTUSED"
  ], 
  "2": [
   "ORR", 
   "ORR", 
   "ANDD", 
   "ORR", 
   "NOTUSED", 
   "ORR", 
   "NOTUSED", 
   "NOTUSED", 
   "ANDD", 
   "ANDD", 
   "ANDD", 
   "NOTUSED", 
   "ORR", 
   "ORR", 
   "ANDD"
  ], 
  "5": [
   "ANDD", 
   "NOTUSED", 
   "ORR", 
   "ORR", 
   "ANDD", 
   "NOTUSED", 
   "ORR", 
   "ANDD", 
   "ORR", 
   "ANDD", 
   "NOTUSED", 
   "ANDD", 
   "ORR", 
   "ANDD", 
   "ANDD"
  ], 
  "4": [
   "ORR", 
   "ANDD", 
   "NOTUSED", 
   "ORR", 
   "ORR", 
   "ANDD", 
   "NOTUSED", 
   "ORR", 
   "ORR", 
   "ANDD", 
   "NOTUSED", 
   "NOTUSED", 
   "ANDD", 
   "ANDD", 
   "ANDD"
  ], 
  "7": [
   "NOTUSED", 
   "NOTUSED", 
   "NOTUSED", 
   "ANDD", 
   "ORR", 
   "ANDD", 
   "ANDD", 
   "ORR", 
   "ORR", 
   "ORR", 
   "ANDD", 
   "ORR", 
   "NOTUSED", 
   "ORR", 
   "ORR"
  ], 
  "6": [
   "NOTUSED", 
   "NOTUSED", 
   "NOTUSED", 
   "ORR", 
   "NOTUSED", 
   "ORR", 
   "ORR", 
   "ANDD", 
   "ORR", 
   "ORR", 
   "ANDD", 
   "ANDD", 
   "ORR", 
   "ORR", 
   "NOTUSED"
  ], 
  "9": [
   "ANDD", 
   "NOTUSED", 
   "ANDD", 
   "NOTUSED", 
   "ANDD", 
   "ANDD", 
   "ORR", 
   "ORR", 
   "NOTUSED", 
   "NOTUSED", 
   "ANDD", 
   "NOTUSED", 
   "NOTUSED", 
   "ORR", 
   "ANDD"
  ], 
  "8": [
   "NOTUSED", 
   "NOTUSED", 
   "ANDD", 
   "ORR", 
   "ORR", 
   "ORR", 
   "ORR", 
   "ORR", 
   "ANDD", 
   "NOTUSED", 
   "NOTUSED", 
   "ANDD", 
   "NOTUSED", 
   "ANDD", 
   "ANDD"
  ]
 }
}