{
 "random_seed": 3754417116, 
 "PARAMETERS": {
  "RADIUS1": 450997.728, 
  "QUADS": 3, 
  "RADIUS2": 965047.516, 
  "DIST": 519955.311, 
  "F_PTS": 58, 
  "K_PTS": 77, 
  "EPSILON": 1.381, 
  "LENGTH1": 212267.604, 
  "G_PTS": 50, 
  "Q_PTS": 73, 
  "N_PTS": 57, 
  "C_PTS": 3, 
  "AREA2": 469130.431, 
  "LENGTH2": 614511.799, 
  "B_PTS": 11, 
  "D_PTS": 56, 
  "AREA1": 839942.753, 
  "A_PTS": 20, 
  "E_PTS": 21
 }, 
 "NUMPOINTS": 98, 
 "points": [
  [
   -12717.498, 
   -753653.618
  ], 
  [
   580013.614, 
   -187575.063
  ], 
  [
   32982.103, 
   669779.458
  ], 
  [
   259052.463, 
   -839527.615
  ], 
  [
   -918033.058, 
   -965741.815
  ], 
  [
   -102595.52, 
   -268675.471
  ], 
  [
   -739961.143, 
   -959897.856
  ], 
  [
   -430126.212, 
   -569386.485
  ], 
  [
   41194.128, 
   492068.128
  ], 
  [
   -533638.747, 
   811552.789
  ], 
  [
   980953.339, 
   30513.898
  ], 
  [
   540430.735, 
   -809105.378
  ], 
  [
   473147.383, 
   580860.992
  ], 
  [
   -605574.088, 
   -293761.869
  ], 
  [
   636696.463, 
   -641862.138
  ], 
  [
   173538.127, 
   655849.927
  ], 
  [
   -285113.668, 
   702780.474
  ], 
  [
   -107327.838, 
   52542.933
  ], 
  [
   -245875.72, 
   -333630.806
  ], 
  [
   281617.397, 
   791324.61
  ], 
  [
   -688529.89, 
   212382.626
  ], 
  [
   -525803.856, 
   357099.339
  ], 
  [
   765317.897, 
   849776.596
  ], 
  [
   774440.193, 
   -957251.22
  ], 
  [
   604571.917, 
   384371.196
  ], 
  [
   -418798.345, 
   -583631.378
  ], 
  [
   720782.571, 
   80639.122
  ], 
  [
   -78363.431, 
   -199417.783
  ], 
  [
   -752451.417, 
   519340.283
  ], 
  [
   -988755.213, 
   641394.428
  ], 
  [
   189579.575, 
   164428.789
  ], 
  [
   826535.514, 
   -831940.514
  ], 
  [
   75179.725, 
   -969642.969
  ], 
  [
   891210.747, 
   294890.776
  ], 
  [
   -578880.101, 
   968800.489
  ], 
  [
   430009.999, 
   12438.218
  ], 
  [
   187642.853, 
   621742.985
  ], 
  [
   186196.871, 
   -765949.014
  ], 
  [
   702033.864, 
   626912.406
  ], 
  [
   644934.359, 
   -363847.438
  ], 
  [
   -490556.969, 
   947805.389
  ], 
  [
   -775114.399, 
   -59876.576
  ], 
  [
   -392161.894, 
   334360.469
  ], 
  [
   -863892.221, 
   108433.881
  ], 
  [
   -551437.949, 
   614247.0
  ], 
  [
   970546.601, 
   -955348.963
  ], 
  [
   -641150.314, 
   953560.294
  ], 
  [
   -628004.33, 
   618825.181
  ], 
  [
   337211.033, 
   965228.2
  ], 
  [
   689634.357, 
   -617305.047
  ], 
  [
   241121.185, 
   105788.61
  ], 
  [
   -85711.143, 
   -749550.25
  ], 
  [
   -127525.218, 
   258522.69
  ], 
  [
   106738.482, 
   -32567.43
  ], 
  [
   622434.01, 
   -782117.465
  ], 
  [
   287161.506, 
   291470.601
  ], 
  [
   568888.715, 
   -675724.963
  ], 
  [
   -78626.436, 
   70959.631
  ], 
  [
   844274.336, 
   998427.613
  ], 
  [
   181468.897, 
   -401512.584
  ], 
  [
   -47956.394, 
   950490.773
  ], 
  [
   247841.838, 
   -870996.957
  ], 
  [
   861897.591, 
   767357.466
  ], 
  [
   -279855.956, 
   -169237.994
  ], 
  [
   -446393.271, 
   866494.517
  ], 
  [
   -271118.767, 
   64242.002
  ], 
  [
   -856283.517, 
   52388.904
  ], 
  [
   323509.449, 
   128724.984
  ], 
  [
   443577.959, 
   -959061.935
  ], 
  [
   634679.148, 
   -359364.47
  ], 
  [
   -615788.467, 
   933979.825
  ], 
  [
   970133.633, 
   -795209.596
  ], 
  [
   -854944.169, 
   420112.632
  ], 
  [
   174579.193, 
   15787.091
  ], 
  [
   -388216.685, 
   941574.062
  ], 
  [
   865895.946, 
   242847.114
  ], 
  [
   942620.21, 
   266982.188
  ], 
  [
   566071.443, 
   -866702.593
  ], 
  [
   -809355.154, 
   -188666.267
  ], 
  [
   -546726.674, 
   997318.396
  ], 
  [
   -534508.173, 
   -504815.776
  ], 
  [
   907280.832, 
   -711764.347
  ], 
  [
   957770.41, 
   -930721.117
  ], 
  [
   -568876.843, 
   -40835.828
  ], 
  [
   384750.747, 
   448444.639
  ], 
  [
   631189.774, 
   604268.025
  ], 
  [
   680665.993, 
   -606597.915
  ], 
  [
   9679.657, 
   -667640.299
  ], 
  [
   -637549.628, 
   -835292.276
  ], 
  [
   -87263.919, 
   -19814.366
  ], 
  [
   912112.139, 
   -405406.587
  ], 
  [
   777288.611, 
   448000.571
  ], 
  [
   -720299.047, 
   -80956.759
  ], 
  [
   128190.339, 
   -359460.675
  ], 
  [
   -204136.967, 
   13468.426
  ], 
  [
   -832872.487, 
   32333.682
  ], 
  [
   4009.206, 
   -773097.422
  ], 
  [
   211131.644, 
   866733.054
  ]
 ], 
 "PUV": [
  false, 
  false, 
  true, 
  true, 
  true, 
  true, 
  false, 
  false, 
  true, 
  false, 
  false, 
  true, 
  false, 
  false, 
  false
 ], 
 "LCM": {
  "11": [
   "ANDD", 
   "ORR", 
   "ANDD", 
   "ORR", 
   "ANDD", 
   "ANDD", 
   "NOTUSED", 
   "NOTUSED", 
   "ORR", 
   "ANDD", 
   "NOTUSED", 
   "NOTUSED", 
   "ANDD", 
   "ANDD", 
   "NOTUSED"
  ], 
  "10": [
   "ANDD", 
   "NOTUSED", 
   "ANDD", 
   "ANDD", 
   "ORR", 
   "ANDD", 
   "NOTUSED", 
   "ANDD", 
   "NOTUSED", 
   "ANDD", 
   "ANDD", 
   "NOTUSED", 
   "ORR", 
   "ANDD", 
   "ORR"
  ], 
  "13": [
   "ANDD", 
   "NOTUSED", 
   "NOTUSED", 
   "ANDD", 
   "NOTUSED", 
   "ANDD", 
   "NOTUSED", 
   "ORR", 
   "ANDD", 
   "NOTUSED", 
   "ANDD", 
   "ANDD", 
   "ORR", 
   "ORR", 
   "ORR"
  ], 
  "12": [
   "NOTUSED", 
   "ANDD", 
   "NOTUSED", 
   "ANDD", 
   "NOTUSED", 
   "NOTUSED", 
   "NOTUSED", 
   "NOTUSED", 
   "NOTUSED", 
   "ANDD", 
   "ORR", 
   "ANDD", 
   "NOTUSED", 
   "ORR", 
   "ORR"
  ], 
  "14": [
   "ORR", 
   "ANDD", 
   "NOTUSED", 
   "ORR", 
   "ORR", 
   "NOTUSED", 
   "ORR", 
   "ORR", 
   "NOTUSED", 
   "NOTUSED", 
   "ORR", 
   "NOTUSED", 
   "ORR", 
   "ORR", 
   "NOTUSED"
  ], 
  "1": [
   "ORR", 
   "NOTUSED", 
   "ORR", 
   "NOTUSED", 
   "ORR", 
   "ANDD", 
   "ANDD", 
   "ORR", 
   "ANDD", 
   "ORR", 
   "NOTUSED", 
   "ORR", 
   "ANDD", 
   "NOTUSED", 
   "ANDD"
  ], 
  "0": [
   "ANDD", 
   "ORR", 
   "ANDD", 
   "ANDD", 
   "NOTUSED", 
   "ORR", 
   "ORR", 
   "ANDD", 
   "ANDD", 
   "ORR", 
   "ANDD", 
   "ANDD", 
   "NOTUSED", 
   "ANDD", 
   "ORR"
  ], 
  "3": [
   "ANDD", 
   "NOTUSED", 
   "ORR", 
   "ORR", 
   "NOTUSED", 
   "NOTUSED", 
   "ORR", 
   "ANDD", 
   "ANDD", 
   "ANDD", 
   "ANDD", 
   "ORR", 
   "ANDD", 
   "ANDD", 
   "ORR"
  ], 
  "2": [
   "ANDD", 
   "ORR", 
   "NOTUSED", 
   "ORR", 
   "ANDD", 
   "NOTUSED", 
   "NOTUSED", 
   "ORR", 
   "ANDD", 
   "NOTUSED", 
   "ANDD", 
   "ANDD", 
   "NOTUSED", 
   "NOTUSED", 
   "NOTUSED"
  ], 
  "5": [
   "ORR", 
   "ANDD", 
   "NOTUSED", 
   "NOTUSED", 
   "NOTUSED", 
   "ANDD", 
   "NOTUSED", 
   "NOTUSED", 
   "NOTUSED", 
   "NOTUSED", 
   "ANDD", 
   "ANDD", 
   "NOTUSED", 
   "ANDD", 
   "NOTUSED"
  ], 
  "4": [
   "NOTUSED", 
   "ORR", 
   "ANDD", 
   "NOTUSED", 
   "ANDD", 
   "NOTUSED", 
   "ORR", 
   "ORR", 
   "ANDD", 
   "ORR", 
   "ORR", 
   "ANDD", 
   "NOTUSED", 
   "NOTUSED", 
   "ORR"
  ], 
  "7": [
   "ANDD", 
   "ORR", 
   "ORR", 
   "ANDD", 
   "ORR", 
   "NOTUSED", 
   "ANDD", 
   "ANDD", 
   "NOTUSED", 
   "ORR", 
   "ANDD", 
   "NOTUSED", 
   "NOTUSED", 
   "ORR", 
   "ORR"
  ], 
  "6": [
   "ORR", 
   "ANDD", 
   "NOTUSED", 
   "ORR", 
   "ORR", 
   "NOTUSED", 
   "NOTUSED", 
   "ANDD", 
   "NOTUSED", 
   "ANDD", 
   "NOTUSED", 
   "NOTUSED", 
   "NOTUSED", 
   "NOTUSED", 
   "ORR"
  ], 
  "9": [
   "ORR", 
   "ORR", 
   "NOTUSED", 
   "ANDD", 
   "ORR", 
   "NOTUSED", 
   "ANDD", 
   "ORR", 
   "ORR", 
   "ORR", 
   "ANDD", 
   "ANDD", 
   "ANDD", 
   "NOTUSED", 
   "NOTUSED"
  ], 
  "8": [
   "ANDD", 
   "ANDD", 
   "ANDD", 
   "ANDD", 
   "ANDD", 
   "NOTUSED", 
   "NOTUSED", 
   "NOTUSED", 
   "NOTUSED", 
   "ORR", 
   "NOTUSED", 
   "ORR", 
   "NOTUSED", 
   "ANDD", 
   "NOTUSED"
  ]
 }
}