{
 "random_seed": 2187909324, 
 "PARAMETERS": {
  "RADIUS1": 169094.848, 
  "QUADS": 2, 
  "RADIUS2": 748486.517, 
  "DIST": 477760.88, 
  "F_PTS": 25, 
  "K_PTS": 24, 
  "EPSILON": 1.939, 
  "LENGTH1": 849447.325, 
  "G_PTS": 27, 
  "Q_PTS": 10, 
  "N_PTS": 24, 
  "C_PTS": 13, 
  "AREA2": 439923.49, 
  "LENGTH2": 155944.562, 
  "B_PTS": 17, 
  "D_PTS": 21, 
  "AREA1": 512158.541, 
  "A_PTS": 16, 
  "E_PTS": 1
 }, 
 "NUMPOINTS": 43, 
 "points": [
  [
   -593333.204, 
   837146.659
  ], 
  [
   -553965.014, 
   798992.005
  ], 
  [
   -813860.186, 
   3593.304
  ], 
  [
   276279.758, 
   685587.938
  ], 
  [
   571498.115, 
   -20918.666
  ], 
  [
   -69416.555, 
   -881104.195
  ], 
  [
   -459867.708, 
   552142.372
  ], 
  [
   27872.95, 
   -504080.596
  ], 
  [
   845177.056, 
   -545197.815
  ], 
  [
   -141428.955, 
   505859.57
  ], 
  [
   402218.681, 
   -769629.227
  ], 
  [
   888159.392, 
   504103.085
  ], 
  [
   -982160.977, 
   -275547.267
  ], 
  [
   610828.036, 
   550579.254
  ], 
  [
   -369820.932, 
   386831.901
  ], 
  [
   -970726.608, 
   -910170.753
  ], 
  [
   460879.861, 
   -235058.365
  ], 
  [
   88427.426, 
   138771.208
  ], 
  [
   558456.41, 
   752267.054
  ], 
  [
   287352.419, 
   -833308.556
  ], 
  [
   -693013.761, 
   42345.688
  ], 
  [
   298877.178, 
   -459774.008
  ], 
  [
   -614735.512, 
   403260.248
  ], 
  [
   311272.847, 
   187449.878
  ], 
  [
   588619.858, 
   -520060.005
  ], 
  [
   250538.61, 
   178432.438
  ], 
  [
   -424641.624, 
   65974.737
  ], 
  [
   537679.036, 
   88706.495
  ], 
  [
   471454.113, 
   -378698.48
  ], 
  [
   -257307.664, 
   -976105.266
  ], 
  [
   860706.458, 
   247454.286
  ], 
  [
   -391789.779, 
   143589.454
  ], 
  [
   -8869.159, 
   -461006.576
  ], 
  [
   -24625.633, 
   -407544.666
  ], 
  [
   -937159.523, 
   -65817.684
  ], 
  [
   -374460.175, 
   -597706.507
  ], 
  [
   -237475.133, 
   438880.552
  ], 
  [
   712658.305, 
   -386649.449
  ], 
  [
   625918.273, 
   -357387.943
  ], 
  [
   -599351.044, 
   -823059.907
  ], 
  [
   -414263.118, 
   -141133.55
  ], 
  [
   747318.737, 
   -702346.451
  ], 
  [
   -943610.461, 
   -543734.17
  ]
 ], 
 "PUV": [
  false, 
  true, 
  false, 
  false, 
  false, 
  true, 
  false, 
  false, 
  false, 
  true, 
  false, 
  true, 
  true, 
  true, 
  true
 ], 
 "LCM": {
  "11": [
   "NOTUSED", 
   "ANDD", 
   "ANDD", 
   "ANDD", 
   "ANDD", 
   "NOTUSED", 
   "ANDD", 
   "ORR", 
   "ORR", 
   "ORR", 
   "ORR", 
   "NOTUSED", 
   "NOTUSED", 
   "ANDD", 
   "NOTUSED"
  ], 
  "10": [
   "NOTUSED", 
   "ANDD", 
   "ANDD", 
   "ANDD", 
   "NOTUSED", 
   "ORR", 
   "ORR", 
   "NOTUSED", 
   "ORR", 
   "NOTUSED", 
   "NOTUSED", 
   "ORR", 
   "ORR", 
   "ANDD", 
   "ANDD"
  ], 
  "13": [
   "NOTUSED", 
   "ORR", 
   "NOTUSED", 
   "NOTUSED", 
   "ORR", 
   "ANDD", 
   "ORR", 
   "ANDD", 
   "ORR", 
   "NOTUSED", 
   "ANDD", 
   "ANDD", 
   "ANDD", 
   "NOTUSED", 
   "NOTUSED"
  ], 
  "12": [
   "ORR", 
   "ANDD", 
   "ORR", 
   "NOTUSED", 
   "NOTUSED", 
   "NOTUSED", 
   "NOTUSED", 
   "ANDD", 
   "ORR", 
   "ORR", 
   "ORR", 
   "NOTUSED", 
   "NOTUSED", 
   "ANDD", 
   "ANDD"
  ], 
  "14": [
   "ANDD", 
   "ORR", 
   "NOTUSED", 
   "ORR", 
   "ANDD", 
   "NOTUSED", 
   "NOTUSED", 
   "ORR", 
   "ORR", 
   "ORR", 
   "ANDD", 
   "NOTUSED", 
   "ANDD", 
   "NOTUSED", 
   "ORR"
  ], 
  "1": [
   "NOTUSED", 
   "ORR", 
   "NOTUSED", 
   "ANDD", 
   "ANDD", 
   "NOTUSED", 
   "ORR", 
   "NOTUSED", 
   "ORR", 
   "ORR", 
   "ANDD", 
   "ANDD", 
   "ANDD", 
   "ORR", 
   "ORR"
  ], 
  "0": [
   "ORR", 
   "NOTUSED", 
   "ORR", 
   "NOTUSED", 
   "ORR", 
   "ORR", 
   "NOTUSED", 
   "ANDD", 
   "NOTUSED", 
   "ORR", 
   "NOTUSED", 
   "NOTUSED", 
   "ORR", 
   "NOTUSED", 
   "ANDD"
  ], 
  "3": [
   "NOTUSED", 
   "ANDD", 
   "ANDD", 
   "ORR", 
   "ORR", 
   "NOTUSED", 
   "ORR", 
   "ORR", 
   "ANDD", 
   "ANDD", 
   "ANDD", 
   "ANDD", 
   "NOTUSED", 
   "NOTUSED", 
   "ORR"
  ], 
  "2": [
   "ORR", 
   "NOTUSED", 
   "ANDD", 
   "ANDD", 
   "ORR", 
   "NOTUSED", 
   "NOTUSED", 
   "NOTUSED", 
   "ORR", 
   "NOTUSED", 
   "ANDD", 
   "ANDD", 
   "ORR", 
   "NOTUSED", 
   "NOTUSED"
  ], 
  "5": [
   "ORR", 
   "NOTUSED", 
   "NOTUSED", 
   "NOTUSED", 
   "ORR", 
   "NOTUSED", 
   "ANDD", 
   "ANDD", 
   "ORR", 
   "ANDD", 
   "ORR", 
   "NOTUSED", 
   "NOTUSED", 
   "ANDD", 
   "NOTUSED"
  ], 
  "4": [
   "ORR", 
   "ANDD", 
   "ORR", 
   "ORR", 
   "NOTUSED", 
   "ORR", 
   "ORR", 
   "NOTUSED", 
   "NOTUSED", 
   "ORR", 
   "NOTUSED", 
   "ANDD", 
   "NOTUSED", 
   "ORR", 
   "ANDD"
  ], 
  "7": [
   "ANDD", 
   "NOTUSED", 
   "NOTUSED", 
   "ORR", 
   "NOTUSED", 
   "ANDD", 
   "ANDD", 
   "ORR", 
   "ANDD", 
   "NOTUSED", 
   "NOTUSED", 
   "ORR", 
   "ANDD", 
   "ANDD", 
   "ORR"
  ], 
  "6": [
   "NOTUSED", 
   "ORR", 
   "NOTUSED", 
   "ORR", 
   "ORR", 
   "ANDD", 
   "ORR", 
   "ANDD", 
   "ANDD", 
   "NOTUSED", 
   "ORR", 
   "ANDD", 
   "NOTUSED", 
   "ORR", 
   "NOTUSED"
  ], 
  "9": [
   "ORR", 
   "ORR", 
   "NOTUSED", 
   "ANDD", 
   "ORR", 
   "ANDD", 
   "NOTUSED", 
   "NOTUSED", 
   "NOTUSED", 
   "ANDD", 
   "NOTUSED", 
   "ORR", 
   "ORR", 
   "NOTUSED", 
   "ORR"
  ], 
  "8": [
   "NOTUSED", 
   "ORR", 
   "ORR", 
   "ANDD", 
   "NOTUSED", 
   "ORR", 
   "ANDD", 
   "ANDD", 
   "ORR", 
   "NOTUSED", 
   "ORR", 
   "ORR", 
   "ORR", 
   "ORR", 
   "ORR"
  ]
 }
}