{
 "random_seed": 1083147176, 
 "PARAMETERS": {
  "RADIUS1": 134186.504, 
  "QUADS": 3, 
  "RADIUS2": 732627.249, 
  "DIST": 938659.434, 
  "F_PTS": 14, 
  "K_PTS": 60, 
  "EPSILON": 2.459, 
  "LENGTH1": 817594.083, 
  "G_PTS": 75, 
  "Q_PTS": 20, 
  "N_PTS": 29, 
  "C_PTS": 26, 
  "AREA2": 474684.675, 
  "LENGTH2": 303696.157, 
  "B_PTS": 53, 
  "D_PTS": 28, 
  "AREA1": 495226.948, 
  "A_PTS": 9, 
  "E_PTS": 15
 }, 
 "NUMPOINTS": 89, 
 "points": [
  [
   -802383.909, 
   180574.298
  ], 
  [
   395062.262, 
   20121.852
  ], 
  [
   -419548.266, 
   -928841.863
  ], 
  [
   611552.418, 
   -550062.849
  ], 
  [
   -971444.512, 
   757104.3
  ], 
  [
   531641.987, 
   -388273.903
  ], 
  [
   748513.877, 
   958506.325
  ], 
  [
   -961845.617, 
   -169357.127
  ], 
  [
   618425.601, 
   940157.284
  ], 
  [
   92976.71, 
   -715929.157
  ], 
  [
   -165364.771, 
   744127.931
  ], 
  [
   -820066.795, 
   824219.833
  ], 
  [
   -533525.543, 
   -249533.255
  ], 
  [
   -446409.773, 
   508923.098
  ], 
  [
   -242417.259, 
   567017.021
  ], 
  [
   -601545.786, 
   -45492.315
  ], 
  [
   -55125.49, 
   808534.295
  ], 
  [
   222730.264, 
   51154.107
  ], 
  [
   421344.719, 
   553778.804
  ], 
  [
   -192454.689, 
   -821708.177
  ], 
  [
   353584.93, 
   -185389.669
  ], 
  [
   -42599.048, 
   535145.674
  ], 
  [
   -326342.711, 
   277930.444
  ], 
  [
   -724388.932, 
   -147885.77
  ], 
  [
   -241134.564, 
   -778184.982
  ], 
  [
   963989.292, 
   -782162.192
  ], 
  [
   -587473.063, 
   932702.23
  ], 
  [
   709177.015, 
   139322.724
  ], 
  [
   -860352.471, 
   726360.214
  ], 
  [
   667764.919, 
   584788.516
  ], 
  [
   578856.623, 
   -343624.092
  ], 
  [
   -524473.289, 
   -415870.132
  ], 
  [
   -163536.275, 
   136290.777
  ], 
  [
   -584411.774, 
   141854.596
  ], 
  [
   -732502.164, 
   -439943.04
  ], 
  [
   -177542.014, 
   -218573.669
  ], 
  [
   441668.332, 
   552083.052
  ], 
  [
   959213.479, 
   -157802.202
  ], 
  [
   -414011.932, 
   -994429.339
  ], 
  [
   -406868.461, 
   567869.423
  ], 
  [
   -134796.402, 
   -495061.949
  ], 
  [
   -308714.395, 
   552923.449
  ], 
  [
   -214245.238, 
   -772629.033
  ], 
  [
   -998131.577, 
   -11680.065
  ], 
  [
   364176.901, 
   790091.371
  ], 
  [
   558906.513, 
   235536.837
  ], 
  [
   -269814.826, 
   898334.017
  ], 
  [
   120176.07, 
   -524025.189
  ], 
  [
   -180793.932, 
   -596460.895
  ], 
  [
   885995.986, 
   -818479.216
  ], 
  [
   -849347.039, 
   573157.014
  ], 
  [
   830216.26, 
   660538.165
  ], 
  [
   414417.649, 
   -854942.015
  ], 
  [
   -37071.434, 
   904382.808
  ], 
  [
   448171.078, 
   328838.377
  ], 
  [
   161216.045, 
   422876.659
  ], 
  [
   -731669.09, 
   -963317.714
  ], 
  [
   523697.785, 
   -849665.118
  ], 
  [
   674739.218, 
   67861.749
  ], 
  [
   373530.925, 
   -569667.354
  ], 
  [
   994933.487, 
   -912060.159
  ], 
  [
   -217926.511, 
   -517239.657
  ], 
  [
   646467.179, 
   -233205.02
  ], 
  [
   -728084.63, 
   697630.05
  ], 
  [
   456328.338, 
   119788.461
  ], 
  [
   -894959.784, 
   196807.797
  ], 
  [
   -873254.772, 
   -402243.846
  ], 
  [
   -453650.287, 
   -768711.257
  ], 
  [
   924380.657, 
   -977564.647
  ], 
  [
   154366.796, 
   719508.285
  ], 
  [
   880327.773, 
   642815.788
  ], 
  [
   986277.429, 
   -287942.123
  ], 
  [
   611529.468, 
   32250.044
  ], 
  [
   -781774.826, 
   828921.378
  ], 
  [
   -998596.865, 
   -608582.507
  ], 
  [
   58459.208, 
   146328.487
  ], 
  [
   -965881.858, 
   -708015.957
  ], 
  [
   964353.961, 
   -662462.584
  ], 
  [
   907495.922, 
   -307776.932
  ], 
  [
   -737027.998, 
   -29489.156
  ], 
  [
   160133.057, 
   767361.209
  ], 
  [
   373281.216, 
   114281.927
  ], 
  [
   191848.366, 
   -90724.144
  ], 
  [
   -909418.622, 
   -505204.479
  ], 
  [
   189181.042, 
   -244924.446
  ], 
  [
   -607316.246, 
   628854.266
  ], 
  [
   -443813.546, 
   929482.469
  ], 
  [
   -957591.872, 
   499803.941
  ], 
  [
   141768.617, 
   -262511.711
  ]
 ], 
 "PUV": [
  false, 
  false, 
  false, 
  false, 
  false, 
  false, 
  false, 
  false, 
  true, 
  true, 
  false, 
  true, 
  true, 
  false, 
  false
 ], 
 "LCM": {
  "11": [
   "NOTUSED", 
   "ANDD", 
   "ORR", 
   "ORR", 
   "ORR", 
   "ANDD", 
   "NOTUSED", 
   "ORR", 
   "NOTUSED", 
   "NOTUSED", 
   "ORR", 
   "ANDD", 
   "NOTUSED", 
   "NOTUSED", 
   "NOTUSED"
  ], 
  "10": [
   "NOTUSED", 
   "ORR", 
   "ORR", 
   "NOTUSED", 
   "ANDD", 
   "NOTUSED", 
   "NOTUSED", 
   "ORR", 
   "ORR", 
   "ORR", 
   "NOTUSED", 
   "ORR", 
   "ORR", 
   "ANDD", 
   "ANDD"
  ], 
  "13": [
   "ANDD", 
   "ANDD", 
   "NOTUSED", 
   "NOTUSED", 
   "ANDD", 
   "ORR", 
   "ORR", 
   "NOTUSED", 
   "NOTUSED", 
   "NOTUSED", 
   "ANDD", 
   "NOTUSED", 
   "ANDD", 
   "NOTUSED", 
   "ORR"
  ], 
  "12": [
   "NOTUSED", 
   "ANDD", 
   "ORR", 
   "NOTUSED", 
   "ANDD", 
   "ANDD", 
   "ANDD", 
   "ORR", 
   "ORR", 
   "ANDD", 
   "ORR", 
   "NOTUSED", 
   "NOTUSED", 
   "ANDD", 
   "ORR"
  ], 
  "14": [
   "ANDD", 
   "ORR", 
   "ORR", 
   "NOTUSED", 
   "ORR", 
   "NOTUSED", 
   "ANDD", 
   "ANDD", 
   "NOTUSED", 
   "NOTUSED", 
   "ANDD", 
   "NOTUSED", 
   "ORR", 
   "ORR", 
   "ANDD"
  ], 
  "1": [
   "NOTUSED", 
   "ANDD", 
   "ANDD", 
   "ANDD", 
   "ANDD", 
   "NOTUSED", 
   "ORR", 
   "ANDD", 
   "ANDD", 
   "ANDD", 
   "ORR", 
   "ANDD", 
   "ANDD", 
   "ANDD", 
   "ORR"
  ], 
  "0": [
   "ORR", 
   "NOTUSED", 
   "ANDD", 
   "ORR", 
   "ORR", 
   "NOTUSED", 
   "ORR", 
   "NOTUSED", 
   "NOTUSED", 
   "ORR", 
   "NOTUSED", 
   "NOTUSED", 
   "NOTUSED", 
   "ANDD", 
   "ANDD"
  ], 
  "3": [
   "ORR", 
   "ANDD", 
   "ORR", 
   "ORR", 
   "NOTUSED", 
   "ORR", 
   "NOTUSED", 
   "ORR", 
   "ANDD", 
   "NOTUSED", 
   "NOTUSED", 
   "ORR", 
   "NOTUSED", 
   "NOTUSED", 
   "NOTUSED"
  ], 
  "2": [
   "ANDD", 
   "ANDD", 
   "ANDD", 
   "ORR", 
   "ANDD", 
   "ANDD", 
   "ANDD", 
   "NOTUSED", 
   "ANDD", 
   "NOTUSED", 
   "ORR", 
   "ORR", 
   "ORR", 
   "NOTUSED", 
   "ORR"
  ], 
  "5": [
   "NOTUSED", 
   "NOTUSED", 
   "ANDD", 
   "ORR", 
   "ORR", 
   "ANDD", 
   "ANDD", 
   "NOTUSED", 
   "NOTUSED", 
   "ORR", 
   "NOTUSED", 
   "ANDD", 
   "ANDD", 
   "ORR", 
   "NOTUSED"
  ], 
  "4": [
   "ORR", 
   "ANDD", 
   "ANDD", 
   "NOTUSED", 
   "NOTUSED", 
   "ORR", 
   "ANDD", 
   "ORR", 
   "ORR", 
   "ANDD", 
   "ANDD", 
   "ORR", 
   "ANDD", 
   "ANDD", 
   "ORR"
  ], 
  "7": [
   "NOTUSED", 
   "ANDD", 
   "NOTUSED", 
   "ORR", 
   "ORR", 
   "NOTUSED", 
   "NOTUSED", 
   "ORR", 
   "ANDD", 
   "ANDD", 
   "ORR", 
   "ORR", 
   "ORR", 
   "NOTUSED", 
   "ANDD"
  ], 
  "6": [
   "ORR", 
   "ORR", 
   "ANDD", 
   "NOTUSED", 
   "ANDD", 
   "ANDD", 
   "NOTUSED", 
   "NOTUSED", 
   "ANDD", 
   "ORR", 
   "NOTUSED", 
   "NOTUSED", 
   "ANDD", 
   "ORR", 
   "ANDD"
  ], 
  "9": [
   "ORR", 
   "ANDD", 
   "NOTUSED", 
   "NOTUSED", 
   "ANDD", 
   "ORR", 
   "ORR", 
   "ANDD", 
   "ANDD", 
   "NOTUSED", 
   "ORR", 
   "NOTUSED", 
   "ANDD", 
   "NOTUSED", 
   "NOTUSED"
  ], 
  "8": [
   "NOTUSED", 
   "ANDD", 
   "ANDD", 
   "ANDD", 
   "ORR", 
   "NOTUSED", 
   "ANDD", 
   "ANDD", 
   "ORR", 
   "ANDD", 
   "ORR", 
   "NOTUSED", 
   "ORR", 
   "NOTUSED", 
   "NOTUSED"
  ]
 }
}