{
 "random_seed": 911200982, 
 "PARAMETERS": {
  "RADIUS1": 917660.475, 
  "QUADS": 3, 
  "RADIUS2": 546865.646, 
  "DIST": 141066.714, 
  "F_PTS": 2, 
  "K_PTS": 5, 
  "EPSILON": 1.039, 
  "LENGTH1": 629992.881, 
  "G_PTS": 8, 
  "Q_PTS": 3, 
  "N_PTS": 15, 
  "C_PTS": 5, 
  "AREA2": 106731.246, 
  "LENGTH2": 733196.618, 
  "B_PTS": 7, 
  "D_PTS": 12, 
  "AREA1": 26646.654, 
  "A_PTS": 8, 
  "E_PTS": 16
 }, 
 "NUMPOINTS": 24, 
 "points": [
  [
   282661.661, 
   817401.01
  ], 
  [
   -901367.488, 
   -740321.614
  ], 
  [
   718700.836, 
   965732.764
  ], 
  [
   158529.391, 
   961957.633
  ], 
  [
   672709.552, 
   38555.64
  ], 
  [
   -540627.09, 
   -754469.214
  ], 
  [
   275042.014, 
   -368555.991
  ], 
  [
   390810.534, 
   374312.167
  ], 
  [
   -242771.874, 
   -374212.645
  ], 
  [
   51795.975, 
   729759.382
  ], 
  [
   -790907.098, 
   72547.532
  ], 
  [
   855424.636, 
   354361.518
  ], 
  [
   -529226.778, 
   320977.503
  ], 
  [
   263637.75, 
   494826.035
  ], 
  [
   99238.701, 
   -998337.732
  ], 
  [
   -380699.833, 
   -59848.794
  ], 
  [
   -40879.858, 
   314931.116
  ], 
  [
   323347.426, 
   243376.891
  ], 
  [
   234788.322, 
   -661185.432
  ], 
  [
   -527440.041, 
   -730118.228
  ], 
  [
   672647.601, 
   -77842.083
  ], 
  [
   -925604.198, 
   -581309.385
  ], 
  [
   -406490.181, 
   -926975.027
  ], 
  [
   -746586.148, 
   -665477.066
  ]
 ], 
 "PUV": [
  true, 
  false, 
  true, 
  false, 
  true, 
  true, 
  false, 
  false, 
  true, 
  false, 
  false, 
  false, 
  false, 
  false, 
  true
 ], 
 "LCM": {
  "11": [
   "NOTUSED", 
   "ORR", 
   "ORR", 
   "NOTUSED", 
   "NOTUSED", 
   "NOTUSED", 
   "ANDD", 
   "ORR", 
   "ANDD", 
   "ORR", 
   "NOTUSED", 
   "NOTUSED", 
   "ORR", 
   "ANDD", 
   "ORR"
  ], 
  "10": [
   "NOTUSED", 
   "ORR", 
   "ANDD", 
   "ORR", 
   "ORR", 
   "NOTUSED", 
   "NOTUSED", 
   "ANDD", 
   "NOTUSED", 
   "ORR", 
   "NOTUSED", 
   "NOTUSED", 
   "NOTUSED", 
   "NOTUSED", 
   "ANDD"
  ], 
  "13": [
   "NOTUSED", 
   "ANDD", 
   "ANDD", 
   "ORR", 
   "NOTUSED", 
   "ANDD", 
   "ANDD", 
   "NOTUSED", 
   "ORR", 
   "ORR", 
   "NOTUSED", 
   "ANDD", 
   "NOTUSED", 
   "ANDD", 
   "ANDD"
  ], 
  "12": [
   "NOTUSED", 
   "NOTUSED", 
   "ANDD", 
   "ORR", 
   "ORR", 
   "NOTUSED", 
   "ORR", 
   "ANDD", 
   "ANDD", 
   "NOTUSED", 
   "NOTUSED", 
   "ORR", 
   "ANDD", 
   "NOTUSED", 
   "NOTUSED"
  ], 
  "14": [
   "ANDD", 
   "NOTUSED", 
   "NOTUSED", 
   "NOTUSED", 
   "NOTUSED", 
   "ANDD", 
   "NOTUSED", 
   "ORR", 
   "ANDD", 
   "ORR", 
   "ANDD", 
   "ORR", 
   "NOTUSED", 
   "ANDD", 
   "NOTUSED"
  ], 
  "1": [
   "NOTUSED", 
   "ORR", 
   "ORR", 
   "NOTUSED", 
   "ANDD", 
   "ORR", 
   "ORR", 
   "NOTUSED", 
   "ANDD", 
   "ORR", 
   "ORR", 
   "ORR", 
   "NOTUSED", 
   "ANDD", 
   "NOTUSED"
  ], 
  "0": [
   "NOTUSED", 
   "NOTUSED", 
   "NOTUSED", 
   "ORR", 
   "NOTUSED", 
   "ORR", 
   "NOTUSED", 
   "ORR", 
   "NOTUSED", 
   "NOTUSED", 
   "NOTUSED", 
   "NOTUSED", 
   "NOTUSED", 
   "NOTUSED", 
   "ANDD"
  ], 
  "3": [
   "ORR", 
   "NOTUSED", 
   "NOTUSED", 
   "NOTUSED", 
   "ANDD", 
   "NOTUSED", 
   "NOTUSED", 
   "NOTUSED", 
   "ORR", 
   "NOTUSED", 
   "ORR", 
   "NOTUSED", 
   "ORR", 
   "ORR", 
   "NOTUSED"
  ], 
  "2": [
   "NOTUSED", 
   "ORR", 
   "NOTUSED", 
   "NOTUSED", 
   "NOTUSED", 
   "ANDD", 
   "ANDD", 
   "NOTUSED", 
   "NOTUSED", 
   "NOTUSED", 
   "ANDD", 
   "ORR", 
   "ANDD", 
   "ANDD", 
   "NOTUSED"
  ], 
  "5": [
   "ORR", 
   "ORR", 
   "ANDD", 
   "NOTUSED", 
   "ORR", 
   "ANDD", 
   "NOTUSED", 
   "ORR", 
   "ANDD", 
   "ORR", 
   "NOTUSED", 
   "NOTUSED", 
   "NOTUSED", 
   "ANDD", 
   "ANDD"
  ], 
  "4": [
   "NOTUSED", 
   "ANDD", 
   "NOTUSED", 
   "ANDD", 
   "ANDD", 
   "ORR", 
   "NOTUSED", 
   "NOTUSED", 
   "NOTUSED", 
   "NOTUSED", 
   "ORR", 
   "NOTUSED", 
   "ORR", 
   "NOTUSED", 
   "NOTUSED"
  ], 
  "7": [
   "ORR", 
   "NOTUSED", 
   "NOTUSED", 
   "NOTUSED", 
   "NOTUSED", 
   "ORR", 
   "NOTUSED", 
   "ORR", 
   "ANDD", 
   "ANDD", 
   "ANDD", 
   "ORR", 
   "ANDD", 
   "NOTUSED", 
   "ORR"
  ], 
  "6": [
   "NOTUSED", 
   "ORR", 
   "ANDD", 
   "NOTUSED", 
   "NOTUSED", 
   "NOTUSED", 
   "ORR", 
   "NOTUSED", 
   "NOTUSED", 
   "ANDD", 
   "NOTUSED", 
   "ANDD", 
   "ORR", 
   "ANDD", 
   "NOTUSED"
  ], 
  "9": [
   "NOTUSED", 
   "ORR", 
   "NOTUSED", 
   "NOTUSED", 
   "NOTUSED", 
   "ORR", 
   "ANDD", 
   "ANDD", 
   "ORR", 
   "ORR", 
   "ORR", 
   "ORR", 
   "NOTUSED", 
   "ORR", 
   "ORR"
  ], 
  "8": [
   "NOTUSED", 
   "ANDD", 
   "NOTUSED", 
   "ORR", 
   "NOTUSED", 
   "ANDD", 
   "NOTUSED", 
   "ANDD", 
   "NOTUSED", 
   "ORR", 
   "NOTUSED", 
   "ANDD", 
   "ANDD", 
   "ORR", 
   "ANDD"
  ]
 }
}