{
 "random_seed": 895257540, 
 "PARAMETERS": {
  "RADIUS1": 513573.473, 
  "QUADS": 1, 
  "RADIUS2": 785991.993, 
  "DIST": 82252.095, 
  "F_PTS": 10, 
  "K_PTS": 57, 
  "EPSILON": 0.307, 
  "LENGTH1": 310642.45, 
  "G_PTS": 19, 
  "Q_PTS": 51, 
  "N_PTS": 33, 
  "C_PTS": 17, 
  "AREA2": 283874.184, 
  "LENGTH2": 783668.883, 
  "B_PTS": 23, 
  "D_PTS": 40, 
  "AREA1": 395706.131, 
  "A_PTS": 37, 
  "E_PTS": 19
 }, 
 "NUMPOINTS": 63, 
 "points": [
  [
   411863.465, 
   498090.391
  ], 
  [
   432538.289, 
   669244.685
  ], 
  [
   901764.918, 
   668944.07
  ], 
  [
   261073.149, 
   -536494.308
  ], 
  [
   310146.443, 
   -709554.103
  ], 
  [
   -607658.664, 
   -187167.215
  ], 
  [
   -678560.227, 
   -47477.303
  ], 
  [
   -878158.904, 
   488784.623
  ], 
  [
   -321120.036, 
   -464512.602
  ], 
  [
   -298032.465, 
   -800859.422
  ], 
  [
   104426.449, 
   874566.761
  ], 
  [
   -546068.72, 
   674571.149
  ], 
  [
   827092.9, 
   940407.886
  ], 
  [
   788062.892, 
   -844550.59
  ], 
  [
   992062.171, 
   709185.75
  ], 
  [
   -102491.92, 
   374064.094
  ], 
  [
   -64194.554, 
   469816.214
  ], 
  [
   682090.509, 
   753411.312
  ], 
  [
   -616376.607, 
   -590477.03
  ], 
  [
   -790764.593, 
   -731881.058
  ], 
  [
   -316588.586, 
   577970.351
  ], 
  [
   105858.609, 
   -772940.669
  ], 
  [
   708020.725, 
   -857534.74
  ], 
  [
   -477568.672, 
   -642447.192
  ], 
  [
   965905.861, 
   -200876.233
  ], 
  [
   -213301.811, 
   97037.346
  ], 
  [
   506247.778, 
   -811331.044
  ], 
  [
   570830.675, 
   -444225.381
  ], 
  [
   7367.362, 
   -593937.572
  ], 
  [
   -927850.706, 
   -646297.502
  ], 
  [
   554968.863, 
   -346801.642
  ], 
  [
   -46691.009, 
   -54998.79
  ], 
  [
   -80016.777, 
   -990797.106
  ], 
  [
   661872.093, 
   -825914.106
  ], 
  [
   592861.04, 
   -717301.994
  ], 
  [
   846115.503, 
   -208670.52
  ], 
  [
   -572759.58, 
   -326268.027
  ], 
  [
   682861.356, 
   -64497.033
  ], 
  [
   166827.225, 
   501927.469
  ], 
  [
   720058.83, 
   642124.318
  ], 
  [
   745039.054, 
   -400187.699
  ], 
  [
   -24911.744, 
   -423563.793
  ], 
  [
   665687.38, 
   -540312.68
  ], 
  [
   585443.922, 
   -521977.0
  ], 
  [
   262942.786, 
   -804866.955
  ], 
  [
   788204.418, 
   -894195.573
  ], 
  [
   447527.347, 
   190991.62
  ], 
  [
   663607.551, 
   80211.203
  ], 
  [
   138714.275, 
   523833.054
  ], 
  [
   623856.648, 
   -677822.327
  ], 
  [
   -730824.102, 
   -688857.852
  ], 
  [
   -864658.93, 
   407486.483
  ], 
  [
   240848.213, 
   -262732.592
  ], 
  [
   -820546.823, 
   -460788.953
  ], 
  [
   997799.943, 
   -471147.315
  ], 
  [
   36445.334, 
   418276.58
  ], 
  [
   -692397.153, 
   965426.474
  ], 
  [
   -952731.183, 
   -901899.451
  ], 
  [
   254041.334, 
   -429220.501
  ], 
  [
   332057.571, 
   -43985.829
  ], 
  [
   741576.783, 
   508135.423
  ], 
  [
   122498.765, 
   456108.941
  ], 
  [
   -359263.603, 
   -791257.869
  ]
 ], 
 "PUV": [
  false, 
  false, 
  true, 
  true, 
  true, 
  false, 
  false, 
  false, 
  false, 
  false, 
  false, 
  true, 
  true, 
  true, 
  true
 ], 
 "LCM": {
  "11": [
   "ANDD", 
   "NOTUSED", 
   "ORR", 
   "ANDD", 
   "NOTUSED", 
   "NOTUSED", 
   "NOTUSED", 
   "ANDD", 
   "NOTUSED", 
   "ORR", 
   "ANDD", 
   "ANDD", 
   "ANDD", 
   "NOTUSED", 
   "NOTUSED"
  ], 
  "10": [
   "NOTUSED", 
   "NOTUSED", 
   "NOTUSED", 
   "NOTUSED", 
   "NOTUSED", 
   "ANDD", 
   "NOTUSED", 
   "NOTUSED", 
   "ANDD", 
   "ORR", 
   "ORR", 
   "ANDD", 
   "NOTUSED", 
   "ORR", 
   "NOTUSED"
  ], 
  "13": [
   "ORR", 
   "NOTUSED", 
   "ORR", 
   "ANDD", 
   "ORR", 
   "ORR", 
   "ANDD", 
   "ORR", 
   "NOTUSED", 
   "ORR", 
   "ORR", 
   "NOTUSED", 
   "ORR", 
   "ANDD", 
   "NOTUSED"
  ], 
  "12": [
   "NOTUSED", 
   "ORR", 
   "ORR", 
   "ORR", 
   "ORR", 
   "ANDD", 
   "ANDD", 
   "ORR", 
   "ORR", 
   "NOTUSED", 
   "NOTUSED", 
   "ANDD", 
   "ORR", 
   "ORR", 
   "ANDD"
  ], 
  "14": [
   "ORR", 
   "ANDD", 
   "ORR", 
   "NOTUSED", 
   "NOTUSED", 
   "NOTUSED", 
   "ANDD", 
   "ORR", 
   "ORR", 
   "NOTUSED", 
   "NOTUSED", 
   "NOTUSED", 
   "ANDD", 
   "NOTUSED", 
   "ORR"
  ], 
  "1": [
   "ANDD", 
   "NOTUSED", 
   "NOTUSED", 
   "ANDD", 
   "ANDD", 
   "ANDD", 
   "NOTUSED", 
   "ORR", 
   "NOTUSED", 
   "ORR", 
   "NOTUSED", 
   "NOTUSED", 
   "ORR", 
   "NOTUSED", 
   "ANDD"
  ], 
  "0": [
   "NOTUSED", 
   "ANDD", 
   "NOTUSED", 
   "ANDD", 
   "ORR", 
   "ORR", 
   "ORR", 
   "ORR", 
   "ORR", 
   "ORR", 
   "NOTUSED", 
   "ANDD", 
   "NOTUSED", 
   "ORR", 
   "ORR"
  ], 
  "3": [
   "ANDD", 
   "ANDD", 
   "NOTUSED", 
   "ORR", 
   "ANDD", 
   "NOTUSED", 
   "ORR", 
   "ORR", 
   "ANDD", 
   "ORR", 
   "NOTUSED", 
   "ANDD", 
   "ORR", 
   "ANDD", 
   "NOTUSED"
  ], 
  "2": [
   "NOTUSED", 
   "NOTUSED", 
   "NOTUSED", 
   "NOTUSED", 
   "NOTUSED", 
   "ANDD", 
   "NOTUSED", 
   "NOTUSED", 
   "ORR", 
   "NOTUSED", 
   "NOTUSED", 
   "ORR", 
   "ORR", 
   "ORR", 
   "ORR"
  ], 
  "5": [
   "ORR", 
   "ANDD", 
   "ANDD", 
   "NOTUSED", 
   "ANDD", 
   "ORR", 
   "ANDD", 
   "ORR", 
   "NOTUSED", 
   "ANDD", 
   "ANDD", 
   "NOTUSED", 
   "ANDD", 
   "ORR", 
   "NOTUSED"
  ], 
  "4": [
   "ORR", 
   "ANDD", 
   "NOTUSED", 
   "ANDD", 
   "ANDD", 
   "ANDD", 
   "NOTUSED", 
   "NOTUSED", 
   "NOTUSED", 
   "ANDD", 
   "NOTUSED", 
   "NOTUSED", 
   "ORR", 
   "ORR", 
   "NOTUSED"
  ], 
  "7": [
   "ORR", 
   "ORR", 
   "NOTUSED", 
   "ORR", 
   "NOTUSED", 
   "ORR", 
   "ANDD", 
   "ANDD", 
   "ANDD", 
   "NOTUSED", 
   "NOTUSED", 
   "ANDD", 
   "ORR", 
   "ORR", 
   "ORR"
  ], 
  "6": [
   "ORR", 
   "NOTUSED", 
   "NOTUSED", 
   "ORR", 
   "NOTUSED", 
   "ANDD", 
   "ANDD", 
   "ANDD", 
   "ANDD", 
   "ORR", 
   "NOTUSED", 
   "NOTUSED", 
   "ANDD", 
   "ANDD", 
   "ANDD"
  ], 
  "9": [
   "ORR", 
   "ORR", 
   "NOTUSED", 
   "ORR", 
   "ANDD", 
   "ANDD", 
   "ORR", 
   "NOTUSED", 
   "ORR", 
   "ORR", 
   "ORR", 
   "ORR", 
   "NOTUSED", 
   "ORR", 
   "NOTUSED"
  ], 
  "8": [
   "ORR", 
   "NOTUSED", 
   "ORR", 
   "ANDD", 
   "NOTUSED", 
   "NOTUSED", 
   "ANDD", 
   "ANDD", 
   "ORR", 
   "ORR", 
   "ANDD", 
   "NOTUSED", 
   "ORR", 
   "NOTUSED", 
   "ORR"
  ]
 }
}