{
 "random_seed": 1427023074, 
 "PARAMETERS": {
  "RADIUS1": 522932.044, 
  "QUADS": 3, 
  "RADIUS2": 618590.951, 
  "DIST": 186851.56, 
  "F_PTS": 21, 
  "K_PTS": 39, 
  "EPSILON": 2.974, 
  "LENGTH1": 125120.212, 
  "G_PTS": 29, 
  "Q_PTS": 51, 
  "N_PTS": 52, 
  "C_PTS": 2, 
  "AREA2": 84242.646, 
  "LENGTH2": 146224.741, 
  "B_PTS": 31, 
  "D_PTS": 20, 
  "AREA1": 957154.361, 
  "A_PTS": 6, 
  "E_PTS": 22
 }, 
 "NUMPOINTS": 59, 
 "points": [
  [
   72566.379, 
   938918.204
  ], 
  [
   860728.437, 
   -54423.137
  ], 
  [
   -202918.181, 
   266061.405
  ], 
  [
   -896818.131, 
   612638.257
  ], 
  [
   528928.721, 
   -369731.996
  ], 
  [
   413697.489, 
   -844692.565
  ], 
  [
   945217.876, 
   167441.0
  ], 
  [
   362287.7, 
   -874681.345
  ], 
  [
   607054.472, 
   743350.811
  ], 
  [
   -362632.358, 
   971348.803
  ], 
  [
   16862.025, 
   605722.959
  ], 
  [
   -888589.386, 
   -901484.966
  ], 
  [
   -706584.364, 
   941531.99
  ], 
  [
   -960950.511, 
   677181.267
  ], 
  [
   515323.519, 
   -809168.008
  ], 
  [
   -508479.921, 
   842844.752
  ], 
  [
   954036.875, 
   -983288.664
  ], 
  [
   43431.054, 
   632622.96
  ], 
  [
   554760.025, 
   217171.455
  ], 
  [
   -198863.431, 
   -631782.791
  ], 
  [
   180391.198, 
   -538191.299
  ], 
  [
   3331.66, 
   717363.172
  ], 
  [
   542944.207, 
   835526.552
  ], 
  [
   -756230.624, 
   -667142.824
  ], 
  [
   215183.726, 
   803860.796
  ], 
  [
   678601.31, 
   -844734.03
  ], 
  [
   -599256.036, 
   -774578.041
  ], 
  [
   -290449.376, 
   -906196.763
  ], 
  [
   -462513.778, 
   -174386.127
  ], 
  [
   765104.477, 
   447476.105
  ], 
  [
   -651359.06, 
   -291068.905
  ], 
  [
   -383640.997, 
   41480.886
  ], 
  [
   531771.238, 
   272398.467
  ], 
  [
   597660.967, 
   821370.8
  ], 
  [
   424185.863, 
   698981.238
  ], 
  [
   128181.701, 
   -95177.085
  ], 
  [
   238742.851, 
   234633.453
  ], 
  [
   522265.042, 
   476721.104
  ], 
  [
   458120.667, 
   935493.267
  ], 
  [
   752509.533, 
   994309.868
  ], 
  [
   308273.443, 
   976787.318
  ], 
  [
   -870300.147, 
   840137.928
  ], 
  [
   -788598.52, 
   456130.176
  ], 
  [
   -926896.865, 
   -307062.877
  ], 
  [
   -843155.936, 
   223053.771
  ], 
  [
   261455.782, 
   -780404.701
  ], 
  [
   -444860.107, 
   -50428.79
  ], 
  [
   -430584.182, 
   941748.913
  ], 
  [
   -164019.089, 
   -198482.779
  ], 
  [
   331259.872, 
   709518.589
  ], 
  [
   -605649.786, 
   -631321.495
  ], 
  [
   -406867.423, 
   111096.148
  ], 
  [
   -898238.135, 
   -773296.595
  ], 
  [
   -416005.94, 
   544512.063
  ], 
  [
   -473424.146, 
   -519583.946
  ], 
  [
   -987337.879, 
   51714.863
  ], 
  [
   390.045, 
   338854.147
  ], 
  [
   157987.118, 
   329374.179
  ], 
  [
   -8515.205, 
   387721.659
  ]
 ], 
 "PUV": [
  false, 
  false, 
  false, 
  false, 
  true, 
  false, 
  false, 
  false, 
  false, 
  true, 
  true, 
  false, 
  false, 
  false, 
  false
 ], 
 "LCM": {
  "11": [
   "NOTUSED", 
   "ANDD", 
   "ANDD", 
   "NOTUSED", 
   "NOTUSED", 
   "ANDD", 
   "ANDD", 
   "ORR", 
   "ANDD", 
   "ANDD", 
   "ORR", 
   "ANDD", 
   "NOTUSED", 
   "ORR", 
   "ANDD"
  ], 
  "10": [
   "NOTUSED", 
   "NOTUSED", 
   "NOTUSED", 
   "NOTUSED", 
   "ANDD", 
   "ANDD", 
   "ORR", 
   "NOTUSED", 
   "NOTUSED", 
   "ANDD", 
   "ANDD", 
   "ORR", 
   "ORR", 
   "NOTUSED", 
   "NOTUSED"
  ], 
  "13": [
   "ANDD", 
   "ORR", 
   "ANDD", 
   "ANDD", 
   "ORR", 
   "ORR", 
   "ORR", 
   "ORR", 
   "NOTUSED", 
   "ORR", 
   "NOTUSED", 
   "ORR", 
   "ANDD", 
   "ANDD", 
   "NOTUSED"
  ], 
  "12": [
   "ANDD", 
   "ANDD", 
   "ORR", 
   "ORR", 
   "ORR", 
   "ANDD", 
   "ANDD", 
   "ANDD", 
   "ANDD", 
   "ANDD", 
   "ORR", 
   "NOTUSED", 
   "ORR", 
   "ANDD", 
   "ANDD"
  ], 
  "14": [
   "ORR", 
   "ANDD", 
   "ORR", 
   "NOTUSED", 
   "ANDD", 
   "ORR", 
   "NOTUSED", 
   "ANDD", 
   "ORR", 
   "ORR", 
   "NOTUSED", 
   "ANDD", 
   "ANDD", 
   "NOTUSED", 
   "ORR"
  ], 
  "1": [
   "NOTUSED", 
   "ORR", 
   "ORR", 
   "NOTUSED", 
   "NOTUSED", 
   "ORR", 
   "NOTUSED", 
   "ORR", 
   "ANDD", 
   "ANDD", 
   "NOTUSED", 
   "ANDD", 
   "ANDD", 
   "ORR", 
   "ANDD"
  ], 
  "0": [
   "NOTUSED", 
   "NOTUSED", 
   "ANDD", 
   "ANDD", 
   "NOTUSED", 
   "NOTUSED", 
   "NOTUSED", 
   "ANDD", 
   "ANDD", 
   "NOTUSED", 
   "NOTUSED", 
   "NOTUSED", 
   "ANDD", 
   "ANDD", 
   "ORR"
  ], 
  "3": [
   "ANDD", 
   "NOTUSED", 
   "NOTUSED", 
   "ANDD", 
   "ANDD", 
   "NOTUSED", 
   "ORR", 
   "ANDD", 
   "ANDD", 
   "ORR", 
   "NOTUSED", 
   "NOTUSED", 
   "ORR", 
   "ANDD", 
   "NOTUSED"
  ], 
  "2": [
   "ANDD", 
   "ORR", 
   "ANDD", 
   "NOTUSED", 
   "ANDD", 
   "ANDD", 
   "ANDD", 
   "ANDD", 
   "ORR", 
   "NOTUSED", 
   "NOTUSED", 
   "ANDD", 
   "ORR", 
   "ANDD", 
   "ORR"
  ], 
  "5": [
   "NOTUSED", 
   "ORR", 
   "ANDD", 
   "NOTUSED", 
   "ANDD", 
   "NOTUSED", 
   "NOTUSED", 
   "NOTUSED", 
   "ORR", 
   "ORR", 
   "ANDD", 
   "ANDD", 
   "ANDD", 
   "ORR", 
   "ORR"
  ], 
  "4": [
   "NOTUSED", 
   "NOTUSED", 
   "ANDD", 
   "ANDD", 
   "NOTUSED", 
   "ANDD", 
   "ANDD", 
   "NOTUSED", 
   "NOTUSED", 
   "ANDD", 
   "ANDD", 
   "NOTUSED", 
   "ORR", 
   "ORR", 
   "ANDD"
  ], 
  "7": [
   "ANDD", 
   "ORR", 
   "ANDD", 
   "ANDD", 
   "NOTUSED", 
   "NOTUSED", 
   "ORR", 
   "ORR", 
   "NOTUSED", 
   "ANDD", 
   "NOTUSED", 
   "ORR", 
   "ANDD", 
   "ORR", 
   "ANDD"
  ], 
  "6": [
   "NOTUSED", 
   "NOTUSED", 
   "ANDD", 
   "ORR", 
   "ANDD", 
   "NOTUSED", 
   "ORR", 
   "ORR", 
   "ORR", 
   "ANDD", 
   "ORR", 
   "ANDD", 
   "ANDD", 
   "ORR", 
   "NOTUSED"
  ], 
  "9": [
   "NOTUSED", 
   "ANDD", 
   "NOTUSED", 
   "ORR", 
   "ANDD", 
   "ORR", 
   "ANDD", 
   "ANDD", 
   "ANDD", 
   "NOTUSED", 
   "ANDD", 
   "ANDD", 
   "ANDD", 
   "ORR", 
   "ORR"
  ], 
  "8": [
   "ANDD", 
   "ANDD", 
   "ORR", 
   "ANDD", 
   "NOTUSED", 
   "ORR", 
   "ORR", 
   "NOTUSED", 
   "NOTUSED", 
   "ANDD", 
   "NOTUSED", 
   "ANDD", 
   "ANDD", 
   "NOTUSED", 
   "ORR"
  ]
 }
}