{
 "random_seed": 3343634100, 
 "PARAMETERS": {
  "RADIUS1": 913406.656, 
  "QUADS": 3, 
  "RADIUS2": 329050.518, 
  "DIST": 419468.252, 
  "F_PTS": 31, 
  "K_PTS": 31, 
  "EPSILON": 1.913, 
  "LENGTH1": 598470.284, 
  "G_PTS": 31, 
  "Q_PTS": 24, 
  "N_PTS": 16, 
  "C_PTS": 66, 
  "AREA2": 481117.397, 
  "LENGTH2": 645205.667, 
  "B_PTS": 56, 
  "D_PTS": 12, 
  "AREA1": 266677.308, 
  "A_PTS": 19, 
  "E_PTS": 19
 }, 
 "NUMPOINTS": 95, 
 "points": [
  [
   905396.634, 
   -895990.963
  ], 
  [
   -11401.911, 
   -431287.588
  ], 
  [
   -596997.159, 
   -505958.296
  ], 
  [
   -322973.782, 
   -103554.161
  ], 
  [
   -708230.657, 
   283993.45
  ], 
  [
   838028.964, 
   419557.146
  ], 
  [
   149242.056, 
   657518.673
  ], 
  [
   279585.4, 
   -377454.127
  ], 
  [
   -194421.691, 
   633660.305
  ], 
  [
   309211.675, 
   360723.09
  ], 
  [
   216378.599, 
   -793649.632
  ], 
  [
   542863.722, 
   717786.062
  ], 
  [
   187231.628, 
   -904696.386
  ], 
  [
   541579.415, 
   -876088.649
  ], 
  [
   453937.306, 
   -489068.686
  ], 
  [
   -872047.35, 
   809557.475
  ], 
  [
   -330740.944, 
   -911203.27
  ], 
  [
   -888614.708, 
   143034.366
  ], 
  [
   -539717.881, 
   -710634.139
  ], 
  [
   388543.635, 
   -157328.301
  ], 
  [
   -966294.36, 
   -541178.81
  ], 
  [
   235843.482, 
   111067.375
  ], 
  [
   202145.931, 
   -797830.256
  ], 
  [
   394734.179, 
   -629010.723
  ], 
  [
   -924685.279, 
   888440.543
  ], 
  [
   583706.384, 
   110098.854
  ], 
  [
   -208358.62, 
   -898921.142
  ], 
  [
   746567.514, 
   -994475.469
  ], 
  [
   192986.744, 
   -953552.299
  ], 
  [
   -444973.182, 
   -684492.759
  ], 
  [
   938394.701, 
   -206484.026
  ], 
  [
   -491687.638, 
   -293435.373
  ], 
  [
   329778.136, 
   -918137.67
  ], 
  [
   396038.905, 
   305316.221
  ], 
  [
   -340199.704, 
   973903.645
  ], 
  [
   311647.857, 
   476283.593
  ], 
  [
   739290.574, 
   520669.289
  ], 
  [
   84178.017, 
   -747019.097
  ], 
  [
   -985185.502, 
   234300.221
  ], 
  [
   -67578.286, 
   689114.667
  ], 
  [
   926924.993, 
   143804.935
  ], 
  [
   -663185.979, 
   699305.995
  ], 
  [
   880846.154, 
   -747228.369
  ], 
  [
   -587285.269, 
   965731.664
  ], 
  [
   163311.041, 
   676782.556
  ], 
  [
   533349.691, 
   -951631.239
  ], 
  [
   223987.213, 
   934141.335
  ], 
  [
   454377.985, 
   -281696.013
  ], 
  [
   890557.017, 
   54884.163
  ], 
  [
   224003.081, 
   844762.362
  ], 
  [
   -977222.722, 
   -405309.095
  ], 
  [
   -821930.862, 
   -543785.348
  ], 
  [
   -388792.886, 
   643790.288
  ], 
  [
   -417846.825, 
   259315.906
  ], 
  [
   820091.798, 
   820147.209
  ], 
  [
   91176.475, 
   743245.572
  ], 
  [
   117016.446, 
   -855641.176
  ], 
  [
   -707538.239, 
   -958944.62
  ], 
  [
   2284.957, 
   738923.829
  ], 
  [
   -958778.998, 
   -33726.729
  ], 
  [
   -32640.617, 
   397991.295
  ], 
  [
   -544667.051, 
   -150081.87
  ], 
  [
   -373938.516, 
   -116431.631
  ], 
  [
   237264.889, 
   -304826.481
  ], 
  [
   -673798.645, 
   454205.889
  ], 
  [
   489649.24, 
   -67304.845
  ], 
  [
   385725.809, 
   230568.291
  ], 
  [
   -897757.441, 
   220264.41
  ], 
  [
   118418.305, 
   694516.653
  ], 
  [
   706620.781, 
   342601.184
  ], 
  [
   -331712.596, 
   649395.767
  ], 
  [
   320763.156, 
   281067.126
  ], 
  [
   42186.172, 
   -895523.629
  ], 
  [
   -307804.232, 
   -411222.774
  ], 
  [
   686338.01, 
   -338272.594
  ], 
  [
   381049.673, 
   -64627.766
  ], 
  [
   -821479.575, 
   -631258.932
  ], 
  [
   -345047.184, 
   -537212.347
  ], 
  [
   -387723.24, 
   507761.482
  ], 
  [
   -912160.134, 
   -686937.725
  ], 
  [
   -780691.839, 
   -425203.109
  ], 
  [
   202103.162, 
   -653617.348
  ], 
  [
   -484306.818, 
   445803.394
  ], 
  [
   667005.657, 
   593058.66
  ], 
  [
   752148.86, 
   382853.369
  ], 
  [
   -718016.342, 
   486916.111
  ], 
  [
   -272563.376, 
   203564.357
  ], 
  [
   -607124.371, 
   -305627.294
  ], 
  [
   800292.904, 
   -549391.853
  ], 
  [
   265968.117, 
   272026.975
  ], 
  [
   -713831.458, 
   -819438.642
  ], 
  [
   355337.912, 
   -778989.045
  ], 
  [
   230676.121, 
   -121200.218
  ], 
  [
   83916.095, 
   -209313.455
  ], 
  [
   789607.1, 
   -295247.379
  ]
 ], 
 "PUV": [
  false, 
  false, 
  true, 
  false, 
  true, 
  true, 
  false, 
  false, 
  false, 
  true, 
  true, 
  true, 
  true, 
  false, 
  true
 ], 
 "LCM": {
  "11": [
   "ORR", 
   "NOTUSED", 
   "ORR", 
   "ANDD", 
   "NOTUSED", 
   "NOTUSED", 
   "ORR", 
   "NOTUSED", 
   "NOTUSED", 
   "ANDD", 
   "NOTUSED", 
   "ANDD", 
   "ANDD", 
   "NOTUSED", 
   "ORR"
  ], 
  "10": [
   "NOTUSED", 
   "NOTUSED", 
   "ANDD", 
   "ORR", 
   "NOTUSED", 
   "ANDD", 
   "ANDD", 
   "ORR", 
   "ANDD", 
   "ORR", 
   "ORR", 
   "NOTUSED", 
   "ORR", 
   "ORR", 
   "ANDD"
  ], 
  "13": [
   "ORR", 
   "ORR", 
   "ANDD", 
   "ORR", 
   "ANDD", 
   "ORR", 
   "NOTUSED", 
   "ANDD", 
   "ORR", 
   "ORR", 
   "ORR", 
   "NOTUSED", 
   "ANDD", 
   "ANDD", 
   "ANDD"
  ], 
  "12": [
   "ORR", 
   "NOTUSED", 
   "ORR", 
   "ANDD", 
   "ANDD", 
   "ANDD", 
   "ORR", 
   "NOTUSED", 
   "ORR", 
   "NOTUSED", 
   "ORR", 
   "ANDD", 
   "ORR", 
   "ANDD", 
   "NOTUSED"
  ], 
  "14": [
   "ANDD", 
   "ORR", 
   "ORR", 
   "ANDD", 
   "ORR", 
   "NOTUSED", 
   "NOTUSED", 
   "ANDD", 
   "NOTUSED", 
   "ORR", 
   "ANDD", 
   "ORR", 
   "NOTUSED", 
   "ANDD", 
   "ANDD"
  ], 
  "1": [
   "NOTUSED", 
   "ANDD", 
   "ORR", 
   "NOTUSED", 
   "ANDD", 
   "NOTUSED", 
   "NOTUSED", 
   "ORR", 
   "ANDD", 
   "ANDD", 
   "NOTUSED", 
   "NOTUSED", 
   "NOTUSED", 
   "ORR", 
   "ORR"
  ], 
  "0": [
   "ANDD", 
   "NOTUSED", 
   "ANDD", 
   "ORR", 
   "NOTUSED", 
   "ANDD", 
   "NOTUSED", 
   "NOTUSED", 
   "ORR", 
   "ANDD", 
   "NOTUSED", 
   "ORR", 
   "ORR", 
   "ORR", 
   "ANDD"
  ], 
  "3": [
   "ORR", 
   "NOTUSED", 
   "NOTUSED", 
   "NOTUSED", 
   "ANDD", 
   "ORR", 
   "ANDD", 
   "ORR", 
   "ANDD", 
   "NOTUSED", 
   "ORR", 
   "ANDD", 
   "ANDD", 
   "ORR", 
   "ANDD"
  ], 
  "2": [
   "ANDD", 
   "ORR", 
   "NOTUSED", 
   "NOTUSED", 
   "ORR", 
   "ORR", 
   "ORR", 
   "ANDD", 
   "ORR", 
   "NOTUSED", 
   "ANDD", 
   "ORR", 
   "ORR", 
   "ANDD", 
   "ORR"
  ], 
  "5": [
   "ANDD", 
   "NOTUSED", 
   "ORR", 
   "ORR", 
   "NOTUSED", 
   "NOTUSED", 
   "NOTUSED", 
   "ORR", 
   "NOTUSED", 
   "ANDD", 
   "ANDD", 
   "NOTUSED", 
   "ANDD", 
   "ORR", 
   "NOTUSED"
  ], 
  "4": [
   "NOTUSED", 
   "ANDD", 
   "ORR", 
   "ANDD", 
   "ANDD", 
   "NOTUSED", 
   "NOTUSED", 
   "ORR", 
   "ANDD", 
   "NOTUSED", 
   "NOTUSED", 
   "NOTUSED", 
   "ANDD", 
   "ANDD", 
   "ORR"
  ], 
  "7": [
   "NOTUSED", 
   "ORR", 
   "ANDD", 
   "ORR", 
   "ORR", 
   "ORR", 
   "ANDD", 
   "ORR", 
   "ORR", 
   "ORR", 
   "ORR", 
   "NOTUSED", 
   "NOTUSED", 
   "ANDD", 
   "ANDD"
  ], 
  "6": [
   "NOTUSED", 
   "NOTUSED", 
   "ORR", 
   "ANDD", 
   "NOTUSED", 
   "NOTUSED", 
   "ORR", 
   "ANDD", 
   "ANDD", 
   "ORR", 
   "ANDD", 
   "ORR", 
   "ORR", 
   "NOTUSED", 
   "NOTUSED"
  ], 
  "9": [
   "ANDD", 
   "ANDD", 
   "NOTUSED", 
   "NOTUSED", 
   "NOTUSED", 
   "ANDD", 
   "ORR", 
   "ORR", 
   "NOTUSED", 
   "ORR", 
   "ORR", 
   "ANDD", 
   "NOTUSED", 
   "ORR", 
   "ORR"
  ], 
  "8": [
   "ORR", 
   "ANDD", 
   "ORR", 
   "ANDD", 
   "ANDD", 
   "NOTUSED", 
   "ANDD", 
   "ORR", 
   "NOTUSED", 
   "NOTUSED", 
   "ANDD", 
   "NOTUSED", 
   "ORR", 
   "ORR", 
   "NOTUSED"
  ]
 }
}