{
 "random_seed": 3773474400, 
 "PARAMETERS": {
  "RADIUS1": 208248.336, 
  "QUADS": 2, 
  "RADIUS2": 265758.95, 
  "DIST": 893196.078, 
  "F_PTS": 52, 
  "K_PTS": 28, 
  "EPSILON": 0.288, 
  "LENGTH1": 203683.035, 
  "G_PTS": 7, 
  "Q_PTS": 72, 
  "N_PTS": 44, 
  "C_PTS": 61, 
  "AREA2": 699854.95, 
  "LENGTH2": 350368.736, 
  "B_PTS": 12, 
  "D_PTS": 8, 
  "AREA1": 227879.099, 
  "A_PTS": 65, 
  "E_PTS": 7
 }, 
 "NUMPOINTS": 86, 
 "points": [
  [
   -848613.42, 
   348403.481
  ], 
  [
   -744806.88, 
   -433164.898
  ], 
  [
   36223.933, 
   130283.511
  ], 
  [
   985801.753, 
   -465308.328
  ], 
  [
   -840959.641, 
   363501.061
  ], 
  [
   616610.706, 
   -829656.908
  ], 
  [
   482563.154, 
   -260262.329
  ], 
  [
   -345596.764, 
   -98436.452
  ], 
  [
   -811245.016, 
   -32432.277
  ], 
  [
   -640153.497, 
   916711.266
  ], 
  [
   -340516.741, 
   -839740.524
  ], 
  [
   574308.571, 
   -455458.453
  ], 
  [
   773242.805, 
   520798.533
  ], 
  [
   -225594.048, 
   280164.433
  ], 
  [
   -612934.404, 
   -108629.845
  ], 
  [
   531924.317, 
   -704714.796
  ], 
  [
   892248.552, 
   -939929.392
  ], 
  [
   -460359.895, 
   -618823.815
  ], 
  [
   -324861.018, 
   -997570.562
  ], 
  [
   681933.511, 
   -228429.177
  ], 
  [
   852022.138, 
   -95937.991
  ], 
  [
   129205.727, 
   327929.614
  ], 
  [
   -841365.585, 
   -707951.853
  ], 
  [
   215212.56, 
   -107187.073
  ], 
  [
   361204.747, 
   131154.082
  ], 
  [
   305433.755, 
   590804.231
  ], 
  [
   396456.012, 
   991462.555
  ], 
  [
   48979.716, 
   -386195.234
  ], 
  [
   349053.062, 
   458098.807
  ], 
  [
   -662218.335, 
   -520785.784
  ], 
  [
   191360.583, 
   391943.933
  ], 
  [
   408739.165, 
   356887.992
  ], 
  [
   -739981.956, 
   -646173.884
  ], 
  [
   576749.857, 
   -458533.152
  ], 
  [
   -861118.902, 
   888043.999
  ], 
  [
   339735.848, 
   -483571.397
  ], 
  [
   274429.524, 
   83142.411
  ], 
  [
   -756273.637, 
   991422.738
  ], 
  [
   -724791.328, 
   -25037.391
  ], 
  [
   -195189.759, 
   -837851.556
  ], 
  [
   -562471.119, 
   62967.842
  ], 
  [
   -573252.411, 
   -449756.944
  ], 
  [
   -506773.39, 
   438483.558
  ], 
  [
   -185355.953, 
   -827580.328
  ], 
  [
   688316.844, 
   -599291.16
  ], 
  [
   -639717.649, 
   -558137.078
  ], 
  [
   623406.588, 
   444891.726
  ], 
  [
   379632.204, 
   -528083.494
  ], 
  [
   711740.634, 
   -565319.428
  ], 
  [
   143314.601, 
   -942918.662
  ], 
  [
   529855.309, 
   690586.907
  ], 
  [
   -645399.295, 
   -257248.417
  ], 
  [
   -812897.628, 
   682628.544
  ], 
  [
   -879072.581, 
   -452132.405
  ], 
  [
   -486784.811, 
   -693058.471
  ], 
  [
   46586.175, 
   569720.046
  ], 
  [
   163477.047, 
   -571327.401
  ], 
  [
   154163.622, 
   262139.264
  ], 
  [
   371006.735, 
   -974420.733
  ], 
  [
   316743.075, 
   -493683.057
  ], 
  [
   967418.083, 
   20969.44
  ], 
  [
   147835.696, 
   -971493.481
  ], 
  [
   125951.844, 
   251840.0
  ], 
  [
   464378.863, 
   -696912.328
  ], 
  [
   -177235.882, 
   -713973.794
  ], 
  [
   897404.348, 
   -463254.563
  ], 
  [
   448547.209, 
   -436475.71
  ], 
  [
   -844.81, 
   -507361.01
  ], 
  [
   418920.924, 
   57807.666
  ], 
  [
   -505258.16, 
   748455.158
  ], 
  [
   -973326.073, 
   811386.143
  ], 
  [
   -651448.893, 
   -9100.238
  ], 
  [
   666241.497, 
   -987589.499
  ], 
  [
   -692150.904, 
   -659067.018
  ], 
  [
   883862.07, 
   -606884.9
  ], 
  [
   931439.815, 
   -322502.2
  ], 
  [
   -544057.191, 
   -947281.433
  ], 
  [
   -484058.683, 
   158463.101
  ], 
  [
   362100.627, 
   -852479.215
  ], 
  [
   -132080.223, 
   -852667.826
  ], 
  [
   -383398.599, 
   -419816.272
  ], 
  [
   -723351.992, 
   648289.36
  ], 
  [
   349611.167, 
   587541.599
  ], 
  [
   250594.577, 
   -833313.168
  ], 
  [
   -653591.74, 
   972655.116
  ], 
  [
   -838493.064, 
   593002.269
  ]
 ], 
 "PUV": [
  false, 
  true, 
  true, 
  true, 
  false, 
  false, 
  true, 
  true, 
  false, 
  true, 
  false, 
  false, 
  true, 
  true, 
  true
 ], 
 "LCM": {
  "11": [
   "NOTUSED", 
   "ORR", 
   "ANDD", 
   "ANDD", 
   "ANDD", 
   "ORR", 
   "ANDD", 
   "ANDD", 
   "ORR", 
   "ANDD", 
   "ANDD", 
   "ANDD", 
   "ANDD", 
   "NOTUSED", 
   "NOTUSED"
  ], 
  "10": [
   "ANDD", 
   "NOTUSED", 
   "ANDD", 
   "ANDD", 
   "NOTUSED", 
   "ANDD", 
   "NOTUSED", 
   "NOTUSED", 
   "NOTUSED", 
   "ANDD", 
   "ORR", 
   "ANDD", 
   "ORR", 
   "ORR", 
   "ORR"
  ], 
  "13": [
   "ANDD", 
   "ORR", 
   "NOTUSED", 
   "ANDD", 
   "ANDD", 
   "ANDD", 
   "ANDD", 
   "ORR", 
   "ORR", 
   "ORR", 
   "ORR", 
   "NOTUSED", 
   "ORR", 
   "ORR", 
   "ANDD"
  ], 
  "12": [
   "ORR", 
   "ORR", 
   "ORR", 
   "ORR", 
   "NOTUSED", 
   "ANDD", 
   "ANDD", 
   "ORR", 
   "ANDD", 
   "NOTUSED", 
   "ORR", 
   "ANDD", 
   "NOTUSED", 
   "ORR", 
   "NOTUSED"
  ], 
  "14": [
   "NOTUSED", 
   "ORR", 
   "ANDD", 
   "ORR", 
   "NOTUSED", 
   "ORR", 
   "NOTUSED", 
   "ANDD", 
   "NOTUSED", 
   "ORR", 
   "ORR", 
   "NOTUSED", 
   "NOTUSED", 
   "ANDD", 
   "ORR"
  ], 
  "1": [
   "ANDD", 
   "ANDD", 
   "ORR", 
   "ORR", 
   "ORR", 
   "ORR", 
   "NOTUSED", 
   "ORR", 
   "ANDD", 
   "NOTUSED", 
   "NOTUSED", 
   "ORR", 
   "ORR", 
   "ORR", 
   "ORR"
  ], 
  "0": [
   "NOTUSED", 
   "ANDD", 
   "ORR", 
   "ANDD", 
   "ORR", 
   "NOTUSED", 
   "NOTUSED", 
   "NOTUSED", 
   "NOTUSED", 
   "ANDD", 
   "ANDD", 
   "NOTUSED", 
   "ORR", 
   "ANDD", 
   "NOTUSED"
  ], 
  "3": [
   "ANDD", 
   "ORR", 
   "ORR", 
   "ANDD", 
   "NOTUSED", 
   "NOTUSED", 
   "ORR", 
   "ORR", 
   "ANDD", 
   "NOTUSED", 
   "ANDD", 
   "ANDD", 
   "ORR", 
   "ANDD", 
   "ORR"
  ], 
  "2": [
   "ORR", 
   "ORR", 
   "ANDD", 
   "ORR", 
   "ORR", 
   "ORR", 
   "NOTUSED", 
   "ORR", 
   "ANDD", 
   "ORR", 
   "ANDD", 
   "ANDD", 
   "ORR", 
   "NOTUSED", 
   "ANDD"
  ], 
  "5": [
   "NOTUSED", 
   "ORR", 
   "ORR", 
   "NOTUSED", 
   "NOTUSED", 
   "ANDD", 
   "ANDD", 
   "ANDD", 
   "NOTUSED", 
   "ORR", 
   "ANDD", 
   "ORR", 
   "ANDD", 
   "ANDD", 
   "ORR"
  ], 
  "4": [
   "ORR", 
   "ORR", 
   "ORR", 
   "NOTUSED", 
   "ORR", 
   "NOTUSED", 
   "ORR", 
   "ORR", 
   "NOTUSED", 
   "ANDD", 
   "NOTUSED", 
   "ANDD", 
   "NOTUSED", 
   "ANDD", 
   "NOTUSED"
  ], 
  "7": [
   "NOTUSED", 
   "ORR", 
   "ORR", 
   "ORR", 
   "ORR", 
   "ANDD", 
   "ANDD", 
   "ANDD", 
   "ANDD", 
   "ANDD", 
   "NOTUSED", 
   "ANDD", 
   "ORR", 
   "ORR", 
   "ANDD"
  ], 
  "6": [
   "NOTUSED", 
   "NOTUSED", 
   "NOTUSED", 
   "ORR", 
   "ORR", 
   "ANDD", 
   "ANDD", 
   "ANDD", 
   "ANDD", 
   "NOTUSED", 
   "NOTUSED", 
   "ANDD", 
   "ANDD", 
   "ANDD", 
   "NOTUSED"
  ], 
  "9": [
   "ANDD", 
   "NOTUSED", 
   "ORR", 
   "NOTUSED", 
   "ANDD", 
   "ORR", 
   "NOTUSED", 
   "ANDD", 
   "NOTUSED", 
   "NOTUSED", 
   "ANDD", 
   "ANDD", 
   "NOTUSED", 
   "ORR", 
   "ORR"
  ], 
  "8": [
   "NOTUSED", 
   "ANDD", 
   "ANDD", 
   "ANDD", 
   "NOTUSED", 
   "NOTUSED", 
   "ANDD", 
   "ANDD", 
   "ANDD", 
   "NOTUSED", 
   "NOTUSED", 
   "ORR", 
   "ANDD", 
   "ORR", 
   "NOTUSED"
  ]
 }
}