{
 "random_seed": 1102205776, 
 "PARAMETERS": {
  "RADIUS1": 983146.69, 
  "QUADS": 1, 
  "RADIUS2": 441122.745, 
  "DIST": 322582.064, 
  "F_PTS": 19, 
  "K_PTS": 60, 
  "EPSILON": 1.377, 
  "LENGTH1": 270645.21, 
  "G_PTS": 2, 
  "Q_PTS": 39, 
  "N_PTS": 80, 
  "C_PTS": 3, 
  "AREA2": 243222.942, 
  "LENGTH2": 950777.099, 
  "B_PTS": 5, 
  "D_PTS": 28, 
  "AREA1": 487993.672, 
  "A_PTS": 30, 
  "E_PTS": 8
 }, 
 "NUMPOINTS": 82, 
 "points": [
  [
   -21000.775, 
   212524.02
  ], 
  [
   -447501.513, 
   -338125.847
  ], 
  [
   711187.838, 
   114949.071
  ], 
  [
   274145.585, 
   -692823.43
  ], 
  [
   451199.735, 
   -830221.523
  ], 
  [
   -757895.226, 
   998492.444
  ], 
  [
   -702979.889, 
   32333.395
  ], 
  [
   -140531.94, 
   280003.258
  ], 
  [
   -617851.904, 
   -82931.933
  ], 
  [
   678432.447, 
   592792.907
  ], 
  [
   473152.126, 
   622374.745
  ], 
  [
   -395452.069, 
   -10572.031
  ], 
  [
   -372121.677, 
   -959173.45
  ], 
  [
   -822059.261, 
   -405692.63
  ], 
  [
   555737.143, 
   -812682.144
  ], 
  [
   174929.612, 
   388392.75
  ], 
  [
   16743.137, 
   -185513.374
  ], 
  [
   -419730.315, 
   -405525.279
  ], 
  [
   113576.54, 
   932975.447
  ], 
  [
   -238261.538, 
   -24837.226
  ], 
  [
   -372195.113, 
   -972376.779
  ], 
  [
   -154501.721, 
   348637.087
  ], 
  [
   -811848.219, 
   -917643.629
  ], 
  [
   -680284.66, 
   -25636.593
  ], 
  [
   -8996.936, 
   126848.311
  ], 
  [
   513335.344, 
   485999.794
  ], 
  [
   -144617.963, 
   71931.753
  ], 
  [
   -451667.348, 
   -645345.468
  ], 
  [
   -611456.544, 
   -992377.903
  ], 
  [
   469420.567, 
   -218629.966
  ], 
  [
   755391.255, 
   -121565.527
  ], 
  [
   376361.013, 
   -589111.367
  ], 
  [
   -958817.446, 
   492853.884
  ], 
  [
   868275.376, 
   -328398.575
  ], 
  [
   -231539.579, 
   69304.133
  ], 
  [
   -192137.41, 
   674981.133
  ], 
  [
   -948377.703, 
   -644204.624
  ], 
  [
   -112829.688, 
   -519273.695
  ], 
  [
   -294407.78, 
   -508159.079
  ], 
  [
   642891.432, 
   -204074.189
  ], 
  [
   -520486.785, 
   -592715.142
  ], 
  [
   323305.566, 
   367418.689
  ], 
  [
   842977.207, 
   755992.853
  ], 
  [
   610394.504, 
   -261247.738
  ], 
  [
   -307469.69, 
   719955.379
  ], 
  [
   638379.037, 
   72565.45
  ], 
  [
   -539113.94, 
   -538657.803
  ], 
  [
   334889.711, 
   -172328.115
  ], 
  [
   59982.682, 
   848076.3
  ], 
  [
   -818113.233, 
   -948622.521
  ], 
  [
   85486.49, 
   355969.721
  ], 
  [
   -373281.041, 
   -928853.349
  ], 
  [
   840898.126, 
   -405217.122
  ], 
  [
   570676.658, 
   -822265.986
  ], 
  [
   -808777.055, 
   -324016.432
  ], 
  [
   -26608.687, 
   -821683.304
  ], 
  [
   -38641.321, 
   119513.681
  ], 
  [
   -439855.629, 
   533644.718
  ], 
  [
   585840.925, 
   -875041.315
  ], 
  [
   -764444.128, 
   309806.501
  ], 
  [
   -696292.856, 
   -700842.942
  ], 
  [
   -393672.213, 
   -995365.561
  ], 
  [
   390331.819, 
   -306125.653
  ], 
  [
   -303833.888, 
   -691043.655
  ], 
  [
   856398.673, 
   839010.324
  ], 
  [
   -36512.441, 
   -308481.403
  ], 
  [
   -751876.427, 
   -849390.13
  ], 
  [
   628095.394, 
   489275.404
  ], 
  [
   569221.253, 
   823083.13
  ], 
  [
   123699.733, 
   784698.119
  ], 
  [
   -659962.423, 
   279347.738
  ], 
  [
   511178.195, 
   598915.042
  ], 
  [
   518689.909, 
   384834.645
  ], 
  [
   -641494.273, 
   652682.268
  ], 
  [
   -737102.263, 
   12397.875
  ], 
  [
   -860434.446, 
   -841744.194
  ], 
  [
   -203401.744, 
   9013.489
  ], 
  [
   -10032.602, 
   992214.325
  ], 
  [
   297290.526, 
   862551.992
  ], 
  [
   976808.729, 
   713791.978
  ], 
  [
   -935823.723, 
   176978.449
  ], 
  [
   174990.574, 
   -673380.297
  ]
 ], 
 "PUV": [
  false, 
  true, 
  true, 
  true, 
  true, 
  false, 
  false, 
  false, 
  false, 
  true, 
  true, 
  false, 
  true, 
  false, 
  true
 ], 
 "LCM": {
  "11": [
   "ORR", 
   "NOTUSED", 
   "NOTUSED", 
   "ORR", 
   "NOTUSED", 
   "ANDD", 
   "ORR", 
   "ORR", 
   "NOTUSED", 
   "ANDD", 
   "NOTUSED", 
   "ANDD", 
   "ANDD", 
   "NOTUSED", 
   "ANDD"
  ], 
  "10": [
   "ANDD", 
   "ANDD", 
   "ORR", 
   "NOTUSED", 
   "ANDD", 
   "ORR", 
   "ANDD", 
   "NOTUSED", 
   "ANDD", 
   "ORR", 
   "ORR", 
   "NOTUSED", 
   "ORR", 
   "ANDD", 
   "NOTUSED"
  ], 
  "13": [
   "NOTUSED", 
   "NOTUSED", 
   "ANDD", 
   "ANDD", 
   "ANDD", 
   "ORR", 
   "NOTUSED", 
   "NOTUSED", 
   "NOTUSED", 
   "ORR", 
   "ANDD", 
   "NOTUSED", 
   "ANDD", 
   "ORR", 
   "NOTUSED"
  ], 
  "12": [
   "ANDD", 
   "ANDD", 
   "ANDD", 
   "ANDD", 
   "ORR", 
   "ANDD", 
   "ANDD", 
   "NOTUSED", 
   "ORR", 
   "NOTUSED", 
   "ORR", 
   "ANDD", 
   "ANDD", 
   "ANDD", 
   "ANDD"
  ], 
  "14": [
   "ORR", 
   "ORR", 
   "ORR", 
   "ANDD", 
   "ORR", 
   "ANDD", 
   "ANDD", 
   "NOTUSED", 
   "NOTUSED", 
   "ORR", 
   "NOTUSED", 
   "ANDD", 
   "ANDD", 
   "NOTUSED", 
   "NOTUSED"
  ], 
  "1": [
   "ANDD", 
   "ORR", 
   "NOTUSED", 
   "NOTUSED", 
   "NOTUSED", 
   "ORR", 
   "ANDD", 
   "NOTUSED", 
   "NOTUSED", 
   "ANDD", 
   "ANDD", 
   "NOTUSED", 
   "ANDD", 
   "NOTUSED", 
   "ORR"
  ], 
  "0": [
   "ORR", 
   "ANDD", 
   "NOTUSED", 
   "ANDD", 
   "NOTUSED", 
   "NOTUSED", 
   "ORR", 
   "ANDD", 
   "ANDD", 
   "NOTUSED", 
   "ANDD", 
   "ORR", 
   "ANDD", 
   "NOTUSED", 
   "ORR"
  ], 
  "3": [
   "ANDD", 
   "NOTUSED", 
   "ANDD", 
   "ORR", 
   "NOTUSED", 
   "NOTUSED", 
   "ORR", 
   "ANDD", 
   "ANDD", 
   "NOTUSED", 
   "NOTUSED", 
   "ORR", 
   "ANDD", 
   "ANDD", 
   "ANDD"
  ], 
  "2": [
   "NOTUSED", 
   "NOTUSED", 
   "NOTUSED", 
   "ANDD", 
   "NOTUSED", 
   "ANDD", 
   "NOTUSED", 
   "ANDD", 
   "ORR", 
   "ORR", 
   "ORR", 
   "NOTUSED", 
   "ANDD", 
   "ANDD", 
   "ORR"
  ], 
  "5": [
   "NOTUSED", 
   "ORR", 
   "ANDD", 
   "NOTUSED", 
   "NOTUSED", 
   "ORR", 
   "ORR", 
   "ORR", 
   "ORR", 
   "ANDD", 
   "ORR", 
   "ANDD", 
   "ANDD", 
   "ORR", 
   "ANDD"
  ], 
  "4": [
   "NOTUSED", 
   "NOTUSED", 
   "NOTUSED", 
   "NOTUSED", 
   "ANDD", 
   "NOTUSED", 
   "ORR", 
   "ANDD", 
   "ORR", 
   "NOTUSED", 
   "ANDD", 
   "NOTUSED", 
   "ORR", 
   "ANDD", 
   "ORR"
  ], 
  "7": [
   "ANDD", 
   "NOTUSED", 
   "ANDD", 
   "ANDD", 
   "ANDD", 
   "ORR", 
   "ORR", 
   "NOTUSED", 
   "ORR", 
   "ANDD", 
   "NOTUSED", 
   "ORR", 
   "NOTUSED", 
   "NOTUSED", 
   "NOTUSED"
  ], 
  "6": [
   "ORR", 
   "ANDD", 
   "NOTUSED", 
   "ORR", 
   "ORR", 
   "ORR", 
   "NOTUSED", 
   "ORR", 
   "ANDD", 
   "NOTUSED", 
   "ANDD", 
   "ORR", 
   "ANDD", 
   "NOTUSED", 
   "ANDD"
  ], 
  "9": [
   "NOTUSED", 
   "ANDD", 
   "ORR", 
   "NOTUSED", 
   "NOTUSED", 
   "ANDD", 
   "NOTUSED", 
   "ANDD", 
   "NOTUSED", 
   "ORR", 
   "ORR", 
   "ANDD", 
   "NOTUSED", 
   "ORR", 
   "ORR"
  ], 
  "8": [
   "ANDD", 
   "NOTUSED", 
   "ORR", 
   "ANDD", 
   "ORR", 
   "ORR", 
   "ANDD", 
   "ORR", 
   "NOTUSED", 
   "NOTUSED", 
   "ANDD", 
   "NOTUSED", 
   "ORR", 
   "NOTUSED", 
   "NOTUSED"
  ]
 }
}