{
 "random_seed": 2149794488, 
 "PARAMETERS": {
  "RADIUS1": 112425.415, 
  "QUADS": 3, 
  "RADIUS2": 683872.683, 
  "DIST": 834345.709, 
  "F_PTS": 34, 
  "K_PTS": 13, 
  "EPSILON": 1.179, 
  "LENGTH1": 263130.683, 
  "G_PTS": 47, 
  "Q_PTS": 15, 
  "N_PTS": 19, 
  "C_PTS": 44, 
  "AREA2": 810241.4, 
  "LENGTH2": 824172.877, 
  "B_PTS": 42, 
  "D_PTS": 14, 
  "AREA1": 545651.381, 
  "A_PTS": 16, 
  "E_PTS": 12
 }, 
 "NUMPOINTS": 61, 
 "points": [
  [
   -438263.724, 
   -23302.79
  ], 
  [
   296908.541, 
   901625.247
  ], 
  [
   -394823.633, 
   -808518.692
  ], 
  [
   -520551.965, 
   480982.743
  ], 
  [
   756708.955, 
   736285.475
  ], 
  [
   -431706.398, 
   938224.862
  ], 
  [
   -289622.794, 
   443737.851
  ], 
  [
   -148367.329, 
   212756.359
  ], 
  [
   428034.97, 
   -247980.168
  ], 
  [
   -588842.856, 
   -454290.189
  ], 
  [
   -932582.587, 
   -626083.422
  ], 
  [
   284097.477, 
   254238.038
  ], 
  [
   522440.942, 
   -198833.469
  ], 
  [
   899944.118, 
   -256067.06
  ], 
  [
   -934035.252, 
   -636251.879
  ], 
  [
   310326.751, 
   765550.375
  ], 
  [
   810973.026, 
   -39506.271
  ], 
  [
   -680961.16, 
   833856.728
  ], 
  [
   792352.379, 
   -879574.059
  ], 
  [
   -937829.254, 
   34843.792
  ], 
  [
   160055.957, 
   -845360.954
  ], 
  [
   -666384.6, 
   153237.986
  ], 
  [
   322409.269, 
   -218526.069
  ], 
  [
   987849.189, 
   -251092.974
  ], 
  [
   564873.757, 
   -678813.915
  ], 
  [
   -112670.177, 
   -535314.105
  ], 
  [
   98609.178, 
   69834.365
  ], 
  [
   679380.361, 
   -703101.086
  ], 
  [
   -306686.734, 
   -601001.513
  ], 
  [
   -239491.071, 
   -742725.855
  ], 
  [
   54090.239, 
   367253.626
  ], 
  [
   696293.802, 
   -277736.451
  ], 
  [
   46937.877, 
   578415.388
  ], 
  [
   870794.519, 
   160629.68
  ], 
  [
   -611710.782, 
   -653182.146
  ], 
  [
   269240.521, 
   -920505.915
  ], 
  [
   -100158.073, 
   576388.34
  ], 
  [
   132144.459, 
   -897146.775
  ], 
  [
   699532.749, 
   61562.276
  ], 
  [
   171253.106, 
   -927033.38
  ], 
  [
   752769.006, 
   269052.787
  ], 
  [
   -323628.997, 
   -977315.433
  ], 
  [
   723456.738, 
   296306.257
  ], 
  [
   -20892.359, 
   239270.821
  ], 
  [
   -922734.933, 
   -893038.976
  ], 
  [
   -109794.989, 
   749120.525
  ], 
  [
   912022.911, 
   394898.701
  ], 
  [
   -572663.967, 
   895326.805
  ], 
  [
   -822781.168, 
   564945.609
  ], 
  [
   -531845.215, 
   -222198.605
  ], 
  [
   391944.248, 
   -715169.571
  ], 
  [
   -125464.57, 
   50223.759
  ], 
  [
   -111126.862, 
   -193310.534
  ], 
  [
   -417039.463, 
   -524953.207
  ], 
  [
   -985558.373, 
   -109371.767
  ], 
  [
   -103914.479, 
   -288628.557
  ], 
  [
   -284896.388, 
   450979.751
  ], 
  [
   549787.489, 
   -398345.332
  ], 
  [
   992558.648, 
   862904.938
  ], 
  [
   -694186.551, 
   -172761.173
  ], 
  [
   154233.643, 
   -15623.011
  ]
 ], 
 "PUV": [
  false, 
  false, 
  true, 
  false, 
  false, 
  true, 
  true, 
  true, 
  false, 
  true, 
  false, 
  true, 
  false, 
  true, 
  true
 ], 
 "LCM": {
  "11": [
   "ORR", 
   "NOTUSED", 
   "ANDD", 
   "NOTUSED", 
   "NOTUSED", 
   "ORR", 
   "ANDD", 
   "NOTUSED", 
   "NOTUSED", 
   "NOTUSED", 
   "NOTUSED", 
   "NOTUSED", 
   "ORR", 
   "ANDD", 
   "NOTUSED"
  ], 
  "10": [
   "NOTUSED", 
   "ORR", 
   "ANDD", 
   "NOTUSED", 
   "ORR", 
   "NOTUSED", 
   "ANDD", 
   "ANDD", 
   "ORR", 
   "ORR", 
   "ORR", 
   "NOTUSED", 
   "NOTUSED", 
   "ORR", 
   "ORR"
  ], 
  "13": [
   "NOTUSED", 
   "ORR", 
   "NOTUSED", 
   "ORR", 
   "NOTUSED", 
   "NOTUSED", 
   "ORR", 
   "ORR", 
   "ORR", 
   "NOTUSED", 
   "ORR", 
   "ANDD", 
   "ANDD", 
   "ORR", 
   "ANDD"
  ], 
  "12": [
   "NOTUSED", 
   "NOTUSED", 
   "ANDD", 
   "ANDD", 
   "NOTUSED", 
   "ORR", 
   "ORR", 
   "NOTUSED", 
   "ANDD", 
   "ORR", 
   "NOTUSED", 
   "ORR", 
   "ORR", 
   "ANDD", 
   "ORR"
  ], 
  "14": [
   "ANDD", 
   "ANDD", 
   "NOTUSED", 
   "ORR", 
   "ANDD", 
   "NOTUSED", 
   "ORR", 
   "ANDD", 
   "ORR", 
   "ORR", 
   "ORR", 
   "NOTUSED", 
   "ORR", 
   "ANDD", 
   "NOTUSED"
  ], 
  "1": [
   "ORR", 
   "ANDD", 
   "ORR", 
   "ORR", 
   "ORR", 
   "ORR", 
   "NOTUSED", 
   "ORR", 
   "NOTUSED", 
   "NOTUSED", 
   "ORR", 
   "NOTUSED", 
   "NOTUSED", 
   "ORR", 
   "ANDD"
  ], 
  "0": [
   "ANDD", 
   "ORR", 
   "ORR", 
   "ANDD", 
   "NOTUSED", 
   "ANDD", 
   "ORR", 
   "ANDD", 
   "ANDD", 
   "ORR", 
   "NOTUSED", 
   "ORR", 
   "NOTUSED", 
   "NOTUSED", 
   "ANDD"
  ], 
  "3": [
   "ANDD", 
   "ORR", 
   "ORR", 
   "ORR", 
   "ANDD", 
   "ORR", 
   "ANDD", 
   "ORR", 
   "ANDD", 
   "ANDD", 
   "NOTUSED", 
   "NOTUSED", 
   "ANDD", 
   "ORR", 
   "ORR"
  ], 
  "2": [
   "ORR", 
   "ORR", 
   "ANDD", 
   "ORR", 
   "NOTUSED", 
   "NOTUSED", 
   "NOTUSED", 
   "ANDD", 
   "NOTUSED", 
   "ANDD", 
   "ANDD", 
   "ANDD", 
   "ANDD", 
   "NOTUSED", 
   "NOTUSED"
  ], 
  "5": [
   "ANDD", 
   "ORR", 
   "NOTUSED", 
   "ORR", 
   "NOTUSED", 
   "ANDD", 
   "ANDD", 
   "ANDD", 
   "ANDD", 
   "ORR", 
   "NOTUSED", 
   "ORR", 
   "ORR", 
   "NOTUSED", 
   "NOTUSED"
  ], 
  "4": [
   "NOTUSED", 
   "ORR", 
   "NOTUSED", 
   "ANDD", 
   "NOTUSED", 
   "NOTUSED", 
   "NOTUSED", 
   "ORR", 
   "ANDD", 
   "ANDD", 
   "ORR", 
   "NOTUSED", 
   "NOTUSED", 
   "NOTUSED", 
   "ANDD"
  ], 
  "7": [
   "ANDD", 
   "ORR", 
   "ANDD", 
   "ORR", 
   "ORR", 
   "ANDD", 
   "ANDD", 
   "ORR", 
   "ORR", 
   "ORR", 
   "ANDD", 
   "NOTUSED", 
   "NOTUSED", 
   "ORR", 
   "ANDD"
  ], 
  "6": [
   "ORR", 
   "NOTUSED", 
   "NOTUSED", 
   "ANDD", 
   "NOTUSED", 
   "ANDD", 
   "ANDD", 
   "ANDD", 
   "ANDD", 
   "ORR", 
   "ANDD", 
   "ANDD", 
   "ORR", 
   "ORR", 
   "ORR"
  ], 
  "9": [
   "ORR", 
   "NOTUSED", 
   "ANDD", 
   "ANDD", 
   "ANDD", 
   "ORR", 
   "ORR", 
   "ORR", 
   "NOTUSED", 
   "ORR", 
   "ORR", 
   "NOTUSED", 
   "ORR", 
   "NOTUSED", 
   "ORR"
  ], 
  "8": [
   "ANDD", 
   "NOTUSED", 
   "NOTUSED", 
   "ANDD", 
   "ANDD", 
   "ANDD", 
   "ANDD", 
   "ORR", 
   "ORR", 
   "NOTUSED", 
   "ORR", 
   "NOTUSED", 
   "ANDD", 
   "ORR", 
   "ORR"
  ]
 }
}