{
 "random_seed": 1910940168, 
 "PARAMETERS": {
  "RADIUS1": 707786.143, 
  "QUADS": 3, 
  "RADIUS2": 830023.73, 
  "DIST": 803944.145, 
  "F_PTS": 19, 
  "K_PTS": 34, 
  "EPSILON": 3.09, 
  "LENGTH1": 877702.848, 
  "G_PTS": 22, 
  "Q_PTS": 23, 
  "N_PTS": 56, 
  "C_PTS": 4, 
  "AREA2": 171764.513, 
  "LENGTH2": 442093.722, 
  "B_PTS": 22, 
  "D_PTS": 48, 
  "AREA1": 271949.875, 
  "A_PTS": 25, 
  "E_PTS": 22
 }, 
 "NUMPOINTS": 71, 
 "points": [
  [
   -71470.763, 
   -535657.922
  ], 
  [
   263096.695, 
   528383.758
  ], 
  [
   -404323.622, 
   -127891.821
  ], 
  [
   -143713.148, 
   -129531.542
  ], 
  [
   -478204.875, 
   121534.409
  ], 
  [
   -853812.645, 
   -448750.935
  ], 
  [
   708585.867, 
   -437872.849
  ], 
  [
   167059.007, 
   54419.498
  ], 
  [
   -329037.954, 
   -767484.125
  ], 
  [
   -586310.435, 
   427495.333
  ], 
  [
   -278046.69, 
   -355627.368
  ], 
  [
   -779918.723, 
   -48183.645
  ], 
  [
   -995584.485, 
   798322.132
  ], 
  [
   -760169.838, 
   -80359.393
  ], 
  [
   -762151.499, 
   723023.079
  ], 
  [
   -451039.446, 
   856439.953
  ], 
  [
   501966.281, 
   368063.728
  ], 
  [
   103875.974, 
   -929355.184
  ], 
  [
   -351061.348, 
   653477.303
  ], 
  [
   -303958.066, 
   922089.528
  ], 
  [
   -713745.051, 
   -876189.317
  ], 
  [
   372163.469, 
   -873952.562
  ], 
  [
   -526756.162, 
   288475.96
  ], 
  [
   -56238.925, 
   517258.127
  ], 
  [
   16814.659, 
   -431184.93
  ], 
  [
   495926.809, 
   -773318.738
  ], 
  [
   652393.997, 
   789176.629
  ], 
  [
   -574859.098, 
   -93983.01
  ], 
  [
   -756425.813, 
   347149.557
  ], 
  [
   -229026.868, 
   618552.468
  ], 
  [
   487929.843, 
   -214896.643
  ], 
  [
   139080.772, 
   -772115.515
  ], 
  [
   -936869.069, 
   -584353.787
  ], 
  [
   -164459.055, 
   531789.417
  ], 
  [
   -577193.73, 
   -363436.734
  ], 
  [
   612469.298, 
   830688.931
  ], 
  [
   215796.144, 
   -833716.775
  ], 
  [
   -690533.005, 
   -392595.868
  ], 
  [
   -206267.52, 
   -425356.725
  ], 
  [
   -960210.839, 
   15159.604
  ], 
  [
   -949546.769, 
   -629350.067
  ], 
  [
   -318123.107, 
   758732.867
  ], 
  [
   -983316.221, 
   514209.284
  ], 
  [
   787977.21, 
   342003.443
  ], 
  [
   -194062.95, 
   -936282.482
  ], 
  [
   -847476.974, 
   813426.254
  ], 
  [
   -328103.85, 
   -602783.156
  ], 
  [
   -574327.249, 
   447309.508
  ], 
  [
   -167946.378, 
   -142896.829
  ], 
  [
   491300.214, 
   -416951.132
  ], 
  [
   -633702.134, 
   555518.103
  ], 
  [
   323406.778, 
   815980.633
  ], 
  [
   -808250.59, 
   882985.406
  ], 
  [
   -211623.449, 
   187497.886
  ], 
  [
   841265.347, 
   818328.387
  ], 
  [
   814698.936, 
   -803794.548
  ], 
  [
   -303494.875, 
   883566.845
  ], 
  [
   722573.814, 
   -39919.488
  ], 
  [
   582874.022, 
   331954.168
  ], 
  [
   720770.957, 
   715561.668
  ], 
  [
   -136228.417, 
   -41625.371
  ], 
  [
   867872.626, 
   684189.463
  ], 
  [
   611799.499, 
   -535293.723
  ], 
  [
   846227.308, 
   676549.27
  ], 
  [
   246652.277, 
   299958.522
  ], 
  [
   -724849.626, 
   438777.874
  ], 
  [
   -566938.544, 
   -72135.933
  ], 
  [
   351927.513, 
   772371.696
  ], 
  [
   -554201.304, 
   778567.926
  ], 
  [
   -734109.72, 
   -524094.86
  ], 
  [
   -94489.899, 
   -612784.115
  ]
 ], 
 "PUV": [
  true, 
  false, 
  true, 
  false, 
  true, 
  false, 
  true, 
  false, 
  false, 
  true, 
  false, 
  true, 
  false, 
  true, 
  true
 ], 
 "LCM": {
  "11": [
   "ORR", 
   "ANDD", 
   "NOTUSED", 
   "NOTUSED", 
   "ORR", 
   "ANDD", 
   "ANDD", 
   "NOTUSED", 
   "ANDD", 
   "ORR", 
   "ORR", 
   "ORR", 
   "ANDD", 
   "NOTUSED", 
   "NOTUSED"
  ], 
  "10": [
   "NOTUSED", 
   "ORR", 
   "NOTUSED", 
   "ORR", 
   "ORR", 
   "ANDD", 
   "ANDD", 
   "ORR", 
   "NOTUSED", 
   "ANDD", 
   "ANDD", 
   "ORR", 
   "ORR", 
   "ORR", 
   "ANDD"
  ], 
  "13": [
   "ANDD", 
   "NOTUSED", 
   "NOTUSED", 
   "ORR", 
   "ORR", 
   "ORR", 
   "ANDD", 
   "NOTUSED", 
   "ANDD", 
   "ORR", 
   "ORR", 
   "NOTUSED", 
   "NOTUSED", 
   "NOTUSED", 
   "ANDD"
  ], 
  "12": [
   "NOTUSED", 
   "ORR", 
   "ANDD", 
   "ANDD", 
   "NOTUSED", 
   "ORR", 
   "ORR", 
   "ANDD", 
   "ORR", 
   "ORR", 
   "ORR", 
   "ANDD", 
   "ORR", 
   "NOTUSED", 
   "ANDD"
  ], 
  "14": [
   "ORR", 
   "ANDD", 
   "ORR", 
   "NOTUSED", 
   "NOTUSED", 
   "NOTUSED", 
   "NOTUSED", 
   "ANDD", 
   "ORR", 
   "ORR", 
   "ANDD", 
   "NOTUSED", 
   "ANDD", 
   "ANDD", 
   "ORR"
  ], 
  "1": [
   "ANDD", 
   "NOTUSED", 
   "ANDD", 
   "ORR", 
   "NOTUSED", 
   "NOTUSED", 
   "ORR", 
   "ORR", 
   "ANDD", 
   "ORR", 
   "ORR", 
   "ANDD", 
   "ORR", 
   "NOTUSED", 
   "ANDD"
  ], 
  "0": [
   "ANDD", 
   "ANDD", 
   "ANDD", 
   "ANDD", 
   "ANDD", 
   "ORR", 
   "ORR", 
   "ANDD", 
   "ANDD", 
   "ORR", 
   "NOTUSED", 
   "ORR", 
   "NOTUSED", 
   "ANDD", 
   "ORR"
  ], 
  "3": [
   "ANDD", 
   "ORR", 
   "ANDD", 
   "NOTUSED", 
   "ORR", 
   "NOTUSED", 
   "ANDD", 
   "ORR", 
   "ORR", 
   "NOTUSED", 
   "ORR", 
   "NOTUSED", 
   "ANDD", 
   "ORR", 
   "NOTUSED"
  ], 
  "2": [
   "ANDD", 
   "ANDD", 
   "NOTUSED", 
   "ANDD", 
   "ORR", 
   "NOTUSED", 
   "NOTUSED", 
   "NOTUSED", 
   "ANDD", 
   "NOTUSED", 
   "NOTUSED", 
   "NOTUSED", 
   "ANDD", 
   "NOTUSED", 
   "ORR"
  ], 
  "5": [
   "ORR", 
   "NOTUSED", 
   "NOTUSED", 
   "NOTUSED", 
   "ORR", 
   "NOTUSED", 
   "NOTUSED", 
   "ANDD", 
   "NOTUSED", 
   "ANDD", 
   "ANDD", 
   "ANDD", 
   "ORR", 
   "ORR", 
   "NOTUSED"
  ], 
  "4": [
   "ANDD", 
   "NOTUSED", 
   "ORR", 
   "ORR", 
   "NOTUSED", 
   "ORR", 
   "ORR", 
   "ORR", 
   "NOTUSED", 
   "NOTUSED", 
   "ORR", 
   "ORR", 
   "NOTUSED", 
   "ORR", 
   "NOTUSED"
  ], 
  "7": [
   "ANDD", 
   "ORR", 
   "NOTUSED", 
   "ORR", 
   "ORR", 
   "ANDD", 
   "ORR", 
   "ORR", 
   "NOTUSED", 
   "ANDD", 
   "ORR", 
   "NOTUSED", 
   "ANDD", 
   "NOTUSED", 
   "ANDD"
  ], 
  "6": [
   "ORR", 
   "ORR", 
   "NOTUSED", 
   "ANDD", 
   "ORR", 
   "NOTUSED", 
   "ANDD", 
   "ORR", 
   "ORR", 
   "ANDD", 
   "ANDD", 
   "ANDD", 
   "ORR", 
   "ANDD", 
   "NOTUSED"
  ], 
  "9": [
   "ORR", 
   "ORR", 
   "NOTUSED", 
   "NOTUSED", 
   "NOTUSED", 
   "ANDD", 
   "ANDD", 
   "ANDD", 
   "ORR", 
   "ORR", 
   "ANDD", 
   "ORR", 
   "ORR", 
   "ORR", 
   "ORR"
  ], 
  "8": [
   "ANDD", 
   "ANDD", 
   "ANDD", 
   "ORR", 
   "NOTUSED", 
   "NOTUSED", 
   "ORR", 
   "NOTUSED", 
   "ANDD", 
   "ORR", 
   "NOTUSED", 
   "ANDD", 
   "ORR", 
   "ANDD", 
   "ORR"
  ]
 }
}