{
 "random_seed": 2429859824, 
 "PARAMETERS": {
  "RADIUS1": 365973.989, 
  "QUADS": 3, 
  "RADIUS2": 424739.593, 
  "DIST": 753374.935, 
  "F_PTS": 1, 
  "K_PTS": 52, 
  "EPSILON": 1.964, 
  "LENGTH1": 710100.263, 
  "G_PTS": 32, 
  "Q_PTS": 11, 
  "N_PTS": 19, 
  "C_PTS": 43, 
  "AREA2": 781473.803, 
  "LENGTH2": 587714.005, 
  "B_PTS": 57, 
  "D_PTS": 17, 
  "AREA1": 590504.019, 
  "A_PTS": 6, 
  "E_PTS": 54
 }, 
 "NUMPOINTS": 98, 
 "points": [
  [
   -196781.73, 
   -718142.378
  ], 
  [
   956059.66, 
   -685335.738
  ], 
  [
   533958.574, 
   327786.239
  ], 
  [
   795440.935, 
   -944678.549
  ], 
  [
   -202973.647, 
   314329.906
  ], 
  [
   -123173.563, 
   -376229.681
  ], 
  [
   -706138.577, 
   -241190.935
  ], 
  [
   608680.496, 
   432578.889
  ], 
  [
   -950031.009, 
   -608373.621
  ], 
  [
   20938.131, 
   -533804.851
  ], 
  [
   -916821.934, 
   400754.056
  ], 
  [
   781395.177, 
   -821761.858
  ], 
  [
   -604974.223, 
   616010.197
  ], 
  [
   978331.74, 
   -839890.614
  ], 
  [
   -551068.891, 
   872265.266
  ], 
  [
   450607.003, 
   -122201.459
  ], 
  [
   -137993.183, 
   -861673.015
  ], 
  [
   592907.817, 
   257035.312
  ], 
  [
   548897.0, 
   816263.168
  ], 
  [
   -297143.224, 
   449343.269
  ], 
  [
   29260.194, 
   -180344.491
  ], 
  [
   271895.923, 
   525265.419
  ], 
  [
   181611.99, 
   -849723.269
  ], 
  [
   385893.076, 
   653238.12
  ], 
  [
   72522.202, 
   -294582.107
  ], 
  [
   476795.177, 
   -108129.807
  ], 
  [
   186625.315, 
   -348758.572
  ], 
  [
   -346054.818, 
   -691725.712
  ], 
  [
   531475.09, 
   -834225.598
  ], 
  [
   -568444.583, 
   -822605.049
  ], 
  [
   -196664.608, 
   -565768.92
  ], 
  [
   858689.445, 
   -379525.114
  ], 
  [
   913818.997, 
   -338365.24
  ], 
  [
   314005.318, 
   -71226.053
  ], 
  [
   -30762.162, 
   -238455.707
  ], 
  [
   -136531.53, 
   682707.565
  ], 
  [
   887690.266, 
   -416376.747
  ], 
  [
   1981.853, 
   919770.539
  ], 
  [
   176897.197, 
   948249.137
  ], 
  [
   -458986.685, 
   62587.503
  ], 
  [
   -889026.914, 
   954471.949
  ], 
  [
   374572.586, 
   988873.22
  ], 
  [
   -855904.462, 
   -323433.412
  ], 
  [
   7493.005, 
   -438360.835
  ], 
  [
   -512422.283, 
   42706.534
  ], 
  [
   -264015.477, 
   984688.151
  ], 
  [
   -688804.427, 
   -759867.256
  ], 
  [
   -721219.091, 
   464651.538
  ], 
  [
   -817881.222, 
   547403.068
  ], 
  [
   186767.647, 
   -820294.934
  ], 
  [
   294202.0, 
   656650.779
  ], 
  [
   -361311.953, 
   -552429.205
  ], 
  [
   355804.135, 
   -320775.119
  ], 
  [
   474931.731, 
   678120.319
  ], 
  [
   14563.176, 
   -415784.796
  ], 
  [
   -982986.554, 
   -817268.756
  ], 
  [
   441659.169, 
   161244.96
  ], 
  [
   -374230.616, 
   247165.48
  ], 
  [
   -602149.782, 
   -436280.916
  ], 
  [
   -636228.432, 
   17053.693
  ], 
  [
   912896.628, 
   -837450.167
  ], 
  [
   405006.208, 
   -608081.927
  ], 
  [
   -314486.988, 
   85145.156
  ], 
  [
   309932.57, 
   682410.147
  ], 
  [
   -647178.061, 
   395674.837
  ], 
  [
   126710.527, 
   556007.575
  ], 
  [
   -902817.788, 
   527074.995
  ], 
  [
   298098.591, 
   -602474.304
  ], 
  [
   985804.825, 
   750112.37
  ], 
  [
   -21331.033, 
   152057.361
  ], 
  [
   -523957.002, 
   156892.019
  ], 
  [
   587731.358, 
   -593120.721
  ], 
  [
   993771.647, 
   928099.501
  ], 
  [
   -410119.606, 
   -637721.542
  ], 
  [
   -422663.696, 
   -666649.524
  ], 
  [
   980932.11, 
   -893859.436
  ], 
  [
   500311.304, 
   157056.334
  ], 
  [
   -606379.6, 
   313048.746
  ], 
  [
   -799581.218, 
   913664.971
  ], 
  [
   -196967.825, 
   690781.057
  ], 
  [
   -740479.277, 
   797958.948
  ], 
  [
   -893380.347, 
   -661863.75
  ], 
  [
   231812.341, 
   951549.925
  ], 
  [
   274899.991, 
   -375890.144
  ], 
  [
   -975303.984, 
   962391.89
  ], 
  [
   -73471.923, 
   -331427.688
  ], 
  [
   423742.201, 
   156899.934
  ], 
  [
   -26768.254, 
   -868173.054
  ], 
  [
   -620222.81, 
   -564140.178
  ], 
  [
   -450112.166, 
   495343.977
  ], 
  [
   773820.832, 
   -600349.095
  ], 
  [
   554744.226, 
   -214694.821
  ], 
  [
   -280347.014, 
   -380511.29
  ], 
  [
   -575723.959, 
   503151.134
  ], 
  [
   315962.654, 
   -629592.019
  ], 
  [
   922083.591, 
   686848.729
  ], 
  [
   875980.18, 
   -397475.052
  ], 
  [
   977876.594, 
   27779.616
  ]
 ], 
 "PUV": [
  false, 
  false, 
  false, 
  false, 
  true, 
  true, 
  false, 
  false, 
  true, 
  true, 
  true, 
  false, 
  true, 
  false, 
  false
 ], 
 "LCM": {
  "11": [
   "NOTUSED", 
   "ORR", 
   "ANDD", 
   "NOTUSED", 
   "ORR", 
   "NOTUSED", 
   "NOTUSED", 
   "NOTUSED", 
   "ORR", 
   "ANDD", 
   "ORR", 
   "NOTUSED", 
   "ANDD", 
   "ORR", 
   "ORR"
  ], 
  "10": [
   "ANDD", 
   "ORR", 
   "ORR", 
   "ORR", 
   "ORR", 
   "ORR", 
   "ORR", 
   "NOTUSED", 
   "ANDD", 
   "ANDD", 
   "ANDD", 
   "ORR", 
   "NOTUSED", 
   "NOTUSED", 
   "ORR"
  ], 
  "13": [
   "ANDD", 
   "NOTUSED", 
   "ORR", 
   "NOTUSED", 
   "ORR", 
   "ANDD", 
   "ORR", 
   "NOTUSED", 
   "ANDD", 
   "NOTUSED", 
   "NOTUSED", 
   "ORR", 
   "ORR", 
   "ANDD", 
   "NOTUSED"
  ], 
  "12": [
   "NOTUSED", 
   "ANDD", 
   "ORR", 
   "ORR", 
   "ORR", 
   "NOTUSED", 
   "ANDD", 
   "NOTUSED", 
   "ANDD", 
   "ANDD", 
   "NOTUSED", 
   "ANDD", 
   "ANDD", 
   "ORR", 
   "NOTUSED"
  ], 
  "14": [
   "ORR", 
   "ANDD", 
   "NOTUSED", 
   "NOTUSED", 
   "ANDD", 
   "NOTUSED", 
   "ANDD", 
   "ANDD", 
   "ANDD", 
   "ANDD", 
   "ORR", 
   "ORR", 
   "NOTUSED", 
   "NOTUSED", 
   "ANDD"
  ], 
  "1": [
   "NOTUSED", 
   "ANDD", 
   "NOTUSED", 
   "NOTUSED", 
   "ANDD", 
   "NOTUSED", 
   "NOTUSED", 
   "ANDD", 
   "NOTUSED", 
   "ORR", 
   "ORR", 
   "ORR", 
   "ANDD", 
   "NOTUSED", 
   "ANDD"
  ], 
  "0": [
   "NOTUSED", 
   "NOTUSED", 
   "NOTUSED", 
   "NOTUSED", 
   "ORR", 
   "ORR", 
   "ANDD", 
   "NOTUSED", 
   "ANDD", 
   "ANDD", 
   "ANDD", 
   "NOTUSED", 
   "NOTUSED", 
   "ANDD", 
   "ORR"
  ], 
  "3": [
   "NOTUSED", 
   "NOTUSED", 
   "ANDD", 
   "ORR", 
   "ANDD", 
   "NOTUSED", 
   "NOTUSED", 
   "ORR", 
   "NOTUSED", 
   "ANDD", 
   "ORR", 
   "NOTUSED", 
   "ORR", 
   "NOTUSED", 
   "NOTUSED"
  ], 
  "2": [
   "NOTUSED", 
   "NOTUSED", 
   "ANDD", 
   "ANDD", 
   "ORR", 
   "NOTUSED", 
   "ANDD", 
   "ORR", 
   "ORR", 
   "NOTUSED", 
   "ORR", 
   "ANDD", 
   "ORR", 
   "ORR", 
   "NOTUSED"
  ], 
  "5": [
   "ORR", 
   "NOTUSED", 
   "NOTUSED", 
   "NOTUSED", 
   "ORR", 
   "ANDD", 
   "NOTUSED", 
   "ORR", 
   "ANDD", 
   "ANDD", 
   "ORR", 
   "NOTUSED", 
   "NOTUSED", 
   "ANDD", 
   "NOTUSED"
  ], 
  "4": [
   "ORR", 
   "ANDD", 
   "ORR", 
   "ANDD", 
   "ANDD", 
   "ORR", 
   "NOTUSED", 
   "ANDD", 
   "ORR", 
   "NOTUSED", 
   "ORR", 
   "ORR", 
   "ORR", 
   "ORR", 
   "ANDD"
  ], 
  "7": [
   "NOTUSED", 
   "ANDD", 
   "ORR", 
   "ORR", 
   "ANDD", 
   "ORR", 
   "ORR", 
   "ORR", 
   "ANDD", 
   "ORR", 
   "NOTUSED", 
   "NOTUSED", 
   "NOTUSED", 
   "NOTUSED", 
   "ANDD"
  ], 
  "6": [
   "ANDD", 
   "NOTUSED", 
   "ANDD", 
   "NOTUSED", 
   "NOTUSED", 
   "NOTUSED", 
   "NOTUSED", 
   "ORR", 
   "ANDD", 
   "NOTUSED", 
   "ORR", 
   "NOTUSED", 
   "ANDD", 
   "ORR", 
   "ANDD"
  ], 
  "9": [
   "ANDD", 
   "ORR", 
   "NOTUSED", 
   "ANDD", 
   "NOTUSED", 
   "ANDD", 
   "NOTUSED", 
   "ORR", 
   "ORR", 
   "ORR", 
   "ANDD", 
   "ANDD", 
   "ANDD", 
   "NOTUSED", 
   "ANDD"
  ], 
  "8": [
   "ANDD", 
   "NOTUSED", 
   "ORR", 
   "NOTUSED", 
   "ORR", 
   "ANDD", 
   "ANDD", 
   "ANDD", 
   "ANDD", 
   "ORR", 
   "ANDD", 
   "ORR", 
   "ANDD", 
   "ANDD", 
   "ANDD"
  ]
 }
}