{
 "random_seed": 1239132790, 
 "PARAMETERS": {
  "RADIUS1": 829135.605, 
  "QUADS": 3, 
  "RADIUS2": 182965.205, 
  "DIST": 833151.582, 
  "F_PTS": 24, 
  "K_PTS": 38, 
  "EPSILON": 3.124, 
  "LENGTH1": 857290.234, 
  "G_PTS": 42, 
  "Q_PTS": 41, 
  "N_PTS": 38, 
  "C_PTS": 9, 
  "AREA2": 681081.192, 
  "LENGTH2": 391824.34, 
  "B_PTS": 21, 
  "D_PTS": 9, 
  "AREA1": 177144.456, 
  "A_PTS": 1, 
  "E_PTS": 8
 }, 
 "NUMPOINTS": 48, 
 "points": [
  [
   -254440.991, 
   -364533.476
  ], 
  [
   236428.064, 
   5198.735
  ], 
  [
   276729.461, 
   -678191.922
  ], 
  [
   668706.388, 
   -265644.785
  ], 
  [
   324680.781, 
   313831.515
  ], 
  [
   355807.297, 
   -657118.693
  ], 
  [
   -445770.271, 
   108866.597
  ], 
  [
   -306143.63, 
   -509619.497
  ], 
  [
   -521451.067, 
   406078.039
  ], 
  [
   111785.822, 
   500040.869
  ], 
  [
   872105.474, 
   883933.069
  ], 
  [
   600909.249, 
   883262.585
  ], 
  [
   -133495.496, 
   304004.621
  ], 
  [
   394007.568, 
   -96528.959
  ], 
  [
   -803462.084, 
   305325.279
  ], 
  [
   -442132.698, 
   187818.552
  ], 
  [
   642906.111, 
   24134.816
  ], 
  [
   374660.87, 
   848361.974
  ], 
  [
   76823.411, 
   -186862.728
  ], 
  [
   116045.628, 
   893203.01
  ], 
  [
   -769070.794, 
   -582881.304
  ], 
  [
   324710.629, 
   985356.644
  ], 
  [
   58301.804, 
   -882990.538
  ], 
  [
   -868386.228, 
   201290.689
  ], 
  [
   -824623.661, 
   -35755.004
  ], 
  [
   -323128.7, 
   -882305.893
  ], 
  [
   -719143.575, 
   555536.788
  ], 
  [
   -25516.633, 
   6551.216
  ], 
  [
   194919.46, 
   456356.924
  ], 
  [
   -355474.186, 
   -342698.425
  ], 
  [
   417145.604, 
   129353.632
  ], 
  [
   -108151.065, 
   451594.621
  ], 
  [
   -423164.199, 
   -159994.075
  ], 
  [
   -599564.872, 
   -13420.312
  ], 
  [
   -253203.171, 
   609000.465
  ], 
  [
   164980.5, 
   -301381.283
  ], 
  [
   219247.655, 
   -59009.337
  ], 
  [
   547670.714, 
   -709426.559
  ], 
  [
   -721695.664, 
   -553033.197
  ], 
  [
   61056.125, 
   31697.992
  ], 
  [
   515831.946, 
   503206.697
  ], 
  [
   359501.084, 
   909562.002
  ], 
  [
   -336471.523, 
   -433733.601
  ], 
  [
   -249272.931, 
   -958791.264
  ], 
  [
   -527161.081, 
   948454.235
  ], 
  [
   636500.436, 
   476163.908
  ], 
  [
   -606161.833, 
   -797334.162
  ], 
  [
   -915907.833, 
   175446.191
  ]
 ], 
 "PUV": [
  false, 
  false, 
  true, 
  true, 
  false, 
  false, 
  false, 
  true, 
  true, 
  true, 
  false, 
  false, 
  true, 
  true, 
  false
 ], 
 "LCM": {
  "11": [
   "NOTUSED", 
   "ANDD", 
   "ORR", 
   "NOTUSED", 
   "ANDD", 
   "NOTUSED", 
   "ANDD", 
   "ANDD", 
   "NOTUSED", 
   "ORR", 
   "NOTUSED", 
   "NOTUSED", 
   "ANDD", 
   "NOTUSED", 
   "ANDD"
  ], 
  "10": [
   "ORR", 
   "ANDD", 
   "NOTUSED", 
   "ORR", 
   "ANDD", 
   "ANDD", 
   "NOTUSED", 
   "NOTUSED", 
   "ANDD", 
   "NOTUSED", 
   "NOTUSED", 
   "NOTUSED", 
   "ANDD", 
   "ANDD", 
   "NOTUSED"
  ], 
  "13": [
   "NOTUSED", 
   "ANDD", 
   "ORR", 
   "NOTUSED", 
   "ANDD", 
   "NOTUSED", 
   "ORR", 
   "ORR", 
   "ANDD", 
   "ANDD", 
   "ANDD", 
   "NOTUSED", 
   "ORR", 
   "ANDD", 
   "ANDD"
  ], 
  "12": [
   "ORR", 
   "ANDD", 
   "ORR", 
   "ORR", 
   "ORR", 
   "ANDD", 
   "ANDD", 
   "ANDD", 
   "ORR", 
   "NOTUSED", 
   "ANDD", 
   "ANDD", 
   "ANDD", 
   "ORR", 
   "ANDD"
  ], 
  "14": [
   "ORR", 
   "ANDD", 
   "ANDD", 
   "ORR", 
   "ANDD", 
   "ANDD", 
   "NOTUSED", 
   "ORR", 
   "ANDD", 
   "NOTUSED", 
   "NOTUSED", 
   "ANDD", 
   "ANDD", 
   "ANDD", 
   "ANDD"
  ], 
  "1": [
   "NOTUSED", 
   "ANDD", 
   "ORR", 
   "ANDD", 
   "ORR", 
   "NOTUSED", 
   "ORR", 
   "NOTUSED", 
   "ANDD", 
   "NOTUSED", 
   "ANDD", 
   "ANDD", 
   "ANDD", 
   "ANDD", 
   "ANDD"
  ], 
  "0": [
   "ORR", 
   "NOTUSED", 
   "ANDD", 
   "NOTUSED", 
   "NOTUSED", 
   "ANDD", 
   "NOTUSED", 
   "ANDD", 
   "NOTUSED", 
   "ANDD", 
   "ORR", 
   "NOTUSED", 
   "ORR", 
   "NOTUSED", 
   "ORR"
  ], 
  "3": [
   "NOTUSED", 
   "ANDD", 
   "ORR", 
   "NOTUSED", 
   "NOTUSED", 
   "NOTUSED", 
   "NOTUSED", 
   "NOTUSED", 
   "ANDD", 
   "NOTUSED", 
   "ORR", 
   "NOTUSED", 
   "ORR", 
   "NOTUSED", 
   "ORR"
  ], 
  "2": [
   "ANDD", 
   "ORR", 
   "ANDD", 
   "ORR", 
   "ORR", 
   "NOTUSED", 
   "ORR", 
   "ORR", 
   "ORR", 
   "ANDD", 
   "NOTUSED", 
   "ORR", 
   "ORR", 
   "ORR", 
   "ANDD"
  ], 
  "5": [
   "ANDD", 
   "NOTUSED", 
   "NOTUSED", 
   "NOTUSED", 
   "NOTUSED", 
   "ANDD", 
   "NOTUSED", 
   "ANDD", 
   "NOTUSED", 
   "NOTUSED", 
   "ANDD", 
   "NOTUSED", 
   "ANDD", 
   "NOTUSED", 
   "ANDD"
  ], 
  "4": [
   "NOTUSED", 
   "ORR", 
   "ORR", 
   "NOTUSED", 
   "ANDD", 
   "NOTUSED", 
   "ORR", 
   "NOTUSED", 
   "ANDD", 
   "NOTUSED", 
   "ANDD", 
   "ANDD", 
   "ORR", 
   "ANDD", 
   "ANDD"
  ], 
  "7": [
   "ANDD", 
   "NOTUSED", 
   "ORR", 
   "NOTUSED", 
   "NOTUSED", 
   "ANDD", 
   "ANDD", 
   "NOTUSED", 
   "ANDD", 
   "ANDD", 
   "NOTUSED", 
   "ANDD", 
   "ANDD", 
   "ORR", 
   "ORR"
  ], 
  "6": [
   "NOTUSED", 
   "ORR", 
   "ORR", 
   "NOTUSED", 
   "ORR", 
   "NOTUSED", 
   "ANDD", 
   "ANDD", 
   "ANDD", 
   "ORR", 
   "NOTUSED", 
   "ANDD", 
   "ANDD", 
   "ORR", 
   "NOTUSED"
  ], 
  "9": [
   "ANDD", 
   "NOTUSED", 
   "ANDD", 
   "NOTUSED", 
   "NOTUSED", 
   "NOTUSED", 
   "ORR", 
   "ANDD", 
   "NOTUSED", 
   "NOTUSED", 
   "NOTUSED", 
   "ORR", 
   "NOTUSED", 
   "ANDD", 
   "NOTUSED"
  ], 
  "8": [
   "NOTUSED", 
   "ANDD", 
   "ORR", 
   "ANDD", 
   "ANDD", 
   "NOTUSED", 
   "ANDD", 
   "ANDD", 
   "NOTUSED", 
   "NOTUSED", 
   "ANDD", 
   "NOTUSED", 
   "ORR", 
   "ANDD", 
   "ANDD"
  ]
 }
}