{
 "random_seed": 908087640, 
 "PARAMETERS": {
  "RADIUS1": 979405.434, 
  "QUADS": 2, 
  "RADIUS2": 451466.103, 
  "DIST": 477005.289, 
  "F_PTS": 15, 
  "K_PTS": 8, 
  "EPSILON": 2.633, 
  "LENGTH1": 107.446, 
  "G_PTS": 25, 
  "Q_PTS": 51, 
  "N_PTS": 43, 
  "C_PTS": 22, 
  "AREA2": 792091.219, 
  "LENGTH2": 292161.73, 
  "B_PTS": 6, 
  "D_PTS": 19, 
  "AREA1": 870987.46, 
  "A_PTS": 48, 
  "E_PTS": 60
 }, 
 "NUMPOINTS": 87, 
 "points": [
  [
   46474.557, 
   -233672.202
  ], 
  [
   -285796.422, 
   -604473.219
  ], 
  [
   -349768.459, 
   -935107.764
  ], 
  [
   711945.833, 
   -718001.743
  ], 
  [
   -741612.729, 
   -129100.123
  ], 
  [
   918703.066, 
   392924.956
  ], 
  [
   -46938.02, 
   371820.024
  ], 
  [
   198594.297, 
   -902451.536
  ], 
  [
   -716445.504, 
   439641.006
  ], 
  [
   -755626.291, 
   433379.455
  ], 
  [
   243240.723, 
   -649582.831
  ], 
  [
   757094.61, 
   -123787.835
  ], 
  [
   -467134.163, 
   465279.667
  ], 
  [
   810479.192, 
   747.496
  ], 
  [
   33926.284, 
   255978.042
  ], 
  [
   943266.658, 
   -998035.822
  ], 
  [
   323039.565, 
   -432821.954
  ], 
  [
   785838.363, 
   112355.66
  ], 
  [
   -300470.073, 
   -393835.262
  ], 
  [
   -799929.989, 
   885016.419
  ], 
  [
   -813204.328, 
   164374.076
  ], 
  [
   -988591.012, 
   -744271.62
  ], 
  [
   753173.942, 
   545139.856
  ], 
  [
   -616513.02, 
   -476542.055
  ], 
  [
   166729.3, 
   -59696.36
  ], 
  [
   -931747.511, 
   -439264.125
  ], 
  [
   -847850.924, 
   -972815.763
  ], 
  [
   -801005.001, 
   -59076.45
  ], 
  [
   456756.888, 
   -889206.113
  ], 
  [
   916483.251, 
   -598397.219
  ], 
  [
   979472.33, 
   -679638.767
  ], 
  [
   -989277.146, 
   716573.768
  ], 
  [
   -24612.832, 
   663154.724
  ], 
  [
   -400022.513, 
   981649.974
  ], 
  [
   546908.113, 
   848736.992
  ], 
  [
   948405.215, 
   386860.763
  ], 
  [
   -376263.103, 
   -363614.202
  ], 
  [
   -314761.697, 
   4852.334
  ], 
  [
   -185638.204, 
   -833755.35
  ], 
  [
   -331541.224, 
   -565150.646
  ], 
  [
   -124189.435, 
   609858.585
  ], 
  [
   781593.121, 
   -776258.433
  ], 
  [
   646714.875, 
   87154.991
  ], 
  [
   -249323.096, 
   -954564.291
  ], 
  [
   330256.319, 
   -304920.578
  ], 
  [
   -619962.9, 
   316147.851
  ], 
  [
   242423.319, 
   -208951.697
  ], 
  [
   274918.15, 
   -35857.863
  ], 
  [
   203922.513, 
   407010.617
  ], 
  [
   -955775.288, 
   318069.762
  ], 
  [
   -945350.84, 
   703465.463
  ], 
  [
   -800814.341, 
   -266858.194
  ], 
  [
   -411814.095, 
   -528366.141
  ], 
  [
   -645586.899, 
   -900854.6
  ], 
  [
   162136.806, 
   -55576.553
  ], 
  [
   -653399.724, 
   162799.346
  ], 
  [
   546101.66, 
   -352961.13
  ], 
  [
   -118682.405, 
   -610445.931
  ], 
  [
   -990103.982, 
   -349122.396
  ], 
  [
   -998707.017, 
   257603.738
  ], 
  [
   -926727.517, 
   -101748.619
  ], 
  [
   -740654.246, 
   988518.684
  ], 
  [
   14818.075, 
   -193203.054
  ], 
  [
   929622.225, 
   -447058.59
  ], 
  [
   -122834.916, 
   -389544.441
  ], 
  [
   499401.616, 
   -278808.872
  ], 
  [
   138897.83, 
   138155.968
  ], 
  [
   480495.474, 
   -794909.734
  ], 
  [
   -831899.05, 
   9470.06
  ], 
  [
   -840255.535, 
   527027.167
  ], 
  [
   551355.67, 
   258923.725
  ], 
  [
   25370.425, 
   44491.484
  ], 
  [
   630652.181, 
   -449866.205
  ], 
  [
   108084.349, 
   807243.149
  ], 
  [
   155165.186, 
   125905.821
  ], 
  [
   -34859.387, 
   177919.4
  ], 
  [
   892015.492, 
   324441.334
  ], 
  [
   -933732.955, 
   -179601.265
  ], 
  [
   -335250.524, 
   116733.695
  ], 
  [
   -77433.978, 
   207319.982
  ], 
  [
   -560880.523, 
   -308548.491
  ], 
  [
   -460848.929, 
   714876.842
  ], 
  [
   118957.961, 
   538622.229
  ], 
  [
   -503714.502, 
   -185358.113
  ], 
  [
   54324.696, 
   -764904.539
  ], 
  [
   -400115.769, 
   -298666.176
  ], 
  [
   -12873.816, 
   825064.022
  ]
 ], 
 "PUV": [
  false, 
  false, 
  false, 
  true, 
  true, 
  true, 
  false, 
  true, 
  true, 
  false, 
  false, 
  true, 
  false, 
  false, 
  true
 ], 
 "LCM": {
  "11": [
   "NOTUSED", 
   "ANDD", 
   "NOTUSED", 
   "ORR", 
   "ORR", 
   "ORR", 
   "ANDD", 
   "ORR", 
   "NOTUSED", 
   "ORR", 
   "ANDD", 
   "ANDD", 
   "ORR", 
   "ORR", 
   "ANDD"
  ], 
  "10": [
   "ANDD", 
   "ANDD", 
   "ORR", 
   "NOTUSED", 
   "NOTUSED", 
   "NOTUSED", 
   "NOTUSED", 
   "ANDD", 
   "ORR", 
   "ANDD", 
   "NOTUSED", 
   "ANDD", 
   "NOTUSED", 
   "NOTUSED", 
   "ORR"
  ], 
  "13": [
   "ORR", 
   "ANDD", 
   "ANDD", 
   "ANDD", 
   "NOTUSED", 
   "ANDD", 
   "ORR", 
   "NOTUSED", 
   "NOTUSED", 
   "ORR", 
   "NOTUSED", 
   "ORR", 
   "ANDD", 
   "ANDD", 
   "ORR"
  ], 
  "12": [
   "ORR", 
   "NOTUSED", 
   "NOTUSED", 
   "ANDD", 
   "ORR", 
   "NOTUSED", 
   "ORR", 
   "ORR", 
   "ORR", 
   "NOTUSED", 
   "NOTUSED", 
   "ORR", 
   "ANDD", 
   "ANDD", 
   "ORR"
  ], 
  "14": [
   "NOTUSED", 
   "ANDD", 
   "NOTUSED", 
   "NOTUSED", 
   "NOTUSED", 
   "NOTUSED", 
   "ORR", 
   "ANDD", 
   "NOTUSED", 
   "ORR", 
   "ORR", 
   "ANDD", 
   "ORR", 
   "ORR", 
   "ANDD"
  ], 
  "1": [
   "NOTUSED", 
   "ANDD", 
   "NOTUSED", 
   "NOTUSED", 
   "ANDD", 
   "ORR", 
   "ANDD", 
   "ORR", 
   "ANDD", 
   "ORR", 
   "ANDD", 
   "ANDD", 
   "NOTUSED", 
   "ANDD", 
   "ANDD"
  ], 
  "0": [
   "NOTUSED", 
   "NOTUSED", 
   "NOTUSED", 
   "ANDD", 
   "ORR", 
   "ANDD", 
   "ANDD", 
   "ORR", 
   "ANDD", 
   "ANDD", 
   "ANDD", 
   "NOTUSED", 
   "ORR", 
   "ORR", 
   "NOTUSED"
  ], 
  "3": [
   "ANDD", 
   "NOTUSED", 
   "ANDD", 
   "ORR", 
   "ANDD", 
   "ANDD", 
   "ORR", 
   "NOTUSED", 
   "ORR", 
   "ANDD", 
   "NOTUSED", 
   "ORR", 
   "ANDD", 
   "ANDD", 
   "NOTUSED"
  ], 
  "2": [
   "NOTUSED", 
   "NOTUSED", 
   "ANDD", 
   "ANDD", 
   "ORR", 
   "NOTUSED", 
   "ORR", 
   "NOTUSED", 
   "NOTUSED", 
   "ANDD", 
   "ORR", 
   "NOTUSED", 
   "NOTUSED", 
   "ANDD", 
   "NOTUSED"
  ], 
  "5": [
   "ANDD", 
   "ORR", 
   "NOTUSED", 
   "ANDD", 
   "ORR", 
   "NOTUSED", 
   "ORR", 
   "ANDD", 
   "NOTUSED", 
   "ORR", 
   "NOTUSED", 
   "ORR", 
   "NOTUSED", 
   "ANDD", 
   "NOTUSED"
  ], 
  "4": [
   "ORR", 
   "ANDD", 
   "ORR", 
   "ANDD", 
   "ORR", 
   "ORR", 
   "ANDD", 
   "ANDD", 
   "ORR", 
   "ORR", 
   "NOTUSED", 
   "ORR", 
   "ORR", 
   "NOTUSED", 
   "NOTUSED"
  ], 
  "7": [
   "ORR", 
   "ORR", 
   "NOTUSED", 
   "NOTUSED", 
   "ANDD", 
   "ANDD", 
   "NOTUSED", 
   "ORR", 
   "NOTUSED", 
   "NOTUSED", 
   "ANDD", 
   "ORR", 
   "ORR", 
   "NOTUSED", 
   "ANDD"
  ], 
  "6": [
   "ANDD", 
   "ANDD", 
   "ORR", 
   "ORR", 
   "ANDD", 
   "ORR", 
   "ANDD", 
   "NOTUSED", 
   "ANDD", 
   "ORR", 
   "NOTUSED", 
   "ANDD", 
   "ORR", 
   "ORR", 
   "ORR"
  ], 
  "9": [
   "ANDD", 
   "ORR", 
   "ANDD", 
   "ANDD", 
   "ORR", 
   "ORR", 
   "ORR", 
   "NOTUSED", 
   "NOTUSED", 
   "ORR", 
   "ANDD", 
   "ORR", 
   "NOTUSED", 
   "ORR", 
   "ORR"
  ], 
  "8": [
   "ANDD", 
   "ANDD", 
   "NOTUSED", 
   "ORR", 
   "ORR", 
   "NOTUSED", 
   "ANDD", 
   "NOTUSED", 
   "ANDD", 
   "NOTUSED", 
   "ORR", 
   "NOTUSED", 
   "ORR", 
   "NOTUSED", 
   "NOTUSED"
  ]
 }
}