{
 "random_seed": 201278052, 
 "PARAMETERS": {
  "RADIUS1": 351569.618, 
  "QUADS": 3, 
  "RADIUS2": 808006.32, 
  "DIST": 722430.719, 
  "F_PTS": 8, 
  "K_PTS": 20, 
  "EPSILON": 1.008, 
  "LENGTH1": 785548.791, 
  "G_PTS": 23, 
  "Q_PTS": 32, 
  "N_PTS": 45, 
  "C_PTS": 8, 
  "AREA2": 633860.987, 
  "LENGTH2": 338635.358, 
  "B_PTS": 7, 
  "D_PTS": 34, 
  "AREA1": 157723.792, 
  "A_PTS": 28, 
  "E_PTS": 20
 }, 
 "NUMPOINTS": 46, 
 "points": [
  [
   326309.147, 
   551473.206
  ], 
  [
   -345244.596, 
   373630.707
  ], 
  [
   967391.045, 
   -151500.863
  ], 
  [
   925032.883, 
   977394.644
  ], 
  [
   694088.783, 
   815004.943
  ], 
  [
   -701780.38, 
   816997.498
  ], 
  [
   -995275.564, 
   -948429.021
  ], 
  [
   -422911.458, 
   -146952.797
  ], 
  [
   -154728.919, 
   -571787.593
  ], 
  [
   974989.371, 
   645702.892
  ], 
  [
   -954063.454, 
   -117484.174
  ], 
  [
   304911.517, 
   843476.344
  ], 
  [
   -355895.406, 
   694578.036
  ], 
  [
   -671326.027, 
   683144.594
  ], 
  [
   -113190.244, 
   -468126.65
  ], 
  [
   396009.331, 
   559507.331
  ], 
  [
   -906267.169, 
   -921679.551
  ], 
  [
   334726.672, 
   805017.277
  ], 
  [
   894629.224, 
   -813393.815
  ], 
  [
   -551960.524, 
   489462.723
  ], 
  [
   698956.262, 
   -160809.967
  ], 
  [
   495475.282, 
   -82618.7
  ], 
  [
   90551.091, 
   297227.789
  ], 
  [
   586787.732, 
   322161.005
  ], 
  [
   926004.694, 
   677721.939
  ], 
  [
   685779.599, 
   585072.765
  ], 
  [
   246906.485, 
   -545716.215
  ], 
  [
   -256490.293, 
   -317983.754
  ], 
  [
   339754.514, 
   -531784.602
  ], 
  [
   -945278.366, 
   -194979.047
  ], 
  [
   -292686.223, 
   -518330.927
  ], 
  [
   -767706.976, 
   -981143.298
  ], 
  [
   795583.355, 
   428216.652
  ], 
  [
   -494463.131, 
   -869234.077
  ], 
  [
   241200.748, 
   -534122.347
  ], 
  [
   108034.175, 
   611975.509
  ], 
  [
   908930.945, 
   -751112.221
  ], 
  [
   -8100.994, 
   87452.585
  ], 
  [
   230233.263, 
   549847.714
  ], 
  [
   -5538.873, 
   294560.454
  ], 
  [
   222254.807, 
   -72191.768
  ], 
  [
   -353887.022, 
   54953.172
  ], 
  [
   -999845.133, 
   -573288.993
  ], 
  [
   522331.218, 
   434582.832
  ], 
  [
   377429.752, 
   -960103.574
  ], 
  [
   197934.896, 
   831149.152
  ]
 ], 
 "PUV": [
  false, 
  true, 
  false, 
  false, 
  true, 
  true, 
  true, 
  true, 
  true, 
  true, 
  true, 
  false, 
  false, 
  false, 
  true
 ], 
 "LCM": {
  "11": [
   "ORR", 
   "ORR", 
   "ANDD", 
   "ANDD", 
   "ORR", 
   "ORR", 
   "ORR", 
   "ANDD", 
   "ORR", 
   "ORR", 
   "NOTUSED", 
   "ORR", 
   "ANDD", 
   "ANDD", 
   "ORR"
  ], 
  "10": [
   "ORR", 
   "ANDD", 
   "ORR", 
   "ANDD", 
   "NOTUSED", 
   "ANDD", 
   "ORR", 
   "ORR", 
   "ANDD", 
   "NOTUSED", 
   "ORR", 
   "NOTUSED", 
   "ORR", 
   "ANDD", 
   "NOTUSED"
  ], 
  "13": [
   "NOTUSED", 
   "ORR", 
   "ORR", 
   "ORR", 
   "NOTUSED", 
   "ANDD", 
   "ANDD", 
   "ORR", 
   "NOTUSED", 
   "ANDD", 
   "ANDD", 
   "ANDD", 
   "NOTUSED", 
   "NOTUSED", 
   "ANDD"
  ], 
  "12": [
   "NOTUSED", 
   "ANDD", 
   "ANDD", 
   "ORR", 
   "ORR", 
   "ORR", 
   "ANDD", 
   "ORR", 
   "ANDD", 
   "NOTUSED", 
   "ORR", 
   "ANDD", 
   "ANDD", 
   "NOTUSED", 
   "ANDD"
  ], 
  "14": [
   "NOTUSED", 
   "ANDD", 
   "ANDD", 
   "ANDD", 
   "ORR", 
   "ANDD", 
   "NOTUSED", 
   "ORR", 
   "NOTUSED", 
   "NOTUSED", 
   "NOTUSED", 
   "ORR", 
   "ANDD", 
   "ANDD", 
   "ANDD"
  ], 
  "1": [
   "NOTUSED", 
   "ANDD", 
   "NOTUSED", 
   "NOTUSED", 
   "ORR", 
   "NOTUSED", 
   "NOTUSED", 
   "ORR", 
   "NOTUSED", 
   "ANDD", 
   "ANDD", 
   "ORR", 
   "ANDD", 
   "ORR", 
   "ANDD"
  ], 
  "0": [
   "ANDD", 
   "NOTUSED", 
   "ANDD", 
   "NOTUSED", 
   "ANDD", 
   "ANDD", 
   "NOTUSED", 
   "ORR", 
   "ORR", 
   "NOTUSED", 
   "ORR", 
   "ORR", 
   "NOTUSED", 
   "NOTUSED", 
   "NOTUSED"
  ], 
  "3": [
   "NOTUSED", 
   "NOTUSED", 
   "ANDD", 
   "NOTUSED", 
   "NOTUSED", 
   "NOTUSED", 
   "ANDD", 
   "NOTUSED", 
   "ANDD", 
   "ORR", 
   "ANDD", 
   "ANDD", 
   "ORR", 
   "ORR", 
   "ANDD"
  ], 
  "2": [
   "ANDD", 
   "NOTUSED", 
   "NOTUSED", 
   "ANDD", 
   "ANDD", 
   "ORR", 
   "ANDD", 
   "ORR", 
   "ANDD", 
   "NOTUSED", 
   "ORR", 
   "ANDD", 
   "ANDD", 
   "ORR", 
   "ANDD"
  ], 
  "5": [
   "ANDD", 
   "NOTUSED", 
   "ORR", 
   "NOTUSED", 
   "ORR", 
   "ANDD", 
   "ANDD", 
   "NOTUSED", 
   "NOTUSED", 
   "ORR", 
   "ANDD", 
   "ORR", 
   "ORR", 
   "ANDD", 
   "ANDD"
  ], 
  "4": [
   "ANDD", 
   "ORR", 
   "ANDD", 
   "NOTUSED", 
   "ORR", 
   "ORR", 
   "ANDD", 
   "NOTUSED", 
   "NOTUSED", 
   "NOTUSED", 
   "NOTUSED", 
   "ORR", 
   "ORR", 
   "NOTUSED", 
   "ORR"
  ], 
  "7": [
   "ORR", 
   "ORR", 
   "ORR", 
   "NOTUSED", 
   "NOTUSED", 
   "NOTUSED", 
   "ORR", 
   "NOTUSED", 
   "ANDD", 
   "NOTUSED", 
   "ORR", 
   "ANDD", 
   "ORR", 
   "ORR", 
   "ORR"
  ], 
  "6": [
   "NOTUSED", 
   "NOTUSED", 
   "ANDD", 
   "ANDD", 
   "ANDD", 
   "ANDD", 
   "NOTUSED", 
   "ORR", 
   "ANDD", 
   "ANDD", 
   "ORR", 
   "ORR", 
   "ANDD", 
   "ANDD", 
   "NOTUSED"
  ], 
  "9": [
   "NOTUSED", 
   "ANDD", 
   "NOTUSED", 
   "ORR", 
   "NOTUSED", 
   "ORR", 
   "ANDD", 
   "NOTUSED", 
   "ORR", 
   "ANDD", 
   "NOTUSED", 
   "ORR", 
   "NOTUSED", 
   "ANDD", 
   "NOTUSED"
  ], 
  "8": [
   "ORR", 
   "NOTUSED", 
   "ANDD", 
   "ANDD", 
   "NOTUSED", 
   "NOTUSED", 
   "ANDD", 
   "ANDD", 
   "NOTUSED", 
   "ORR", 
   "ANDD", 
   "ORR", 
   "ANDD", 
   "NOTUSED", 
   "NOTUSED"
  ]
 }
}