{
 "random_seed": 3585584608, 
 "PARAMETERS": {
  "RADIUS1": 630095.168, 
  "QUADS": 3, 
  "RADIUS2": 921774.342, 
  "DIST": 994957.156, 
  "F_PTS": 1, 
  "K_PTS": 93, 
  "EPSILON": 2.884, 
  "LENGTH1": 248751.376, 
  "G_PTS": 62, 
  "Q_PTS": 26, 
  "N_PTS": 64, 
  "C_PTS": 13, 
  "AREA2": 419506.233, 
  "LENGTH2": 160979.788, 
  "B_PTS": 24, 
  "D_PTS": 42, 
  "AREA1": 267601.685, 
  "A_PTS": 57, 
  "E_PTS": 11
 }, 
 "NUMPOINTS": 100, 
 "points": [
  [
   -221659.784, 
   616140.085
  ], 
  [
   -983116.85, 
   258134.015
  ], 
  [
   516204.528, 
   233178.203
  ], 
  [
   492573.496, 
   -408924.233
  ], 
  [
   -119479.936, 
   -978930.822
  ], 
  [
   124335.303, 
   -980397.48
  ], 
  [
   -625948.371, 
   216626.665
  ], 
  [
   490873.467, 
   -265519.171
  ], 
  [
   818180.269, 
   284602.473
  ], 
  [
   892794.814, 
   -509237.819
  ], 
  [
   509880.18, 
   839801.926
  ], 
  [
   -853113.094, 
   -44727.827
  ], 
  [
   860067.678, 
   707103.685
  ], 
  [
   509885.001, 
   -886276.999
  ], 
  [
   834984.874, 
   -967756.675
  ], 
  [
   -824529.119, 
   181588.555
  ], 
  [
   604008.68, 
   936747.825
  ], 
  [
   -245308.728, 
   67960.757
  ], 
  [
   801627.459, 
   -532239.247
  ], 
  [
   585785.057, 
   156509.744
  ], 
  [
   -191341.83, 
   -371288.83
  ], 
  [
   -76905.031, 
   251688.918
  ], 
  [
   -354953.563, 
   -674019.379
  ], 
  [
   708553.961, 
   -476665.286
  ], 
  [
   -476568.523, 
   192451.247
  ], 
  [
   658818.464, 
   -267309.764
  ], 
  [
   -966453.235, 
   -37475.227
  ], 
  [
   -271868.605, 
   -487780.65
  ], 
  [
   287824.13, 
   926177.847
  ], 
  [
   -179199.893, 
   365488.397
  ], 
  [
   -635155.266, 
   466993.551
  ], 
  [
   -180343.178, 
   -164412.121
  ], 
  [
   -825653.89, 
   294010.653
  ], 
  [
   493475.05, 
   517857.258
  ], 
  [
   647006.345, 
   -420272.957
  ], 
  [
   282968.668, 
   -921793.01
  ], 
  [
   371819.216, 
   -928641.732
  ], 
  [
   497447.538, 
   713837.691
  ], 
  [
   824986.62, 
   856537.812
  ], 
  [
   -167669.157, 
   409905.558
  ], 
  [
   951080.756, 
   -645587.477
  ], 
  [
   432729.948, 
   337113.761
  ], 
  [
   886729.213, 
   281334.355
  ], 
  [
   -873153.745, 
   -862292.345
  ], 
  [
   -755354.881, 
   856665.084
  ], 
  [
   490085.512, 
   2189.055
  ], 
  [
   -212151.351, 
   -252373.501
  ], 
  [
   -472493.631, 
   -681916.163
  ], 
  [
   683640.882, 
   -577555.846
  ], 
  [
   -55515.97, 
   683250.926
  ], 
  [
   -997992.643, 
   -304582.82
  ], 
  [
   165274.985, 
   514776.125
  ], 
  [
   -158876.313, 
   16387.974
  ], 
  [
   435561.56, 
   916039.668
  ], 
  [
   499944.592, 
   -688779.592
  ], 
  [
   -109868.752, 
   235893.882
  ], 
  [
   -908948.844, 
   229743.352
  ], 
  [
   -618300.196, 
   -818750.627
  ], 
  [
   57748.778, 
   6287.372
  ], 
  [
   624141.835, 
   47077.617
  ], 
  [
   -937411.827, 
   319215.132
  ], 
  [
   75380.222, 
   262313.437
  ], 
  [
   -613832.58, 
   227766.007
  ], 
  [
   891654.25, 
   -85637.504
  ], 
  [
   -141420.708, 
   -234764.227
  ], 
  [
   -206730.074, 
   441876.462
  ], 
  [
   718138.721, 
   503877.176
  ], 
  [
   642933.748, 
   -131082.361
  ], 
  [
   -387763.157, 
   -534357.677
  ], 
  [
   121980.856, 
   -841214.861
  ], 
  [
   -36769.969, 
   667843.164
  ], 
  [
   -49644.521, 
   -395451.365
  ], 
  [
   437234.31, 
   628477.915
  ], 
  [
   827560.205, 
   -379251.301
  ], 
  [
   314396.262, 
   48977.893
  ], 
  [
   -645808.259, 
   -752256.145
  ], 
  [
   -813270.972, 
   978963.391
  ], 
  [
   -644425.065, 
   -624543.639
  ], 
  [
   728582.144, 
   404686.242
  ], 
  [
   -526018.888, 
   -924897.475
  ], 
  [
   -504366.989, 
   779981.672
  ], 
  [
   -955426.854, 
   -627514.414
  ], 
  [
   -146544.108, 
   45609.583
  ], 
  [
   967394.258, 
   -806900.483
  ], 
  [
   298906.646, 
   -830610.202
  ], 
  [
   -926946.938, 
   -224607.768
  ], 
  [
   -789971.688, 
   -832677.249
  ], 
  [
   -751341.46, 
   497891.27
  ], 
  [
   488055.301, 
   -477316.117
  ], 
  [
   -507447.274, 
   40908.641
  ], 
  [
   246197.031, 
   -704631.621
  ], 
  [
   304928.557, 
   -626896.459
  ], 
  [
   -517067.471, 
   -371955.534
  ], 
  [
   -322385.004, 
   710169.566
  ], 
  [
   616248.698, 
   -996067.376
  ], 
  [
   -510072.818, 
   -885094.822
  ], 
  [
   -931302.302, 
   36636.357
  ], 
  [
   -674689.719, 
   -414219.073
  ], 
  [
   -759338.906, 
   -797930.571
  ], 
  [
   844419.553, 
   451540.464
  ]
 ], 
 "PUV": [
  false, 
  true, 
  false, 
  true, 
  true, 
  true, 
  true, 
  true, 
  false, 
  false, 
  true, 
  true, 
  false, 
  false, 
  false
 ], 
 "LCM": {
  "11": [
   "ANDD", 
   "NOTUSED", 
   "ANDD", 
   "ANDD", 
   "NOTUSED", 
   "NOTUSED", 
   "NOTUSED", 
   "ANDD", 
   "NOTUSED", 
   "ANDD", 
   "ORR", 
   "ORR", 
   "ORR", 
   "ORR", 
   "ANDD"
  ], 
  "10": [
   "ANDD", 
   "NOTUSED", 
   "NOTUSED", 
   "ANDD", 
   "ORR", 
   "ORR", 
   "ANDD", 
   "NOTUSED", 
   "ANDD", 
   "NOTUSED", 
   "ANDD", 
   "ORR", 
   "ORR", 
   "ANDD", 
   "ORR"
  ], 
  "13": [
   "ORR", 
   "ANDD", 
   "ANDD", 
   "ANDD", 
   "ANDD", 
   "NOTUSED", 
   "ANDD", 
   "ORR", 
   "NOTUSED", 
   "ORR", 
   "ANDD", 
   "ORR", 
   "NOTUSED", 
   "ORR", 
   "NOTUSED"
  ], 
  "12": [
   "NOTUSED", 
   "ANDD", 
   "NOTUSED", 
   "ORR", 
   "NOTUSED", 
   "ANDD", 
   "ANDD", 
   "ANDD", 
   "NOTUSED", 
   "ANDD", 
   "ORR", 
   "ORR", 
   "ORR", 
   "NOTUSED", 
   "ANDD"
  ], 
  "14": [
   "ORR", 
   "ANDD", 
   "ORR", 
   "ORR", 
   "ANDD", 
   "ORR", 
   "ANDD", 
   "ANDD", 
   "ORR", 
   "ORR", 
   "ORR", 
   "ANDD", 
   "ANDD", 
   "NOTUSED", 
   "ANDD"
  ], 
  "1": [
   "ORR", 
   "NOTUSED", 
   "ORR", 
   "NOTUSED", 
   "NOTUSED", 
   "NOTUSED", 
   "ANDD", 
   "NOTUSED", 
   "ANDD", 
   "ANDD", 
   "NOTUSED", 
   "NOTUSED", 
   "ANDD", 
   "ANDD", 
   "ANDD"
  ], 
  "0": [
   "ORR", 
   "ORR", 
   "ORR", 
   "NOTUSED", 
   "ANDD", 
   "ANDD", 
   "ORR", 
   "ANDD", 
   "ANDD", 
   "ANDD", 
   "ANDD", 
   "ANDD", 
   "NOTUSED", 
   "ORR", 
   "ORR"
  ], 
  "3": [
   "NOTUSED", 
   "NOTUSED", 
   "ORR", 
   "ANDD", 
   "ORR", 
   "ORR", 
   "NOTUSED", 
   "ANDD", 
   "ANDD", 
   "NOTUSED", 
   "ANDD", 
   "ANDD", 
   "ORR", 
   "ANDD", 
   "ORR"
  ], 
  "2": [
   "ORR", 
   "ORR", 
   "NOTUSED", 
   "ORR", 
   "ORR", 
   "ORR", 
   "ANDD", 
   "ORR", 
   "ANDD", 
   "ORR", 
   "NOTUSED", 
   "ANDD", 
   "NOTUSED", 
   "ANDD", 
   "ORR"
  ], 
  "5": [
   "ANDD", 
   "NOTUSED", 
   "ORR", 
   "ORR", 
   "ANDD", 
   "NOTUSED", 
   "ANDD", 
   "NOTUSED", 
   "NOTUSED", 
   "NOTUSED", 
   "ORR", 
   "NOTUSED", 
   "ANDD", 
   "NOTUSED", 
   "ORR"
  ], 
  "4": [
   "ANDD", 
   "NOTUSED", 
   "ORR", 
   "ORR", 
   "ORR", 
   "ANDD", 
   "ANDD", 
   "NOTUSED", 
   "NOTUSED", 
   "NOTUSED", 
   "ORR", 
   "NOTUSED", 
   "NOTUSED", 
   "ANDD", 
   "ANDD"
  ], 
  "7": [
   "ANDD", 
   "NOTUSED", 
   "ORR", 
   "ANDD", 
   "NOTUSED", 
   "NOTUSED", 
   "NOTUSED", 
   "NOTUSED", 
   "NOTUSED", 
   "ANDD", 
   "NOTUSED", 
   "ANDD", 
   "ANDD", 
   "ORR", 
   "ANDD"
  ], 
  "6": [
   "ORR", 
   "ANDD", 
   "ANDD", 
   "NOTUSED", 
   "ANDD", 
   "ANDD", 
   "ORR", 
   "NOTUSED", 
   "NOTUSED", 
   "NOTUSED", 
   "ANDD", 
   "NOTUSED", 
   "ANDD", 
   "ANDD", 
   "ANDD"
  ], 
  "9": [
   "ANDD", 
   "ANDD", 
   "ORR", 
   "NOTUSED", 
   "NOTUSED", 
   "NOTUSED", 
   "NOTUSED", 
   "ANDD", 
   "ORR", 
   "NOTUSED", 
   "NOTUSED", 
   "ANDD", 
   "ANDD", 
   "ORR", 
   "ORR"
  ], 
  "8": [
   "ANDD", 
   "ANDD", 
   "ANDD", 
   "ANDD", 
   "NOTUSED", 
   "NOTUSED", 
   "NOTUSED", 
   "NOTUSED", 
   "ORR", 
   "ORR", 
   "ANDD", 
   "NOTUSED", 
   "NOTUSED", 
   "NOTUSED", 
   "ORR"
  ]
 }
}