{
 "random_seed": 3719415764, 
 "PARAMETERS": {
  "RADIUS1": 522997.379, 
  "QUADS": 1, 
  "RADIUS2": 52970.538, 
  "DIST": 954073.628, 
  "F_PTS": 6, 
  "K_PTS": 30, 
  "EPSILON": 0.314, 
  "LENGTH1": 192691.29, 
  "G_PTS": 64, 
  "Q_PTS": 65, 
  "N_PTS": 45, 
  "C_PTS": 6, 
  "AREA2": 756294.447, 
  "LENGTH2": 134227.845, 
  "B_PTS": 5, 
  "D_PTS": 28, 
  "AREA1": 163190.863, 
  "A_PTS": 9, 
  "E_PTS": 29
 }, 
 "NUMPOINTS": 71, 
 "points": [
  [
   -105527.433, 
   -657156.129
  ], 
  [
   58697.837, 
   22777.953
  ], 
  [
   -774072.041, 
   469091.46
  ], 
  [
   -171040.667, 
   -932080.909
  ], 
  [
   28435.751, 
   205290.49
  ], 
  [
   -566968.913, 
   898638.359
  ], 
  [
   739516.322, 
   157868.721
  ], 
  [
   -105790.851, 
   -839274.15
  ], 
  [
   617429.118, 
   -35641.588
  ], 
  [
   -40923.696, 
   73499.065
  ], 
  [
   -667883.076, 
   -352079.629
  ], 
  [
   -36693.393, 
   -914561.799
  ], 
  [
   -293016.877, 
   265158.536
  ], 
  [
   448060.583, 
   630056.764
  ], 
  [
   110264.382, 
   428701.029
  ], 
  [
   -413524.562, 
   915477.368
  ], 
  [
   269630.904, 
   -808921.568
  ], 
  [
   890639.504, 
   941523.447
  ], 
  [
   -765356.539, 
   -810717.081
  ], 
  [
   -263041.798, 
   616318.581
  ], 
  [
   806822.348, 
   -193866.41
  ], 
  [
   512492.096, 
   -203834.112
  ], 
  [
   -519682.823, 
   429960.443
  ], 
  [
   -302774.832, 
   -273717.603
  ], 
  [
   -626877.054, 
   -509848.119
  ], 
  [
   -729703.48, 
   979559.633
  ], 
  [
   -206289.171, 
   -108696.661
  ], 
  [
   35278.098, 
   253893.754
  ], 
  [
   -341067.884, 
   -966281.592
  ], 
  [
   203659.066, 
   465271.802
  ], 
  [
   -277320.805, 
   37194.933
  ], 
  [
   165304.336, 
   370394.013
  ], 
  [
   786895.555, 
   -818345.395
  ], 
  [
   -448348.248, 
   56237.284
  ], 
  [
   -674610.674, 
   193018.653
  ], 
  [
   -119176.55, 
   -272783.284
  ], 
  [
   -880301.41, 
   771510.708
  ], 
  [
   925324.356, 
   -76366.617
  ], 
  [
   904698.251, 
   -884583.33
  ], 
  [
   95408.077, 
   140138.709
  ], 
  [
   -925154.897, 
   -966890.025
  ], 
  [
   -284006.513, 
   128046.645
  ], 
  [
   -280829.229, 
   -724958.952
  ], 
  [
   -33654.856, 
   998082.67
  ], 
  [
   -343367.624, 
   -209298.216
  ], 
  [
   39085.611, 
   37259.179
  ], 
  [
   -38952.852, 
   364669.606
  ], 
  [
   717132.927, 
   258784.35
  ], 
  [
   464337.16, 
   623168.938
  ], 
  [
   -741487.843, 
   797071.517
  ], 
  [
   81476.516, 
   120899.527
  ], 
  [
   876094.331, 
   140652.632
  ], 
  [
   672551.27, 
   -162478.434
  ], 
  [
   83672.048, 
   -874702.159
  ], 
  [
   874575.854, 
   681070.663
  ], 
  [
   -823702.459, 
   655935.052
  ], 
  [
   276078.361, 
   66123.816
  ], 
  [
   721848.647, 
   938666.399
  ], 
  [
   -835318.612, 
   -893787.553
  ], 
  [
   672177.808, 
   -901500.99
  ], 
  [
   -603980.119, 
   19801.963
  ], 
  [
   -95455.746, 
   878999.0
  ], 
  [
   8809.344, 
   319218.208
  ], 
  [
   -494196.279, 
   258599.43
  ], 
  [
   -142791.12, 
   698814.695
  ], 
  [
   878803.074, 
   85054.058
  ], 
  [
   160679.55, 
   -874104.929
  ], 
  [
   -730669.826, 
   -738737.379
  ], 
  [
   335338.616, 
   13088.082
  ], 
  [
   667112.775, 
   396817.115
  ], 
  [
   296582.496, 
   834863.444
  ]
 ], 
 "PUV": [
  false, 
  false, 
  false, 
  false, 
  false, 
  true, 
  false, 
  false, 
  false, 
  false, 
  false, 
  false, 
  false, 
  true, 
  false
 ], 
 "LCM": {
  "11": [
   "ANDD", 
   "ANDD", 
   "ORR", 
   "ANDD", 
   "ORR", 
   "NOTUSED", 
   "ORR", 
   "NOTUSED", 
   "NOTUSED", 
   "ORR", 
   "ANDD", 
   "ORR", 
   "ORR", 
   "NOTUSED", 
   "ANDD"
  ], 
  "10": [
   "ORR", 
   "ORR", 
   "ANDD", 
   "ANDD", 
   "ORR", 
   "ANDD", 
   "NOTUSED", 
   "ORR", 
   "NOTUSED", 
   "ANDD", 
   "ORR", 
   "ANDD", 
   "ORR", 
   "NOTUSED", 
   "NOTUSED"
  ], 
  "13": [
   "NOTUSED", 
   "ORR", 
   "ORR", 
   "ORR", 
   "ORR", 
   "NOTUSED", 
   "ANDD", 
   "ANDD", 
   "ORR", 
   "ANDD", 
   "NOTUSED", 
   "NOTUSED", 
   "NOTUSED", 
   "NOTUSED", 
   "NOTUSED"
  ], 
  "12": [
   "ORR", 
   "NOTUSED", 
   "ANDD", 
   "NOTUSED", 
   "ORR", 
   "ANDD", 
   "ANDD", 
   "ANDD", 
   "NOTUSED", 
   "NOTUSED", 
   "ORR", 
   "ORR", 
   "ANDD", 
   "NOTUSED", 
   "ANDD"
  ], 
  "14": [
   "ORR", 
   "ORR", 
   "ANDD", 
   "ANDD", 
   "ORR", 
   "ANDD", 
   "ANDD", 
   "ANDD", 
   "NOTUSED", 
   "NOTUSED", 
   "NOTUSED", 
   "ANDD", 
   "ANDD", 
   "NOTUSED", 
   "ORR"
  ], 
  "1": [
   "ANDD", 
   "NOTUSED", 
   "NOTUSED", 
   "NOTUSED", 
   "ORR", 
   "ANDD", 
   "ORR", 
   "ANDD", 
   "ORR", 
   "ORR", 
   "ORR", 
   "ANDD", 
   "NOTUSED", 
   "ORR", 
   "ORR"
  ], 
  "0": [
   "ORR", 
   "ANDD", 
   "ANDD", 
   "ORR", 
   "ORR", 
   "ORR", 
   "NOTUSED", 
   "ANDD", 
   "ANDD", 
   "ANDD", 
   "ORR", 
   "ANDD", 
   "ORR", 
   "NOTUSED", 
   "ORR"
  ], 
  "3": [
   "ORR", 
   "NOTUSED", 
   "NOTUSED", 
   "ORR", 
   "ORR", 
   "ANDD", 
   "ANDD", 
   "NOTUSED", 
   "ANDD", 
   "ORR", 
   "ANDD", 
   "ANDD", 
   "NOTUSED", 
   "ORR", 
   "ANDD"
  ], 
  "2": [
   "ANDD", 
   "NOTUSED", 
   "NOTUSED", 
   "NOTUSED", 
   "NOTUSED", 
   "ORR", 
   "ORR", 
   "ORR", 
   "ANDD", 
   "ORR", 
   "ANDD", 
   "ORR", 
   "ANDD", 
   "ORR", 
   "ANDD"
  ], 
  "5": [
   "ORR", 
   "ANDD", 
   "ORR", 
   "ANDD", 
   "NOTUSED", 
   "ANDD", 
   "ORR", 
   "NOTUSED", 
   "NOTUSED", 
   "ORR", 
   "ANDD", 
   "NOTUSED", 
   "ANDD", 
   "NOTUSED", 
   "ANDD"
  ], 
  "4": [
   "ORR", 
   "ORR", 
   "NOTUSED", 
   "ORR", 
   "ANDD", 
   "NOTUSED", 
   "ANDD", 
   "ORR", 
   "ANDD", 
   "ANDD", 
   "ORR", 
   "ORR", 
   "ORR", 
   "ORR", 
   "ORR"
  ], 
  "7": [
   "ANDD", 
   "ANDD", 
   "ORR", 
   "NOTUSED", 
   "ORR", 
   "NOTUSED", 
   "ANDD", 
   "NOTUSED", 
   "ORR", 
   "ANDD", 
   "ORR", 
   "NOTUSED", 
   "ANDD", 
   "ANDD", 
   "ANDD"
  ], 
  "6": [
   "NOTUSED", 
   "ORR", 
   "ORR", 
   "ANDD", 
   "ANDD", 
   "ORR", 
   "NOTUSED", 
   "ANDD", 
   "NOTUSED", 
   "ANDD", 
   "NOTUSED", 
   "ORR", 
   "ANDD", 
   "ANDD", 
   "ANDD"
  ], 
  "9": [
   "ANDD", 
   "ORR", 
   "ORR", 
   "ORR", 
   "ANDD", 
   "ORR", 
   "ANDD", 
   "ANDD", 
   "ANDD", 
   "ANDD", 
   "ANDD", 
   "ORR", 
   "NOTUSED", 
   "ANDD", 
   "NOTUSED"
  ], 
  "8": [
   "ANDD", 
   "ORR", 
   "ANDD", 
   "ANDD", 
   "ANDD", 
   "NOTUSED", 
   "NOTUSED", 
   "ORR", 
   "NOTUSED", 
   "ANDD", 
   "NOTUSED", 
   "NOTUSED", 
   "NOTUSED", 
   "ORR", 
   "NOTUSED"
  ]
 }
}