{
 "random_seed": 2977587552, 
 "PARAMETERS": {
  "RADIUS1": 314343.057, 
  "QUADS": 1, 
  "RADIUS2": 766542.667, 
  "DIST": 910583.991, 
  "F_PTS": 6, 
  "K_PTS": 8, 
  "EPSILON": 1.842, 
  "LENGTH1": 622133.151, 
  "G_PTS": 37, 
  "Q_PTS": 22, 
  "N_PTS": 4, 
  "C_PTS": 9, 
  "AREA2": 2130.738, 
  "LENGTH2": 847343.434, 
  "B_PTS": 7, 
  "D_PTS": 19, 
  "AREA1": 779244.349, 
  "A_PTS": 30, 
  "E_PTS": 9
 }, 
 "NUMPOINTS": 40, 
 "points": [
  [
   -406391.53, 
   -494069.437
  ], 
  [
   -52010.071, 
   -29671.412
  ], 
  [
   -64191.392, 
   -919923.881
  ], 
  [
   962191.72, 
   -793504.498
  ], 
  [
   660058.489, 
   515516.068
  ], 
  [
   -51819.836, 
   -848511.372
  ], 
  [
   -964389.66, 
   -664541.592
  ], 
  [
   -581779.328, 
   -65833.507
  ], 
  [
   -912382.681, 
   -136664.367
  ], 
  [
   -88871.321, 
   997932.598
  ], 
  [
   630451.25, 
   836646.331
  ], 
  [
   -811376.533, 
   -789292.958
  ], 
  [
   686160.217, 
   -833703.632
  ], 
  [
   905265.191, 
   140123.414
  ], 
  [
   854144.693, 
   24360.374
  ], 
  [
   -514490.904, 
   838151.787
  ], 
  [
   -854705.146, 
   560165.991
  ], 
  [
   -820815.407, 
   137715.723
  ], 
  [
   729812.013, 
   834967.938
  ], 
  [
   -675568.761, 
   644327.945
  ], 
  [
   808987.653, 
   -227182.546
  ], 
  [
   -766258.046, 
   215967.677
  ], 
  [
   378767.382, 
   181003.791
  ], 
  [
   969608.574, 
   -326836.068
  ], 
  [
   -841058.118, 
   673025.611
  ], 
  [
   -18414.819, 
   -216195.628
  ], 
  [
   -861274.237, 
   118931.571
  ], 
  [
   -40047.366, 
   97738.823
  ], 
  [
   -736452.466, 
   929121.824
  ], 
  [
   -721396.932, 
   807311.326
  ], 
  [
   -338720.169, 
   531933.865
  ], 
  [
   202657.459, 
   -676559.944
  ], 
  [
   -912734.1, 
   -679337.902
  ], 
  [
   704925.491, 
   -230297.142
  ], 
  [
   450222.834, 
   -757890.011
  ], 
  [
   -786021.065, 
   599187.086
  ], 
  [
   11409.123, 
   -500071.909
  ], 
  [
   805108.27, 
   827279.476
  ], 
  [
   -889361.072, 
   -210593.232
  ], 
  [
   -39739.895, 
   -954095.044
  ]
 ], 
 "PUV": [
  false, 
  true, 
  false, 
  true, 
  true, 
  true, 
  true, 
  true, 
  true, 
  false, 
  true, 
  true, 
  false, 
  false, 
  false
 ], 
 "LCM": {
  "11": [
   "ORR", 
   "NOTUSED", 
   "ORR", 
   "NOTUSED", 
   "NOTUSED", 
   "ANDD", 
   "ORR", 
   "ORR", 
   "ANDD", 
   "NOTUSED", 
   "NOTUSED", 
   "NOTUSED", 
   "ANDD", 
   "ORR", 
   "ORR"
  ], 
  "10": [
   "ORR", 
   "ANDD", 
   "NOTUSED", 
   "ANDD", 
   "ANDD", 
   "ANDD", 
   "NOTUSED", 
   "NOTUSED", 
   "ANDD", 
   "NOTUSED", 
   "NOTUSED", 
   "NOTUSED", 
   "NOTUSED", 
   "ANDD", 
   "NOTUSED"
  ], 
  "13": [
   "ANDD", 
   "ANDD", 
   "NOTUSED", 
   "NOTUSED", 
   "ORR", 
   "ORR", 
   "ORR", 
   "ORR", 
   "ANDD", 
   "ANDD", 
   "ANDD", 
   "ORR", 
   "ANDD", 
   "NOTUSED", 
   "NOTUSED"
  ], 
  "12": [
   "ORR", 
   "ORR", 
   "ANDD", 
   "ORR", 
   "ORR", 
   "ANDD", 
   "ANDD", 
   "ORR", 
   "ORR", 
   "NOTUSED", 
   "NOTUSED", 
   "ANDD", 
   "ANDD", 
   "ANDD", 
   "NOTUSED"
  ], 
  "14": [
   "ANDD", 
   "ORR", 
   "ORR", 
   "NOTUSED", 
   "ANDD", 
   "ORR", 
   "ORR", 
   "NOTUSED", 
   "ORR", 
   "ANDD", 
   "NOTUSED", 
   "ORR", 
   "NOTUSED", 
   "NOTUSED", 
   "ANDD"
  ], 
  "1": [
   "ORR", 
   "NOTUSED", 
   "ORR", 
   "NOTUSED", 
   "ORR", 
   "ANDD", 
   "ANDD", 
   "ANDD", 
   "NOTUSED", 
   "ANDD", 
   "ANDD", 
   "NOTUSED", 
   "ORR", 
   "ANDD", 
   "ORR"
  ], 
  "0": [
   "ANDD", 
   "ORR", 
   "ANDD", 
   "ORR", 
   "ORR", 
   "ORR", 
   "NOTUSED", 
   "ORR", 
   "ORR", 
   "ANDD", 
   "ORR", 
   "ORR", 
   "ORR", 
   "ANDD", 
   "ANDD"
  ], 
  "3": [
   "ORR", 
   "NOTUSED", 
   "ANDD", 
   "NOTUSED", 
   "NOTUSED", 
   "NOTUSED", 
   "ORR", 
   "ANDD", 
   "ANDD", 
   "NOTUSED", 
   "ANDD", 
   "NOTUSED", 
   "ORR", 
   "NOTUSED", 
   "NOTUSED"
  ], 
  "2": [
   "ANDD", 
   "ORR", 
   "ANDD", 
   "ANDD", 
   "ORR", 
   "ORR", 
   "NOTUSED", 
   "ORR", 
   "ORR", 
   "NOTUSED", 
   "NOTUSED", 
   "ORR", 
   "ANDD", 
   "NOTUSED", 
   "ORR"
  ], 
  "5": [
   "ORR", 
   "ANDD", 
   "ORR", 
   "NOTUSED", 
   "ANDD", 
   "NOTUSED", 
   "ANDD", 
   "ORR", 
   "NOTUSED", 
   "ORR", 
   "ANDD", 
   "ANDD", 
   "ANDD", 
   "ORR", 
   "ORR"
  ], 
  "4": [
   "ORR", 
   "ORR", 
   "ORR", 
   "NOTUSED", 
   "NOTUSED", 
   "ANDD", 
   "ORR", 
   "ANDD", 
   "NOTUSED", 
   "ORR", 
   "ANDD", 
   "NOTUSED", 
   "ORR", 
   "ORR", 
   "ANDD"
  ], 
  "7": [
   "ORR", 
   "ANDD", 
   "ORR", 
   "ANDD", 
   "ANDD", 
   "ORR", 
   "ORR", 
   "NOTUSED", 
   "NOTUSED", 
   "NOTUSED", 
   "NOTUSED", 
   "ORR", 
   "ORR", 
   "ORR", 
   "NOTUSED"
  ], 
  "6": [
   "NOTUSED", 
   "ANDD", 
   "NOTUSED", 
   "ORR", 
   "ORR", 
   "ANDD", 
   "ANDD", 
   "ORR", 
   "ANDD", 
   "ORR", 
   "NOTUSED", 
   "ORR", 
   "ANDD", 
   "ORR", 
   "ORR"
  ], 
  "9": [
   "ANDD", 
   "ANDD", 
   "NOTUSED", 
   "NOTUSED", 
   "ORR", 
   "ORR", 
   "ORR", 
   "NOTUSED", 
   "ORR", 
   "ANDD", 
   "NOTUSED", 
   "NOTUSED", 
   "NOTUSED", 
   "ANDD", 
   "ANDD"
  ], 
  "8": [
   "ORR", 
   "NOTUSED", 
   "ORR", 
   "ANDD", 
   "NOTUSED", 
   "NOTUSED", 
   "ANDD", 
   "NOTUSED", 
   "NOTUSED", 
   "ORR", 
   "ANDD", 
   "ANDD", 
   "ORR", 
   "ANDD", 
   "ORR"
  ]
 }
}