{
 "random_seed": 873086330, 
 "PARAMETERS": {
  "RADIUS1": 930347.875, 
  "QUADS": 1, 
  "RADIUS2": 760617.019, 
  "DIST": 815639.352, 
  "F_PTS": 30, 
  "K_PTS": 79, 
  "EPSILON": 0.16, 
  "LENGTH1": 101561.909, 
  "G_PTS": 92, 
  "Q_PTS": 98, 
  "N_PTS": 20, 
  "C_PTS": 26, 
  "AREA2": 94930.567, 
  "LENGTH2": 404200.408, 
  "B_PTS": 53, 
  "D_PTS": 19, 
  "AREA1": 555734.76, 
  "A_PTS": 42, 
  "E_PTS": 25
 }, 
 "NUMPOINTS": 99, 
 "points": [
  [
   318938.99, 
   676757.471
  ], 
  [
   85862.594, 
   894994.854
  ], 
  [
   980290.898, 
   -476076.667
  ], 
  [
   14502.753, 
   527796.415
  ], 
  [
   -40941.313, 
   -9954.653
  ], 
  [
   -221246.242, 
   741541.569
  ], 
  [
   -231873.927, 
   430216.36
  ], 
  [
   -288203.583, 
   -58791.734
  ], 
  [
   -192130.263, 
   330235.237
  ], 
  [
   -210222.467, 
   830575.611
  ], 
  [
   -405027.341, 
   192878.057
  ], 
  [
   710050.764, 
   -108617.097
  ], 
  [
   362263.268, 
   -360071.052
  ], 
  [
   -671630.856, 
   49698.715
  ], 
  [
   140127.58, 
   683787.746
  ], 
  [
   -280226.259, 
   72742.01
  ], 
  [
   -979320.642, 
   -871909.373
  ], 
  [
   421639.891, 
   -570759.961
  ], 
  [
   61615.998, 
   -773520.727
  ], 
  [
   -723432.513, 
   -41320.695
  ], 
  [
   -320922.467, 
   -401616.76
  ], 
  [
   -846771.963, 
   11771.044
  ], 
  [
   -2296.183, 
   -717020.318
  ], 
  [
   -116117.468, 
   -766137.051
  ], 
  [
   847670.504, 
   -402798.323
  ], 
  [
   963349.018, 
   697039.428
  ], 
  [
   -16725.359, 
   -621900.825
  ], 
  [
   959550.452, 
   800283.393
  ], 
  [
   588483.35, 
   958050.188
  ], 
  [
   -225975.713, 
   -512020.037
  ], 
  [
   17439.948, 
   -390541.075
  ], 
  [
   -264485.321, 
   -372711.968
  ], 
  [
   -213151.591, 
   -255683.874
  ], 
  [
   714545.072, 
   246661.251
  ], 
  [
   746540.114, 
   -410954.633
  ], 
  [
   783657.523, 
   351114.209
  ], 
  [
   499267.544, 
   -978605.928
  ], 
  [
   -597458.394, 
   -498105.198
  ], 
  [
   -257028.066, 
   -155526.436
  ], 
  [
   -18064.868, 
   -674780.264
  ], 
  [
   726940.968, 
   644531.121
  ], 
  [
   -398882.696, 
   -956413.086
  ], 
  [
   67297.397, 
   774889.44
  ], 
  [
   418734.585, 
   -161650.038
  ], 
  [
   840202.287, 
   -553961.256
  ], 
  [
   786272.312, 
   324170.668
  ], 
  [
   78358.977, 
   285930.647
  ], 
  [
   332230.287, 
   740299.782
  ], 
  [
   301834.059, 
   -79366.385
  ], 
  [
   -617747.842, 
   -793990.946
  ], 
  [
   935529.295, 
   3674.084
  ], 
  [
   -712425.077, 
   996296.775
  ], 
  [
   210282.644, 
   -441750.481
  ], 
  [
   96339.689, 
   -434688.074
  ], 
  [
   -130841.695, 
   556590.06
  ], 
  [
   -547351.357, 
   -463128.878
  ], 
  [
   -461737.664, 
   196053.375
  ], 
  [
   842881.974, 
   -632564.269
  ], 
  [
   -20506.896, 
   65920.377
  ], 
  [
   -515519.79, 
   912018.522
  ], 
  [
   -708851.332, 
   -34625.829
  ], 
  [
   727127.105, 
   -587980.445
  ], 
  [
   -978642.464, 
   768238.939
  ], 
  [
   477176.933, 
   910306.32
  ], 
  [
   287555.484, 
   974295.225
  ], 
  [
   -601849.506, 
   -646736.365
  ], 
  [
   -812084.381, 
   311876.471
  ], 
  [
   331812.232, 
   700263.34
  ], 
  [
   -727062.165, 
   970.916
  ], 
  [
   684676.574, 
   24835.844
  ], 
  [
   942102.57, 
   270204.687
  ], 
  [
   897601.812, 
   -810450.47
  ], 
  [
   245844.505, 
   -882993.139
  ], 
  [
   651585.38, 
   306397.606
  ], 
  [
   -536513.693, 
   -214364.005
  ], 
  [
   -429094.866, 
   -357799.145
  ], 
  [
   -534598.42, 
   -66613.404
  ], 
  [
   -952108.659, 
   -118247.008
  ], 
  [
   -734541.074, 
   -519231.277
  ], 
  [
   -551936.502, 
   201252.297
  ], 
  [
   756114.327, 
   896726.043
  ], 
  [
   227822.635, 
   -609001.673
  ], 
  [
   336180.082, 
   -662742.842
  ], 
  [
   -382138.748, 
   662120.314
  ], 
  [
   -208036.469, 
   -360528.753
  ], 
  [
   -206446.442, 
   -81549.594
  ], 
  [
   -549089.645, 
   819217.563
  ], 
  [
   186442.562, 
   -481982.003
  ], 
  [
   -622963.729, 
   -774313.431
  ], 
  [
   197571.767, 
   -411680.032
  ], 
  [
   634566.413, 
   825368.647
  ], 
  [
   106261.937, 
   980782.21
  ], 
  [
   -764094.823, 
   386084.054
  ], 
  [
   357145.544, 
   284315.913
  ], 
  [
   -830187.091, 
   650890.422
  ], 
  [
   -897781.711, 
   216974.153
  ], 
  [
   -838818.508, 
   -810353.15
  ], 
  [
   -560165.066, 
   -290271.407
  ], 
  [
   -505353.592, 
   -189128.175
  ]
 ], 
 "PUV": [
  true, 
  false, 
  true, 
  true, 
  true, 
  true, 
  true, 
  false, 
  false, 
  true, 
  false, 
  false, 
  true, 
  false, 
  false
 ], 
 "LCM": {
  "11": [
   "NOTUSED", 
   "ORR", 
   "NOTUSED", 
   "ORR", 
   "ANDD", 
   "ORR", 
   "ORR", 
   "ORR", 
   "NOTUSED", 
   "NOTUSED", 
   "NOTUSED", 
   "ANDD", 
   "NOTUSED", 
   "NOTUSED", 
   "NOTUSED"
  ], 
  "10": [
   "NOTUSED", 
   "ORR", 
   "ORR", 
   "ANDD", 
   "ANDD", 
   "ORR", 
   "ORR", 
   "NOTUSED", 
   "NOTUSED", 
   "ORR", 
   "ANDD", 
   "NOTUSED", 
   "NOTUSED", 
   "NOTUSED", 
   "NOTUSED"
  ], 
  "13": [
   "ORR", 
   "ANDD", 
   "NOTUSED", 
   "NOTUSED", 
   "NOTUSED", 
   "NOTUSED", 
   "ANDD", 
   "NOTUSED", 
   "NOTUSED", 
   "ANDD", 
   "NOTUSED", 
   "NOTUSED", 
   "NOTUSED", 
   "NOTUSED", 
   "NOTUSED"
  ], 
  "12": [
   "NOTUSED", 
   "ORR", 
   "NOTUSED", 
   "ANDD", 
   "NOTUSED", 
   "ORR", 
   "ORR", 
   "ORR", 
   "ANDD", 
   "NOTUSED", 
   "NOTUSED", 
   "NOTUSED", 
   "ORR", 
   "NOTUSED", 
   "ANDD"
  ], 
  "14": [
   "ANDD", 
   "ORR", 
   "ANDD", 
   "NOTUSED", 
   "NOTUSED", 
   "NOTUSED", 
   "ANDD", 
   "NOTUSED", 
   "ORR", 
   "ANDD", 
   "NOTUSED", 
   "NOTUSED", 
   "ANDD", 
   "NOTUSED", 
   "NOTUSED"
  ], 
  "1": [
   "NOTUSED", 
   "ANDD", 
   "ANDD", 
   "ANDD", 
   "NOTUSED", 
   "NOTUSED", 
   "NOTUSED", 
   "ANDD", 
   "NOTUSED", 
   "NOTUSED", 
   "ORR", 
   "ORR", 
   "ORR", 
   "ANDD", 
   "ORR"
  ], 
  "0": [
   "NOTUSED", 
   "NOTUSED", 
   "ORR", 
   "ORR", 
   "ORR", 
   "NOTUSED", 
   "ANDD", 
   "NOTUSED", 
   "NOTUSED", 
   "ORR", 
   "NOTUSED", 
   "NOTUSED", 
   "NOTUSED", 
   "ORR", 
   "ANDD"
  ], 
  "3": [
   "ORR", 
   "ANDD", 
   "ORR", 
   "NOTUSED", 
   "ORR", 
   "ORR", 
   "NOTUSED", 
   "ANDD", 
   "ORR", 
   "NOTUSED", 
   "ANDD", 
   "ORR", 
   "ANDD", 
   "NOTUSED", 
   "NOTUSED"
  ], 
  "2": [
   "ORR", 
   "ANDD", 
   "ANDD", 
   "ORR", 
   "NOTUSED", 
   "ORR", 
   "ORR", 
   "NOTUSED", 
   "ORR", 
   "ANDD", 
   "ORR", 
   "NOTUSED", 
   "NOTUSED", 
   "NOTUSED", 
   "ANDD"
  ], 
  "5": [
   "NOTUSED", 
   "NOTUSED", 
   "ORR", 
   "ORR", 
   "ORR", 
   "ANDD", 
   "NOTUSED", 
   "ORR", 
   "NOTUSED", 
   "NOTUSED", 
   "ORR", 
   "ORR", 
   "ORR", 
   "NOTUSED", 
   "NOTUSED"
  ], 
  "4": [
   "ORR", 
   "NOTUSED", 
   "NOTUSED", 
   "ORR", 
   "NOTUSED", 
   "ORR", 
   "NOTUSED", 
   "ANDD", 
   "ORR", 
   "ANDD", 
   "ANDD", 
   "ANDD", 
   "NOTUSED", 
   "NOTUSED", 
   "NOTUSED"
  ], 
  "7": [
   "NOTUSED", 
   "ANDD", 
   "NOTUSED", 
   "ANDD", 
   "ANDD", 
   "ORR", 
   "NOTUSED", 
   "ORR", 
   "NOTUSED", 
   "NOTUSED", 
   "NOTUSED", 
   "ORR", 
   "ORR", 
   "NOTUSED", 
   "NOTUSED"
  ], 
  "6": [
   "ANDD", 
   "NOTUSED", 
   "ORR", 
   "NOTUSED", 
   "NOTUSED", 
   "NOTUSED", 
   "ORR", 
   "NOTUSED", 
   "NOTUSED", 
   "NOTUSED", 
   "ORR", 
   "ORR", 
   "ORR", 
   "ANDD", 
   "ANDD"
  ], 
  "9": [
   "ORR", 
   "NOTUSED", 
   "ANDD", 
   "NOTUSED", 
   "ANDD", 
   "NOTUSED", 
   "NOTUSED", 
   "NOTUSED", 
   "ANDD", 
   "ORR", 
   "ORR", 
   "NOTUSED", 
   "NOTUSED", 
   "ANDD", 
   "ANDD"
  ], 
  "8": [
   "NOTUSED", 
   "NOTUSED", 
   "ORR", 
   "ORR", 
   "ORR", 
   "NOTUSED", 
   "NOTUSED", 
   "NOTUSED", 
   "NOTUSED", 
   "ANDD", 
   "NOTUSED", 
   "NOTUSED", 
   "ANDD", 
   "NOTUSED", 
   "ORR"
  ]
 }
}