{
 "random_seed": 447908527, 
 "PARAMETERS": {
  "RADIUS1": 346331.622, 
  "QUADS": 1, 
  "RADIUS2": 837968.939, 
  "DIST": 49001.612, 
  "F_PTS": 2, 
  "K_PTS": 51, 
  "EPSILON": 2.405, 
  "LENGTH1": 59466.233, 
  "G_PTS": 33, 
  "Q_PTS": 42, 
  "N_PTS": 26, 
  "C_PTS": 20, 
  "AREA2": 396526.707, 
  "LENGTH2": 183974.912, 
  "B_PTS": 33, 
  "D_PTS": 43, 
  "AREA1": 983526.7, 
  "A_PTS": 7, 
  "E_PTS": 61
 }, 
 "NUMPOINTS": 68, 
 "points": [
  [
   -294253.257, 
   -471387.17
  ], 
  [
   -220048.887, 
   48418.275
  ], 
  [
   -74408.704, 
   24549.692
  ], 
  [
   492111.751, 
   231945.419
  ], 
  [
   320489.692, 
   -801545.841
  ], 
  [
   -518860.918, 
   -703785.169
  ], 
  [
   250114.91, 
   219511.082
  ], 
  [
   -254709.812, 
   -44186.237
  ], 
  [
   5932.502, 
   -59475.983
  ], 
  [
   343853.566, 
   192719.667
  ], 
  [
   -985632.939, 
   871002.274
  ], 
  [
   -504725.288, 
   -25522.824
  ], 
  [
   -100073.645, 
   830554.206
  ], 
  [
   770092.219, 
   752938.103
  ], 
  [
   921818.039, 
   -803588.893
  ], 
  [
   -127611.714, 
   -107508.858
  ], 
  [
   78401.384, 
   -661473.153
  ], 
  [
   -516835.907, 
   -356032.372
  ], 
  [
   -676450.055, 
   454690.313
  ], 
  [
   18678.525, 
   400256.617
  ], 
  [
   632353.342, 
   946699.634
  ], 
  [
   -819394.721, 
   -853169.82
  ], 
  [
   364568.409, 
   -741027.335
  ], 
  [
   410146.813, 
   -557523.725
  ], 
  [
   105879.085, 
   672447.201
  ], 
  [
   -724636.443, 
   420307.554
  ], 
  [
   497672.057, 
   910484.515
  ], 
  [
   919179.048, 
   -432333.673
  ], 
  [
   126729.657, 
   513077.232
  ], 
  [
   948853.627, 
   -123696.215
  ], 
  [
   -924018.025, 
   614.196
  ], 
  [
   832446.04, 
   -625047.218
  ], 
  [
   474159.315, 
   -110184.98
  ], 
  [
   -281348.986, 
   394516.526
  ], 
  [
   256096.121, 
   -490549.102
  ], 
  [
   948.547, 
   -823264.218
  ], 
  [
   939261.455, 
   -112394.812
  ], 
  [
   132927.063, 
   90501.751
  ], 
  [
   378211.625, 
   217748.71
  ], 
  [
   -920459.39, 
   -522865.759
  ], 
  [
   -564578.723, 
   749394.702
  ], 
  [
   -713491.069, 
   434509.45
  ], 
  [
   -997779.03, 
   -363426.978
  ], 
  [
   58968.635, 
   687034.388
  ], 
  [
   854251.067, 
   -335013.819
  ], 
  [
   -742859.375, 
   -716861.372
  ], 
  [
   38804.289, 
   -389262.849
  ], 
  [
   -891594.594, 
   -351500.628
  ], 
  [
   -32633.884, 
   -431676.948
  ], 
  [
   -170795.27, 
   580045.122
  ], 
  [
   408817.088, 
   267815.032
  ], 
  [
   411971.754, 
   555271.975
  ], 
  [
   454197.384, 
   -811588.005
  ], 
  [
   -545092.402, 
   527200.578
  ], 
  [
   188133.844, 
   -44407.349
  ], 
  [
   -140258.061, 
   479784.146
  ], 
  [
   -587993.919, 
   179946.816
  ], 
  [
   154704.603, 
   -961798.882
  ], 
  [
   -158894.464, 
   -363569.658
  ], 
  [
   -924351.23, 
   -992741.297
  ], 
  [
   -295989.545, 
   -609620.894
  ], 
  [
   930081.77, 
   -463246.108
  ], 
  [
   -905800.128, 
   -174710.144
  ], 
  [
   -701991.693, 
   77387.98
  ], 
  [
   783753.844, 
   -147045.995
  ], 
  [
   418108.783, 
   -805031.855
  ], 
  [
   -909673.783, 
   511801.526
  ], 
  [
   -6498.685, 
   742416.598
  ]
 ], 
 "PUV": [
  false, 
  false, 
  true, 
  true, 
  true, 
  false, 
  true, 
  false, 
  true, 
  true, 
  true, 
  false, 
  false, 
  false, 
  false
 ], 
 "LCM": {
  "11": [
   "ORR", 
   "NOTUSED", 
   "ANDD", 
   "ORR", 
   "ORR", 
   "NOTUSED", 
   "NOTUSED", 
   "NOTUSED", 
   "NOTUSED", 
   "NOTUSED", 
   "ANDD", 
   "NOTUSED", 
   "ANDD", 
   "ANDD", 
   "ORR"
  ], 
  "10": [
   "NOTUSED", 
   "ORR", 
   "ANDD", 
   "NOTUSED", 
   "ANDD", 
   "ORR", 
   "ANDD", 
   "NOTUSED", 
   "ANDD", 
   "ANDD", 
   "ANDD", 
   "ANDD", 
   "NOTUSED", 
   "NOTUSED", 
   "ORR"
  ], 
  "13": [
   "ORR", 
   "ANDD", 
   "ANDD", 
   "ANDD", 
   "ANDD", 
   "ANDD", 
   "ORR", 
   "NOTUSED", 
   "NOTUSED", 
   "ORR", 
   "NOTUSED", 
   "ANDD", 
   "NOTUSED", 
   "ANDD", 
   "ORR"
  ], 
  "12": [
   "ORR", 
   "NOTUSED", 
   "ORR", 
   "NOTUSED", 
   "ANDD", 
   "ORR", 
   "ORR", 
   "ANDD", 
   "ORR", 
   "NOTUSED", 
   "NOTUSED", 
   "ANDD", 
   "ORR", 
   "NOTUSED", 
   "ORR"
  ], 
  "14": [
   "ANDD", 
   "ANDD", 
   "ANDD", 
   "NOTUSED", 
   "NOTUSED", 
   "ORR", 
   "ANDD", 
   "ORR", 
   "ANDD", 
   "ANDD", 
   "ORR", 
   "ORR", 
   "ORR", 
   "ORR", 
   "ORR"
  ], 
  "1": [
   "ORR", 
   "ANDD", 
   "ORR", 
   "ANDD", 
   "ORR", 
   "ORR", 
   "ORR", 
   "NOTUSED", 
   "ANDD", 
   "NOTUSED", 
   "ORR", 
   "NOTUSED", 
   "NOTUSED", 
   "ANDD", 
   "ANDD"
  ], 
  "0": [
   "ORR", 
   "ORR", 
   "ANDD", 
   "ORR", 
   "ORR", 
   "NOTUSED", 
   "NOTUSED", 
   "NOTUSED", 
   "ANDD", 
   "ORR", 
   "NOTUSED", 
   "ORR", 
   "ORR", 
   "ORR", 
   "ANDD"
  ], 
  "3": [
   "ORR", 
   "ANDD", 
   "ANDD", 
   "ANDD", 
   "ANDD", 
   "NOTUSED", 
   "ANDD", 
   "NOTUSED", 
   "NOTUSED", 
   "NOTUSED", 
   "NOTUSED", 
   "ORR", 
   "NOTUSED", 
   "ANDD", 
   "NOTUSED"
  ], 
  "2": [
   "ANDD", 
   "ORR", 
   "ANDD", 
   "ANDD", 
   "ANDD", 
   "NOTUSED", 
   "ANDD", 
   "ORR", 
   "ORR", 
   "ORR", 
   "ANDD", 
   "ANDD", 
   "ORR", 
   "ANDD", 
   "ANDD"
  ], 
  "5": [
   "NOTUSED", 
   "ORR", 
   "NOTUSED", 
   "NOTUSED", 
   "NOTUSED", 
   "ORR", 
   "ANDD", 
   "NOTUSED", 
   "ANDD", 
   "NOTUSED", 
   "ORR", 
   "NOTUSED", 
   "ORR", 
   "ANDD", 
   "ORR"
  ], 
  "4": [
   "ORR", 
   "ORR", 
   "ANDD", 
   "ANDD", 
   "ORR", 
   "NOTUSED", 
   "ORR", 
   "ORR", 
   "ANDD", 
   "NOTUSED", 
   "ANDD", 
   "ORR", 
   "ANDD", 
   "ANDD", 
   "NOTUSED"
  ], 
  "7": [
   "NOTUSED", 
   "NOTUSED", 
   "ORR", 
   "NOTUSED", 
   "ORR", 
   "NOTUSED", 
   "ORR", 
   "ORR", 
   "ORR", 
   "ORR", 
   "NOTUSED", 
   "NOTUSED", 
   "ANDD", 
   "NOTUSED", 
   "ORR"
  ], 
  "6": [
   "NOTUSED", 
   "ORR", 
   "ANDD", 
   "ANDD", 
   "ORR", 
   "ANDD", 
   "NOTUSED", 
   "ORR", 
   "ANDD", 
   "ANDD", 
   "ANDD", 
   "NOTUSED", 
   "ORR", 
   "ORR", 
   "ANDD"
  ], 
  "9": [
   "ORR", 
   "NOTUSED", 
   "ORR", 
   "NOTUSED", 
   "NOTUSED", 
   "NOTUSED", 
   "ANDD", 
   "ORR", 
   "ANDD", 
   "NOTUSED", 
   "ANDD", 
   "NOTUSED", 
   "NOTUSED", 
   "ORR", 
   "ANDD"
  ], 
  "8": [
   "ANDD", 
   "ANDD", 
   "ORR", 
   "NOTUSED", 
   "ANDD", 
   "ANDD", 
   "ANDD", 
   "ORR", 
   "ORR", 
   "ANDD", 
   "ANDD", 
   "NOTUSED", 
   "ORR", 
   "NOTUSED", 
   "ANDD"
  ]
 }
}