{
 "random_seed": 2722789374, 
 "PARAMETERS": {
  "RADIUS1": 730576.21, 
  "QUADS": 2, 
  "RADIUS2": 817786.283, 
  "DIST": 485488.82, 
  "F_PTS": 38, 
  "K_PTS": 36, 
  "EPSILON": 0.345, 
  "LENGTH1": 428115.351, 
  "G_PTS": 32, 
  "Q_PTS": 25, 
  "N_PTS": 37, 
  "C_PTS": 23, 
  "AREA2": 264718.352, 
  "LENGTH2": 772754.067, 
  "B_PTS": 14, 
  "D_PTS": 15, 
  "AREA1": 56379.454, 
  "A_PTS": 24, 
  "E_PTS": 2
 }, 
 "NUMPOINTS": 46, 
 "points": [
  [
   618996.314, 
   -46014.654
  ], 
  [
   -500885.946, 
   577091.595
  ], 
  [
   -317560.848, 
   541609.428
  ], 
  [
   682533.499, 
   -752227.399
  ], 
  [
   915994.147, 
   186574.816
  ], 
  [
   -908201.01, 
   -475184.033
  ], 
  [
   -580190.942, 
   -433080.51
  ], 
  [
   -168216.238, 
   -227560.88
  ], 
  [
   -366184.905, 
   485837.505
  ], 
  [
   -9636.264, 
   -763624.209
  ], 
  [
   -195397.252, 
   -906772.336
  ], 
  [
   -788710.449, 
   873985.582
  ], 
  [
   -29299.39, 
   344543.032
  ], 
  [
   585709.639, 
   605131.507
  ], 
  [
   502472.142, 
   52732.465
  ], 
  [
   -13185.352, 
   668785.959
  ], 
  [
   -462265.776, 
   -314892.872
  ], 
  [
   28566.714, 
   -830161.771
  ], 
  [
   -267371.327, 
   185579.607
  ], 
  [
   -150876.513, 
   -675886.565
  ], 
  [
   -422867.867, 
   -100967.666
  ], 
  [
   -397131.639, 
   352762.971
  ], 
  [
   -94623.368, 
   214942.44
  ], 
  [
   460489.152, 
   -5526.231
  ], 
  [
   500479.537, 
   -648358.822
  ], 
  [
   175748.907, 
   -708474.429
  ], 
  [
   -550489.155, 
   766739.798
  ], 
  [
   -608255.313, 
   -210486.251
  ], 
  [
   -630620.647, 
   907648.686
  ], 
  [
   -379635.629, 
   -35455.111
  ], 
  [
   -973520.786, 
   -403208.965
  ], 
  [
   236725.007, 
   -988348.691
  ], 
  [
   385920.792, 
   -941239.266
  ], 
  [
   209767.27, 
   -417611.755
  ], 
  [
   -772804.77, 
   299630.513
  ], 
  [
   259126.506, 
   862703.669
  ], 
  [
   504450.362, 
   -350256.628
  ], 
  [
   -57729.174, 
   228453.708
  ], 
  [
   401328.092, 
   216848.604
  ], 
  [
   510472.704, 
   250491.095
  ], 
  [
   276129.367, 
   673300.34
  ], 
  [
   385102.946, 
   956715.245
  ], 
  [
   438778.2, 
   145060.853
  ], 
  [
   502265.234, 
   -843769.285
  ], 
  [
   -289830.288, 
   222508.876
  ], 
  [
   195544.549, 
   695329.791
  ]
 ], 
 "PUV": [
  true, 
  false, 
  true, 
  false, 
  false, 
  false, 
  false, 
  true, 
  false, 
  true, 
  false, 
  true, 
  false, 
  true, 
  false
 ], 
 "LCM": {
  "11": [
   "ANDD", 
   "NOTUSED", 
   "ANDD", 
   "ANDD", 
   "NOTUSED", 
   "ANDD", 
   "NOTUSED", 
   "ANDD", 
   "ORR", 
   "ORR", 
   "ANDD", 
   "ANDD", 
   "NOTUSED", 
   "ORR", 
   "ORR"
  ], 
  "10": [
   "ANDD", 
   "ANDD", 
   "NOTUSED", 
   "NOTUSED", 
   "ORR", 
   "ORR", 
   "NOTUSED", 
   "NOTUSED", 
   "ANDD", 
   "ANDD", 
   "NOTUSED", 
   "ANDD", 
   "ORR", 
   "NOTUSED", 
   "ORR"
  ], 
  "13": [
   "ANDD", 
   "ANDD", 
   "ORR", 
   "ANDD", 
   "ANDD", 
   "ORR", 
   "ANDD", 
   "ORR", 
   "NOTUSED", 
   "ANDD", 
   "NOTUSED", 
   "ORR", 
   "ANDD", 
   "NOTUSED", 
   "ORR"
  ], 
  "12": [
   "NOTUSED", 
   "ANDD", 
   "ORR", 
   "ORR", 
   "NOTUSED", 
   "NOTUSED", 
   "ANDD", 
   "NOTUSED", 
   "ANDD", 
   "ANDD", 
   "ORR", 
   "NOTUSED", 
   "ANDD", 
   "ANDD", 
   "ANDD"
  ], 
  "14": [
   "ANDD", 
   "ORR", 
   "ANDD", 
   "ORR", 
   "ORR", 
   "ORR", 
   "ORR", 
   "NOTUSED", 
   "ANDD", 
   "NOTUSED", 
   "ORR", 
   "ORR", 
   "ANDD", 
   "ORR", 
   "ORR"
  ], 
  "1": [
   "ORR", 
   "ORR", 
   "ANDD", 
   "ANDD", 
   "ORR", 
   "ANDD", 
   "ORR", 
   "ANDD", 
   "ANDD", 
   "ANDD", 
   "ANDD", 
   "NOTUSED", 
   "ANDD", 
   "ANDD", 
   "ORR"
  ], 
  "0": [
   "ORR", 
   "ORR", 
   "NOTUSED", 
   "ANDD", 
   "ANDD", 
   "ANDD", 
   "NOTUSED", 
   "ORR", 
   "ORR", 
   "ORR", 
   "ANDD", 
   "ANDD", 
   "NOTUSED", 
   "ANDD", 
   "ANDD"
  ], 
  "3": [
   "ANDD", 
   "ANDD", 
   "NOTUSED", 
   "ANDD", 
   "ANDD", 
   "ORR", 
   "ORR", 
   "ORR", 
   "ORR", 
   "ANDD", 
   "NOTUSED", 
   "ANDD", 
   "ORR", 
   "ANDD", 
   "ORR"
  ], 
  "2": [
   "NOTUSED", 
   "ANDD", 
   "ANDD", 
   "NOTUSED", 
   "NOTUSED", 
   "ORR", 
   "NOTUSED", 
   "ANDD", 
   "ANDD", 
   "ANDD", 
   "NOTUSED", 
   "ANDD", 
   "ORR", 
   "ORR", 
   "ANDD"
  ], 
  "5": [
   "ANDD", 
   "ANDD", 
   "ORR", 
   "ORR", 
   "NOTUSED", 
   "ORR", 
   "ANDD", 
   "NOTUSED", 
   "ORR", 
   "ANDD", 
   "ORR", 
   "ANDD", 
   "NOTUSED", 
   "ORR", 
   "ORR"
  ], 
  "4": [
   "ANDD", 
   "ORR", 
   "NOTUSED", 
   "ANDD", 
   "NOTUSED", 
   "NOTUSED", 
   "NOTUSED", 
   "ORR", 
   "ORR", 
   "NOTUSED", 
   "ORR", 
   "NOTUSED", 
   "NOTUSED", 
   "ANDD", 
   "ORR"
  ], 
  "7": [
   "ORR", 
   "ANDD", 
   "ANDD", 
   "ORR", 
   "ORR", 
   "NOTUSED", 
   "ANDD", 
   "ANDD", 
   "NOTUSED", 
   "ANDD", 
   "NOTUSED", 
   "ANDD", 
   "NOTUSED", 
   "ORR", 
   "NOTUSED"
  ], 
  "6": [
   "NOTUSED", 
   "ORR", 
   "NOTUSED", 
   "ORR", 
   "NOTUSED", 
   "ANDD", 
   "ANDD", 
   "ANDD", 
   "NOTUSED", 
   "ORR", 
   "NOTUSED", 
   "NOTUSED", 
   "ANDD", 
   "ANDD", 
   "ORR"
  ], 
  "9": [
   "ORR", 
   "ANDD", 
   "ANDD", 
   "ANDD", 
   "NOTUSED", 
   "ANDD", 
   "ORR", 
   "ANDD", 
   "ORR", 
   "ORR", 
   "ANDD", 
   "ORR", 
   "ANDD", 
   "ANDD", 
   "NOTUSED"
  ], 
  "8": [
   "ORR", 
   "ANDD", 
   "ANDD", 
   "ORR", 
   "ORR", 
   "ORR", 
   "NOTUSED", 
   "NOTUSED", 
   "NOTUSED", 
   "ORR", 
   "ANDD", 
   "ORR", 
   "ANDD", 
   "NOTUSED", 
   "ANDD"
  ]
 }
}