{
 "random_seed": 3136685858, 
 "PARAMETERS": {
  "RADIUS1": 745345.048, 
  "QUADS": 2, 
  "RADIUS2": 599729.532, 
  "DIST": 447904.178, 
  "F_PTS": 2, 
  "K_PTS": 6, 
  "EPSILON": 1.347, 
  "LENGTH1": 800217.776, 
  "G_PTS": 26, 
  "Q_PTS": 51, 
  "N_PTS": 10, 
  "C_PTS": 14, 
  "AREA2": 201843.479, 
  "LENGTH2": 745294.368, 
  "B_PTS": 46, 
  "D_PTS": 16, 
  "AREA1": 199654.7, 
  "A_PTS": 2, 
  "E_PTS": 9
 }, 
 "NUMPOINTS": 54, 
 "points": [
  [
   -528301.252, 
   -78962.927
  ], 
  [
   16407.05, 
   -100374.484
  ], 
  [
   -451953.713, 
   -116028.278
  ], 
  [
   91656.964, 
   -358091.815
  ], 
  [
   -785584.662, 
   -688044.043
  ], 
  [
   -433422.972, 
   -518076.892
  ], 
  [
   -863316.67, 
   -783534.353
  ], 
  [
   -653842.393, 
   521699.145
  ], 
  [
   591577.053, 
   -847990.071
  ], 
  [
   66935.184, 
   -15319.208
  ], 
  [
   815723.316, 
   -266267.998
  ], 
  [
   -156738.432, 
   833189.727
  ], 
  [
   136644.239, 
   -746432.94
  ], 
  [
   -924837.793, 
   474869.532
  ], 
  [
   204896.499, 
   696153.632
  ], 
  [
   -688100.509, 
   481772.487
  ], 
  [
   -885544.566, 
   374512.811
  ], 
  [
   -648456.203, 
   -594041.615
  ], 
  [
   -180166.031, 
   -531302.727
  ], 
  [
   597227.446, 
   -694669.81
  ], 
  [
   625176.819, 
   553834.292
  ], 
  [
   955117.627, 
   206183.768
  ], 
  [
   359874.487, 
   612153.961
  ], 
  [
   14960.849, 
   -71434.859
  ], 
  [
   21554.06, 
   -551158.513
  ], 
  [
   -645770.925, 
   416683.92
  ], 
  [
   900967.544, 
   582035.814
  ], 
  [
   321331.538, 
   -28797.992
  ], 
  [
   357099.145, 
   183407.276
  ], 
  [
   315241.072, 
   886594.854
  ], 
  [
   440171.626, 
   233331.013
  ], 
  [
   -281146.375, 
   -572797.053
  ], 
  [
   -465105.231, 
   -606253.525
  ], 
  [
   -95931.663, 
   186146.971
  ], 
  [
   -299098.504, 
   804133.779
  ], 
  [
   305924.846, 
   983075.581
  ], 
  [
   -41571.185, 
   995814.313
  ], 
  [
   -962386.736, 
   -646657.138
  ], 
  [
   -376564.722, 
   951148.903
  ], 
  [
   267195.963, 
   555062.486
  ], 
  [
   -529845.674, 
   628174.602
  ], 
  [
   800652.638, 
   168620.54
  ], 
  [
   285785.752, 
   378416.49
  ], 
  [
   639159.827, 
   247177.14
  ], 
  [
   -351624.751, 
   -464988.918
  ], 
  [
   -857212.496, 
   -722380.998
  ], 
  [
   -728925.656, 
   165139.389
  ], 
  [
   -90884.887, 
   -620538.363
  ], 
  [
   46045.056, 
   -361725.08
  ], 
  [
   406521.127, 
   225883.055
  ], 
  [
   -840102.884, 
   988023.701
  ], 
  [
   -405601.811, 
   -996216.118
  ], 
  [
   339171.851, 
   522744.365
  ], 
  [
   -132867.797, 
   -721806.07
  ]
 ], 
 "PUV": [
  false, 
  true, 
  false, 
  false, 
  true, 
  false, 
  false, 
  false, 
  true, 
  true, 
  false, 
  true, 
  false, 
  false, 
  true
 ], 
 "LCM": {
  "11": [
   "ORR", 
   "ANDD", 
   "ORR", 
   "ANDD", 
   "ANDD", 
   "NOTUSED", 
   "ANDD", 
   "ANDD", 
   "NOTUSED", 
   "NOTUSED", 
   "ORR", 
   "ORR", 
   "ORR", 
   "ORR", 
   "ORR"
  ], 
  "10": [
   "ORR", 
   "NOTUSED", 
   "ORR", 
   "NOTUSED", 
   "ANDD", 
   "ORR", 
   "NOTUSED", 
   "ANDD", 
   "ANDD", 
   "ANDD", 
   "NOTUSED", 
   "ORR", 
   "NOTUSED", 
   "ORR", 
   "ANDD"
  ], 
  "13": [
   "ORR", 
   "ANDD", 
   "ANDD", 
   "ORR", 
   "ANDD", 
   "ANDD", 
   "ORR", 
   "ANDD", 
   "ANDD", 
   "NOTUSED", 
   "ORR", 
   "ORR", 
   "ORR", 
   "ORR", 
   "NOTUSED"
  ], 
  "12": [
   "NOTUSED", 
   "ANDD", 
   "ANDD", 
   "ANDD", 
   "ORR", 
   "ANDD", 
   "NOTUSED", 
   "ORR", 
   "ANDD", 
   "NOTUSED", 
   "NOTUSED", 
   "ORR", 
   "NOTUSED", 
   "ORR", 
   "NOTUSED"
  ], 
  "14": [
   "ANDD", 
   "ORR", 
   "ORR", 
   "NOTUSED", 
   "ORR", 
   "ORR", 
   "ORR", 
   "ORR", 
   "ANDD", 
   "ANDD", 
   "ANDD", 
   "ORR", 
   "NOTUSED", 
   "NOTUSED", 
   "ORR"
  ], 
  "1": [
   "ANDD", 
   "NOTUSED", 
   "ANDD", 
   "NOTUSED", 
   "ORR", 
   "ORR", 
   "ORR", 
   "ORR", 
   "ORR", 
   "ORR", 
   "NOTUSED", 
   "ANDD", 
   "ANDD", 
   "ANDD", 
   "ORR"
  ], 
  "0": [
   "ANDD", 
   "ANDD", 
   "ORR", 
   "ANDD", 
   "NOTUSED", 
   "NOTUSED", 
   "ORR", 
   "NOTUSED", 
   "ORR", 
   "NOTUSED", 
   "ORR", 
   "ORR", 
   "NOTUSED", 
   "ORR", 
   "ANDD"
  ], 
  "3": [
   "ANDD", 
   "NOTUSED", 
   "NOTUSED", 
   "NOTUSED", 
   "NOTUSED", 
   "ANDD", 
   "ANDD", 
   "ORR", 
   "ORR", 
   "ORR", 
   "NOTUSED", 
   "ANDD", 
   "ANDD", 
   "ORR", 
   "NOTUSED"
  ], 
  "2": [
   "ORR", 
   "ANDD", 
   "NOTUSED", 
   "NOTUSED", 
   "ORR", 
   "NOTUSED", 
   "ORR", 
   "ORR", 
   "ORR", 
   "NOTUSED", 
   "ORR", 
   "ORR", 
   "ANDD", 
   "ANDD", 
   "ORR"
  ], 
  "5": [
   "NOTUSED", 
   "ORR", 
   "NOTUSED", 
   "ANDD", 
   "NOTUSED", 
   "ORR", 
   "ANDD", 
   "ORR", 
   "ORR", 
   "ORR", 
   "ORR", 
   "NOTUSED", 
   "ANDD", 
   "ANDD", 
   "ORR"
  ], 
  "4": [
   "NOTUSED", 
   "ORR", 
   "ORR", 
   "NOTUSED", 
   "ORR", 
   "NOTUSED", 
   "ANDD", 
   "NOTUSED", 
   "ORR", 
   "NOTUSED", 
   "ANDD", 
   "ANDD", 
   "ORR", 
   "ANDD", 
   "ORR"
  ], 
  "7": [
   "NOTUSED", 
   "ORR", 
   "ORR", 
   "ORR", 
   "NOTUSED", 
   "ORR", 
   "ORR", 
   "ANDD", 
   "ANDD", 
   "NOTUSED", 
   "ANDD", 
   "ANDD", 
   "ORR", 
   "ANDD", 
   "ORR"
  ], 
  "6": [
   "ORR", 
   "ORR", 
   "ORR", 
   "ANDD", 
   "ANDD", 
   "ANDD", 
   "ANDD", 
   "ORR", 
   "ANDD", 
   "ORR", 
   "NOTUSED", 
   "ANDD", 
   "NOTUSED", 
   "ORR", 
   "ORR"
  ], 
  "9": [
   "NOTUSED", 
   "ORR", 
   "NOTUSED", 
   "ORR", 
   "NOTUSED", 
   "ORR", 
   "ORR", 
   "NOTUSED", 
   "NOTUSED", 
   "NOTUSED", 
   "ANDD", 
   "NOTUSED", 
   "NOTUSED", 
   "NOTUSED", 
   "ANDD"
  ], 
  "8": [
   "ORR", 
   "ORR", 
   "ORR", 
   "ORR", 
   "ORR", 
   "ORR", 
   "ANDD", 
   "ANDD", 
   "NOTUSED", 
   "NOTUSED", 
   "ANDD", 
   "NOTUSED", 
   "ANDD", 
   "ANDD", 
   "ANDD"
  ]
 }
}