{
 "random_seed": 4034500052, 
 "PARAMETERS": {
  "RADIUS1": 35793.339, 
  "QUADS": 1, 
  "RADIUS2": 934216.234, 
  "DIST": 477588.235, 
  "F_PTS": 17, 
  "K_PTS": 1, 
  "EPSILON": 1.953, 
  "LENGTH1": 510731.116, 
  "G_PTS": 40, 
  "Q_PTS": 43, 
  "N_PTS": 56, 
  "C_PTS": 14, 
  "AREA2": 587178.43, 
  "LENGTH2": 786997.062, 
  "B_PTS": 31, 
  "D_PTS": 29, 
  "AREA1": 110466.113, 
  "A_PTS": 24, 
  "E_PTS": 19
 }, 
 "NUMPOINTS": 64, 
 "points": [
  [
   -378633.25, 
   188719.578
  ], 
  [
   722472.202, 
   -656006.136
  ], 
  [
   -299571.738, 
   -504769.381
  ], 
  [
   546066.915, 
   183334.702
  ], 
  [
   -313867.485, 
   -867195.628
  ], 
  [
   -773324.803, 
   610919.648
  ], 
  [
   -442411.053, 
   -359123.334
  ], 
  [
   -341208.679, 
   -763329.533
  ], 
  [
   -970736.859, 
   -168154.506
  ], 
  [
   -727915.18, 
   958786.521
  ], 
  [
   -567759.463, 
   711628.509
  ], 
  [
   -168336.223, 
   794088.242
  ], 
  [
   -529957.903, 
   450629.257
  ], 
  [
   237412.307, 
   206941.026
  ], 
  [
   -348673.634, 
   -977299.086
  ], 
  [
   744588.367, 
   413202.241
  ], 
  [
   853540.9, 
   -565418.05
  ], 
  [
   -22138.682, 
   -846625.368
  ], 
  [
   37251.564, 
   537114.096
  ], 
  [
   696599.427, 
   930485.328
  ], 
  [
   -432912.761, 
   -55741.909
  ], 
  [
   99052.345, 
   310138.924
  ], 
  [
   248159.074, 
   -209132.277
  ], 
  [
   426973.08, 
   174726.73
  ], 
  [
   -377432.359, 
   -598605.289
  ], 
  [
   54603.547, 
   926798.55
  ], 
  [
   -86181.663, 
   176190.969
  ], 
  [
   287285.893, 
   594723.332
  ], 
  [
   -99137.857, 
   566847.41
  ], 
  [
   -184104.227, 
   36405.299
  ], 
  [
   -103312.744, 
   761896.756
  ], 
  [
   637669.012, 
   -968257.346
  ], 
  [
   -407192.859, 
   501110.045
  ], 
  [
   300343.062, 
   694656.768
  ], 
  [
   -854385.641, 
   673142.509
  ], 
  [
   -856463.992, 
   -587647.961
  ], 
  [
   381187.025, 
   347925.982
  ], 
  [
   969229.457, 
   516952.646
  ], 
  [
   -374283.115, 
   -501863.678
  ], 
  [
   331689.009, 
   408871.079
  ], 
  [
   393836.296, 
   162523.512
  ], 
  [
   792444.749, 
   603912.284
  ], 
  [
   -31522.096, 
   -615475.798
  ], 
  [
   167762.926, 
   450841.58
  ], 
  [
   480826.795, 
   897233.439
  ], 
  [
   -556226.308, 
   986085.92
  ], 
  [
   514261.013, 
   -457767.465
  ], 
  [
   -432703.322, 
   -230197.864
  ], 
  [
   -539572.965, 
   177720.951
  ], 
  [
   -861816.783, 
   -717246.93
  ], 
  [
   266942.045, 
   -151354.278
  ], 
  [
   879125.011, 
   -352167.422
  ], 
  [
   382081.923, 
   -247892.001
  ], 
  [
   -796436.654, 
   563109.199
  ], 
  [
   -254744.589, 
   647596.038
  ], 
  [
   -283030.506, 
   548824.706
  ], 
  [
   822872.475, 
   -271127.122
  ], 
  [
   703887.294, 
   322960.204
  ], 
  [
   828818.329, 
   -687331.627
  ], 
  [
   241635.639, 
   816876.719
  ], 
  [
   987213.596, 
   512293.002
  ], 
  [
   -313712.655, 
   168439.681
  ], 
  [
   -857619.082, 
   -671509.362
  ], 
  [
   72687.44, 
   489048.129
  ]
 ], 
 "PUV": [
  false, 
  true, 
  true, 
  true, 
  false, 
  false, 
  true, 
  false, 
  true, 
  true, 
  false, 
  true, 
  false, 
  true, 
  true
 ], 
 "LCM": {
  "11": [
   "NOTUSED", 
   "ANDD", 
   "ANDD", 
   "ANDD", 
   "ANDD", 
   "ORR", 
   "NOTUSED", 
   "NOTUSED", 
   "NOTUSED", 
   "NOTUSED", 
   "ORR", 
   "ORR", 
   "ANDD", 
   "ORR", 
   "ANDD"
  ], 
  "10": [
   "ORR", 
   "NOTUSED", 
   "ANDD", 
   "ORR", 
   "NOTUSED", 
   "NOTUSED", 
   "NOTUSED", 
   "NOTUSED", 
   "NOTUSED", 
   "NOTUSED", 
   "ANDD", 
   "ORR", 
   "NOTUSED", 
   "NOTUSED", 
   "ANDD"
  ], 
  "13": [
   "ANDD", 
   "NOTUSED", 
   "ANDD", 
   "ANDD", 
   "ANDD", 
   "NOTUSED", 
   "ORR", 
   "ANDD", 
   "ORR", 
   "ANDD", 
   "NOTUSED", 
   "ORR", 
   "ANDD", 
   "NOTUSED", 
   "ANDD"
  ], 
  "12": [
   "ANDD", 
   "NOTUSED", 
   "NOTUSED", 
   "NOTUSED", 
   "ORR", 
   "ANDD", 
   "NOTUSED", 
   "ANDD", 
   "ANDD", 
   "ANDD", 
   "NOTUSED", 
   "ANDD", 
   "ORR", 
   "ANDD", 
   "NOTUSED"
  ], 
  "14": [
   "NOTUSED", 
   "NOTUSED", 
   "ORR", 
   "ANDD", 
   "ANDD", 
   "ANDD", 
   "ORR", 
   "ANDD", 
   "NOTUSED", 
   "NOTUSED", 
   "ANDD", 
   "ANDD", 
   "NOTUSED", 
   "ANDD", 
   "ORR"
  ], 
  "1": [
   "NOTUSED", 
   "NOTUSED", 
   "NOTUSED", 
   "NOTUSED", 
   "NOTUSED", 
   "ORR", 
   "NOTUSED", 
   "NOTUSED", 
   "ORR", 
   "ORR", 
   "NOTUSED", 
   "ANDD", 
   "NOTUSED", 
   "NOTUSED", 
   "NOTUSED"
  ], 
  "0": [
   "ORR", 
   "NOTUSED", 
   "ANDD", 
   "ANDD", 
   "NOTUSED", 
   "NOTUSED", 
   "ORR", 
   "NOTUSED", 
   "ANDD", 
   "ANDD", 
   "ORR", 
   "NOTUSED", 
   "ANDD", 
   "ANDD", 
   "NOTUSED"
  ], 
  "3": [
   "ANDD", 
   "NOTUSED", 
   "ANDD", 
   "ORR", 
   "ANDD", 
   "ORR", 
   "ORR", 
   "ORR", 
   "NOTUSED", 
   "ORR", 
   "ORR", 
   "ANDD", 
   "NOTUSED", 
   "ANDD", 
   "ANDD"
  ], 
  "2": [
   "ANDD", 
   "NOTUSED", 
   "NOTUSED", 
   "ANDD", 
   "ANDD", 
   "ANDD", 
   "NOTUSED", 
   "ANDD", 
   "ANDD", 
   "ORR", 
   "ANDD", 
   "ANDD", 
   "NOTUSED", 
   "ANDD", 
   "ORR"
  ], 
  "5": [
   "NOTUSED", 
   "ORR", 
   "ANDD", 
   "ORR", 
   "ANDD", 
   "ORR", 
   "ORR", 
   "ORR", 
   "NOTUSED", 
   "ORR", 
   "NOTUSED", 
   "ORR", 
   "ANDD", 
   "NOTUSED", 
   "ANDD"
  ], 
  "4": [
   "NOTUSED", 
   "NOTUSED", 
   "ANDD", 
   "ANDD", 
   "ANDD", 
   "ANDD", 
   "NOTUSED", 
   "ORR", 
   "NOTUSED", 
   "ANDD", 
   "NOTUSED", 
   "ANDD", 
   "ORR", 
   "ANDD", 
   "ANDD"
  ], 
  "7": [
   "NOTUSED", 
   "NOTUSED", 
   "ANDD", 
   "ORR", 
   "ORR", 
   "ORR", 
   "NOTUSED", 
   "NOTUSED", 
   "ORR", 
   "NOTUSED", 
   "NOTUSED", 
   "NOTUSED", 
   "ANDD", 
   "ANDD", 
   "ANDD"
  ], 
  "6": [
   "ORR", 
   "NOTUSED", 
   "NOTUSED", 
   "ORR", 
   "NOTUSED", 
   "ORR", 
   "NOTUSED", 
   "NOTUSED", 
   "ORR", 
   "ANDD", 
   "NOTUSED", 
   "NOTUSED", 
   "NOTUSED", 
   "ORR", 
   "ORR"
  ], 
  "9": [
   "ANDD", 
   "ORR", 
   "ORR", 
   "ORR", 
   "ANDD", 
   "ORR", 
   "ANDD", 
   "NOTUSED", 
   "ORR", 
   "NOTUSED", 
   "NOTUSED", 
   "NOTUSED", 
   "ANDD", 
   "ANDD", 
   "NOTUSED"
  ], 
  "8": [
   "ANDD", 
   "ORR", 
   "ANDD", 
   "NOTUSED", 
   "NOTUSED", 
   "NOTUSED", 
   "ORR", 
   "ORR", 
   "NOTUSED", 
   "ORR", 
   "NOTUSED", 
   "NOTUSED", 
   "ANDD", 
   "ORR", 
   "NOTUSED"
  ]
 }
}