{
 "random_seed": 3569641504, 
 "PARAMETERS": {
  "RADIUS1": 600843.321, 
  "QUADS": 3, 
  "RADIUS2": 330280.48, 
  "DIST": 285533.794, 
  "F_PTS": 48, 
  "K_PTS": 1, 
  "EPSILON": 0.152, 
  "LENGTH1": 79744.989, 
  "G_PTS": 28, 
  "Q_PTS": 66, 
  "N_PTS": 8, 
  "C_PTS": 7, 
  "AREA2": 751335.308, 
  "LENGTH2": 364828.514, 
  "B_PTS": 12, 
  "D_PTS": 57, 
  "AREA1": 289165.024, 
  "A_PTS": 4, 
  "E_PTS": 19
 }, 
 "NUMPOINTS": 70, 
 "points": [
  [
   694814.666, 
   -15056.206
  ], 
  [
   -866286.156, 
   590378.579
  ], 
  [
   390408.226, 
   -336187.115
  ], 
  [
   936085.047, 
   -897950.761
  ], 
  [
   -416521.32, 
   568578.465
  ], 
  [
   -79032.694, 
   -260338.495
  ], 
  [
   -943460.564, 
   453491.655
  ], 
  [
   -294000.346, 
   -920885.134
  ], 
  [
   353572.104, 
   397901.11
  ], 
  [
   753289.748, 
   785946.659
  ], 
  [
   -253920.368, 
   -342423.019
  ], 
  [
   126942.436, 
   -835289.731
  ], 
  [
   338340.936, 
   2607.135
  ], 
  [
   154287.231, 
   571893.254
  ], 
  [
   -759466.005, 
   -203750.161
  ], 
  [
   84859.015, 
   -253404.779
  ], 
  [
   861589.977, 
   784322.762
  ], 
  [
   908286.335, 
   244314.069
  ], 
  [
   737727.557, 
   28742.105
  ], 
  [
   -861355.027, 
   946350.324
  ], 
  [
   55251.409, 
   230135.982
  ], 
  [
   808933.55, 
   -107421.556
  ], 
  [
   557857.65, 
   -282215.269
  ], 
  [
   941296.994, 
   -699837.07
  ], 
  [
   454549.78, 
   909860.743
  ], 
  [
   945612.169, 
   -370970.858
  ], 
  [
   -923210.971, 
   870030.347
  ], 
  [
   -819601.242, 
   -325704.737
  ], 
  [
   166367.35, 
   -749103.673
  ], 
  [
   -691119.966, 
   919605.715
  ], 
  [
   585746.087, 
   -768651.731
  ], 
  [
   -666034.709, 
   393369.134
  ], 
  [
   -963129.744, 
   162591.828
  ], 
  [
   -387973.488, 
   529845.115
  ], 
  [
   655385.092, 
   -524096.972
  ], 
  [
   3260.918, 
   -498040.441
  ], 
  [
   52372.61, 
   -46687.481
  ], 
  [
   814531.968, 
   503327.295
  ], 
  [
   459732.105, 
   -943213.747
  ], 
  [
   659514.799, 
   297501.822
  ], 
  [
   339297.168, 
   -397529.291
  ], 
  [
   -545870.819, 
   585315.289
  ], 
  [
   -198762.542, 
   437185.738
  ], 
  [
   -309130.126, 
   -736571.21
  ], 
  [
   500132.367, 
   892495.244
  ], 
  [
   -145097.232, 
   -681181.342
  ], 
  [
   520137.848, 
   839398.638
  ], 
  [
   -552506.74, 
   -263046.998
  ], 
  [
   68824.374, 
   401139.656
  ], 
  [
   -399417.229, 
   -585655.868
  ], 
  [
   608439.371, 
   -232080.567
  ], 
  [
   698979.714, 
   640863.283
  ], 
  [
   -259510.607, 
   1965.973
  ], 
  [
   945180.364, 
   263965.072
  ], 
  [
   532426.947, 
   735074.562
  ], 
  [
   -561635.877, 
   636001.538
  ], 
  [
   -344191.486, 
   849724.325
  ], 
  [
   271826.337, 
   -974988.053
  ], 
  [
   -920449.641, 
   -963763.271
  ], 
  [
   108190.366, 
   414001.387
  ], 
  [
   -33745.877, 
   -137498.09
  ], 
  [
   -736740.216, 
   966271.93
  ], 
  [
   540513.409, 
   -412428.047
  ], 
  [
   -788854.828, 
   -683256.791
  ], 
  [
   -974744.739, 
   -312700.347
  ], 
  [
   -357365.749, 
   340584.754
  ], 
  [
   -344191.838, 
   245479.657
  ], 
  [
   -792226.657, 
   -300934.693
  ], 
  [
   -995574.798, 
   733995.9
  ], 
  [
   -126946.595, 
   942637.136
  ]
 ], 
 "PUV": [
  true, 
  false, 
  false, 
  false, 
  false, 
  true, 
  false, 
  false, 
  true, 
  false, 
  true, 
  false, 
  true, 
  true, 
  false
 ], 
 "LCM": {
  "11": [
   "ORR", 
   "ORR", 
   "ORR", 
   "NOTUSED", 
   "ANDD", 
   "NOTUSED", 
   "NOTUSED", 
   "NOTUSED", 
   "ANDD", 
   "ORR", 
   "ORR", 
   "NOTUSED", 
   "ORR", 
   "ANDD", 
   "ANDD"
  ], 
  "10": [
   "NOTUSED", 
   "ANDD", 
   "ORR", 
   "ORR", 
   "ANDD", 
   "ANDD", 
   "ORR", 
   "ANDD", 
   "NOTUSED", 
   "ORR", 
   "NOTUSED", 
   "ORR", 
   "NOTUSED", 
   "ANDD", 
   "ORR"
  ], 
  "13": [
   "ANDD", 
   "NOTUSED", 
   "ANDD", 
   "ANDD", 
   "NOTUSED", 
   "NOTUSED", 
   "ANDD", 
   "ORR", 
   "ANDD", 
   "ORR", 
   "ANDD", 
   "ANDD", 
   "ORR", 
   "ANDD", 
   "ANDD"
  ], 
  "12": [
   "ANDD", 
   "ANDD", 
   "ORR", 
   "ANDD", 
   "ORR", 
   "ORR", 
   "ANDD", 
   "ANDD", 
   "NOTUSED", 
   "NOTUSED", 
   "NOTUSED", 
   "ORR", 
   "ANDD", 
   "ORR", 
   "NOTUSED"
  ], 
  "14": [
   "ORR", 
   "NOTUSED", 
   "ORR", 
   "NOTUSED", 
   "ORR", 
   "ORR", 
   "ORR", 
   "ANDD", 
   "ORR", 
   "ORR", 
   "ORR", 
   "ANDD", 
   "NOTUSED", 
   "ANDD", 
   "NOTUSED"
  ], 
  "1": [
   "NOTUSED", 
   "ANDD", 
   "NOTUSED", 
   "ORR", 
   "NOTUSED", 
   "ORR", 
   "ORR", 
   "NOTUSED", 
   "NOTUSED", 
   "NOTUSED", 
   "ANDD", 
   "ORR", 
   "ANDD", 
   "NOTUSED", 
   "NOTUSED"
  ], 
  "0": [
   "ORR", 
   "NOTUSED", 
   "NOTUSED", 
   "ORR", 
   "NOTUSED", 
   "ORR", 
   "ORR", 
   "NOTUSED", 
   "NOTUSED", 
   "ANDD", 
   "NOTUSED", 
   "ORR", 
   "ANDD", 
   "ANDD", 
   "ORR"
  ], 
  "3": [
   "ORR", 
   "ORR", 
   "ANDD", 
   "ORR", 
   "ORR", 
   "ORR", 
   "NOTUSED", 
   "ORR", 
   "ANDD", 
   "ORR", 
   "ORR", 
   "NOTUSED", 
   "ANDD", 
   "ANDD", 
   "NOTUSED"
  ], 
  "2": [
   "NOTUSED", 
   "NOTUSED", 
   "ORR", 
   "ANDD", 
   "ORR", 
   "ORR", 
   "ANDD", 
   "ORR", 
   "ANDD", 
   "ORR", 
   "ORR", 
   "ORR", 
   "ORR", 
   "ANDD", 
   "ORR"
  ], 
  "5": [
   "ORR", 
   "ORR", 
   "ORR", 
   "ORR", 
   "ORR", 
   "ORR", 
   "ORR", 
   "ORR", 
   "ANDD", 
   "ORR", 
   "ANDD", 
   "NOTUSED", 
   "ORR", 
   "NOTUSED", 
   "ORR"
  ], 
  "4": [
   "NOTUSED", 
   "NOTUSED", 
   "ORR", 
   "ORR", 
   "ORR", 
   "ORR", 
   "ANDD", 
   "ANDD", 
   "ANDD", 
   "ANDD", 
   "ANDD", 
   "ANDD", 
   "ORR", 
   "NOTUSED", 
   "ORR"
  ], 
  "7": [
   "NOTUSED", 
   "NOTUSED", 
   "ORR", 
   "ORR", 
   "ANDD", 
   "ORR", 
   "ANDD", 
   "NOTUSED", 
   "NOTUSED", 
   "ANDD", 
   "ANDD", 
   "NOTUSED", 
   "ANDD", 
   "ORR", 
   "ANDD"
  ], 
  "6": [
   "ORR", 
   "ORR", 
   "ANDD", 
   "NOTUSED", 
   "ANDD", 
   "ORR", 
   "ANDD", 
   "ANDD", 
   "NOTUSED", 
   "ORR", 
   "ORR", 
   "NOTUSED", 
   "ANDD", 
   "ANDD", 
   "ORR"
  ], 
  "9": [
   "ANDD", 
   "NOTUSED", 
   "ORR", 
   "ORR", 
   "ANDD", 
   "ORR", 
   "ORR", 
   "ANDD", 
   "NOTUSED", 
   "ORR", 
   "ORR", 
   "ORR", 
   "NOTUSED", 
   "ORR", 
   "ORR"
  ], 
  "8": [
   "NOTUSED", 
   "NOTUSED", 
   "ANDD", 
   "ANDD", 
   "ANDD", 
   "ANDD", 
   "NOTUSED", 
   "NOTUSED", 
   "ANDD", 
   "NOTUSED", 
   "NOTUSED", 
   "ANDD", 
   "NOTUSED", 
   "ANDD", 
   "ORR"
  ]
 }
}