{
 "random_seed": 1309154012, 
 "PARAMETERS": {
  "RADIUS1": 340382.538, 
  "QUADS": 2, 
  "RADIUS2": 184287.58, 
  "DIST": 236456.78, 
  "F_PTS": 27, 
  "K_PTS": 31, 
  "EPSILON": 0.615, 
  "LENGTH1": 724643.783, 
  "G_PTS": 4, 
  "Q_PTS": 28, 
  "N_PTS": 9, 
  "C_PTS": 3, 
  "AREA2": 429406.55, 
  "LENGTH2": 938650.343, 
  "B_PTS": 21, 
  "D_PTS": 20, 
  "AREA1": 2562.879, 
  "A_PTS": 5, 
  "E_PTS": 9
 }, 
 "NUMPOINTS": 45, 
 "points": [
  [
   -549969.928, 
   221634.899
  ], 
  [
   -950622.776, 
   -737875.99
  ], 
  [
   904521.783, 
   -718503.38
  ], 
  [
   429139.711, 
   -822095.175
  ], 
  [
   152494.32, 
   18892.222
  ], 
  [
   -735462.711, 
   633156.266
  ], 
  [
   -848523.26, 
   -517992.438
  ], 
  [
   -481366.13, 
   -766349.039
  ], 
  [
   72220.659, 
   -826402.356
  ], 
  [
   -381518.952, 
   -391795.367
  ], 
  [
   430669.732, 
   372533.803
  ], 
  [
   -552817.974, 
   -692541.794
  ], 
  [
   -170327.83, 
   291453.607
  ], 
  [
   104711.965, 
   -688407.742
  ], 
  [
   -857777.168, 
   -667436.378
  ], 
  [
   392577.246, 
   759938.871
  ], 
  [
   -316875.222, 
   -788853.066
  ], 
  [
   -792153.75, 
   -856044.041
  ], 
  [
   510582.707, 
   -943240.844
  ], 
  [
   384155.325, 
   974171.695
  ], 
  [
   227555.182, 
   -444131.86
  ], 
  [
   -591815.592, 
   -14978.583
  ], 
  [
   -812694.775, 
   -547770.267
  ], 
  [
   -951334.803, 
   -939684.351
  ], 
  [
   -138233.588, 
   805020.08
  ], 
  [
   -129133.978, 
   -264455.977
  ], 
  [
   -656668.574, 
   -836485.122
  ], 
  [
   823781.347, 
   -970873.641
  ], 
  [
   -282984.352, 
   -183572.77
  ], 
  [
   400448.646, 
   -946554.821
  ], 
  [
   229561.505, 
   812006.851
  ], 
  [
   -595329.495, 
   572054.276
  ], 
  [
   -329980.634, 
   940499.896
  ], 
  [
   -114567.657, 
   121817.056
  ], 
  [
   822655.301, 
   -769691.774
  ], 
  [
   675189.544, 
   -741939.09
  ], 
  [
   455734.272, 
   475562.885
  ], 
  [
   62119.604, 
   335682.451
  ], 
  [
   -548944.365, 
   -468512.192
  ], 
  [
   815682.496, 
   -226874.745
  ], 
  [
   523204.084, 
   -248163.752
  ], 
  [
   -182646.969, 
   670806.932
  ], 
  [
   481610.886, 
   948515.717
  ], 
  [
   -765213.677, 
   -854748.519
  ], 
  [
   454420.173, 
   334119.585
  ]
 ], 
 "PUV": [
  true, 
  true, 
  false, 
  true, 
  true, 
  true, 
  false, 
  true, 
  true, 
  true, 
  false, 
  false, 
  true, 
  true, 
  true
 ], 
 "LCM": {
  "11": [
   "NOTUSED", 
   "ANDD", 
   "ORR", 
   "NOTUSED", 
   "ANDD", 
   "ORR", 
   "NOTUSED", 
   "ORR", 
   "ORR", 
   "NOTUSED", 
   "NOTUSED", 
   "NOTUSED", 
   "ANDD", 
   "NOTUSED", 
   "NOTUSED"
  ], 
  "10": [
   "ANDD", 
   "ORR", 
   "NOTUSED", 
   "NOTUSED", 
   "NOTUSED", 
   "ANDD", 
   "ORR", 
   "ORR", 
   "ANDD", 
   "ANDD", 
   "ANDD", 
   "NOTUSED", 
   "ANDD", 
   "ORR", 
   "NOTUSED"
  ], 
  "13": [
   "ANDD", 
   "NOTUSED", 
   "ORR", 
   "ORR", 
   "ANDD", 
   "NOTUSED", 
   "ANDD", 
   "ORR", 
   "NOTUSED", 
   "ORR", 
   "ORR", 
   "NOTUSED", 
   "NOTUSED", 
   "NOTUSED", 
   "NOTUSED"
  ], 
  "12": [
   "ORR", 
   "ANDD", 
   "ORR", 
   "ORR", 
   "ORR", 
   "NOTUSED", 
   "ANDD", 
   "ORR", 
   "ANDD", 
   "ORR", 
   "ANDD", 
   "ANDD", 
   "ANDD", 
   "NOTUSED", 
   "NOTUSED"
  ], 
  "14": [
   "ANDD", 
   "NOTUSED", 
   "NOTUSED", 
   "ORR", 
   "ORR", 
   "ORR", 
   "NOTUSED", 
   "ORR", 
   "NOTUSED", 
   "ANDD", 
   "NOTUSED", 
   "NOTUSED", 
   "NOTUSED", 
   "NOTUSED", 
   "NOTUSED"
  ], 
  "1": [
   "ORR", 
   "ANDD", 
   "ANDD", 
   "ANDD", 
   "ANDD", 
   "ANDD", 
   "ANDD", 
   "NOTUSED", 
   "ORR", 
   "ANDD", 
   "ORR", 
   "ANDD", 
   "ANDD", 
   "NOTUSED", 
   "NOTUSED"
  ], 
  "0": [
   "ANDD", 
   "ORR", 
   "NOTUSED", 
   "ANDD", 
   "NOTUSED", 
   "ORR", 
   "NOTUSED", 
   "NOTUSED", 
   "ANDD", 
   "ORR", 
   "ANDD", 
   "NOTUSED", 
   "ORR", 
   "ANDD", 
   "ANDD"
  ], 
  "3": [
   "ANDD", 
   "ANDD", 
   "NOTUSED", 
   "ORR", 
   "ANDD", 
   "ANDD", 
   "ORR", 
   "ANDD", 
   "ANDD", 
   "ANDD", 
   "NOTUSED", 
   "NOTUSED", 
   "ORR", 
   "ORR", 
   "ORR"
  ], 
  "2": [
   "NOTUSED", 
   "ANDD", 
   "NOTUSED", 
   "NOTUSED", 
   "ANDD", 
   "ORR", 
   "ORR", 
   "NOTUSED", 
   "ANDD", 
   "ANDD", 
   "NOTUSED", 
   "ORR", 
   "ORR", 
   "ORR", 
   "NOTUSED"
  ], 
  "5": [
   "ORR", 
   "ANDD", 
   "ORR", 
   "ANDD", 
   "ANDD", 
   "ANDD", 
   "NOTUSED", 
   "ORR", 
   "ORR", 
   "ANDD", 
   "ANDD", 
   "ORR", 
   "NOTUSED", 
   "NOTUSED", 
   "ORR"
  ], 
  "4": [
   "NOTUSED", 
   "ANDD", 
   "ANDD", 
   "ANDD", 
   "NOTUSED", 
   "ANDD", 
   "NOTUSED", 
   "ANDD", 
   "ORR", 
   "NOTUSED", 
   "NOTUSED", 
   "ANDD", 
   "ORR", 
   "ANDD", 
   "ORR"
  ], 
  "7": [
   "NOTUSED", 
   "NOTUSED", 
   "NOTUSED", 
   "ANDD", 
   "ANDD", 
   "ORR", 
   "ANDD", 
   "NOTUSED", 
   "NOTUSED", 
   "NOTUSED", 
   "ORR", 
   "ORR", 
   "ORR", 
   "ORR", 
   "ORR"
  ], 
  "6": [
   "NOTUSED", 
   "ANDD", 
   "ORR", 
   "ORR", 
   "NOTUSED", 
   "NOTUSED", 
   "ORR", 
   "ANDD", 
   "NOTUSED", 
   "NOTUSED", 
   "ORR", 
   "NOTUSED", 
   "ANDD", 
   "ANDD", 
   "NOTUSED"
  ], 
  "9": [
   "ORR", 
   "ANDD", 
   "ANDD", 
   "ANDD", 
   "NOTUSED", 
   "ANDD", 
   "NOTUSED", 
   "NOTUSED", 
   "ANDD", 
   "ORR", 
   "ANDD", 
   "NOTUSED", 
   "ORR", 
   "ORR", 
   "ANDD"
  ], 
  "8": [
   "ANDD", 
   "ORR", 
   "ANDD", 
   "ANDD", 
   "ORR", 
   "ORR", 
   "NOTUSED", 
   "NOTUSED", 
   "NOTUSED", 
   "ANDD", 
   "ANDD", 
   "ORR", 
   "ANDD", 
   "NOTUSED", 
   "NOTUSED"
  ]
 }
}