{
 "random_seed": 3808493208, 
 "PARAMETERS": {
  "RADIUS1": 323464.366, 
  "QUADS": 1, 
  "RADIUS2": 840116.621, 
  "DIST": 138973.763, 
  "F_PTS": 1, 
  "K_PTS": 1, 
  "EPSILON": 2.077, 
  "LENGTH1": 508394.628, 
  "G_PTS": 1, 
  "Q_PTS": 13, 
  "N_PTS": 7, 
  "C_PTS": 7, 
  "AREA2": 223094.648, 
  "LENGTH2": 640549.582, 
  "B_PTS": 4, 
  "D_PTS": 3, 
  "AREA1": 657406.978, 
  "A_PTS": 2, 
  "E_PTS": 7
 }, 
 "NUMPOINTS": 14, 
 "points": [
  [
   669325.697, 
   106568.386
  ], 
  [
   -71811.087, 
   316936.646
  ], 
  [
   500437.731, 
   -398629.332
  ], 
  [
   665745.78, 
   548599.363
  ], 
  [
   73552.036, 
   268134.183
  ], 
  [
   -9206.574, 
   775713.536
  ], 
  [
   -440472.513, 
   -828825.598
  ], 
  [
   997534.503, 
   -543927.909
  ], 
  [
   -381772.456, 
   -281257.77
  ], 
  [
   -796435.504, 
   615745.063
  ], 
  [
   310180.045, 
   973955.629
  ], 
  [
   273036.047, 
   -617336.744
  ], 
  [
   620960.363, 
   790162.117
  ], 
  [
   636900.098, 
   -477866.874
  ]
 ], 
 "PUV": [
  true, 
  false, 
  true, 
  true, 
  false, 
  false, 
  true, 
  false, 
  false, 
  false, 
  true, 
  false, 
  false, 
  true, 
  true
 ], 
 "LCM": {
  "11": [
   "ORR", 
   "NOTUSED", 
   "ORR", 
   "ORR", 
   "ORR", 
   "ANDD", 
   "ANDD", 
   "ORR", 
   "ORR", 
   "ANDD", 
   "NOTUSED", 
   "ANDD", 
   "ORR", 
   "ANDD", 
   "NOTUSED"
  ], 
  "10": [
   "ORR", 
   "NOTUSED", 
   "NOTUSED", 
   "ORR", 
   "ANDD", 
   "ORR", 
   "ANDD", 
   "NOTUSED", 
   "NOTUSED", 
   "ORR", 
   "NOTUSED", 
   "NOTUSED", 
   "ANDD", 
   "ORR", 
   "NOTUSED"
  ], 
  "13": [
   "NOTUSED", 
   "NOTUSED", 
   "NOTUSED", 
   "NOTUSED", 
   "NOTUSED", 
   "ANDD", 
   "ORR", 
   "ANDD", 
   "ANDD", 
   "ANDD", 
   "ORR", 
   "ANDD", 
   "ANDD", 
   "ANDD", 
   "ANDD"
  ], 
  "12": [
   "NOTUSED", 
   "NOTUSED", 
   "ANDD", 
   "NOTUSED", 
   "ORR", 
   "ANDD", 
   "NOTUSED", 
   "NOTUSED", 
   "NOTUSED", 
   "ANDD", 
   "ANDD", 
   "ORR", 
   "ANDD", 
   "ANDD", 
   "NOTUSED"
  ], 
  "14": [
   "NOTUSED", 
   "ORR", 
   "NOTUSED", 
   "NOTUSED", 
   "ORR", 
   "NOTUSED", 
   "NOTUSED", 
   "ORR", 
   "ANDD", 
   "ANDD", 
   "NOTUSED", 
   "NOTUSED", 
   "NOTUSED", 
   "ANDD", 
   "ORR"
  ], 
  "1": [
   "NOTUSED", 
   "ORR", 
   "ORR", 
   "ANDD", 
   "ANDD", 
   "ANDD", 
   "ANDD", 
   "ANDD", 
   "ANDD", 
   "NOTUSED", 
   "NOTUSED", 
   "NOTUSED", 
   "NOTUSED", 
   "NOTUSED", 
   "ORR"
  ], 
  "0": [
   "NOTUSED", 
   "NOTUSED", 
   "ORR", 
   "NOTUSED", 
   "NOTUSED", 
   "ORR", 
   "ANDD", 
   "NOTUSED", 
   "ANDD", 
   "ANDD", 
   "ORR", 
   "ORR", 
   "NOTUSED", 
   "NOTUSED", 
   "NOTUSED"
  ], 
  "3": [
   "NOTUSED", 
   "ANDD", 
   "NOTUSED", 
   "ANDD", 
   "ANDD", 
   "ANDD", 
   "NOTUSED", 
   "ANDD", 
   "NOTUSED", 
   "ORR", 
   "ORR", 
   "ORR", 
   "NOTUSED", 
   "NOTUSED", 
   "NOTUSED"
  ], 
  "2": [
   "ORR", 
   "ORR", 
   "ANDD", 
   "NOTUSED", 
   "ANDD", 
   "NOTUSED", 
   "NOTUSED", 
   "ORR", 
   "NOTUSED", 
   "ANDD", 
   "NOTUSED", 
   "ORR", 
   "ANDD", 
   "NOTUSED", 
   "NOTUSED"
  ], 
  "5": [
   "ORR", 
   "ANDD", 
   "NOTUSED", 
   "ANDD", 
   "ANDD", 
   "NOTUSED", 
   "ORR", 
   "ORR", 
   "ANDD", 
   "ORR", 
   "ORR", 
   "ANDD", 
   "ANDD", 
   "ANDD", 
   "NOTUSED"
  ], 
  "4": [
   "NOTUSED", 
   "ANDD", 
   "ANDD", 
   "ANDD", 
   "NOTUSED", 
   "ANDD", 
   "ORR", 
   "ANDD", 
   "ORR", 
   "ANDD", 
   "ANDD", 
   "ORR", 
   "ORR", 
   "NOTUSED", 
   "ORR"
  ], 
  "7": [
   "NOTUSED", 
   "ANDD", 
   "ORR", 
   "ANDD", 
   "ANDD", 
   "ORR", 
   "ORR", 
   "ANDD", 
   "ORR", 
   "NOTUSED", 
   "NOTUSED", 
   "ORR", 
   "NOTUSED", 
   "ANDD", 
   "ORR"
  ], 
  "6": [
   "ANDD", 
   "ANDD", 
   "NOTUSED", 
   "NOTUSED", 
   "ORR", 
   "ORR", 
   "ANDD", 
   "ORR", 
   "NOTUSED", 
   "NOTUSED", 
   "ANDD", 
   "ANDD", 
   "NOTUSED", 
   "ORR", 
   "NOTUSED"
  ], 
  "9": [
   "ANDD", 
   "NOTUSED", 
   "ANDD", 
   "ORR", 
   "ANDD", 
   "ORR", 
   "NOTUSED", 
   "NOTUSED", 
   "ORR", 
   "ORR", 
   "ORR", 
   "ANDD", 
   "ANDD", 
   "ANDD", 
   "ANDD"
  ], 
  "8": [
   "ANDD", 
   "ANDD", 
   "NOTUSED", 
   "NOTUSED", 
   "ORR", 
   "ANDD", 
   "NOTUSED", 
   "ORR", 
   "NOTUSED", 
   "ORR", 
   "NOTUSED", 
   "ORR", 
   "NOTUSED", 
   "ANDD", 
   "ANDD"
  ]
 }
}