{
 "random_seed": 2964739900, 
 "PARAMETERS": {
  "RADIUS1": 775560.031, 
  "QUADS": 3, 
  "RADIUS2": 458164.824, 
  "DIST": 524844.246, 
  "F_PTS": 14, 
  "K_PTS": 18, 
  "EPSILON": 0.049, 
  "LENGTH1": 316081.487, 
  "G_PTS": 7, 
  "Q_PTS": 22, 
  "N_PTS": 25, 
  "C_PTS": 14, 
  "AREA2": 427191.944, 
  "LENGTH2": 723469.446, 
  "B_PTS": 33, 
  "D_PTS": 30, 
  "AREA1": 623118.418, 
  "A_PTS": 5, 
  "E_PTS": 20
 }, 
 "NUMPOINTS": 49, 
 "points": [
  [
   541188.044, 
   -583610.294
  ], 
  [
   -299143.119, 
   -272548.318
  ], 
  [
   741563.409, 
   109558.024
  ], 
  [
   995089.438, 
   988810.985
  ], 
  [
   -388197.617, 
   727615.428
  ], 
  [
   -878806.737, 
   -194966.63
  ], 
  [
   117996.786, 
   -525134.743
  ], 
  [
   477188.099, 
   -974546.282
  ], 
  [
   17655.365, 
   670460.936
  ], 
  [
   -310142.007, 
   343620.896
  ], 
  [
   159912.046, 
   -489035.59
  ], 
  [
   623730.831, 
   559700.823
  ], 
  [
   545527.023, 
   -264511.703
  ], 
  [
   -227383.056, 
   -703929.502
  ], 
  [
   -966998.948, 
   -530520.825
  ], 
  [
   91087.608, 
   953309.453
  ], 
  [
   502621.732, 
   947652.082
  ], 
  [
   -695367.53, 
   231147.912
  ], 
  [
   -224005.742, 
   177092.316
  ], 
  [
   823147.567, 
   635372.073
  ], 
  [
   -429731.247, 
   157612.349
  ], 
  [
   149383.476, 
   26962.825
  ], 
  [
   -772698.546, 
   -157071.777
  ], 
  [
   576044.425, 
   -990907.615
  ], 
  [
   418975.591, 
   336728.918
  ], 
  [
   291232.049, 
   186331.103
  ], 
  [
   835056.171, 
   753463.217
  ], 
  [
   -734647.344, 
   520017.584
  ], 
  [
   -349735.309, 
   -357501.524
  ], 
  [
   970327.59, 
   -529764.616
  ], 
  [
   -511028.36, 
   -314387.465
  ], 
  [
   -252806.938, 
   669093.421
  ], 
  [
   -893438.818, 
   -113099.211
  ], 
  [
   -224905.268, 
   -620152.653
  ], 
  [
   609221.733, 
   -593757.882
  ], 
  [
   -370642.767, 
   -503064.532
  ], 
  [
   543983.267, 
   -453434.832
  ], 
  [
   -481736.326, 
   -625360.635
  ], 
  [
   -211059.452, 
   -868452.901
  ], 
  [
   285628.936, 
   -714993.73
  ], 
  [
   -930580.062, 
   877848.559
  ], 
  [
   -187680.63, 
   -572670.556
  ], 
  [
   -440389.049, 
   -225294.481
  ], 
  [
   354400.638, 
   546980.42
  ], 
  [
   -417063.403, 
   -983659.34
  ], 
  [
   915958.754, 
   -177665.92
  ], 
  [
   -168651.378, 
   667874.532
  ], 
  [
   984213.27, 
   73339.217
  ], 
  [
   -457367.888, 
   251579.924
  ]
 ], 
 "PUV": [
  true, 
  false, 
  false, 
  false, 
  false, 
  true, 
  false, 
  false, 
  false, 
  false, 
  false, 
  false, 
  false, 
  false, 
  true
 ], 
 "LCM": {
  "11": [
   "ORR", 
   "ORR", 
   "ORR", 
   "ORR", 
   "ANDD", 
   "ANDD", 
   "ANDD", 
   "ORR", 
   "ANDD", 
   "ANDD", 
   "ANDD", 
   "NOTUSED", 
   "ANDD", 
   "ANDD", 
   "NOTUSED"
  ], 
  "10": [
   "ANDD", 
   "NOTUSED", 
   "ORR", 
   "ORR", 
   "ANDD", 
   "NOTUSED", 
   "NOTUSED", 
   "ANDD", 
   "ORR", 
   "ANDD", 
   "NOTUSED", 
   "ANDD", 
   "ORR", 
   "ORR", 
   "ORR"
  ], 
  "13": [
   "ORR", 
   "ORR", 
   "ANDD", 
   "NOTUSED", 
   "NOTUSED", 
   "ORR", 
   "ANDD", 
   "ORR", 
   "ANDD", 
   "ANDD", 
   "ORR", 
   "ANDD", 
   "ANDD", 
   "ORR", 
   "ANDD"
  ], 
  "12": [
   "NOTUSED", 
   "ANDD", 
   "NOTUSED", 
   "ORR", 
   "NOTUSED", 
   "ANDD", 
   "NOTUSED", 
   "ORR", 
   "ORR", 
   "NOTUSED", 
   "ORR", 
   "ANDD", 
   "ANDD", 
   "ANDD", 
   "ORR"
  ], 
  "14": [
   "NOTUSED", 
   "NOTUSED", 
   "ANDD", 
   "ORR", 
   "ANDD", 
   "NOTUSED", 
   "NOTUSED", 
   "ORR", 
   "ORR", 
   "ORR", 
   "ORR", 
   "NOTUSED", 
   "ORR", 
   "ANDD", 
   "NOTUSED"
  ], 
  "1": [
   "NOTUSED", 
   "ORR", 
   "ANDD", 
   "ANDD", 
   "NOTUSED", 
   "NOTUSED", 
   "NOTUSED", 
   "ANDD", 
   "ANDD", 
   "ANDD", 
   "NOTUSED", 
   "ORR", 
   "ANDD", 
   "ORR", 
   "NOTUSED"
  ], 
  "0": [
   "ORR", 
   "NOTUSED", 
   "NOTUSED", 
   "ORR", 
   "NOTUSED", 
   "NOTUSED", 
   "ANDD", 
   "ANDD", 
   "NOTUSED", 
   "NOTUSED", 
   "ANDD", 
   "ORR", 
   "NOTUSED", 
   "ORR", 
   "NOTUSED"
  ], 
  "3": [
   "ORR", 
   "ANDD", 
   "ORR", 
   "NOTUSED", 
   "ORR", 
   "ORR", 
   "ANDD", 
   "NOTUSED", 
   "NOTUSED", 
   "ANDD", 
   "ORR", 
   "ORR", 
   "ORR", 
   "NOTUSED", 
   "ORR"
  ], 
  "2": [
   "NOTUSED", 
   "ANDD", 
   "ORR", 
   "ORR", 
   "NOTUSED", 
   "NOTUSED", 
   "ANDD", 
   "ORR", 
   "ORR", 
   "NOTUSED", 
   "ORR", 
   "ORR", 
   "NOTUSED", 
   "ANDD", 
   "ANDD"
  ], 
  "5": [
   "NOTUSED", 
   "NOTUSED", 
   "NOTUSED", 
   "ORR", 
   "ORR", 
   "ANDD", 
   "NOTUSED", 
   "NOTUSED", 
   "ANDD", 
   "ORR", 
   "NOTUSED", 
   "ANDD", 
   "ANDD", 
   "ORR", 
   "NOTUSED"
  ], 
  "4": [
   "NOTUSED", 
   "NOTUSED", 
   "NOTUSED", 
   "ORR", 
   "ORR", 
   "ORR", 
   "NOTUSED", 
   "ORR", 
   "ANDD", 
   "NOTUSED", 
   "ANDD", 
   "ANDD", 
   "NOTUSED", 
   "NOTUSED", 
   "ANDD"
  ], 
  "7": [
   "ANDD", 
   "ANDD", 
   "ORR", 
   "NOTUSED", 
   "ORR", 
   "NOTUSED", 
   "NOTUSED", 
   "ANDD", 
   "ORR", 
   "NOTUSED", 
   "ANDD", 
   "ORR", 
   "ORR", 
   "ORR", 
   "ORR"
  ], 
  "6": [
   "ANDD", 
   "NOTUSED", 
   "ANDD", 
   "ANDD", 
   "NOTUSED", 
   "NOTUSED", 
   "ORR", 
   "NOTUSED", 
   "ORR", 
   "NOTUSED", 
   "NOTUSED", 
   "ANDD", 
   "NOTUSED", 
   "ANDD", 
   "NOTUSED"
  ], 
  "9": [
   "NOTUSED", 
   "ANDD", 
   "NOTUSED", 
   "ANDD", 
   "NOTUSED", 
   "ORR", 
   "NOTUSED", 
   "NOTUSED", 
   "ORR", 
   "NOTUSED", 
   "ANDD", 
   "ANDD", 
   "NOTUSED", 
   "ANDD", 
   "ORR"
  ], 
  "8": [
   "NOTUSED", 
   "ANDD", 
   "ORR", 
   "NOTUSED", 
   "ANDD", 
   "ANDD", 
   "ORR", 
   "ORR", 
   "ORR", 
   "ORR", 
   "ORR", 
   "ANDD", 
   "ORR", 
   "ANDD", 
   "ORR"
  ]
 }
}