{
 "random_seed": 2652768440, 
 "PARAMETERS": {
  "RADIUS1": 347500.324, 
  "QUADS": 2, 
  "RADIUS2": 471562.81, 
  "DIST": 673758.514, 
  "F_PTS": 18, 
  "K_PTS": 26, 
  "EPSILON": 2.605, 
  "LENGTH1": 116138.74, 
  "G_PTS": 27, 
  "Q_PTS": 18, 
  "N_PTS": 15, 
  "C_PTS": 3, 
  "AREA2": 455418.404, 
  "LENGTH2": 612324.124, 
  "B_PTS": 16, 
  "D_PTS": 13, 
  "AREA1": 627874.154, 
  "A_PTS": 7, 
  "E_PTS": 4
 }, 
 "NUMPOINTS": 29, 
 "points": [
  [
   931285.898, 
   -941099.28
  ], 
  [
   -221647.63, 
   782502.197
  ], 
  [
   300834.998, 
   -739619.981
  ], 
  [
   -894754.939, 
   213089.15
  ], 
  [
   -985774.169, 
   829360.998
  ], 
  [
   -337525.014, 
   -436338.265
  ], 
  [
   206239.903, 
   -263826.451
  ], 
  [
   826446.081, 
   716454.736
  ], 
  [
   803517.354, 
   722005.66
  ], 
  [
   -371272.743, 
   -800993.295
  ], 
  [
   662499.538, 
   34414.703
  ], 
  [
   -64940.281, 
   542747.108
  ], 
  [
   -116744.338, 
   784368.534
  ], 
  [
   -110043.637, 
   631100.538
  ], 
  [
   -685818.015, 
   881174.286
  ], 
  [
   977957.458, 
   500800.119
  ], 
  [
   -704091.718, 
   -735287.487
  ], 
  [
   909600.001, 
   21626.346
  ], 
  [
   -697189.169, 
   824129.401
  ], 
  [
   -497576.497, 
   253745.159
  ], 
  [
   630281.151, 
   -927462.736
  ], 
  [
   -681547.785, 
   22014.97
  ], 
  [
   220980.265, 
   356458.671
  ], 
  [
   -910034.242, 
   700845.503
  ], 
  [
   -327730.964, 
   807378.384
  ], 
  [
   571305.299, 
   879159.917
  ], 
  [
   838405.558, 
   772069.996
  ], 
  [
   -174379.139, 
   -148436.864
  ], 
  [
   -715222.872, 
   858964.707
  ]
 ], 
 "PUV": [
  true, 
  true, 
  true, 
  true, 
  false, 
  false, 
  false, 
  false, 
  false, 
  false, 
  false, 
  false, 
  true, 
  true, 
  false
 ], 
 "LCM": {
  "11": [
   "NOTUSED", 
   "NOTUSED", 
   "ORR", 
   "ANDD", 
   "ORR", 
   "NOTUSED", 
   "NOTUSED", 
   "ANDD", 
   "ORR", 
   "NOTUSED", 
   "ORR", 
   "ORR", 
   "ORR", 
   "ANDD", 
   "ORR"
  ], 
  "10": [
   "ANDD", 
   "ANDD", 
   "ANDD", 
   "ANDD", 
   "NOTUSED", 
   "ANDD", 
   "ANDD", 
   "ANDD", 
   "NOTUSED", 
   "ANDD", 
   "ANDD", 
   "ORR", 
   "ANDD", 
   "ORR", 
   "ORR"
  ], 
  "13": [
   "ORR", 
   "NOTUSED", 
   "ORR", 
   "NOTUSED", 
   "NOTUSED", 
   "ANDD", 
   "ANDD", 
   "ANDD", 
   "ANDD", 
   "NOTUSED", 
   "ORR", 
   "ANDD", 
   "ORR", 
   "ANDD", 
   "NOTUSED"
  ], 
  "12": [
   "ANDD", 
   "NOTUSED", 
   "NOTUSED", 
   "NOTUSED", 
   "ANDD", 
   "ORR", 
   "NOTUSED", 
   "NOTUSED", 
   "ORR", 
   "ANDD", 
   "ANDD", 
   "ORR", 
   "NOTUSED", 
   "ORR", 
   "ORR"
  ], 
  "14": [
   "NOTUSED", 
   "ORR", 
   "ANDD", 
   "NOTUSED", 
   "NOTUSED", 
   "NOTUSED", 
   "ORR", 
   "ORR", 
   "NOTUSED", 
   "NOTUSED", 
   "ORR", 
   "ORR", 
   "ORR", 
   "NOTUSED", 
   "NOTUSED"
  ], 
  "1": [
   "NOTUSED", 
   "NOTUSED", 
   "ORR", 
   "ORR", 
   "NOTUSED", 
   "ANDD", 
   "ANDD", 
   "ORR", 
   "ORR", 
   "NOTUSED", 
   "ANDD", 
   "NOTUSED", 
   "NOTUSED", 
   "NOTUSED", 
   "ORR"
  ], 
  "0": [
   "ANDD", 
   "NOTUSED", 
   "NOTUSED", 
   "NOTUSED", 
   "ANDD", 
   "ORR", 
   "ORR", 
   "ORR", 
   "ANDD", 
   "ANDD", 
   "ANDD", 
   "NOTUSED", 
   "ANDD", 
   "ORR", 
   "NOTUSED"
  ], 
  "3": [
   "NOTUSED", 
   "ORR", 
   "ORR", 
   "NOTUSED", 
   "NOTUSED", 
   "NOTUSED", 
   "ANDD", 
   "ORR", 
   "ORR", 
   "ORR", 
   "ANDD", 
   "ANDD", 
   "NOTUSED", 
   "NOTUSED", 
   "NOTUSED"
  ], 
  "2": [
   "NOTUSED", 
   "ORR", 
   "ORR", 
   "ORR", 
   "ORR", 
   "ORR", 
   "ORR", 
   "ANDD", 
   "ANDD", 
   "ORR", 
   "ANDD", 
   "ORR", 
   "NOTUSED", 
   "ORR", 
   "ANDD"
  ], 
  "5": [
   "ORR", 
   "ANDD", 
   "ORR", 
   "NOTUSED", 
   "NOTUSED", 
   "ANDD", 
   "ORR", 
   "ANDD", 
   "ORR", 
   "ORR", 
   "ANDD", 
   "NOTUSED", 
   "ORR", 
   "ANDD", 
   "NOTUSED"
  ], 
  "4": [
   "ANDD", 
   "NOTUSED", 
   "ORR", 
   "NOTUSED", 
   "NOTUSED", 
   "NOTUSED", 
   "ANDD", 
   "ORR", 
   "NOTUSED", 
   "NOTUSED", 
   "NOTUSED", 
   "ORR", 
   "ANDD", 
   "NOTUSED", 
   "NOTUSED"
  ], 
  "7": [
   "ORR", 
   "ORR", 
   "ANDD", 
   "ORR", 
   "ORR", 
   "ANDD", 
   "NOTUSED", 
   "ORR", 
   "ANDD", 
   "ORR", 
   "ANDD", 
   "ANDD", 
   "NOTUSED", 
   "ANDD", 
   "ORR"
  ], 
  "6": [
   "ORR", 
   "ANDD", 
   "ORR", 
   "ANDD", 
   "ANDD", 
   "ORR", 
   "ANDD", 
   "NOTUSED", 
   "ANDD", 
   "ANDD", 
   "ANDD", 
   "NOTUSED", 
   "NOTUSED", 
   "ANDD", 
   "ORR"
  ], 
  "9": [
   "ANDD", 
   "NOTUSED", 
   "ORR", 
   "ORR", 
   "NOTUSED", 
   "ORR", 
   "ANDD", 
   "ORR", 
   "ANDD", 
   "ORR", 
   "ANDD", 
   "NOTUSED", 
   "ANDD", 
   "NOTUSED", 
   "NOTUSED"
  ], 
  "8": [
   "ANDD", 
   "ORR", 
   "ANDD", 
   "ORR", 
   "NOTUSED", 
   "ORR", 
   "ANDD", 
   "ANDD", 
   "ORR", 
   "ANDD", 
   "NOTUSED", 
   "ORR", 
   "ORR", 
   "ANDD", 
   "NOTUSED"
  ]
 }
}