{
 "random_seed": 1926884346, 
 "PARAMETERS": {
  "RADIUS1": 118413.869, 
  "QUADS": 3, 
  "RADIUS2": 113967.629, 
  "DIST": 326038.653, 
  "F_PTS": 4, 
  "K_PTS": 28, 
  "EPSILON": 1.178, 
  "LENGTH1": 152875.416, 
  "G_PTS": 3, 
  "Q_PTS": 29, 
  "N_PTS": 23, 
  "C_PTS": 5, 
  "AREA2": 596750.486, 
  "LENGTH2": 980444.067, 
  "B_PTS": 6, 
  "D_PTS": 41, 
  "AREA1": 844620.096, 
  "A_PTS": 37, 
  "E_PTS": 29
 }, 
 "NUMPOINTS": 82, 
 "points": [
  [
   898441.379, 
   204812.574
  ], 
  [
   111517.908, 
   620921.263
  ], 
  [
   715038.1, 
   -921983.197
  ], 
  [
   271162.667, 
   989191.201
  ], 
  [
   520867.185, 
   -633323.265
  ], 
  [
   -639203.29, 
   -287841.405
  ], 
  [
   -219083.205, 
   447675.672
  ], 
  [
   609741.679, 
   917673.462
  ], 
  [
   461243.13, 
   -75168.026
  ], 
  [
   505063.407, 
   217634.462
  ], 
  [
   788350.086, 
   272115.998
  ], 
  [
   -541421.279, 
   -771098.421
  ], 
  [
   296040.312, 
   594883.904
  ], 
  [
   783624.251, 
   -827578.977
  ], 
  [
   154924.409, 
   -241643.503
  ], 
  [
   -879004.618, 
   -781825.99
  ], 
  [
   196605.727, 
   -94283.467
  ], 
  [
   519121.703, 
   -871470.819
  ], 
  [
   -642723.937, 
   -285682.721
  ], 
  [
   148525.709, 
   -922162.84
  ], 
  [
   -457363.245, 
   178680.818
  ], 
  [
   -168735.664, 
   887716.575
  ], 
  [
   955284.257, 
   233341.235
  ], 
  [
   -307924.442, 
   -807941.377
  ], 
  [
   207030.942, 
   -186188.972
  ], 
  [
   -330870.776, 
   603011.951
  ], 
  [
   260793.79, 
   -894866.188
  ], 
  [
   717653.624, 
   -254036.634
  ], 
  [
   -588871.756, 
   -416633.256
  ], 
  [
   -937908.705, 
   -737970.553
  ], 
  [
   -71086.086, 
   -765830.547
  ], 
  [
   -258476.884, 
   -41029.705
  ], 
  [
   -226043.1, 
   803308.622
  ], 
  [
   735379.105, 
   -186867.319
  ], 
  [
   221916.744, 
   -544172.85
  ], 
  [
   41085.387, 
   -518394.701
  ], 
  [
   -298223.341, 
   -717189.92
  ], 
  [
   31850.794, 
   -483387.295
  ], 
  [
   679194.202, 
   -719967.415
  ], 
  [
   -436995.107, 
   477969.057
  ], 
  [
   -846100.729, 
   300849.855
  ], 
  [
   -72686.396, 
   602134.141
  ], 
  [
   555152.32, 
   797080.493
  ], 
  [
   664719.227, 
   595687.685
  ], 
  [
   566032.424, 
   -563244.922
  ], 
  [
   -19565.18, 
   -330908.222
  ], 
  [
   285087.965, 
   -967592.504
  ], 
  [
   -934552.273, 
   697203.164
  ], 
  [
   -477662.239, 
   -669920.671
  ], 
  [
   271418.196, 
   -125802.796
  ], 
  [
   224962.005, 
   -459083.763
  ], 
  [
   419351.95, 
   709066.984
  ], 
  [
   741684.51, 
   -70643.549
  ], 
  [
   -318902.28, 
   -338457.412
  ], 
  [
   331285.075, 
   -144099.054
  ], 
  [
   -649704.843, 
   421067.468
  ], 
  [
   -941225.197, 
   -913575.871
  ], 
  [
   -417513.655, 
   663686.934
  ], 
  [
   981944.995, 
   -720196.676
  ], 
  [
   -614602.727, 
   189561.592
  ], 
  [
   -580973.635, 
   -277506.462
  ], 
  [
   -758526.545, 
   -86803.866
  ], 
  [
   111309.161, 
   355455.066
  ], 
  [
   -971682.734, 
   -600745.203
  ], 
  [
   768577.835, 
   -306167.163
  ], 
  [
   -428597.644, 
   401631.26
  ], 
  [
   780332.203, 
   675015.19
  ], 
  [
   293763.918, 
   396473.296
  ], 
  [
   324563.831, 
   220581.12
  ], 
  [
   -113557.103, 
   -87329.577
  ], 
  [
   -617858.105, 
   -153771.413
  ], 
  [
   -435828.703, 
   -433461.838
  ], 
  [
   -763308.81, 
   -30895.232
  ], 
  [
   -53821.352, 
   354957.146
  ], 
  [
   -239634.136, 
   637064.489
  ], 
  [
   696139.215, 
   505099.797
  ], 
  [
   955927.73, 
   -523476.275
  ], 
  [
   395481.173, 
   -689553.82
  ], 
  [
   627956.517, 
   -341119.266
  ], 
  [
   -938990.818, 
   814668.701
  ], 
  [
   376199.909, 
   -802503.962
  ], 
  [
   636666.277, 
   972174.334
  ]
 ], 
 "PUV": [
  false, 
  false, 
  true, 
  false, 
  false, 
  true, 
  true, 
  false, 
  true, 
  true, 
  true, 
  false, 
  true, 
  false, 
  true
 ], 
 "LCM": {
  "11": [
   "NOTUSED", 
   "NOTUSED", 
   "ANDD", 
   "NOTUSED", 
   "ANDD", 
   "ANDD", 
   "NOTUSED", 
   "ORR", 
   "ORR", 
   "NOTUSED", 
   "NOTUSED", 
   "ORR", 
   "NOTUSED", 
   "ANDD", 
   "ORR"
  ], 
  "10": [
   "ORR", 
   "ANDD", 
   "NOTUSED", 
   "ORR", 
   "NOTUSED", 
   "ANDD", 
   "NOTUSED", 
   "NOTUSED", 
   "NOTUSED", 
   "ANDD", 
   "NOTUSED", 
   "NOTUSED", 
   "ANDD", 
   "ORR", 
   "ORR"
  ], 
  "13": [
   "ANDD", 
   "ANDD", 
   "ORR", 
   "ANDD", 
   "ORR", 
   "NOTUSED", 
   "ORR", 
   "NOTUSED", 
   "ORR", 
   "ORR", 
   "ORR", 
   "ANDD", 
   "NOTUSED", 
   "ORR", 
   "ANDD"
  ], 
  "12": [
   "ORR", 
   "ORR", 
   "ORR", 
   "ANDD", 
   "NOTUSED", 
   "ORR", 
   "ORR", 
   "ORR", 
   "ORR", 
   "ORR", 
   "ANDD", 
   "NOTUSED", 
   "NOTUSED", 
   "NOTUSED", 
   "ORR"
  ], 
  "14": [
   "ANDD", 
   "NOTUSED", 
   "NOTUSED", 
   "ORR", 
   "ANDD", 
   "ORR", 
   "ANDD", 
   "NOTUSED", 
   "NOTUSED", 
   "ANDD", 
   "ORR", 
   "ORR", 
   "ORR", 
   "ANDD", 
   "ANDD"
  ], 
  "1": [
   "NOTUSED", 
   "NOTUSED", 
   "ANDD", 
   "NOTUSED", 
   "NOTUSED", 
   "ANDD", 
   "NOTUSED", 
   "ANDD", 
   "ANDD", 
   "NOTUSED", 
   "ANDD", 
   "NOTUSED", 
   "ORR", 
   "ANDD", 
   "NOTUSED"
  ], 
  "0": [
   "ANDD", 
   "NOTUSED", 
   "ORR", 
   "ORR", 
   "ANDD", 
   "NOTUSED", 
   "NOTUSED", 
   "NOTUSED", 
   "NOTUSED", 
   "ORR", 
   "ORR", 
   "NOTUSED", 
   "ORR", 
   "ANDD", 
   "ANDD"
  ], 
  "3": [
   "ORR", 
   "NOTUSED", 
   "ORR", 
   "ORR", 
   "ANDD", 
   "ORR", 
   "NOTUSED", 
   "ORR", 
   "NOTUSED", 
   "ORR", 
   "ORR", 
   "NOTUSED", 
   "ANDD", 
   "ANDD", 
   "ORR"
  ], 
  "2": [
   "ORR", 
   "ANDD", 
   "ORR", 
   "ORR", 
   "NOTUSED", 
   "ANDD", 
   "ORR", 
   "ORR", 
   "NOTUSED", 
   "NOTUSED", 
   "NOTUSED", 
   "ANDD", 
   "ORR", 
   "ORR", 
   "NOTUSED"
  ], 
  "5": [
   "NOTUSED", 
   "ANDD", 
   "ANDD", 
   "ORR", 
   "ANDD", 
   "ORR", 
   "ANDD", 
   "ANDD", 
   "NOTUSED", 
   "ANDD", 
   "ANDD", 
   "ANDD", 
   "ORR", 
   "NOTUSED", 
   "ORR"
  ], 
  "4": [
   "ANDD", 
   "NOTUSED", 
   "NOTUSED", 
   "ANDD", 
   "ANDD", 
   "ANDD", 
   "NOTUSED", 
   "NOTUSED", 
   "ANDD", 
   "NOTUSED", 
   "NOTUSED", 
   "ANDD", 
   "NOTUSED", 
   "ORR", 
   "ANDD"
  ], 
  "7": [
   "NOTUSED", 
   "ANDD", 
   "ORR", 
   "ORR", 
   "NOTUSED", 
   "ANDD", 
   "ORR", 
   "ANDD", 
   "ORR", 
   "ANDD", 
   "NOTUSED", 
   "ORR", 
   "ORR", 
   "NOTUSED", 
   "NOTUSED"
  ], 
  "6": [
   "NOTUSED", 
   "NOTUSED", 
   "ORR", 
   "NOTUSED", 
   "NOTUSED", 
   "ANDD", 
   "ANDD", 
   "ORR", 
   "ORR", 
   "ANDD", 
   "NOTUSED", 
   "NOTUSED", 
   "ORR", 
   "ORR", 
   "ANDD"
  ], 
  "9": [
   "ORR", 
   "NOTUSED", 
   "NOTUSED", 
   "ORR", 
   "NOTUSED", 
   "ANDD", 
   "ANDD", 
   "ANDD", 
   "ORR", 
   "ANDD", 
   "ANDD", 
   "NOTUSED", 
   "ORR", 
   "ORR", 
   "ANDD"
  ], 
  "8": [
   "NOTUSED", 
   "ANDD", 
   "NOTUSED", 
   "NOTUSED", 
   "ANDD", 
   "NOTUSED", 
   "ORR", 
   "ORR", 
   "ANDD", 
   "ORR", 
   "NOTUSED", 
   "ORR", 
   "ORR", 
   "ORR", 
   "NOTUSED"
  ]
 }
}