{
 "random_seed": 3897573376, 
 "PARAMETERS": {
  "RADIUS1": 780467.69, 
  "QUADS": 2, 
  "RADIUS2": 512084.569, 
  "DIST": 24232.963, 
  "F_PTS": 43, 
  "K_PTS": 26, 
  "EPSILON": 1.872, 
  "LENGTH1": 981072.904, 
  "G_PTS": 27, 
  "Q_PTS": 40, 
  "N_PTS": 9, 
  "C_PTS": 21, 
  "AREA2": 787852.286, 
  "LENGTH2": 920554.021, 
  "B_PTS": 45, 
  "D_PTS": 43, 
  "AREA1": 353223.282, 
  "A_PTS": 12, 
  "E_PTS": 17
 }, 
 "NUMPOINTS": 70, 
 "points": [
  [
   827519.754, 
   -915314.792
  ], 
  [
   755234.936, 
   876852.066
  ], 
  [
   -459744.369, 
   825534.311
  ], 
  [
   -841888.783, 
   -115298.943
  ], 
  [
   -137733.114, 
   124556.075
  ], 
  [
   -5420.314, 
   473687.034
  ], 
  [
   -401322.066, 
   -996044.522
  ], 
  [
   23275.627, 
   -436447.353
  ], 
  [
   137841.38, 
   -645680.456
  ], 
  [
   -318823.529, 
   589544.032
  ], 
  [
   420573.357, 
   -398268.114
  ], 
  [
   873737.984, 
   -301252.078
  ], 
  [
   -919918.292, 
   -806368.683
  ], 
  [
   -932955.847, 
   861063.919
  ], 
  [
   -189095.482, 
   -967863.991
  ], 
  [
   -438466.686, 
   365351.039
  ], 
  [
   644807.654, 
   121477.905
  ], 
  [
   -489766.156, 
   115629.767
  ], 
  [
   111751.948, 
   631763.437
  ], 
  [
   188299.597, 
   -816371.668
  ], 
  [
   -368676.498, 
   -691394.144
  ], 
  [
   196524.494, 
   -352923.272
  ], 
  [
   -160492.254, 
   -152518.02
  ], 
  [
   936545.804, 
   -216144.307
  ], 
  [
   888391.268, 
   683837.741
  ], 
  [
   -167467.208, 
   -444334.617
  ], 
  [
   465091.939, 
   -896453.886
  ], 
  [
   388726.255, 
   484366.921
  ], 
  [
   924953.947, 
   842392.041
  ], 
  [
   -124026.634, 
   289793.124
  ], 
  [
   -449672.196, 
   595716.805
  ], 
  [
   841487.476, 
   -54123.716
  ], 
  [
   733828.168, 
   -276093.616
  ], 
  [
   668362.646, 
   -827874.794
  ], 
  [
   816975.701, 
   877752.469
  ], 
  [
   -884965.552, 
   -543643.618
  ], 
  [
   -500900.397, 
   -644918.404
  ], 
  [
   544414.424, 
   -733700.111
  ], 
  [
   317683.124, 
   862337.809
  ], 
  [
   -515848.739, 
   617326.779
  ], 
  [
   -279422.107, 
   -721084.816
  ], 
  [
   -577394.258, 
   684886.904
  ], 
  [
   -473720.651, 
   961650.03
  ], 
  [
   709176.74, 
   71379.534
  ], 
  [
   427729.756, 
   406433.762
  ], 
  [
   803567.251, 
   -298831.694
  ], 
  [
   -87469.925, 
   -402851.936
  ], 
  [
   -168376.035, 
   276039.244
  ], 
  [
   83720.759, 
   -841768.681
  ], 
  [
   -708229.611, 
   -969763.869
  ], 
  [
   -390990.012, 
   742750.627
  ], 
  [
   440490.491, 
   -920026.293
  ], 
  [
   -992156.196, 
   576389.483
  ], 
  [
   -18220.435, 
   -770227.985
  ], 
  [
   -208821.663, 
   -74461.585
  ], 
  [
   -630052.834, 
   103022.688
  ], 
  [
   -575830.065, 
   -408440.964
  ], 
  [
   671651.354, 
   -501974.938
  ], 
  [
   -959437.894, 
   595968.255
  ], 
  [
   -129937.88, 
   623572.088
  ], 
  [
   890004.218, 
   261143.512
  ], 
  [
   295976.987, 
   -4122.248
  ], 
  [
   -646665.354, 
   748369.973
  ], 
  [
   -921997.773, 
   -19105.252
  ], 
  [
   -542636.957, 
   242963.885
  ], 
  [
   585562.947, 
   -323270.566
  ], 
  [
   334584.26, 
   -542386.923
  ], 
  [
   -946209.85, 
   -983439.899
  ], 
  [
   -394109.841, 
   281679.135
  ], 
  [
   -361192.634, 
   388226.615
  ]
 ], 
 "PUV": [
  false, 
  true, 
  true, 
  true, 
  true, 
  false, 
  false, 
  true, 
  false, 
  false, 
  false, 
  false, 
  true, 
  true, 
  true
 ], 
 "LCM": {
  "11": [
   "ANDD", 
   "ORR", 
   "NOTUSED", 
   "NOTUSED", 
   "ANDD", 
   "NOTUSED", 
   "ORR", 
   "ANDD", 
   "NOTUSED", 
   "ANDD", 
   "NOTUSED", 
   "NOTUSED", 
   "ANDD", 
   "ORR", 
   "ORR"
  ], 
  "10": [
   "ORR", 
   "ORR", 
   "ORR", 
   "NOTUSED", 
   "NOTUSED", 
   "NOTUSED", 
   "ORR", 
   "NOTUSED", 
   "ANDD", 
   "ANDD", 
   "NOTUSED", 
   "NOTUSED", 
   "NOTUSED", 
   "ANDD", 
   "NOTUSED"
  ], 
  "13": [
   "NOTUSED", 
   "NOTUSED", 
   "NOTUSED", 
   "NOTUSED", 
   "ORR", 
   "ORR", 
   "NOTUSED", 
   "ANDD", 
   "NOTUSED", 
   "NOTUSED", 
   "ANDD", 
   "ORR", 
   "ORR", 
   "ORR", 
   "ORR"
  ], 
  "12": [
   "ANDD", 
   "ANDD", 
   "ANDD", 
   "ANDD", 
   "ANDD", 
   "ORR", 
   "ORR", 
   "NOTUSED", 
   "NOTUSED", 
   "ORR", 
   "NOTUSED", 
   "ANDD", 
   "ANDD", 
   "ORR", 
   "ANDD"
  ], 
  "14": [
   "ANDD", 
   "ORR", 
   "ORR", 
   "ANDD", 
   "ANDD", 
   "ANDD", 
   "ANDD", 
   "ORR", 
   "ORR", 
   "ORR", 
   "NOTUSED", 
   "ORR", 
   "ANDD", 
   "ORR", 
   "ORR"
  ], 
  "1": [
   "ORR", 
   "NOTUSED", 
   "ANDD", 
   "ORR", 
   "ORR", 
   "ANDD", 
   "ANDD", 
   "ANDD", 
   "NOTUSED", 
   "ANDD", 
   "ORR", 
   "ORR", 
   "ANDD", 
   "NOTUSED", 
   "ORR"
  ], 
  "0": [
   "ORR", 
   "ORR", 
   "ANDD", 
   "NOTUSED", 
   "NOTUSED", 
   "ANDD", 
   "NOTUSED", 
   "ANDD", 
   "NOTUSED", 
   "ORR", 
   "ORR", 
   "ANDD", 
   "ANDD", 
   "NOTUSED", 
   "ANDD"
  ], 
  "3": [
   "NOTUSED", 
   "ORR", 
   "NOTUSED", 
   "ORR", 
   "ORR", 
   "ANDD", 
   "ORR", 
   "ORR", 
   "ANDD", 
   "NOTUSED", 
   "NOTUSED", 
   "NOTUSED", 
   "ANDD", 
   "NOTUSED", 
   "ANDD"
  ], 
  "2": [
   "ANDD", 
   "ANDD", 
   "NOTUSED", 
   "NOTUSED", 
   "NOTUSED", 
   "NOTUSED", 
   "ORR", 
   "ORR", 
   "NOTUSED", 
   "ORR", 
   "ORR", 
   "NOTUSED", 
   "ANDD", 
   "NOTUSED", 
   "ORR"
  ], 
  "5": [
   "ANDD", 
   "ANDD", 
   "NOTUSED", 
   "ANDD", 
   "NOTUSED", 
   "NOTUSED", 
   "NOTUSED", 
   "ANDD", 
   "ANDD", 
   "ORR", 
   "NOTUSED", 
   "NOTUSED", 
   "ORR", 
   "ORR", 
   "ANDD"
  ], 
  "4": [
   "NOTUSED", 
   "ORR", 
   "NOTUSED", 
   "ORR", 
   "ANDD", 
   "NOTUSED", 
   "ORR", 
   "ANDD", 
   "NOTUSED", 
   "ANDD", 
   "NOTUSED", 
   "ANDD", 
   "ANDD", 
   "ORR", 
   "ANDD"
  ], 
  "7": [
   "ANDD", 
   "ANDD", 
   "ORR", 
   "ORR", 
   "ANDD", 
   "ANDD", 
   "ANDD", 
   "NOTUSED", 
   "ORR", 
   "NOTUSED", 
   "NOTUSED", 
   "ANDD", 
   "NOTUSED", 
   "ANDD", 
   "ORR"
  ], 
  "6": [
   "NOTUSED", 
   "ANDD", 
   "ORR", 
   "ORR", 
   "ORR", 
   "NOTUSED", 
   "ORR", 
   "ANDD", 
   "ANDD", 
   "ANDD", 
   "ORR", 
   "ORR", 
   "ORR", 
   "NOTUSED", 
   "ANDD"
  ], 
  "9": [
   "ORR", 
   "ANDD", 
   "ORR", 
   "NOTUSED", 
   "ANDD", 
   "ORR", 
   "ANDD", 
   "NOTUSED", 
   "ANDD", 
   "ANDD", 
   "ANDD", 
   "ANDD", 
   "ORR", 
   "NOTUSED", 
   "ORR"
  ], 
  "8": [
   "NOTUSED", 
   "NOTUSED", 
   "NOTUSED", 
   "ANDD", 
   "NOTUSED", 
   "ANDD", 
   "ANDD", 
   "ORR", 
   "ANDD", 
   "ANDD", 
   "ANDD", 
   "NOTUSED", 
   "NOTUSED", 
   "NOTUSED", 
   "ORR"
  ]
 }
}