{
 "random_seed": 844295460, 
 "PARAMETERS": {
  "RADIUS1": 421331.207, 
  "QUADS": 3, 
  "RADIUS2": 767212.701, 
  "DIST": 834462.425, 
  "F_PTS": 10, 
  "K_PTS": 2, 
  "EPSILON": 1.296, 
  "LENGTH1": 47912.177, 
  "G_PTS": 24, 
  "Q_PTS": 38, 
  "N_PTS": 9, 
  "C_PTS": 21, 
  "AREA2": 584005.943, 
  "LENGTH2": 428887.811, 
  "B_PTS": 5, 
  "D_PTS": 2, 
  "AREA1": 511024.13, 
  "A_PTS": 23, 
  "E_PTS": 12
 }, 
 "NUMPOINTS": 43, 
 "points": [
  [
   634108.592, 
   -98477.484
  ], 
  [
   223386.259, 
   625319.51
  ], 
  [
   997432.96, 
   -975849.591
  ], 
  [
   -595285.14, 
   678285.981
  ], 
  [
   996745.285, 
   120989.729
  ], 
  [
   -959248.834, 
   -543575.765
  ], 
  [
   -189674.51, 
   931707.154
  ], 
  [
   607025.104, 
   557272.543
  ], 
  [
   -989342.054, 
   -662430.357
  ], 
  [
   -722742.876, 
   -936922.485
  ], 
  [
   -890164.358, 
   475499.183
  ], 
  [
   688269.478, 
   239977.546
  ], 
  [
   587747.793, 
   -334270.297
  ], 
  [
   147625.512, 
   -18643.39
  ], 
  [
   160677.561, 
   125426.402
  ], 
  [
   809345.605, 
   614948.402
  ], 
  [
   28330.464, 
   -477750.346
  ], 
  [
   -906401.264, 
   -9256.141
  ], 
  [
   127119.079, 
   175687.524
  ], 
  [
   202137.06, 
   681998.478
  ], 
  [
   282614.049, 
   560640.741
  ], 
  [
   900039.512, 
   369337.501
  ], 
  [
   -15108.401, 
   547795.821
  ], 
  [
   222643.383, 
   264730.4
  ], 
  [
   -800324.608, 
   365783.176
  ], 
  [
   507919.161, 
   215462.132
  ], 
  [
   211284.197, 
   -33786.242
  ], 
  [
   889312.65, 
   -699615.185
  ], 
  [
   -163841.794, 
   691852.033
  ], 
  [
   754781.267, 
   470559.735
  ], 
  [
   -83350.048, 
   670239.284
  ], 
  [
   -288087.644, 
   -417794.919
  ], 
  [
   852672.673, 
   390253.922
  ], 
  [
   -227622.809, 
   798227.442
  ], 
  [
   -490442.105, 
   -57546.391
  ], 
  [
   503244.2, 
   -121959.703
  ], 
  [
   515287.701, 
   434156.461
  ], 
  [
   59520.141, 
   -132585.112
  ], 
  [
   -777973.835, 
   424457.827
  ], 
  [
   -769936.645, 
   309661.018
  ], 
  [
   -715181.275, 
   -618748.625
  ], 
  [
   576158.686, 
   -367328.195
  ], 
  [
   628776.303, 
   930966.828
  ]
 ], 
 "PUV": [
  false, 
  true, 
  true, 
  false, 
  true, 
  true, 
  true, 
  false, 
  false, 
  false, 
  false, 
  false, 
  false, 
  false, 
  true
 ], 
 "LCM": {
  "11": [
   "ANDD", 
   "ORR", 
   "ORR", 
   "NOTUSED", 
   "ORR", 
   "NOTUSED", 
   "ORR", 
   "ANDD", 
   "NOTUSED", 
   "ANDD", 
   "NOTUSED", 
   "ANDD", 
   "NOTUSED", 
   "ORR", 
   "ANDD"
  ], 
  "10": [
   "ANDD", 
   "ORR", 
   "ANDD", 
   "ORR", 
   "ORR", 
   "ORR", 
   "ORR", 
   "ANDD", 
   "ANDD", 
   "NOTUSED", 
   "ANDD", 
   "NOTUSED", 
   "ORR", 
   "NOTUSED", 
   "ORR"
  ], 
  "13": [
   "NOTUSED", 
   "ANDD", 
   "NOTUSED", 
   "ANDD", 
   "ANDD", 
   "ORR", 
   "ORR", 
   "ORR", 
   "ANDD", 
   "NOTUSED", 
   "NOTUSED", 
   "ORR", 
   "NOTUSED", 
   "ANDD", 
   "ORR"
  ], 
  "12": [
   "ORR", 
   "ORR", 
   "ORR", 
   "NOTUSED", 
   "NOTUSED", 
   "ANDD", 
   "NOTUSED", 
   "ANDD", 
   "ORR", 
   "NOTUSED", 
   "ORR", 
   "NOTUSED", 
   "ORR", 
   "NOTUSED", 
   "NOTUSED"
  ], 
  "14": [
   "ORR", 
   "ORR", 
   "ORR", 
   "ANDD", 
   "NOTUSED", 
   "ORR", 
   "ANDD", 
   "ANDD", 
   "NOTUSED", 
   "NOTUSED", 
   "ORR", 
   "ANDD", 
   "NOTUSED", 
   "ORR", 
   "NOTUSED"
  ], 
  "1": [
   "ANDD", 
   "ORR", 
   "ANDD", 
   "ANDD", 
   "ANDD", 
   "ANDD", 
   "ORR", 
   "ANDD", 
   "ANDD", 
   "ANDD", 
   "ORR", 
   "ORR", 
   "ORR", 
   "ANDD", 
   "ORR"
  ], 
  "0": [
   "ANDD", 
   "ANDD", 
   "ANDD", 
   "NOTUSED", 
   "ORR", 
   "ORR", 
   "ORR", 
   "ANDD", 
   "ANDD", 
   "ORR", 
   "ANDD", 
   "ANDD", 
   "ORR", 
   "NOTUSED", 
   "ORR"
  ], 
  "3": [
   "NOTUSED", 
   "ANDD", 
   "ANDD", 
   "ORR", 
   "ORR", 
   "ANDD", 
   "ANDD", 
   "NOTUSED", 
   "ORR", 
   "ORR", 
   "ORR", 
   "NOTUSED", 
   "NOTUSED", 
   "ANDD", 
   "ANDD"
  ], 
  "2": [
   "ANDD", 
   "ANDD", 
   "ORR", 
   "ANDD", 
   "NOTUSED", 
   "ANDD", 
   "NOTUSED", 
   "NOTUSED", 
   "ANDD", 
   "ANDD", 
   "ANDD", 
   "ORR", 
   "ORR", 
   "NOTUSED", 
   "ORR"
  ], 
  "5": [
   "ORR", 
   "ANDD", 
   "ANDD", 
   "ANDD", 
   "ANDD", 
   "NOTUSED", 
   "ANDD", 
   "ANDD", 
   "NOTUSED", 
   "NOTUSED", 
   "ORR", 
   "NOTUSED", 
   "ANDD", 
   "ORR", 
   "ORR"
  ], 
  "4": [
   "ORR", 
   "ANDD", 
   "NOTUSED", 
   "ORR", 
   "ORR", 
   "ANDD", 
   "ORR", 
   "NOTUSED", 
   "ANDD", 
   "ORR", 
   "ORR", 
   "ORR", 
   "NOTUSED", 
   "ANDD", 
   "NOTUSED"
  ], 
  "7": [
   "ANDD", 
   "ANDD", 
   "NOTUSED", 
   "NOTUSED", 
   "NOTUSED", 
   "ANDD", 
   "ANDD", 
   "ORR", 
   "ANDD", 
   "NOTUSED", 
   "ANDD", 
   "ANDD", 
   "ANDD", 
   "ORR", 
   "ANDD"
  ], 
  "6": [
   "ORR", 
   "ORR", 
   "NOTUSED", 
   "ANDD", 
   "ORR", 
   "ANDD", 
   "NOTUSED", 
   "ANDD", 
   "ORR", 
   "ORR", 
   "ORR", 
   "ORR", 
   "NOTUSED", 
   "ORR", 
   "ANDD"
  ], 
  "9": [
   "ORR", 
   "ANDD", 
   "ANDD", 
   "ORR", 
   "ORR", 
   "NOTUSED", 
   "ORR", 
   "NOTUSED", 
   "NOTUSED", 
   "NOTUSED", 
   "NOTUSED", 
   "ANDD", 
   "NOTUSED", 
   "NOTUSED", 
   "NOTUSED"
  ], 
  "8": [
   "ANDD", 
   "ANDD", 
   "ANDD", 
   "ORR", 
   "ANDD", 
   "NOTUSED", 
   "ORR", 
   "ANDD", 
   "NOTUSED", 
   "NOTUSED", 
   "ANDD", 
   "NOTUSED", 
   "ORR", 
   "ANDD", 
   "NOTUSED"
  ]
 }
}