{
 "random_seed": 2012866228, 
 "PARAMETERS": {
  "RADIUS1": 662340.84, 
  "QUADS": 3, 
  "RADIUS2": 716257.103, 
  "DIST": 734893.686, 
  "F_PTS": 35, 
  "K_PTS": 4, 
  "EPSILON": 2.45, 
  "LENGTH1": 356429.246, 
  "G_PTS": 14, 
  "Q_PTS": 34, 
  "N_PTS": 20, 
  "C_PTS": 17, 
  "AREA2": 691644.601, 
  "LENGTH2": 792201.984, 
  "B_PTS": 6, 
  "D_PTS": 13, 
  "AREA1": 813530.312, 
  "A_PTS": 10, 
  "E_PTS": 10
 }, 
 "NUMPOINTS": 53, 
 "points": [
  [
   982404.722, 
   194939.661
  ], 
  [
   -664296.586, 
   291214.325
  ], 
  [
   514570.229, 
   -706545.868
  ], 
  [
   624977.357, 
   -717707.554
  ], 
  [
   -605060.659, 
   -145736.426
  ], 
  [
   -70950.676, 
   -448254.728
  ], 
  [
   -397006.091, 
   799453.47
  ], 
  [
   -934675.375, 
   762041.008
  ], 
  [
   656359.918, 
   -670978.174
  ], 
  [
   763239.886, 
   798357.544
  ], 
  [
   -851929.344, 
   -420419.456
  ], 
  [
   430427.73, 
   -861233.277
  ], 
  [
   -136672.834, 
   97686.709
  ], 
  [
   -981694.473, 
   -562162.03
  ], 
  [
   883802.163, 
   -219966.192
  ], 
  [
   -793792.092, 
   -108729.837
  ], 
  [
   -100709.399, 
   109611.605
  ], 
  [
   -867887.879, 
   -89709.863
  ], 
  [
   23809.519, 
   972791.873
  ], 
  [
   -610514.896, 
   -779076.466
  ], 
  [
   -988569.522, 
   46213.232
  ], 
  [
   369379.136, 
   5009.832
  ], 
  [
   -39765.815, 
   -286786.308
  ], 
  [
   -877470.378, 
   796536.314
  ], 
  [
   942141.081, 
   -380451.035
  ], 
  [
   -473499.823, 
   330570.838
  ], 
  [
   909979.318, 
   -108033.312
  ], 
  [
   885898.915, 
   -666079.092
  ], 
  [
   984094.575, 
   660726.355
  ], 
  [
   -336125.526, 
   936513.587
  ], 
  [
   322575.209, 
   715828.591
  ], 
  [
   -463217.676, 
   972843.337
  ], 
  [
   545913.455, 
   320617.813
  ], 
  [
   54200.923, 
   688030.093
  ], 
  [
   934440.882, 
   742033.038
  ], 
  [
   -91585.951, 
   312408.911
  ], 
  [
   583402.753, 
   -485638.089
  ], 
  [
   128398.65, 
   -355795.559
  ], 
  [
   -320034.084, 
   -490747.227
  ], 
  [
   83237.251, 
   893064.339
  ], 
  [
   -484304.929, 
   -659551.057
  ], 
  [
   -796356.096, 
   -806673.648
  ], 
  [
   -775764.609, 
   -1601.27
  ], 
  [
   -496063.75, 
   122445.705
  ], 
  [
   -903742.36, 
   351693.057
  ], 
  [
   957169.443, 
   -718845.924
  ], 
  [
   499584.51, 
   -560561.548
  ], 
  [
   -285544.405, 
   -561129.195
  ], 
  [
   472613.167, 
   -171347.661
  ], 
  [
   675124.405, 
   216844.18
  ], 
  [
   -839299.903, 
   638551.238
  ], 
  [
   732315.434, 
   466730.585
  ], 
  [
   498181.534, 
   -806143.028
  ]
 ], 
 "PUV": [
  true, 
  false, 
  false, 
  false, 
  true, 
  true, 
  true, 
  true, 
  true, 
  false, 
  true, 
  true, 
  false, 
  true, 
  true
 ], 
 "LCM": {
  "11": [
   "ORR", 
   "NOTUSED", 
   "ORR", 
   "ANDD", 
   "ORR", 
   "ANDD", 
   "NOTUSED", 
   "ANDD", 
   "ANDD", 
   "ORR", 
   "ORR", 
   "ANDD", 
   "ANDD", 
   "NOTUSED", 
   "ANDD"
  ], 
  "10": [
   "ANDD", 
   "NOTUSED", 
   "NOTUSED", 
   "ORR", 
   "ANDD", 
   "NOTUSED", 
   "NOTUSED", 
   "NOTUSED", 
   "ORR", 
   "NOTUSED", 
   "ANDD", 
   "ORR", 
   "NOTUSED", 
   "ANDD", 
   "ORR"
  ], 
  "13": [
   "ORR", 
   "NOTUSED", 
   "NOTUSED", 
   "ANDD", 
   "NOTUSED", 
   "NOTUSED", 
   "NOTUSED", 
   "ANDD", 
   "ANDD", 
   "ORR", 
   "ANDD", 
   "NOTUSED", 
   "ORR", 
   "ORR", 
   "NOTUSED"
  ], 
  "12": [
   "ANDD", 
   "NOTUSED", 
   "NOTUSED", 
   "ANDD", 
   "NOTUSED", 
   "NOTUSED", 
   "NOTUSED", 
   "ANDD", 
   "NOTUSED", 
   "ANDD", 
   "NOTUSED", 
   "ANDD", 
   "ANDD", 
   "ORR", 
   "NOTUSED"
  ], 
  "14": [
   "ORR", 
   "ANDD", 
   "ANDD", 
   "ANDD", 
   "ANDD", 
   "ANDD", 
   "ANDD", 
   "ORR", 
   "ANDD", 
   "ANDD", 
   "ORR", 
   "ANDD", 
   "NOTUSED", 
   "NOTUSED", 
   "NOTUSED"
  ], 
  "1": [
   "ANDD", 
   "ORR", 
   "ORR", 
   "ORR", 
   "ORR", 
   "ORR", 
   "NOTUSED", 
   "ANDD", 
   "ANDD", 
   "NOTUSED", 
   "NOTUSED", 
   "NOTUSED", 
   "NOTUSED", 
   "NOTUSED", 
   "ANDD"
  ], 
  "0": [
   "NOTUSED", 
   "ANDD", 
   "NOTUSED", 
   "NOTUSED", 
   "ANDD", 
   "NOTUSED", 
   "ORR", 
   "NOTUSED", 
   "ANDD", 
   "ANDD", 
   "ANDD", 
   "ORR", 
   "ANDD", 
   "ORR", 
   "ORR"
  ], 
  "3": [
   "NOTUSED", 
   "ORR", 
   "NOTUSED", 
   "ORR", 
   "ANDD", 
   "ORR", 
   "ORR", 
   "ORR", 
   "ORR", 
   "ORR", 
   "ORR", 
   "ANDD", 
   "ANDD", 
   "ANDD", 
   "ANDD"
  ], 
  "2": [
   "NOTUSED", 
   "ORR", 
   "ANDD", 
   "NOTUSED", 
   "ORR", 
   "NOTUSED", 
   "ORR", 
   "NOTUSED", 
   "NOTUSED", 
   "NOTUSED", 
   "NOTUSED", 
   "ORR", 
   "NOTUSED", 
   "NOTUSED", 
   "ANDD"
  ], 
  "5": [
   "NOTUSED", 
   "ORR", 
   "NOTUSED", 
   "ORR", 
   "NOTUSED", 
   "ORR", 
   "NOTUSED", 
   "ANDD", 
   "ANDD", 
   "NOTUSED", 
   "NOTUSED", 
   "ANDD", 
   "NOTUSED", 
   "NOTUSED", 
   "ANDD"
  ], 
  "4": [
   "ANDD", 
   "ORR", 
   "ORR", 
   "ANDD", 
   "ANDD", 
   "NOTUSED", 
   "NOTUSED", 
   "ANDD", 
   "ORR", 
   "ORR", 
   "ANDD", 
   "ORR", 
   "NOTUSED", 
   "NOTUSED", 
   "ANDD"
  ], 
  "7": [
   "NOTUSED", 
   "ANDD", 
   "NOTUSED", 
   "ORR", 
   "ANDD", 
   "ANDD", 
   "ANDD", 
   "ANDD", 
   "ORR", 
   "NOTUSED", 
   "NOTUSED", 
   "ANDD", 
   "ANDD", 
   "ANDD", 
   "ORR"
  ], 
  "6": [
   "ORR", 
   "NOTUSED", 
   "ORR", 
   "ORR", 
   "NOTUSED", 
   "NOTUSED", 
   "ANDD", 
   "ANDD", 
   "ANDD", 
   "ORR", 
   "NOTUSED", 
   "NOTUSED", 
   "NOTUSED", 
   "NOTUSED", 
   "ANDD"
  ], 
  "9": [
   "ANDD", 
   "NOTUSED", 
   "NOTUSED", 
   "ORR", 
   "ORR", 
   "NOTUSED", 
   "ORR", 
   "NOTUSED", 
   "ORR", 
   "ANDD", 
   "NOTUSED", 
   "ORR", 
   "ANDD", 
   "ORR", 
   "ANDD"
  ], 
  "8": [
   "ANDD", 
   "ANDD", 
   "NOTUSED", 
   "ORR", 
   "ORR", 
   "ANDD", 
   "ANDD", 
   "ORR", 
   "NOTUSED", 
   "ORR", 
   "ORR", 
   "ANDD", 
   "NOTUSED", 
   "ANDD", 
   "ANDD"
  ]
 }
}