{
 "random_seed": 4238333866, 
 "PARAMETERS": {
  "RADIUS1": 802785.096, 
  "QUADS": 1, 
  "RADIUS2": 447487.872, 
  "DIST": 332735.344, 
  "F_PTS": 9, 
  "K_PTS": 29, 
  "EPSILON": 0.576, 
  "LENGTH1": 150473.929, 
  "G_PTS": 15, 
  "Q_PTS": 43, 
  "N_PTS": 13, 
  "C_PTS": 30, 
  "AREA2": 325034.556, 
  "LENGTH2": 520176.774, 
  "B_PTS": 9, 
  "D_PTS": 20, 
  "AREA1": 920925.401, 
  "A_PTS": 9, 
  "E_PTS": 15
 }, 
 "NUMPOINTS": 62, 
 "points": [
  [
   165491.485, 
   326086.963
  ], 
  [
   915671.008, 
   678076.208
  ], 
  [
   -93106.873, 
   -960629.638
  ], 
  [
   626445.768, 
   -451647.822
  ], 
  [
   392876.421, 
   199736.922
  ], 
  [
   857389.668, 
   -25444.33
  ], 
  [
   67062.991, 
   -771203.947
  ], 
  [
   -205011.737, 
   482560.8
  ], 
  [
   539162.683, 
   588626.994
  ], 
  [
   -546399.427, 
   -871949.712
  ], 
  [
   -277223.073, 
   451268.453
  ], 
  [
   544561.406, 
   252390.626
  ], 
  [
   300976.344, 
   863588.838
  ], 
  [
   749491.488, 
   -424122.67
  ], 
  [
   509405.544, 
   -156310.042
  ], 
  [
   79822.982, 
   -380195.736
  ], 
  [
   -731040.942, 
   305954.963
  ], 
  [
   386551.977, 
   714044.652
  ], 
  [
   611040.827, 
   157248.865
  ], 
  [
   -990581.808, 
   -808735.679
  ], 
  [
   -825037.285, 
   -954934.929
  ], 
  [
   -558530.164, 
   -843450.855
  ], 
  [
   -89264.318, 
   249226.791
  ], 
  [
   643254.29, 
   -214860.985
  ], 
  [
   -762928.475, 
   -978792.498
  ], 
  [
   291089.494, 
   -410227.318
  ], 
  [
   109120.44, 
   9440.684
  ], 
  [
   779181.215, 
   -512114.27
  ], 
  [
   339808.717, 
   -385766.299
  ], 
  [
   -427070.161, 
   -549609.397
  ], 
  [
   851605.423, 
   -397344.424
  ], 
  [
   906083.355, 
   -171712.567
  ], 
  [
   -978588.309, 
   -362271.544
  ], 
  [
   108115.066, 
   -969825.244
  ], 
  [
   -559289.09, 
   -194282.364
  ], 
  [
   -395442.36, 
   -916735.376
  ], 
  [
   167526.06, 
   -196787.572
  ], 
  [
   508616.468, 
   -863494.082
  ], 
  [
   -661212.083, 
   -427425.975
  ], 
  [
   -656224.447, 
   -671415.188
  ], 
  [
   -619894.628, 
   -849609.97
  ], 
  [
   909762.661, 
   451636.818
  ], 
  [
   963753.642, 
   -109457.512
  ], 
  [
   -198096.383, 
   -472483.348
  ], 
  [
   303114.935, 
   638678.118
  ], 
  [
   -227267.77, 
   937610.708
  ], 
  [
   30663.401, 
   786891.765
  ], 
  [
   704009.085, 
   476067.656
  ], 
  [
   -110980.382, 
   -920679.396
  ], 
  [
   64086.074, 
   -236649.808
  ], 
  [
   -245541.059, 
   -782007.691
  ], 
  [
   126953.607, 
   229007.52
  ], 
  [
   434546.451, 
   144189.099
  ], 
  [
   -198952.328, 
   663599.007
  ], 
  [
   382923.81, 
   -620798.048
  ], 
  [
   326455.849, 
   403686.955
  ], 
  [
   -718960.525, 
   -311683.061
  ], 
  [
   -44127.915, 
   888119.479
  ], 
  [
   -13729.131, 
   446536.369
  ], 
  [
   -454468.93, 
   632777.622
  ], 
  [
   537993.349, 
   323486.785
  ], 
  [
   -821577.366, 
   -205569.929
  ]
 ], 
 "PUV": [
  true, 
  false, 
  false, 
  true, 
  true, 
  false, 
  false, 
  true, 
  false, 
  true, 
  false, 
  false, 
  true, 
  false, 
  true
 ], 
 "LCM": {
  "11": [
   "NOTUSED", 
   "ORR", 
   "ORR", 
   "ANDD", 
   "ORR", 
   "NOTUSED", 
   "NOTUSED", 
   "ORR", 
   "ORR", 
   "NOTUSED", 
   "ORR", 
   "NOTUSED", 
   "ANDD", 
   "NOTUSED", 
   "ANDD"
  ], 
  "10": [
   "ANDD", 
   "ANDD", 
   "NOTUSED", 
   "NOTUSED", 
   "NOTUSED", 
   "ANDD", 
   "ORR", 
   "NOTUSED", 
   "NOTUSED", 
   "ORR", 
   "ORR", 
   "ORR", 
   "ORR", 
   "NOTUSED", 
   "NOTUSED"
  ], 
  "13": [
   "NOTUSED", 
   "NOTUSED", 
   "ORR", 
   "ANDD", 
   "ORR", 
   "ORR", 
   "ANDD", 
   "ANDD", 
   "ANDD", 
   "ORR", 
   "NOTUSED", 
   "NOTUSED", 
   "NOTUSED", 
   "ANDD", 
   "ANDD"
  ], 
  "12": [
   "ANDD", 
   "ANDD", 
   "NOTUSED", 
   "ANDD", 
   "NOTUSED", 
   "NOTUSED", 
   "ORR", 
   "NOTUSED", 
   "ANDD", 
   "ANDD", 
   "ORR", 
   "ANDD", 
   "NOTUSED", 
   "NOTUSED", 
   "NOTUSED"
  ], 
  "14": [
   "ANDD", 
   "ORR", 
   "NOTUSED", 
   "ANDD", 
   "ORR", 
   "ORR", 
   "ORR", 
   "ORR", 
   "ANDD", 
   "NOTUSED", 
   "NOTUSED", 
   "ANDD", 
   "NOTUSED", 
   "ANDD", 
   "ORR"
  ], 
  "1": [
   "ORR", 
   "NOTUSED", 
   "NOTUSED", 
   "ANDD", 
   "ORR", 
   "ANDD", 
   "ANDD", 
   "ANDD", 
   "ANDD", 
   "ORR", 
   "ANDD", 
   "ORR", 
   "ANDD", 
   "NOTUSED", 
   "ORR"
  ], 
  "0": [
   "ANDD", 
   "ORR", 
   "ANDD", 
   "NOTUSED", 
   "ORR", 
   "ORR", 
   "ANDD", 
   "ANDD", 
   "ORR", 
   "ORR", 
   "ANDD", 
   "NOTUSED", 
   "ANDD", 
   "NOTUSED", 
   "ANDD"
  ], 
  "3": [
   "NOTUSED", 
   "ANDD", 
   "ANDD", 
   "ORR", 
   "ORR", 
   "NOTUSED", 
   "NOTUSED", 
   "NOTUSED", 
   "ANDD", 
   "ANDD", 
   "NOTUSED", 
   "ANDD", 
   "ANDD", 
   "ANDD", 
   "ANDD"
  ], 
  "2": [
   "ANDD", 
   "NOTUSED", 
   "ANDD", 
   "ANDD", 
   "NOTUSED", 
   "NOTUSED", 
   "ANDD", 
   "ANDD", 
   "ORR", 
   "ORR", 
   "NOTUSED", 
   "ORR", 
   "NOTUSED", 
   "ORR", 
   "NOTUSED"
  ], 
  "5": [
   "ORR", 
   "ANDD", 
   "NOTUSED", 
   "NOTUSED", 
   "NOTUSED", 
   "ANDD", 
   "ORR", 
   "ANDD", 
   "NOTUSED", 
   "ANDD", 
   "ANDD", 
   "NOTUSED", 
   "NOTUSED", 
   "ORR", 
   "ORR"
  ], 
  "4": [
   "ORR", 
   "ORR", 
   "NOTUSED", 
   "ORR", 
   "NOTUSED", 
   "NOTUSED", 
   "NOTUSED", 
   "NOTUSED", 
   "ORR", 
   "ORR", 
   "NOTUSED", 
   "ORR", 
   "NOTUSED", 
   "ORR", 
   "ORR"
  ], 
  "7": [
   "ANDD", 
   "ANDD", 
   "ANDD", 
   "NOTUSED", 
   "NOTUSED", 
   "ANDD", 
   "ORR", 
   "ANDD", 
   "ORR", 
   "NOTUSED", 
   "NOTUSED", 
   "ORR", 
   "NOTUSED", 
   "ANDD", 
   "ORR"
  ], 
  "6": [
   "ANDD", 
   "ANDD", 
   "ANDD", 
   "NOTUSED", 
   "NOTUSED", 
   "ORR", 
   "ORR", 
   "ORR", 
   "ANDD", 
   "ORR", 
   "ORR", 
   "NOTUSED", 
   "ORR", 
   "ANDD", 
   "ORR"
  ], 
  "9": [
   "ORR", 
   "ORR", 
   "ORR", 
   "ANDD", 
   "ORR", 
   "ANDD", 
   "ORR", 
   "NOTUSED", 
   "NOTUSED", 
   "NOTUSED", 
   "ORR", 
   "NOTUSED", 
   "ANDD", 
   "ORR", 
   "NOTUSED"
  ], 
  "8": [
   "ORR", 
   "ANDD", 
   "ORR", 
   "ANDD", 
   "ORR", 
   "NOTUSED", 
   "ANDD", 
   "ORR", 
   "ANDD", 
   "NOTUSED", 
   "NOTUSED", 
   "ORR", 
   "ANDD", 
   "ANDD", 
   "ANDD"
  ]
 }
}