{
 "random_seed": 3015702292, 
 "PARAMETERS": {
  "RADIUS1": 900126.967, 
  "QUADS": 2, 
  "RADIUS2": 144652.671, 
  "DIST": 402905.796, 
  "F_PTS": 61, 
  "K_PTS": 42, 
  "EPSILON": 0.126, 
  "LENGTH1": 131827.479, 
  "G_PTS": 51, 
  "Q_PTS": 80, 
  "N_PTS": 34, 
  "C_PTS": 4, 
  "AREA2": 277449.645, 
  "LENGTH2": 580501.759, 
  "B_PTS": 16, 
  "D_PTS": 63, 
  "AREA1": 972876.035, 
  "A_PTS": 45, 
  "E_PTS": 13
 }, 
 "NUMPOINTS": 88, 
 "points": [
  [
   283894.819, 
   11499.756
  ], 
  [
   525362.0, 
   11843.646
  ], 
  [
   -156728.456, 
   -788492.696
  ], 
  [
   72899.463, 
   -282871.612
  ], 
  [
   602309.7, 
   -561101.488
  ], 
  [
   -414196.556, 
   495344.676
  ], 
  [
   346089.411, 
   769408.154
  ], 
  [
   -59303.103, 
   744032.194
  ], 
  [
   -407404.557, 
   -973460.863
  ], 
  [
   -829789.631, 
   880979.236
  ], 
  [
   -212917.085, 
   504892.802
  ], 
  [
   602033.546, 
   -659720.109
  ], 
  [
   465127.55, 
   -65422.394
  ], 
  [
   936674.119, 
   641768.42
  ], 
  [
   609892.661, 
   942018.406
  ], 
  [
   -258438.317, 
   50375.598
  ], 
  [
   -800635.699, 
   -423341.378
  ], 
  [
   -63264.529, 
   -801446.89
  ], 
  [
   630846.283, 
   -379681.745
  ], 
  [
   -727780.776, 
   178908.088
  ], 
  [
   667340.21, 
   -871388.49
  ], 
  [
   -276443.199, 
   124523.852
  ], 
  [
   598815.451, 
   900412.074
  ], 
  [
   147026.809, 
   -657868.821
  ], 
  [
   438943.667, 
   -773350.236
  ], 
  [
   -542287.291, 
   794163.519
  ], 
  [
   -511065.206, 
   252031.668
  ], 
  [
   460033.131, 
   537672.897
  ], 
  [
   814352.576, 
   -911076.754
  ], 
  [
   -765676.103, 
   811823.222
  ], 
  [
   592771.538, 
   607280.592
  ], 
  [
   -116797.184, 
   -502963.603
  ], 
  [
   179982.773, 
   -121571.867
  ], 
  [
   -602139.22, 
   178602.76
  ], 
  [
   550043.456, 
   -14523.586
  ], 
  [
   754430.736, 
   -736337.98
  ], 
  [
   -518086.529, 
   945138.072
  ], 
  [
   -629470.5, 
   732446.189
  ], 
  [
   843535.494, 
   447712.979
  ], 
  [
   407514.867, 
   280956.92
  ], 
  [
   -64334.187, 
   936684.899
  ], 
  [
   -386284.827, 
   -582277.037
  ], 
  [
   -126655.493, 
   -776424.863
  ], 
  [
   313335.01, 
   500398.152
  ], 
  [
   -258311.844, 
   454126.287
  ], 
  [
   954570.533, 
   173541.153
  ], 
  [
   -201396.076, 
   -295124.598
  ], 
  [
   -783505.657, 
   549780.204
  ], 
  [
   -231409.959, 
   374820.928
  ], 
  [
   400123.265, 
   -823380.765
  ], 
  [
   197648.872, 
   -919394.922
  ], 
  [
   439949.725, 
   29630.691
  ], 
  [
   -899052.948, 
   -307039.295
  ], 
  [
   708907.104, 
   202444.269
  ], 
  [
   884184.975, 
   -872493.869
  ], 
  [
   -316497.035, 
   242359.711
  ], 
  [
   270624.585, 
   -889335.562
  ], 
  [
   868587.659, 
   -75466.519
  ], 
  [
   -15013.061, 
   -287407.243
  ], 
  [
   323936.657, 
   543381.352
  ], 
  [
   -90722.247, 
   28204.535
  ], 
  [
   79090.062, 
   -862994.016
  ], 
  [
   146845.944, 
   624922.343
  ], 
  [
   -989616.4, 
   175337.941
  ], 
  [
   483093.155, 
   170087.732
  ], 
  [
   766204.723, 
   406313.333
  ], 
  [
   -949225.948, 
   201541.185
  ], 
  [
   747331.265, 
   -706448.595
  ], 
  [
   452756.689, 
   -175147.993
  ], 
  [
   684849.046, 
   -57285.011
  ], 
  [
   -443403.888, 
   826843.693
  ], 
  [
   509143.783, 
   -648842.439
  ], 
  [
   -941113.258, 
   260256.331
  ], 
  [
   -172376.709, 
   -248967.112
  ], 
  [
   -626034.263, 
   -551696.684
  ], 
  [
   -307389.904, 
   410465.644
  ], 
  [
   -976209.137, 
   507040.199
  ], 
  [
   159359.991, 
   -58528.342
  ], 
  [
   348756.883, 
   41068.02
  ], 
  [
   15149.137, 
   472376.605
  ], 
  [
   -654375.082, 
   -979936.396
  ], 
  [
   -109966.623, 
   435635.74
  ], 
  [
   -904724.913, 
   771116.809
  ], 
  [
   847738.332, 
   -253930.263
  ], 
  [
   -639414.109, 
   423469.964
  ], 
  [
   -238493.436, 
   -779632.298
  ], 
  [
   655880.82, 
   650629.812
  ], 
  [
   286763.551, 
   365743.935
  ]
 ], 
 "PUV": [
  true, 
  true, 
  true, 
  false, 
  false, 
  false, 
  false, 
  true, 
  false, 
  true, 
  false, 
  true, 
  true, 
  false, 
  false
 ], 
 "LCM": {
  "11": [
   "ORR", 
   "NOTUSED", 
   "ORR", 
   "NOTUSED", 
   "ORR", 
   "NOTUSED", 
   "ORR", 
   "NOTUSED", 
   "ANDD", 
   "NOTUSED", 
   "NOTUSED", 
   "NOTUSED", 
   "ANDD", 
   "ANDD", 
   "NOTUSED"
  ], 
  "10": [
   "NOTUSED", 
   "ANDD", 
   "ANDD", 
   "ANDD", 
   "NOTUSED", 
   "ANDD", 
   "ANDD", 
   "ANDD", 
   "ORR", 
   "ORR", 
   "ORR", 
   "NOTUSED", 
   "NOTUSED", 
   "ORR", 
   "NOTUSED"
  ], 
  "13": [
   "NOTUSED", 
   "NOTUSED", 
   "NOTUSED", 
   "ORR", 
   "NOTUSED", 
   "ANDD", 
   "ANDD", 
   "ORR", 
   "ANDD", 
   "ORR", 
   "ORR", 
   "ANDD", 
   "NOTUSED", 
   "ORR", 
   "ANDD"
  ], 
  "12": [
   "ANDD", 
   "NOTUSED", 
   "NOTUSED", 
   "ANDD", 
   "ANDD", 
   "NOTUSED", 
   "ORR", 
   "ORR", 
   "NOTUSED", 
   "NOTUSED", 
   "NOTUSED", 
   "ANDD", 
   "NOTUSED", 
   "NOTUSED", 
   "ORR"
  ], 
  "14": [
   "ORR", 
   "ORR", 
   "ANDD", 
   "ANDD", 
   "ORR", 
   "ORR", 
   "NOTUSED", 
   "ORR", 
   "ANDD", 
   "NOTUSED", 
   "NOTUSED", 
   "NOTUSED", 
   "ORR", 
   "ANDD", 
   "ANDD"
  ], 
  "1": [
   "ORR", 
   "NOTUSED", 
   "ORR", 
   "ANDD", 
   "NOTUSED", 
   "NOTUSED", 
   "NOTUSED", 
   "NOTUSED", 
   "ANDD", 
   "ORR", 
   "ANDD", 
   "NOTUSED", 
   "NOTUSED", 
   "NOTUSED", 
   "ORR"
  ], 
  "0": [
   "ORR", 
   "ORR", 
   "NOTUSED", 
   "NOTUSED", 
   "ORR", 
   "NOTUSED", 
   "NOTUSED", 
   "ORR", 
   "ORR", 
   "NOTUSED", 
   "NOTUSED", 
   "ORR", 
   "ANDD", 
   "NOTUSED", 
   "ORR"
  ], 
  "3": [
   "NOTUSED", 
   "ANDD", 
   "ANDD", 
   "NOTUSED", 
   "ORR", 
   "ORR", 
   "NOTUSED", 
   "ORR", 
   "ORR", 
   "ANDD", 
   "ANDD", 
   "NOTUSED", 
   "ANDD", 
   "ORR", 
   "ANDD"
  ], 
  "2": [
   "NOTUSED", 
   "ORR", 
   "ORR", 
   "ANDD", 
   "NOTUSED", 
   "ORR", 
   "ORR", 
   "ANDD", 
   "ORR", 
   "NOTUSED", 
   "ANDD", 
   "ORR", 
   "NOTUSED", 
   "NOTUSED", 
   "ANDD"
  ], 
  "5": [
   "NOTUSED", 
   "NOTUSED", 
   "ORR", 
   "ORR", 
   "ANDD", 
   "ANDD", 
   "ORR", 
   "ANDD", 
   "ANDD", 
   "NOTUSED", 
   "ANDD", 
   "NOTUSED", 
   "NOTUSED", 
   "ANDD", 
   "ORR"
  ], 
  "4": [
   "ORR", 
   "NOTUSED", 
   "NOTUSED", 
   "ORR", 
   "ANDD", 
   "ANDD", 
   "ANDD", 
   "ORR", 
   "NOTUSED", 
   "ANDD", 
   "NOTUSED", 
   "ORR", 
   "ANDD", 
   "NOTUSED", 
   "ORR"
  ], 
  "7": [
   "ORR", 
   "NOTUSED", 
   "ANDD", 
   "ORR", 
   "ORR", 
   "ANDD", 
   "ANDD", 
   "ANDD", 
   "ANDD", 
   "NOTUSED", 
   "ANDD", 
   "NOTUSED", 
   "ORR", 
   "ORR", 
   "ORR"
  ], 
  "6": [
   "NOTUSED", 
   "NOTUSED", 
   "ORR", 
   "NOTUSED", 
   "ANDD", 
   "ORR", 
   "ORR", 
   "ANDD", 
   "ANDD", 
   "ORR", 
   "ANDD", 
   "ORR", 
   "ORR", 
   "ANDD", 
   "NOTUSED"
  ], 
  "9": [
   "NOTUSED", 
   "ORR", 
   "NOTUSED", 
   "ANDD", 
   "ANDD", 
   "NOTUSED", 
   "ORR", 
   "NOTUSED", 
   "ANDD", 
   "ANDD", 
   "ORR", 
   "NOTUSED", 
   "NOTUSED", 
   "ORR", 
   "NOTUSED"
  ], 
  "8": [
   "ORR", 
   "ANDD", 
   "ORR", 
   "ORR", 
   "NOTUSED", 
   "ANDD", 
   "ANDD", 
   "ANDD", 
   "ANDD", 
   "ANDD", 
   "ORR", 
   "ANDD", 
   "NOTUSED", 
   "ANDD", 
   "ANDD"
  ]
 }
}