{
 "random_seed": 3684397202, 
 "PARAMETERS": {
  "RADIUS1": 877258.038, 
  "QUADS": 3, 
  "RADIUS2": 288121.76, 
  "DIST": 902217.989, 
  "F_PTS": 31, 
  "K_PTS": 34, 
  "EPSILON": 1.554, 
  "LENGTH1": 849653.369, 
  "G_PTS": 13, 
  "Q_PTS": 54, 
  "N_PTS": 49, 
  "C_PTS": 50, 
  "AREA2": 506063.453, 
  "LENGTH2": 71324.226, 
  "B_PTS": 4, 
  "D_PTS": 6, 
  "AREA1": 733216.586, 
  "A_PTS": 12, 
  "E_PTS": 10
 }, 
 "NUMPOINTS": 62, 
 "points": [
  [
   -864798.084, 
   945671.822
  ], 
  [
   -127570.378, 
   497782.078
  ], 
  [
   627239.918, 
   462221.191
  ], 
  [
   -327509.224, 
   -352700.943
  ], 
  [
   129783.634, 
   783349.611
  ], 
  [
   -523235.323, 
   83981.215
  ], 
  [
   167939.284, 
   -163884.372
  ], 
  [
   -319427.241, 
   696624.235
  ], 
  [
   -801652.705, 
   498579.341
  ], 
  [
   -821604.769, 
   -517258.035
  ], 
  [
   561153.335, 
   138382.019
  ], 
  [
   -903380.697, 
   406139.267
  ], 
  [
   -139529.877, 
   -397438.073
  ], 
  [
   -172987.852, 
   497658.491
  ], 
  [
   -606113.504, 
   895736.601
  ], 
  [
   81541.174, 
   -348848.333
  ], 
  [
   -531739.885, 
   135681.665
  ], 
  [
   739102.276, 
   769882.56
  ], 
  [
   764139.07, 
   971379.277
  ], 
  [
   331009.633, 
   -626115.264
  ], 
  [
   -808531.852, 
   -273035.848
  ], 
  [
   291472.357, 
   -358176.479
  ], 
  [
   -404925.193, 
   402037.156
  ], 
  [
   516758.471, 
   824564.968
  ], 
  [
   973024.822, 
   690792.248
  ], 
  [
   -5714.347, 
   219190.169
  ], 
  [
   561783.484, 
   188831.04
  ], 
  [
   883549.839, 
   78906.919
  ], 
  [
   993291.577, 
   -736935.746
  ], 
  [
   399901.232, 
   895598.381
  ], 
  [
   734493.586, 
   -299970.449
  ], 
  [
   -320695.354, 
   -344183.001
  ], 
  [
   -569113.185, 
   125952.67
  ], 
  [
   59625.737, 
   770884.392
  ], 
  [
   719016.908, 
   -943410.49
  ], 
  [
   -464438.339, 
   -410914.455
  ], 
  [
   -570916.37, 
   153324.337
  ], 
  [
   -279846.83, 
   -676004.536
  ], 
  [
   -150377.253, 
   569138.059
  ], 
  [
   -430165.392, 
   496363.488
  ], 
  [
   -53508.535, 
   867109.855
  ], 
  [
   959755.227, 
   8304.025
  ], 
  [
   -866753.738, 
   -711033.063
  ], 
  [
   669645.441, 
   366559.882
  ], 
  [
   32900.967, 
   -119847.615
  ], 
  [
   -740644.844, 
   528351.567
  ], 
  [
   369153.419, 
   -254306.364
  ], 
  [
   669215.32, 
   -625641.093
  ], 
  [
   98786.627, 
   -514106.662
  ], 
  [
   590011.089, 
   -413865.395
  ], 
  [
   -279928.959, 
   592256.762
  ], 
  [
   -958407.399, 
   162423.868
  ], 
  [
   50068.0, 
   599825.089
  ], 
  [
   -187084.303, 
   153812.997
  ], 
  [
   874204.204, 
   -341657.96
  ], 
  [
   335612.254, 
   -740605.962
  ], 
  [
   853906.479, 
   -152849.009
  ], 
  [
   781296.687, 
   -564579.075
  ], 
  [
   52922.271, 
   320798.145
  ], 
  [
   487682.006, 
   -436580.569
  ], 
  [
   -750710.498, 
   -904450.028
  ], 
  [
   -864261.233, 
   -722745.182
  ]
 ], 
 "PUV": [
  true, 
  false, 
  true, 
  false, 
  false, 
  false, 
  false, 
  true, 
  true, 
  false, 
  false, 
  true, 
  false, 
  false, 
  false
 ], 
 "LCM": {
  "11": [
   "NOTUSED", 
   "NOTUSED", 
   "ORR", 
   "NOTUSED", 
   "ORR", 
   "NOTUSED", 
   "NOTUSED", 
   "NOTUSED", 
   "ORR", 
   "NOTUSED", 
   "ORR", 
   "ANDD", 
   "ANDD", 
   "ANDD", 
   "ORR"
  ], 
  "10": [
   "NOTUSED", 
   "ANDD", 
   "ANDD", 
   "ANDD", 
   "ANDD", 
   "ANDD", 
   "ORR", 
   "ORR", 
   "NOTUSED", 
   "ANDD", 
   "ANDD", 
   "ORR", 
   "ORR", 
   "ANDD", 
   "ORR"
  ], 
  "13": [
   "NOTUSED", 
   "NOTUSED", 
   "ANDD", 
   "ANDD", 
   "NOTUSED", 
   "ANDD", 
   "NOTUSED", 
   "ANDD", 
   "NOTUSED", 
   "ORR", 
   "ANDD", 
   "ANDD", 
   "NOTUSED", 
   "ORR", 
   "ANDD"
  ], 
  "12": [
   "NOTUSED", 
   "ANDD", 
   "NOTUSED", 
   "NOTUSED", 
   "ANDD", 
   "ANDD", 
   "ANDD", 
   "ANDD", 
   "ORR", 
   "ORR", 
   "ORR", 
   "ANDD", 
   "NOTUSED", 
   "NOTUSED", 
   "ANDD"
  ], 
  "14": [
   "ORR", 
   "NOTUSED", 
   "ORR", 
   "NOTUSED", 
   "NOTUSED", 
   "ORR", 
   "NOTUSED", 
   "ORR", 
   "NOTUSED", 
   "ORR", 
   "ORR", 
   "ORR", 
   "ANDD", 
   "ANDD", 
   "ANDD"
  ], 
  "1": [
   "ANDD", 
   "ORR", 
   "ORR", 
   "ANDD", 
   "ANDD", 
   "ANDD", 
   "NOTUSED", 
   "ANDD", 
   "ANDD", 
   "ANDD", 
   "ANDD", 
   "NOTUSED", 
   "ANDD", 
   "NOTUSED", 
   "NOTUSED"
  ], 
  "0": [
   "NOTUSED", 
   "ANDD", 
   "ORR", 
   "NOTUSED", 
   "ANDD", 
   "ANDD", 
   "ORR", 
   "ANDD", 
   "ANDD", 
   "NOTUSED", 
   "NOTUSED", 
   "NOTUSED", 
   "NOTUSED", 
   "NOTUSED", 
   "ORR"
  ], 
  "3": [
   "NOTUSED", 
   "ANDD", 
   "NOTUSED", 
   "NOTUSED", 
   "ANDD", 
   "NOTUSED", 
   "NOTUSED", 
   "ORR", 
   "ANDD", 
   "ANDD", 
   "ANDD", 
   "NOTUSED", 
   "NOTUSED", 
   "ANDD", 
   "NOTUSED"
  ], 
  "2": [
   "ORR", 
   "ORR", 
   "NOTUSED", 
   "NOTUSED", 
   "ANDD", 
   "ANDD", 
   "NOTUSED", 
   "ORR", 
   "NOTUSED", 
   "ORR", 
   "ANDD", 
   "ORR", 
   "NOTUSED", 
   "ANDD", 
   "ORR"
  ], 
  "5": [
   "ANDD", 
   "ANDD", 
   "ANDD", 
   "NOTUSED", 
   "NOTUSED", 
   "ANDD", 
   "ORR", 
   "NOTUSED", 
   "NOTUSED", 
   "NOTUSED", 
   "ANDD", 
   "NOTUSED", 
   "ANDD", 
   "ANDD", 
   "ORR"
  ], 
  "4": [
   "ANDD", 
   "ANDD", 
   "ANDD", 
   "ANDD", 
   "ANDD", 
   "NOTUSED", 
   "NOTUSED", 
   "ORR", 
   "NOTUSED", 
   "ANDD", 
   "ANDD", 
   "ORR", 
   "ANDD", 
   "NOTUSED", 
   "NOTUSED"
  ], 
  "7": [
   "ANDD", 
   "ANDD", 
   "ORR", 
   "ORR", 
   "ORR", 
   "NOTUSED", 
   "ORR", 
   "ORR", 
   "ANDD", 
   "ANDD", 
   "ORR", 
   "NOTUSED", 
   "ANDD", 
   "ANDD", 
   "ORR"
  ], 
  "6": [
   "ORR", 
   "NOTUSED", 
   "NOTUSED", 
   "NOTUSED", 
   "NOTUSED", 
   "ORR", 
   "ANDD", 
   "ORR", 
   "ANDD", 
   "ORR", 
   "ORR", 
   "NOTUSED", 
   "ANDD", 
   "NOTUSED", 
   "NOTUSED"
  ], 
  "9": [
   "NOTUSED", 
   "ANDD", 
   "ORR", 
   "ANDD", 
   "ANDD", 
   "NOTUSED", 
   "ORR", 
   "ANDD", 
   "ANDD", 
   "ORR", 
   "ANDD", 
   "NOTUSED", 
   "ORR", 
   "ORR", 
   "ORR"
  ], 
  "8": [
   "ANDD", 
   "ANDD", 
   "NOTUSED", 
   "ANDD", 
   "NOTUSED", 
   "NOTUSED", 
   "ANDD", 
   "ANDD", 
   "ORR", 
   "ANDD", 
   "NOTUSED", 
   "ORR", 
   "ORR", 
   "NOTUSED", 
   "NOTUSED"
  ]
 }
}