{
 "random_seed": 2047867836, 
 "PARAMETERS": {
  "RADIUS1": 182666.205, 
  "QUADS": 3, 
  "RADIUS2": 296813.235, 
  "DIST": 262129.147, 
  "F_PTS": 1, 
  "K_PTS": 3, 
  "EPSILON": 2.537, 
  "LENGTH1": 353841.735, 
  "G_PTS": 32, 
  "Q_PTS": 8, 
  "N_PTS": 46, 
  "C_PTS": 18, 
  "AREA2": 820314.01, 
  "LENGTH2": 792810.332, 
  "B_PTS": 3, 
  "D_PTS": 29, 
  "AREA1": 822419.362, 
  "A_PTS": 43, 
  "E_PTS": 33
 }, 
 "NUMPOINTS": 50, 
 "points": [
  [
   -695929.059, 
   549342.867
  ], 
  [
   -192302.884, 
   964036.9
  ], 
  [
   -775384.527, 
   -254750.175
  ], 
  [
   475255.003, 
   -873819.286
  ], 
  [
   490068.505, 
   -76755.037
  ], 
  [
   304666.662, 
   -423451.028
  ], 
  [
   520252.618, 
   -974819.174
  ], 
  [
   425097.012, 
   -852079.752
  ], 
  [
   -885157.657, 
   -500986.195
  ], 
  [
   -996776.401, 
   -983533.542
  ], 
  [
   -578187.787, 
   277665.911
  ], 
  [
   819968.777, 
   -653191.067
  ], 
  [
   249320.318, 
   50737.257
  ], 
  [
   -761885.029, 
   -711038.322
  ], 
  [
   31427.708, 
   -222595.61
  ], 
  [
   -47660.702, 
   45277.648
  ], 
  [
   596312.09, 
   -736631.17
  ], 
  [
   652503.465, 
   -641134.797
  ], 
  [
   -42337.8, 
   468525.65
  ], 
  [
   -982109.332, 
   323799.763
  ], 
  [
   554142.684, 
   389631.902
  ], 
  [
   70926.462, 
   -203743.826
  ], 
  [
   -511738.733, 
   918738.224
  ], 
  [
   564417.702, 
   -873564.369
  ], 
  [
   -607483.044, 
   371179.427
  ], 
  [
   -52244.982, 
   -60907.234
  ], 
  [
   -722140.384, 
   -942361.473
  ], 
  [
   -726911.325, 
   869853.011
  ], 
  [
   -515507.39, 
   -332818.095
  ], 
  [
   474246.896, 
   388933.334
  ], 
  [
   -313553.177, 
   778526.511
  ], 
  [
   977738.203, 
   103302.154
  ], 
  [
   -585474.369, 
   194837.167
  ], 
  [
   -830489.158, 
   879288.663
  ], 
  [
   286489.74, 
   -576575.493
  ], 
  [
   -720449.019, 
   -42811.668
  ], 
  [
   118110.477, 
   4208.68
  ], 
  [
   -215159.98, 
   -299991.411
  ], 
  [
   -807421.136, 
   -442692.783
  ], 
  [
   122504.466, 
   913060.429
  ], 
  [
   -336068.51, 
   888589.907
  ], 
  [
   656001.718, 
   690798.758
  ], 
  [
   42938.538, 
   -96076.075
  ], 
  [
   -722649.932, 
   57989.588
  ], 
  [
   745117.404, 
   197022.912
  ], 
  [
   922608.11, 
   725036.738
  ], 
  [
   -874567.957, 
   -600782.405
  ], 
  [
   -955535.003, 
   986978.968
  ], 
  [
   330347.12, 
   -421320.917
  ], 
  [
   209052.289, 
   -912755.989
  ]
 ], 
 "PUV": [
  false, 
  true, 
  true, 
  false, 
  true, 
  false, 
  true, 
  true, 
  true, 
  false, 
  false, 
  false, 
  true, 
  true, 
  true
 ], 
 "LCM": {
  "11": [
   "ANDD", 
   "ORR", 
   "ORR", 
   "ORR", 
   "ANDD", 
   "NOTUSED", 
   "ANDD", 
   "ORR", 
   "ORR", 
   "ORR", 
   "NOTUSED", 
   "ORR", 
   "NOTUSED", 
   "ANDD", 
   "ANDD"
  ], 
  "10": [
   "ORR", 
   "ANDD", 
   "NOTUSED", 
   "ANDD", 
   "ORR", 
   "ANDD", 
   "ORR", 
   "NOTUSED", 
   "NOTUSED", 
   "ORR", 
   "ORR", 
   "NOTUSED", 
   "NOTUSED", 
   "ANDD", 
   "ANDD"
  ], 
  "13": [
   "NOTUSED", 
   "ORR", 
   "NOTUSED", 
   "ANDD", 
   "ORR", 
   "ANDD", 
   "ORR", 
   "ORR", 
   "ORR", 
   "ANDD", 
   "ANDD", 
   "ANDD", 
   "ANDD", 
   "ANDD", 
   "ANDD"
  ], 
  "12": [
   "ANDD", 
   "NOTUSED", 
   "ORR", 
   "ANDD", 
   "ANDD", 
   "ANDD", 
   "ANDD", 
   "NOTUSED", 
   "NOTUSED", 
   "ANDD", 
   "NOTUSED", 
   "NOTUSED", 
   "NOTUSED", 
   "ANDD", 
   "ANDD"
  ], 
  "14": [
   "ANDD", 
   "NOTUSED", 
   "ANDD", 
   "ANDD", 
   "NOTUSED", 
   "ANDD", 
   "ANDD", 
   "ORR", 
   "ORR", 
   "NOTUSED", 
   "ANDD", 
   "ANDD", 
   "ANDD", 
   "ANDD", 
   "NOTUSED"
  ], 
  "1": [
   "ANDD", 
   "ANDD", 
   "NOTUSED", 
   "ANDD", 
   "ORR", 
   "NOTUSED", 
   "ORR", 
   "NOTUSED", 
   "ANDD", 
   "ORR", 
   "ANDD", 
   "ORR", 
   "NOTUSED", 
   "ORR", 
   "NOTUSED"
  ], 
  "0": [
   "NOTUSED", 
   "ANDD", 
   "ANDD", 
   "ORR", 
   "ORR", 
   "ORR", 
   "NOTUSED", 
   "ORR", 
   "ANDD", 
   "ANDD", 
   "ORR", 
   "ANDD", 
   "ANDD", 
   "NOTUSED", 
   "ANDD"
  ], 
  "3": [
   "ORR", 
   "ANDD", 
   "NOTUSED", 
   "NOTUSED", 
   "ORR", 
   "ORR", 
   "ANDD", 
   "NOTUSED", 
   "NOTUSED", 
   "ANDD", 
   "ANDD", 
   "ORR", 
   "ANDD", 
   "ANDD", 
   "ANDD"
  ], 
  "2": [
   "ANDD", 
   "NOTUSED", 
   "ORR", 
   "NOTUSED", 
   "ORR", 
   "ORR", 
   "NOTUSED", 
   "ANDD", 
   "ORR", 
   "ORR", 
   "NOTUSED", 
   "ORR", 
   "ORR", 
   "NOTUSED", 
   "ANDD"
  ], 
  "5": [
   "ORR", 
   "NOTUSED", 
   "ORR", 
   "ORR", 
   "ANDD", 
   "ANDD", 
   "NOTUSED", 
   "ANDD", 
   "ANDD", 
   "NOTUSED", 
   "ANDD", 
   "NOTUSED", 
   "ANDD", 
   "ANDD", 
   "ANDD"
  ], 
  "4": [
   "ORR", 
   "ORR", 
   "ORR", 
   "ORR", 
   "ORR", 
   "ANDD", 
   "ORR", 
   "ANDD", 
   "NOTUSED", 
   "ANDD", 
   "ORR", 
   "ANDD", 
   "ANDD", 
   "ORR", 
   "NOTUSED"
  ], 
  "7": [
   "ORR", 
   "NOTUSED", 
   "ANDD", 
   "NOTUSED", 
   "ANDD", 
   "ANDD", 
   "ORR", 
   "ANDD", 
   "ORR", 
   "ANDD", 
   "NOTUSED", 
   "ORR", 
   "NOTUSED", 
   "ORR", 
   "ORR"
  ], 
  "6": [
   "NOTUSED", 
   "ORR", 
   "NOTUSED", 
   "ANDD", 
   "ORR", 
   "NOTUSED", 
   "NOTUSED", 
   "ORR", 
   "NOTUSED", 
   "ORR", 
   "ORR", 
   "ANDD", 
   "ANDD", 
   "ORR", 
   "ANDD"
  ], 
  "9": [
   "ANDD", 
   "ORR", 
   "ORR", 
   "ANDD", 
   "ANDD", 
   "NOTUSED", 
   "ORR", 
   "ANDD", 
   "ANDD", 
   "ORR", 
   "ORR", 
   "ORR", 
   "ANDD", 
   "ANDD", 
   "NOTUSED"
  ], 
  "8": [
   "ANDD", 
   "ANDD", 
   "ORR", 
   "NOTUSED", 
   "NOTUSED", 
   "ANDD", 
   "NOTUSED", 
   "ORR", 
   "ORR", 
   "ANDD", 
   "NOTUSED", 
   "ORR", 
   "NOTUSED", 
   "ORR", 
   "ORR"
  ]
 }
}