{
 "random_seed": 1945942192, 
 "PARAMETERS": {
  "RADIUS1": 388133.538, 
  "QUADS": 3, 
  "RADIUS2": 614857.144, 
  "DIST": 366485.736, 
  "F_PTS": 13, 
  "K_PTS": 34, 
  "EPSILON": 2.712, 
  "LENGTH1": 574271.435, 
  "G_PTS": 38, 
  "Q_PTS": 45, 
  "N_PTS": 46, 
  "C_PTS": 16, 
  "AREA2": 326680.552, 
  "LENGTH2": 401872.654, 
  "B_PTS": 1, 
  "D_PTS": 28, 
  "AREA1": 507421.382, 
  "A_PTS": 19, 
  "E_PTS": 8
 }, 
 "NUMPOINTS": 48, 
 "points": [
  [
   -809486.31, 
   -256423.408
  ], 
  [
   -964416.216, 
   567979.917
  ], 
  [
   -931349.71, 
   333799.608
  ], 
  [
   879463.897, 
   608143.434
  ], 
  [
   -420328.274, 
   547427.463
  ], 
  [
   -760204.256, 
   -57723.475
  ], 
  [
   -843219.432, 
   -876872.776
  ], 
  [
   893277.71, 
   761740.42
  ], 
  [
   -92971.221, 
   943829.193
  ], 
  [
   -252371.58, 
   -21326.728
  ], 
  [
   -1228.678, 
   260392.626
  ], 
  [
   -190992.244, 
   -220269.418
  ], 
  [
   457666.857, 
   -736980.209
  ], 
  [
   395050.938, 
   334320.248
  ], 
  [
   -863895.31, 
   -62798.452
  ], 
  [
   321107.789, 
   -204810.202
  ], 
  [
   -782414.557, 
   454696.297
  ], 
  [
   503393.664, 
   -317855.436
  ], 
  [
   -454624.955, 
   -310652.559
  ], 
  [
   454411.873, 
   -809243.5
  ], 
  [
   266623.264, 
   628028.254
  ], 
  [
   465383.968, 
   -848130.953
  ], 
  [
   392430.188, 
   755151.974
  ], 
  [
   610161.524, 
   446313.848
  ], 
  [
   -473156.394, 
   -470234.867
  ], 
  [
   431991.438, 
   675344.587
  ], 
  [
   -721266.676, 
   497775.421
  ], 
  [
   38222.671, 
   -308249.939
  ], 
  [
   779395.327, 
   -49299.336
  ], 
  [
   621221.152, 
   -66662.792
  ], 
  [
   -443707.049, 
   646452.239
  ], 
  [
   273637.9, 
   246623.27
  ], 
  [
   94723.186, 
   -60787.369
  ], 
  [
   -840651.045, 
   561889.059
  ], 
  [
   373868.045, 
   491979.257
  ], 
  [
   -337385.863, 
   -873233.54
  ], 
  [
   796931.981, 
   -609588.021
  ], 
  [
   -259129.944, 
   -344924.094
  ], 
  [
   811236.441, 
   459683.297
  ], 
  [
   -264167.39, 
   362809.999
  ], 
  [
   677403.03, 
   817064.466
  ], 
  [
   -531008.74, 
   -544225.043
  ], 
  [
   -736080.1, 
   942196.62
  ], 
  [
   -176361.061, 
   -930324.546
  ], 
  [
   -645274.112, 
   -196109.332
  ], 
  [
   519294.923, 
   347758.589
  ], 
  [
   -872943.963, 
   576023.01
  ], 
  [
   390099.293, 
   802371.103
  ]
 ], 
 "PUV": [
  false, 
  true, 
  false, 
  true, 
  false, 
  true, 
  true, 
  false, 
  false, 
  false, 
  false, 
  false, 
  false, 
  true, 
  true
 ], 
 "LCM": {
  "11": [
   "ANDD", 
   "ANDD", 
   "ORR", 
   "ORR", 
   "ANDD", 
   "ORR", 
   "NOTUSED", 
   "NOTUSED", 
   "ANDD", 
   "ANDD", 
   "NOTUSED", 
   "ANDD", 
   "ANDD", 
   "ANDD", 
   "ORR"
  ], 
  "10": [
   "NOTUSED", 
   "ANDD", 
   "ORR", 
   "NOTUSED", 
   "NOTUSED", 
   "ANDD", 
   "ANDD", 
   "ORR", 
   "NOTUSED", 
   "ORR", 
   "ANDD", 
   "NOTUSED", 
   "ANDD", 
   "NOTUSED", 
   "NOTUSED"
  ], 
  "13": [
   "NOTUSED", 
   "NOTUSED", 
   "ANDD", 
   "NOTUSED", 
   "ORR", 
   "ANDD", 
   "ORR", 
   "NOTUSED", 
   "ANDD", 
   "ORR", 
   "NOTUSED", 
   "ANDD", 
   "ANDD", 
   "ORR", 
   "ORR"
  ], 
  "12": [
   "ORR", 
   "ORR", 
   "ORR", 
   "NOTUSED", 
   "ANDD", 
   "ORR", 
   "ORR", 
   "ANDD", 
   "ANDD", 
   "ANDD", 
   "ANDD", 
   "ANDD", 
   "NOTUSED", 
   "ANDD", 
   "ORR"
  ], 
  "14": [
   "NOTUSED", 
   "ORR", 
   "ORR", 
   "ANDD", 
   "NOTUSED", 
   "ORR", 
   "NOTUSED", 
   "NOTUSED", 
   "ORR", 
   "ANDD", 
   "NOTUSED", 
   "ORR", 
   "ORR", 
   "ORR", 
   "ORR"
  ], 
  "1": [
   "ORR", 
   "ORR", 
   "ANDD", 
   "ORR", 
   "NOTUSED", 
   "NOTUSED", 
   "ORR", 
   "ORR", 
   "NOTUSED", 
   "ANDD", 
   "ANDD", 
   "ANDD", 
   "ORR", 
   "NOTUSED", 
   "ORR"
  ], 
  "0": [
   "ANDD", 
   "ORR", 
   "ANDD", 
   "ANDD", 
   "ANDD", 
   "ORR", 
   "ORR", 
   "ORR", 
   "NOTUSED", 
   "ANDD", 
   "NOTUSED", 
   "ANDD", 
   "ORR", 
   "NOTUSED", 
   "NOTUSED"
  ], 
  "3": [
   "ANDD", 
   "ORR", 
   "ORR", 
   "ANDD", 
   "ANDD", 
   "NOTUSED", 
   "ANDD", 
   "NOTUSED", 
   "ANDD", 
   "ANDD", 
   "NOTUSED", 
   "ORR", 
   "NOTUSED", 
   "NOTUSED", 
   "ANDD"
  ], 
  "2": [
   "ANDD", 
   "ANDD", 
   "ORR", 
   "ORR", 
   "ANDD", 
   "ANDD", 
   "ANDD", 
   "ANDD", 
   "ANDD", 
   "NOTUSED", 
   "ORR", 
   "ORR", 
   "ORR", 
   "ANDD", 
   "ORR"
  ], 
  "5": [
   "ORR", 
   "NOTUSED", 
   "ANDD", 
   "NOTUSED", 
   "ORR", 
   "ORR", 
   "NOTUSED", 
   "ORR", 
   "NOTUSED", 
   "NOTUSED", 
   "ANDD", 
   "ORR", 
   "ORR", 
   "ANDD", 
   "ORR"
  ], 
  "4": [
   "ANDD", 
   "NOTUSED", 
   "ANDD", 
   "ANDD", 
   "ORR", 
   "ORR", 
   "ANDD", 
   "ANDD", 
   "ANDD", 
   "ANDD", 
   "NOTUSED", 
   "ANDD", 
   "ANDD", 
   "ORR", 
   "NOTUSED"
  ], 
  "7": [
   "ORR", 
   "ORR", 
   "ANDD", 
   "NOTUSED", 
   "ANDD", 
   "ORR", 
   "ANDD", 
   "NOTUSED", 
   "ANDD", 
   "ORR", 
   "ORR", 
   "NOTUSED", 
   "ANDD", 
   "NOTUSED", 
   "NOTUSED"
  ], 
  "6": [
   "ORR", 
   "ORR", 
   "ANDD", 
   "ANDD", 
   "ANDD", 
   "NOTUSED", 
   "ORR", 
   "ANDD", 
   "NOTUSED", 
   "NOTUSED", 
   "ANDD", 
   "NOTUSED", 
   "ORR", 
   "ORR", 
   "NOTUSED"
  ], 
  "9": [
   "ANDD", 
   "ANDD", 
   "NOTUSED", 
   "ANDD", 
   "ANDD", 
   "NOTUSED", 
   "NOTUSED", 
   "ORR", 
   "NOTUSED", 
   "NOTUSED", 
   "ORR", 
   "ANDD", 
   "ANDD", 
   "ORR", 
   "ANDD"
  ], 
  "8": [
   "NOTUSED", 
   "NOTUSED", 
   "ANDD", 
   "ANDD", 
   "ANDD", 
   "NOTUSED", 
   "NOTUSED", 
   "ANDD", 
   "ORR", 
   "NOTUSED", 
   "NOTUSED", 
   "ANDD", 
   "ANDD", 
   "ANDD", 
   "ORR"
  ]
 }
}