{
 "random_seed": 3480561432, 
 "PARAMETERS": {
  "RADIUS1": 643633.429, 
  "QUADS": 3, 
  "RADIUS2": 472885.305, 
  "DIST": 86909.388, 
  "F_PTS": 13, 
  "K_PTS": 11, 
  "EPSILON": 2.137, 
  "LENGTH1": 937229.952, 
  "G_PTS": 37, 
  "Q_PTS": 27, 
  "N_PTS": 4, 
  "C_PTS": 13, 
  "AREA2": 924114.664, 
  "LENGTH2": 313332.832, 
  "B_PTS": 8, 
  "D_PTS": 4, 
  "AREA1": 605105.909, 
  "A_PTS": 8, 
  "E_PTS": 23
 }, 
 "NUMPOINTS": 52, 
 "points": [
  [
   -228686.657, 
   433523.872
  ], 
  [
   -423397.732, 
   23670.535
  ], 
  [
   -98160.499, 
   657559.119
  ], 
  [
   -558179.985, 
   -243828.583
  ], 
  [
   304359.388, 
   -70216.511
  ], 
  [
   -660290.627, 
   765264.408
  ], 
  [
   667233.353, 
   373059.797
  ], 
  [
   3760.413, 
   602150.677
  ], 
  [
   -684584.952, 
   136018.353
  ], 
  [
   719779.357, 
   642777.379
  ], 
  [
   641412.312, 
   -471457.844
  ], 
  [
   -386540.604, 
   373732.077
  ], 
  [
   258208.874, 
   -656703.087
  ], 
  [
   564401.442, 
   -297472.142
  ], 
  [
   549015.557, 
   -10452.129
  ], 
  [
   377623.634, 
   91814.962
  ], 
  [
   79707.681, 
   463865.158
  ], 
  [
   344071.943, 
   -110286.663
  ], 
  [
   -343090.497, 
   830964.992
  ], 
  [
   787513.942, 
   818821.818
  ], 
  [
   -474555.528, 
   -123236.01
  ], 
  [
   -573732.307, 
   -529831.384
  ], 
  [
   -517986.279, 
   224376.272
  ], 
  [
   -361914.912, 
   597029.778
  ], 
  [
   -86632.024, 
   -179928.632
  ], 
  [
   920528.311, 
   -162799.601
  ], 
  [
   654948.923, 
   -543179.541
  ], 
  [
   554810.526, 
   186342.771
  ], 
  [
   136403.996, 
   487718.652
  ], 
  [
   -617542.182, 
   -732090.072
  ], 
  [
   527188.054, 
   -737322.832
  ], 
  [
   324188.096, 
   25418.361
  ], 
  [
   877909.519, 
   -210314.877
  ], 
  [
   598195.805, 
   599932.265
  ], 
  [
   423384.115, 
   -154015.128
  ], 
  [
   87759.189, 
   203010.643
  ], 
  [
   124623.39, 
   284005.536
  ], 
  [
   -912054.716, 
   -750200.603
  ], 
  [
   828330.545, 
   187354.594
  ], 
  [
   468540.494, 
   -403531.289
  ], 
  [
   215551.538, 
   -972524.897
  ], 
  [
   -612154.731, 
   -848656.8
  ], 
  [
   -447711.146, 
   319405.261
  ], 
  [
   639084.075, 
   899631.593
  ], 
  [
   -494150.07, 
   -771073.258
  ], 
  [
   -21562.977, 
   959648.758
  ], 
  [
   -165787.133, 
   523620.684
  ], 
  [
   -466072.662, 
   761333.697
  ], 
  [
   -548596.193, 
   728396.449
  ], 
  [
   233209.38, 
   905597.548
  ], 
  [
   429545.095, 
   230352.821
  ], 
  [
   -868903.959, 
   -581507.764
  ]
 ], 
 "PUV": [
  false, 
  false, 
  false, 
  false, 
  true, 
  true, 
  false, 
  false, 
  false, 
  false, 
  false, 
  false, 
  false, 
  true, 
  true
 ], 
 "LCM": {
  "11": [
   "NOTUSED", 
   "ORR", 
   "ORR", 
   "ORR", 
   "ORR", 
   "ORR", 
   "NOTUSED", 
   "NOTUSED", 
   "ORR", 
   "NOTUSED", 
   "NOTUSED", 
   "ANDD", 
   "ORR", 
   "ORR", 
   "ANDD"
  ], 
  "10": [
   "ANDD", 
   "ORR", 
   "NOTUSED", 
   "ORR", 
   "ANDD", 
   "NOTUSED", 
   "ORR", 
   "ORR", 
   "ANDD", 
   "ORR", 
   "NOTUSED", 
   "NOTUSED", 
   "ANDD", 
   "ANDD", 
   "NOTUSED"
  ], 
  "13": [
   "NOTUSED", 
   "NOTUSED", 
   "ORR", 
   "ANDD", 
   "ORR", 
   "ANDD", 
   "ANDD", 
   "NOTUSED", 
   "NOTUSED", 
   "NOTUSED", 
   "ANDD", 
   "ORR", 
   "ORR", 
   "NOTUSED", 
   "ANDD"
  ], 
  "12": [
   "ORR", 
   "ORR", 
   "ANDD", 
   "NOTUSED", 
   "ANDD", 
   "ORR", 
   "NOTUSED", 
   "NOTUSED", 
   "NOTUSED", 
   "NOTUSED", 
   "ANDD", 
   "ORR", 
   "ANDD", 
   "ORR", 
   "ORR"
  ], 
  "14": [
   "ANDD", 
   "NOTUSED", 
   "ORR", 
   "ANDD", 
   "ORR", 
   "ANDD", 
   "ANDD", 
   "ANDD", 
   "NOTUSED", 
   "ANDD", 
   "NOTUSED", 
   "ANDD", 
   "ORR", 
   "ANDD", 
   "NOTUSED"
  ], 
  "1": [
   "ANDD", 
   "NOTUSED", 
   "ANDD", 
   "ORR", 
   "ORR", 
   "NOTUSED", 
   "NOTUSED", 
   "ANDD", 
   "NOTUSED", 
   "NOTUSED", 
   "ORR", 
   "ORR", 
   "ORR", 
   "NOTUSED", 
   "NOTUSED"
  ], 
  "0": [
   "ORR", 
   "ANDD", 
   "ORR", 
   "ANDD", 
   "ORR", 
   "ORR", 
   "ORR", 
   "ORR", 
   "ORR", 
   "ORR", 
   "ANDD", 
   "NOTUSED", 
   "ORR", 
   "NOTUSED", 
   "ANDD"
  ], 
  "3": [
   "ANDD", 
   "ORR", 
   "ORR", 
   "ANDD", 
   "ORR", 
   "NOTUSED", 
   "ORR", 
   "ORR", 
   "ORR", 
   "ORR", 
   "ORR", 
   "ORR", 
   "NOTUSED", 
   "ANDD", 
   "ANDD"
  ], 
  "2": [
   "ORR", 
   "ANDD", 
   "ORR", 
   "ORR", 
   "ORR", 
   "ORR", 
   "NOTUSED", 
   "ANDD", 
   "NOTUSED", 
   "ANDD", 
   "NOTUSED", 
   "ORR", 
   "ANDD", 
   "ORR", 
   "ORR"
  ], 
  "5": [
   "ORR", 
   "NOTUSED", 
   "ORR", 
   "NOTUSED", 
   "NOTUSED", 
   "ANDD", 
   "ORR", 
   "ANDD", 
   "NOTUSED", 
   "ANDD", 
   "NOTUSED", 
   "ORR", 
   "ORR", 
   "ANDD", 
   "ANDD"
  ], 
  "4": [
   "ORR", 
   "ORR", 
   "ORR", 
   "ORR", 
   "ANDD", 
   "NOTUSED", 
   "NOTUSED", 
   "ANDD", 
   "ORR", 
   "ANDD", 
   "ANDD", 
   "ORR", 
   "ANDD", 
   "ORR", 
   "ORR"
  ], 
  "7": [
   "ORR", 
   "ANDD", 
   "ANDD", 
   "ORR", 
   "ANDD", 
   "ANDD", 
   "ANDD", 
   "NOTUSED", 
   "ANDD", 
   "ORR", 
   "ORR", 
   "NOTUSED", 
   "NOTUSED", 
   "NOTUSED", 
   "ANDD"
  ], 
  "6": [
   "ORR", 
   "NOTUSED", 
   "NOTUSED", 
   "ORR", 
   "NOTUSED", 
   "ORR", 
   "NOTUSED", 
   "ANDD", 
   "NOTUSED", 
   "ORR", 
   "ORR", 
   "NOTUSED", 
   "NOTUSED", 
   "ANDD", 
   "ANDD"
  ], 
  "9": [
   "ORR", 
   "NOTUSED", 
   "ANDD", 
   "ORR", 
   "ANDD", 
   "ANDD", 
   "ORR", 
   "ORR", 
   "ORR", 
   "NOTUSED", 
   "ORR", 
   "NOTUSED", 
   "NOTUSED", 
   "NOTUSED", 
   "ANDD"
  ], 
  "8": [
   "ORR", 
   "NOTUSED", 
   "NOTUSED", 
   "ORR", 
   "ORR", 
   "NOTUSED", 
   "NOTUSED", 
   "ANDD", 
   "ANDD", 
   "ORR", 
   "ANDD", 
   "ORR", 
   "NOTUSED", 
   "NOTUSED", 
   "NOTUSED"
  ]
 }
}