{
 "random_seed": 2550843428, 
 "PARAMETERS": {
  "RADIUS1": 987656.632, 
  "QUADS": 3, 
  "RADIUS2": 66998.646, 
  "DIST": 445578.315, 
  "F_PTS": 4, 
  "K_PTS": 62, 
  "EPSILON": 2.407, 
  "LENGTH1": 795132.167, 
  "G_PTS": 49, 
  "Q_PTS": 25, 
  "N_PTS": 12, 
  "C_PTS": 35, 
  "AREA2": 780606.72, 
  "LENGTH2": 519165.251, 
  "B_PTS": 1, 
  "D_PTS": 6, 
  "AREA1": 877123.635, 
  "A_PTS": 43, 
  "E_PTS": 18
 }, 
 "NUMPOINTS": 67, 
 "points": [
  [
   -555781.418, 
   12621.607
  ], 
  [
   560200.667, 
   -363794.495
  ], 
  [
   344692.833, 
   -918164.735
  ], 
  [
   -785811.502, 
   52953.989
  ], 
  [
   -295094.597, 
   691609.014
  ], 
  [
   883724.225, 
   -976837.097
  ], 
  [
   797407.979, 
   -931038.814
  ], 
  [
   369950.82, 
   -177993.396
  ], 
  [
   785723.638, 
   -109746.737
  ], 
  [
   220109.893, 
   560372.276
  ], 
  [
   -243086.208, 
   878246.296
  ], 
  [
   794321.649, 
   -612021.045
  ], 
  [
   698368.89, 
   742424.648
  ], 
  [
   435614.452, 
   -536602.045
  ], 
  [
   -83958.41, 
   -752207.08
  ], 
  [
   400528.023, 
   -840145.567
  ], 
  [
   713853.027, 
   492509.515
  ], 
  [
   -306479.974, 
   -892953.303
  ], 
  [
   845577.316, 
   -346747.953
  ], 
  [
   -627021.77, 
   31267.143
  ], 
  [
   466830.552, 
   -228722.97
  ], 
  [
   -97935.548, 
   932064.058
  ], 
  [
   697209.114, 
   -987600.808
  ], 
  [
   -769441.463, 
   949738.42
  ], 
  [
   -940938.182, 
   -407991.877
  ], 
  [
   -259443.747, 
   578930.62
  ], 
  [
   354191.045, 
   -315882.875
  ], 
  [
   647094.625, 
   314146.654
  ], 
  [
   899684.585, 
   686538.942
  ], 
  [
   977768.646, 
   -960240.893
  ], 
  [
   -552672.568, 
   424932.957
  ], 
  [
   469237.716, 
   629361.756
  ], 
  [
   456394.539, 
   -982.82
  ], 
  [
   -254599.45, 
   -38468.679
  ], 
  [
   255090.462, 
   77193.959
  ], 
  [
   824941.642, 
   181890.621
  ], 
  [
   234716.322, 
   -896707.088
  ], 
  [
   524049.54, 
   726425.227
  ], 
  [
   -304186.783, 
   -378962.524
  ], 
  [
   -41202.612, 
   8647.635
  ], 
  [
   965382.502, 
   951453.437
  ], 
  [
   36554.382, 
   539644.981
  ], 
  [
   438943.898, 
   -475948.832
  ], 
  [
   -769622.626, 
   -80227.724
  ], 
  [
   -934120.015, 
   -771999.033
  ], 
  [
   -949135.749, 
   -603082.393
  ], 
  [
   -277861.906, 
   -726786.206
  ], 
  [
   -674111.09, 
   909591.191
  ], 
  [
   427287.618, 
   -108410.381
  ], 
  [
   -665727.557, 
   -194924.997
  ], 
  [
   -11070.752, 
   -274695.289
  ], 
  [
   -602823.031, 
   -282900.581
  ], 
  [
   -550131.313, 
   382510.022
  ], 
  [
   -282039.042, 
   69119.372
  ], 
  [
   -38158.571, 
   89585.617
  ], 
  [
   -449072.8, 
   590098.078
  ], 
  [
   -675639.738, 
   -482343.365
  ], 
  [
   -797984.44, 
   234672.828
  ], 
  [
   -188670.568, 
   21565.924
  ], 
  [
   -577107.284, 
   -300524.873
  ], 
  [
   823492.124, 
   -434686.858
  ], 
  [
   478572.821, 
   -547602.27
  ], 
  [
   -348587.345, 
   -479745.626
  ], 
  [
   749983.954, 
   882641.837
  ], 
  [
   -150425.515, 
   105005.299
  ], 
  [
   -418623.897, 
   410742.245
  ], 
  [
   902963.028, 
   173836.11
  ]
 ], 
 "PUV": [
  false, 
  true, 
  false, 
  true, 
  false, 
  false, 
  true, 
  false, 
  true, 
  true, 
  true, 
  true, 
  false, 
  false, 
  false
 ], 
 "LCM": {
  "11": [
   "ORR", 
   "ANDD", 
   "NOTUSED", 
   "ANDD", 
   "NOTUSED", 
   "ANDD", 
   "ORR", 
   "ORR", 
   "ANDD", 
   "NOTUSED", 
   "ORR", 
   "NOTUSED", 
   "ANDD", 
   "ANDD", 
   "ANDD"
  ], 
  "10": [
   "NOTUSED", 
   "ANDD", 
   "NOTUSED", 
   "ORR", 
   "ANDD", 
   "ANDD", 
   "NOTUSED", 
   "ORR", 
   "ANDD", 
   "ANDD", 
   "ORR", 
   "ORR", 
   "ANDD", 
   "ORR", 
   "NOTUSED"
  ], 
  "13": [
   "ORR", 
   "ANDD", 
   "ORR", 
   "ANDD", 
   "ORR", 
   "ANDD", 
   "ORR", 
   "ORR", 
   "ORR", 
   "NOTUSED", 
   "ORR", 
   "ANDD", 
   "NOTUSED", 
   "ORR", 
   "ANDD"
  ], 
  "12": [
   "ORR", 
   "ANDD", 
   "ANDD", 
   "NOTUSED", 
   "ANDD", 
   "NOTUSED", 
   "ANDD", 
   "NOTUSED", 
   "ANDD", 
   "NOTUSED", 
   "ANDD", 
   "ANDD", 
   "ANDD", 
   "NOTUSED", 
   "NOTUSED"
  ], 
  "14": [
   "NOTUSED", 
   "ANDD", 
   "ANDD", 
   "NOTUSED", 
   "ANDD", 
   "ORR", 
   "NOTUSED", 
   "NOTUSED", 
   "ANDD", 
   "ORR", 
   "NOTUSED", 
   "ANDD", 
   "NOTUSED", 
   "ANDD", 
   "NOTUSED"
  ], 
  "1": [
   "NOTUSED", 
   "ORR", 
   "ANDD", 
   "ORR", 
   "NOTUSED", 
   "ANDD", 
   "NOTUSED", 
   "NOTUSED", 
   "NOTUSED", 
   "ANDD", 
   "ANDD", 
   "ANDD", 
   "ANDD", 
   "ANDD", 
   "ANDD"
  ], 
  "0": [
   "ORR", 
   "NOTUSED", 
   "ANDD", 
   "ANDD", 
   "NOTUSED", 
   "ORR", 
   "ANDD", 
   "ANDD", 
   "ORR", 
   "ORR", 
   "NOTUSED", 
   "ORR", 
   "ORR", 
   "ORR", 
   "NOTUSED"
  ], 
  "3": [
   "ANDD", 
   "ORR", 
   "ANDD", 
   "ANDD", 
   "NOTUSED", 
   "NOTUSED", 
   "ANDD", 
   "ANDD", 
   "ANDD", 
   "ORR", 
   "ORR", 
   "ANDD", 
   "NOTUSED", 
   "ANDD", 
   "NOTUSED"
  ], 
  "2": [
   "ANDD", 
   "ANDD", 
   "ORR", 
   "ANDD", 
   "NOTUSED", 
   "NOTUSED", 
   "NOTUSED", 
   "ANDD", 
   "ORR", 
   "ORR", 
   "NOTUSED", 
   "NOTUSED", 
   "ANDD", 
   "ORR", 
   "ANDD"
  ], 
  "5": [
   "ORR", 
   "ANDD", 
   "NOTUSED", 
   "NOTUSED", 
   "NOTUSED", 
   "ANDD", 
   "ANDD", 
   "NOTUSED", 
   "NOTUSED", 
   "NOTUSED", 
   "ANDD", 
   "ANDD", 
   "NOTUSED", 
   "ANDD", 
   "ORR"
  ], 
  "4": [
   "NOTUSED", 
   "NOTUSED", 
   "NOTUSED", 
   "NOTUSED", 
   "ANDD", 
   "NOTUSED", 
   "ORR", 
   "NOTUSED", 
   "NOTUSED", 
   "ORR", 
   "ANDD", 
   "NOTUSED", 
   "ANDD", 
   "ORR", 
   "ANDD"
  ], 
  "7": [
   "ANDD", 
   "NOTUSED", 
   "ANDD", 
   "ANDD", 
   "NOTUSED", 
   "NOTUSED", 
   "ANDD", 
   "ANDD", 
   "ANDD", 
   "ORR", 
   "ORR", 
   "ORR", 
   "NOTUSED", 
   "ORR", 
   "NOTUSED"
  ], 
  "6": [
   "ANDD", 
   "NOTUSED", 
   "NOTUSED", 
   "ANDD", 
   "ORR", 
   "ANDD", 
   "NOTUSED", 
   "ANDD", 
   "ANDD", 
   "ANDD", 
   "NOTUSED", 
   "ORR", 
   "ANDD", 
   "ORR", 
   "NOTUSED"
  ], 
  "9": [
   "ORR", 
   "ANDD", 
   "ORR", 
   "ORR", 
   "ORR", 
   "NOTUSED", 
   "ANDD", 
   "ORR", 
   "ORR", 
   "ANDD", 
   "ANDD", 
   "NOTUSED", 
   "NOTUSED", 
   "NOTUSED", 
   "ORR"
  ], 
  "8": [
   "ORR", 
   "NOTUSED", 
   "ORR", 
   "ANDD", 
   "NOTUSED", 
   "NOTUSED", 
   "ANDD", 
   "ANDD", 
   "ANDD", 
   "ORR", 
   "ANDD", 
   "ANDD", 
   "ANDD", 
   "ORR", 
   "ANDD"
  ]
 }
}