{
 "random_seed": 3063552404, 
 "PARAMETERS": {
  "RADIUS1": 349275.855, 
  "QUADS": 3, 
  "RADIUS2": 329096.938, 
  "DIST": 425540.251, 
  "F_PTS": 1, 
  "K_PTS": 15, 
  "EPSILON": 2.361, 
  "LENGTH1": 332896.054, 
  "G_PTS": 9, 
  "Q_PTS": 20, 
  "N_PTS": 5, 
  "C_PTS": 5, 
  "AREA2": 725005.02, 
  "LENGTH2": 763888.122, 
  "B_PTS": 5, 
  "D_PTS": 4, 
  "AREA1": 579407.263, 
  "A_PTS": 2, 
  "E_PTS": 7
 }, 
 "NUMPOINTS": 22, 
 "points": [
  [
   357559.162, 
   25605.447
  ], 
  [
   737077.502, 
   -793858.17
  ], 
  [
   302485.102, 
   -542123.528
  ], 
  [
   -70100.34, 
   -804879.393
  ], 
  [
   -672299.401, 
   685668.167
  ], 
  [
   183842.281, 
   -345003.581
  ], 
  [
   -163873.277, 
   -78604.106
  ], 
  [
   -142058.567, 
   -57674.437
  ], 
  [
   -310324.542, 
   181188.045
  ], 
  [
   -495448.472, 
   393601.949
  ], 
  [
   55216.75, 
   179228.711
  ], 
  [
   -155650.373, 
   601511.563
  ], 
  [
   934760.225, 
   -859739.193
  ], 
  [
   -11826.214, 
   -690077.262
  ], 
  [
   103124.428, 
   517978.107
  ], 
  [
   -585497.722, 
   643914.932
  ], 
  [
   -168316.177, 
   -692187.47
  ], 
  [
   758964.708, 
   -175167.675
  ], 
  [
   -395860.858, 
   -404032.878
  ], 
  [
   292023.729, 
   48798.114
  ], 
  [
   -443792.295, 
   995621.69
  ], 
  [
   268805.194, 
   -153942.634
  ]
 ], 
 "PUV": [
  true, 
  false, 
  true, 
  true, 
  false, 
  false, 
  true, 
  true, 
  false, 
  true, 
  true, 
  true, 
  true, 
  true, 
  true
 ], 
 "LCM": {
  "11": [
   "ORR", 
   "NOTUSED", 
   "NOTUSED", 
   "ANDD", 
   "ANDD", 
   "NOTUSED", 
   "ANDD", 
   "ANDD", 
   "ORR", 
   "NOTUSED", 
   "NOTUSED", 
   "NOTUSED", 
   "ORR", 
   "NOTUSED", 
   "NOTUSED"
  ], 
  "10": [
   "ANDD", 
   "ORR", 
   "NOTUSED", 
   "ANDD", 
   "ORR", 
   "NOTUSED", 
   "ANDD", 
   "ANDD", 
   "ORR", 
   "ORR", 
   "ANDD", 
   "NOTUSED", 
   "ORR", 
   "ANDD", 
   "ORR"
  ], 
  "13": [
   "NOTUSED", 
   "ANDD", 
   "ORR", 
   "ANDD", 
   "NOTUSED", 
   "ORR", 
   "NOTUSED", 
   "ORR", 
   "ANDD", 
   "NOTUSED", 
   "ANDD", 
   "NOTUSED", 
   "ORR", 
   "ANDD", 
   "ORR"
  ], 
  "12": [
   "ORR", 
   "NOTUSED", 
   "NOTUSED", 
   "ORR", 
   "NOTUSED", 
   "ANDD", 
   "ORR", 
   "NOTUSED", 
   "NOTUSED", 
   "NOTUSED", 
   "ORR", 
   "ORR", 
   "ANDD", 
   "ORR", 
   "ORR"
  ], 
  "14": [
   "ANDD", 
   "NOTUSED", 
   "ORR", 
   "NOTUSED", 
   "ANDD", 
   "ANDD", 
   "NOTUSED", 
   "NOTUSED", 
   "NOTUSED", 
   "ANDD", 
   "ORR", 
   "NOTUSED", 
   "ORR", 
   "ORR", 
   "ANDD"
  ], 
  "1": [
   "NOTUSED", 
   "ORR", 
   "ORR", 
   "NOTUSED", 
   "NOTUSED", 
   "NOTUSED", 
   "NOTUSED", 
   "ORR", 
   "ORR", 
   "ANDD", 
   "ORR", 
   "NOTUSED", 
   "NOTUSED", 
   "ANDD", 
   "NOTUSED"
  ], 
  "0": [
   "ORR", 
   "NOTUSED", 
   "NOTUSED", 
   "ORR", 
   "ORR", 
   "NOTUSED", 
   "NOTUSED", 
   "ORR", 
   "ORR", 
   "NOTUSED", 
   "ANDD", 
   "ORR", 
   "ORR", 
   "NOTUSED", 
   "ANDD"
  ], 
  "3": [
   "ORR", 
   "NOTUSED", 
   "NOTUSED", 
   "ORR", 
   "NOTUSED", 
   "ANDD", 
   "NOTUSED", 
   "ORR", 
   "ANDD", 
   "ANDD", 
   "ANDD", 
   "ANDD", 
   "ORR", 
   "ANDD", 
   "NOTUSED"
  ], 
  "2": [
   "NOTUSED", 
   "ORR", 
   "ANDD", 
   "NOTUSED", 
   "NOTUSED", 
   "ORR", 
   "ORR", 
   "ANDD", 
   "ORR", 
   "NOTUSED", 
   "NOTUSED", 
   "NOTUSED", 
   "NOTUSED", 
   "ORR", 
   "ORR"
  ], 
  "5": [
   "NOTUSED", 
   "NOTUSED", 
   "ORR", 
   "ANDD", 
   "ORR", 
   "NOTUSED", 
   "NOTUSED", 
   "ORR", 
   "NOTUSED", 
   "ORR", 
   "NOTUSED", 
   "NOTUSED", 
   "ANDD", 
   "ORR", 
   "ANDD"
  ], 
  "4": [
   "ORR", 
   "NOTUSED", 
   "NOTUSED", 
   "NOTUSED", 
   "ANDD", 
   "ORR", 
   "ORR", 
   "ANDD", 
   "ORR", 
   "ORR", 
   "ORR", 
   "ANDD", 
   "NOTUSED", 
   "NOTUSED", 
   "ANDD"
  ], 
  "7": [
   "ORR", 
   "ORR", 
   "ANDD", 
   "ORR", 
   "ANDD", 
   "ORR", 
   "ANDD", 
   "ANDD", 
   "ANDD", 
   "ANDD", 
   "ANDD", 
   "ANDD", 
   "NOTUSED", 
   "ORR", 
   "NOTUSED"
  ], 
  "6": [
   "NOTUSED", 
   "NOTUSED", 
   "ORR", 
   "NOTUSED", 
   "ORR", 
   "NOTUSED", 
   "ORR", 
   "ANDD", 
   "ANDD", 
   "ORR", 
   "ANDD", 
   "ANDD", 
   "ORR", 
   "NOTUSED", 
   "NOTUSED"
  ], 
  "9": [
   "NOTUSED", 
   "ANDD", 
   "NOTUSED", 
   "ANDD", 
   "ORR", 
   "ORR", 
   "ORR", 
   "ANDD", 
   "ANDD", 
   "ORR", 
   "ORR", 
   "NOTUSED", 
   "NOTUSED", 
   "NOTUSED", 
   "ANDD"
  ], 
  "8": [
   "ORR", 
   "ORR", 
   "ORR", 
   "ANDD", 
   "ORR", 
   "NOTUSED", 
   "ANDD", 
   "ANDD", 
   "ANDD", 
   "ANDD", 
   "ORR", 
   "ORR", 
   "NOTUSED", 
   "ANDD", 
   "NOTUSED"
  ]
 }
}