{
 "random_seed": 3926364030, 
 "PARAMETERS": {
  "RADIUS1": 914303.642, 
  "QUADS": 2, 
  "RADIUS2": 683515.901, 
  "DIST": 319207.706, 
  "F_PTS": 23, 
  "K_PTS": 83, 
  "EPSILON": 2.013, 
  "LENGTH1": 256625.526, 
  "G_PTS": 36, 
  "Q_PTS": 73, 
  "N_PTS": 71, 
  "C_PTS": 4, 
  "AREA2": 319645.278, 
  "LENGTH2": 490967.473, 
  "B_PTS": 15, 
  "D_PTS": 32, 
  "AREA1": 873905.468, 
  "A_PTS": 20, 
  "E_PTS": 14
 }, 
 "NUMPOINTS": 97, 
 "points": [
  [
   -725790.913, 
   -553956.997
  ], 
  [
   -603101.993, 
   -724858.015
  ], 
  [
   -133715.245, 
   378842.248
  ], 
  [
   -851696.168, 
   926463.569
  ], 
  [
   656751.82, 
   595609.367
  ], 
  [
   -553828.496, 
   900651.323
  ], 
  [
   807072.354, 
   -130050.217
  ], 
  [
   -450730.437, 
   943579.584
  ], 
  [
   -266721.704, 
   -607514.961
  ], 
  [
   -266885.577, 
   -593385.236
  ], 
  [
   -994730.62, 
   982752.002
  ], 
  [
   848138.713, 
   951261.446
  ], 
  [
   425729.755, 
   281378.595
  ], 
  [
   -960722.495, 
   900658.785
  ], 
  [
   276495.587, 
   294987.242
  ], 
  [
   465584.333, 
   -18957.475
  ], 
  [
   550898.567, 
   -23027.814
  ], 
  [
   435992.992, 
   -507521.033
  ], 
  [
   865629.11, 
   397348.21
  ], 
  [
   421319.173, 
   -60599.546
  ], 
  [
   362026.157, 
   -665882.863
  ], 
  [
   476322.724, 
   -623880.67
  ], 
  [
   561920.572, 
   -564126.437
  ], 
  [
   -154802.996, 
   553500.114
  ], 
  [
   969294.884, 
   -760935.488
  ], 
  [
   -411728.669, 
   -679075.068
  ], 
  [
   -392135.32, 
   962330.257
  ], 
  [
   -693824.359, 
   -820319.664
  ], 
  [
   -315906.58, 
   369661.804
  ], 
  [
   9862.552, 
   -232260.147
  ], 
  [
   -509021.107, 
   756971.419
  ], 
  [
   -775347.269, 
   -713380.18
  ], 
  [
   -224924.678, 
   74645.173
  ], 
  [
   -11464.858, 
   -153672.056
  ], 
  [
   954558.694, 
   -12428.907
  ], 
  [
   543259.826, 
   -980383.627
  ], 
  [
   403450.795, 
   -807495.743
  ], 
  [
   -958619.256, 
   -369369.02
  ], 
  [
   -631848.83, 
   556904.06
  ], 
  [
   -10494.79, 
   -938905.798
  ], 
  [
   -52975.134, 
   158943.754
  ], 
  [
   -394411.829, 
   429154.14
  ], 
  [
   -21272.613, 
   -189623.559
  ], 
  [
   327921.079, 
   -520548.62
  ], 
  [
   639962.966, 
   -831316.56
  ], 
  [
   -672358.374, 
   623819.06
  ], 
  [
   75654.182, 
   393076.659
  ], 
  [
   630937.602, 
   325264.783
  ], 
  [
   -510373.368, 
   -304638.356
  ], 
  [
   726908.137, 
   -845097.671
  ], 
  [
   437922.742, 
   575451.152
  ], 
  [
   -218554.466, 
   -408385.822
  ], 
  [
   853874.942, 
   901562.602
  ], 
  [
   268763.063, 
   571061.248
  ], 
  [
   57695.493, 
   992850.978
  ], 
  [
   13340.202, 
   612522.819
  ], 
  [
   -713735.279, 
   115176.34
  ], 
  [
   372445.739, 
   -685196.625
  ], 
  [
   -161890.256, 
   506986.596
  ], 
  [
   235861.143, 
   687439.257
  ], 
  [
   -443289.765, 
   904284.148
  ], 
  [
   2556.874, 
   623735.353
  ], 
  [
   -587288.455, 
   649304.807
  ], 
  [
   482452.273, 
   -387641.601
  ], 
  [
   206244.691, 
   304532.229
  ], 
  [
   598210.855, 
   -467597.941
  ], 
  [
   537808.832, 
   396032.701
  ], 
  [
   281156.136, 
   413573.198
  ], 
  [
   348188.493, 
   -98052.509
  ], 
  [
   -463907.035, 
   -744955.97
  ], 
  [
   -198334.646, 
   492386.993
  ], 
  [
   19220.055, 
   -303844.095
  ], 
  [
   -54777.819, 
   344094.571
  ], 
  [
   -502420.019, 
   -17944.543
  ], 
  [
   260821.165, 
   872673.68
  ], 
  [
   -754490.704, 
   -305612.871
  ], 
  [
   867954.326, 
   960192.673
  ], 
  [
   878376.262, 
   167773.984
  ], 
  [
   -206983.93, 
   -892908.677
  ], 
  [
   181521.142, 
   -578357.548
  ], 
  [
   -830761.013, 
   295053.8
  ], 
  [
   -317310.606, 
   92432.139
  ], 
  [
   -335387.04, 
   11713.976
  ], 
  [
   -630686.114, 
   -481982.075
  ], 
  [
   985468.629, 
   -507667.758
  ], 
  [
   159079.735, 
   996257.115
  ], 
  [
   645472.399, 
   640442.087
  ], 
  [
   -510876.316, 
   -759424.48
  ], 
  [
   475628.815, 
   693488.622
  ], 
  [
   -110877.342, 
   458139.407
  ], 
  [
   -930343.32, 
   765812.825
  ], 
  [
   915728.952, 
   -163439.13
  ], 
  [
   290593.187, 
   834060.524
  ], 
  [
   -308548.709, 
   370275.601
  ], 
  [
   -26179.123, 
   238568.515
  ], 
  [
   322556.483, 
   988102.97
  ], 
  [
   -158312.567, 
   278576.488
  ]
 ], 
 "PUV": [
  false, 
  true, 
  false, 
  true, 
  true, 
  false, 
  true, 
  false, 
  true, 
  true, 
  true, 
  false, 
  true, 
  false, 
  false
 ], 
 "LCM": {
  "11": [
   "NOTUSED", 
   "NOTUSED", 
   "ORR", 
   "ANDD", 
   "NOTUSED", 
   "ORR", 
   "ORR", 
   "ANDD", 
   "ANDD", 
   "ORR", 
   "ORR", 
   "ANDD", 
   "ANDD", 
   "ORR", 
   "ORR"
  ], 
  "10": [
   "ORR", 
   "ORR", 
   "ORR", 
   "ORR", 
   "NOTUSED", 
   "ORR", 
   "ANDD", 
   "ANDD", 
   "NOTUSED", 
   "NOTUSED", 
   "ANDD", 
   "ORR", 
   "ORR", 
   "ORR", 
   "NOTUSED"
  ], 
  "13": [
   "ORR", 
   "ANDD", 
   "ORR", 
   "ANDD", 
   "ORR", 
   "ANDD", 
   "ANDD", 
   "NOTUSED", 
   "ORR", 
   "ANDD", 
   "ORR", 
   "ORR", 
   "NOTUSED", 
   "NOTUSED", 
   "ORR"
  ], 
  "12": [
   "ORR", 
   "NOTUSED", 
   "ORR", 
   "ORR", 
   "ANDD", 
   "ORR", 
   "ORR", 
   "NOTUSED", 
   "ORR", 
   "NOTUSED", 
   "ORR", 
   "ANDD", 
   "ANDD", 
   "NOTUSED", 
   "NOTUSED"
  ], 
  "14": [
   "ORR", 
   "NOTUSED", 
   "NOTUSED", 
   "ANDD", 
   "ANDD", 
   "ANDD", 
   "ANDD", 
   "NOTUSED", 
   "ORR", 
   "ORR", 
   "NOTUSED", 
   "ORR", 
   "NOTUSED", 
   "ORR", 
   "NOTUSED"
  ], 
  "1": [
   "NOTUSED", 
   "NOTUSED", 
   "NOTUSED", 
   "ORR", 
   "ORR", 
   "ORR", 
   "ORR", 
   "ORR", 
   "ANDD", 
   "ORR", 
   "ORR", 
   "NOTUSED", 
   "NOTUSED", 
   "ANDD", 
   "NOTUSED"
  ], 
  "0": [
   "ORR", 
   "NOTUSED", 
   "ORR", 
   "ANDD", 
   "ANDD", 
   "ORR", 
   "ANDD", 
   "ORR", 
   "ANDD", 
   "ANDD", 
   "ORR", 
   "NOTUSED", 
   "ORR", 
   "ORR", 
   "ORR"
  ], 
  "3": [
   "ANDD", 
   "ORR", 
   "ANDD", 
   "ORR", 
   "ANDD", 
   "NOTUSED", 
   "ORR", 
   "ORR", 
   "ANDD", 
   "ORR", 
   "ORR", 
   "ANDD", 
   "ORR", 
   "ANDD", 
   "ANDD"
  ], 
  "2": [
   "ORR", 
   "NOTUSED", 
   "ANDD", 
   "ANDD", 
   "ORR", 
   "NOTUSED", 
   "ANDD", 
   "NOTUSED", 
   "ORR", 
   "ANDD", 
   "ORR", 
   "ORR", 
   "ORR", 
   "ORR", 
   "NOTUSED"
  ], 
  "5": [
   "ORR", 
   "ORR", 
   "NOTUSED", 
   "NOTUSED", 
   "NOTUSED", 
   "ORR", 
   "ANDD", 
   "ORR", 
   "ORR", 
   "ANDD", 
   "ORR", 
   "ORR", 
   "ORR", 
   "ANDD", 
   "ANDD"
  ], 
  "4": [
   "ANDD", 
   "ORR", 
   "ORR", 
   "ANDD", 
   "ORR", 
   "NOTUSED", 
   "ANDD", 
   "ORR", 
   "ANDD", 
   "NOTUSED", 
   "NOTUSED", 
   "NOTUSED", 
   "ANDD", 
   "ORR", 
   "ANDD"
  ], 
  "7": [
   "ORR", 
   "ORR", 
   "NOTUSED", 
   "ORR", 
   "ORR", 
   "ORR", 
   "ANDD", 
   "NOTUSED", 
   "ORR", 
   "ORR", 
   "ANDD", 
   "ANDD", 
   "NOTUSED", 
   "NOTUSED", 
   "NOTUSED"
  ], 
  "6": [
   "ANDD", 
   "ORR", 
   "ANDD", 
   "ORR", 
   "ANDD", 
   "ANDD", 
   "ANDD", 
   "ANDD", 
   "ANDD", 
   "ANDD", 
   "ANDD", 
   "ORR", 
   "ORR", 
   "ANDD", 
   "ANDD"
  ], 
  "9": [
   "ANDD", 
   "ORR", 
   "ANDD", 
   "ORR", 
   "NOTUSED", 
   "ANDD", 
   "ANDD", 
   "ORR", 
   "ANDD", 
   "NOTUSED", 
   "NOTUSED", 
   "ORR", 
   "NOTUSED", 
   "ANDD", 
   "ORR"
  ], 
  "8": [
   "ANDD", 
   "ANDD", 
   "ORR", 
   "ANDD", 
   "ANDD", 
   "ORR", 
   "ANDD", 
   "ORR", 
   "ANDD", 
   "ANDD", 
   "NOTUSED", 
   "ANDD", 
   "ORR", 
   "ORR", 
   "ORR"
  ]
 }
}