{
 "random_seed": 2206968482, 
 "PARAMETERS": {
  "RADIUS1": 220430.052, 
  "QUADS": 1, 
  "RADIUS2": 359727.933, 
  "DIST": 812671.426, 
  "F_PTS": 8, 
  "K_PTS": 45, 
  "EPSILON": 2.184, 
  "LENGTH1": 835480.285, 
  "G_PTS": 56, 
  "Q_PTS": 47, 
  "N_PTS": 42, 
  "C_PTS": 40, 
  "AREA2": 724751.334, 
  "LENGTH2": 628882.696, 
  "B_PTS": 46, 
  "D_PTS": 39, 
  "AREA1": 165320.447, 
  "A_PTS": 15, 
  "E_PTS": 64
 }, 
 "NUMPOINTS": 84, 
 "points": [
  [
   603601.963, 
   463357.34
  ], 
  [
   -659905.066, 
   387452.198
  ], 
  [
   -248004.926, 
   433081.928
  ], 
  [
   -320164.267, 
   -694337.657
  ], 
  [
   -939593.52, 
   -489240.795
  ], 
  [
   328914.863, 
   -456604.721
  ], 
  [
   -757682.475, 
   -843489.261
  ], 
  [
   -528993.653, 
   -126020.58
  ], 
  [
   -542514.503, 
   -805928.542
  ], 
  [
   80136.507, 
   -875868.472
  ], 
  [
   -595313.548, 
   -9289.975
  ], 
  [
   991942.693, 
   509729.848
  ], 
  [
   -764055.361, 
   211363.235
  ], 
  [
   994462.08, 
   466117.465
  ], 
  [
   306095.433, 
   539277.198
  ], 
  [
   181831.642, 
   86931.861
  ], 
  [
   10828.124, 
   -886184.98
  ], 
  [
   636240.242, 
   -576956.795
  ], 
  [
   231795.511, 
   550007.812
  ], 
  [
   -544387.457, 
   102887.889
  ], 
  [
   774851.289, 
   -471801.089
  ], 
  [
   -970549.924, 
   -542799.879
  ], 
  [
   387984.138, 
   437782.171
  ], 
  [
   316864.554, 
   991044.734
  ], 
  [
   381612.218, 
   863955.251
  ], 
  [
   -617545.618, 
   599677.282
  ], 
  [
   246427.174, 
   -574645.812
  ], 
  [
   -676510.164, 
   715484.078
  ], 
  [
   -688667.429, 
   -570641.302
  ], 
  [
   204162.151, 
   -939686.673
  ], 
  [
   -711953.362, 
   -779884.744
  ], 
  [
   254845.132, 
   917706.884
  ], 
  [
   143068.465, 
   785296.169
  ], 
  [
   337063.689, 
   -451542.271
  ], 
  [
   -773408.336, 
   -147784.958
  ], 
  [
   -30609.141, 
   947751.451
  ], 
  [
   620843.803, 
   191487.175
  ], 
  [
   501085.279, 
   790721.081
  ], 
  [
   -85858.966, 
   856638.822
  ], 
  [
   -816047.624, 
   -322010.795
  ], 
  [
   255636.53, 
   -148781.284
  ], 
  [
   -298515.088, 
   -541955.755
  ], 
  [
   -649.61, 
   -100156.264
  ], 
  [
   358750.734, 
   -978189.426
  ], 
  [
   -375420.397, 
   620229.358
  ], 
  [
   -740109.662, 
   938501.743
  ], 
  [
   -99264.496, 
   -528641.513
  ], 
  [
   977578.426, 
   -856211.295
  ], 
  [
   679388.338, 
   708003.656
  ], 
  [
   324011.969, 
   -928120.92
  ], 
  [
   -891345.056, 
   433427.259
  ], 
  [
   -659440.795, 
   901366.611
  ], 
  [
   445823.977, 
   484904.131
  ], 
  [
   100866.669, 
   568426.128
  ], 
  [
   780810.808, 
   846794.556
  ], 
  [
   -85375.356, 
   683369.95
  ], 
  [
   -417215.962, 
   -101681.118
  ], 
  [
   -486648.361, 
   805215.503
  ], 
  [
   -780028.602, 
   -418518.059
  ], 
  [
   181980.284, 
   -455118.161
  ], 
  [
   -170080.298, 
   -180435.168
  ], 
  [
   -104113.323, 
   -654283.248
  ], 
  [
   -303535.276, 
   3688.106
  ], 
  [
   138580.056, 
   954754.045
  ], 
  [
   525930.98, 
   -958653.04
  ], 
  [
   -406350.843, 
   -430648.633
  ], 
  [
   -114584.119, 
   266222.508
  ], 
  [
   -728230.688, 
   -211537.289
  ], 
  [
   -435527.542, 
   205449.602
  ], 
  [
   -764527.09, 
   563094.85
  ], 
  [
   -634512.965, 
   949897.228
  ], 
  [
   -678462.913, 
   298185.294
  ], 
  [
   126486.232, 
   -459771.891
  ], 
  [
   -808440.009, 
   -248105.095
  ], 
  [
   -314716.552, 
   -629273.385
  ], 
  [
   894445.019, 
   849822.771
  ], 
  [
   -181082.536, 
   -393200.482
  ], 
  [
   -894034.132, 
   -72314.654
  ], 
  [
   -108908.501, 
   341979.222
  ], 
  [
   -874986.796, 
   468305.692
  ], 
  [
   320507.215, 
   -965603.555
  ], 
  [
   -443785.938, 
   -593489.179
  ], 
  [
   -930174.772, 
   -880530.09
  ], 
  [
   982197.305, 
   -742240.294
  ]
 ], 
 "PUV": [
  true, 
  false, 
  false, 
  true, 
  false, 
  false, 
  true, 
  false, 
  true, 
  true, 
  true, 
  true, 
  false, 
  false, 
  true
 ], 
 "LCM": {
  "11": [
   "NOTUSED", 
   "ANDD", 
   "ORR", 
   "NOTUSED", 
   "ANDD", 
   "ANDD", 
   "ORR", 
   "ANDD", 
   "ANDD", 
   "ANDD", 
   "NOTUSED", 
   "ANDD", 
   "ORR", 
   "NOTUSED", 
   "ORR"
  ], 
  "10": [
   "ORR", 
   "ORR", 
   "ORR", 
   "ANDD", 
   "ANDD", 
   "ORR", 
   "ORR", 
   "ANDD", 
   "NOTUSED", 
   "NOTUSED", 
   "NOTUSED", 
   "NOTUSED", 
   "ANDD", 
   "NOTUSED", 
   "ANDD"
  ], 
  "13": [
   "ANDD", 
   "NOTUSED", 
   "ANDD", 
   "ANDD", 
   "NOTUSED", 
   "ORR", 
   "ANDD", 
   "ANDD", 
   "NOTUSED", 
   "ORR", 
   "NOTUSED", 
   "NOTUSED", 
   "ANDD", 
   "ANDD", 
   "ORR"
  ], 
  "12": [
   "NOTUSED", 
   "NOTUSED", 
   "NOTUSED", 
   "ANDD", 
   "ANDD", 
   "ANDD", 
   "ANDD", 
   "NOTUSED", 
   "ANDD", 
   "NOTUSED", 
   "ANDD", 
   "ORR", 
   "NOTUSED", 
   "ANDD", 
   "ORR"
  ], 
  "14": [
   "NOTUSED", 
   "NOTUSED", 
   "ANDD", 
   "NOTUSED", 
   "ANDD", 
   "ANDD", 
   "ORR", 
   "NOTUSED", 
   "NOTUSED", 
   "NOTUSED", 
   "ANDD", 
   "ORR", 
   "ORR", 
   "ORR", 
   "NOTUSED"
  ], 
  "1": [
   "NOTUSED", 
   "ORR", 
   "ANDD", 
   "ANDD", 
   "ORR", 
   "ANDD", 
   "ANDD", 
   "NOTUSED", 
   "ORR", 
   "ORR", 
   "ORR", 
   "ANDD", 
   "NOTUSED", 
   "NOTUSED", 
   "NOTUSED"
  ], 
  "0": [
   "NOTUSED", 
   "NOTUSED", 
   "ORR", 
   "NOTUSED", 
   "NOTUSED", 
   "ANDD", 
   "NOTUSED", 
   "NOTUSED", 
   "ORR", 
   "ORR", 
   "ORR", 
   "NOTUSED", 
   "NOTUSED", 
   "ANDD", 
   "NOTUSED"
  ], 
  "3": [
   "NOTUSED", 
   "ANDD", 
   "NOTUSED", 
   "ANDD", 
   "ANDD", 
   "ANDD", 
   "ORR", 
   "ANDD", 
   "ORR", 
   "NOTUSED", 
   "ANDD", 
   "NOTUSED", 
   "ANDD", 
   "ANDD", 
   "NOTUSED"
  ], 
  "2": [
   "ORR", 
   "ANDD", 
   "ANDD", 
   "NOTUSED", 
   "NOTUSED", 
   "NOTUSED", 
   "NOTUSED", 
   "NOTUSED", 
   "ANDD", 
   "ORR", 
   "ORR", 
   "ORR", 
   "NOTUSED", 
   "ANDD", 
   "ANDD"
  ], 
  "5": [
   "ANDD", 
   "ANDD", 
   "NOTUSED", 
   "ANDD", 
   "ORR", 
   "NOTUSED", 
   "ANDD", 
   "NOTUSED", 
   "NOTUSED", 
   "NOTUSED", 
   "ORR", 
   "ANDD", 
   "ANDD", 
   "ORR", 
   "ANDD"
  ], 
  "4": [
   "NOTUSED", 
   "ORR", 
   "NOTUSED", 
   "ANDD", 
   "NOTUSED", 
   "ORR", 
   "ANDD", 
   "ORR", 
   "NOTUSED", 
   "ANDD", 
   "ANDD", 
   "ANDD", 
   "ANDD", 
   "NOTUSED", 
   "ANDD"
  ], 
  "7": [
   "NOTUSED", 
   "NOTUSED", 
   "NOTUSED", 
   "ANDD", 
   "ORR", 
   "NOTUSED", 
   "ANDD", 
   "NOTUSED", 
   "ORR", 
   "ORR", 
   "ANDD", 
   "ANDD", 
   "NOTUSED", 
   "ANDD", 
   "NOTUSED"
  ], 
  "6": [
   "NOTUSED", 
   "ANDD", 
   "NOTUSED", 
   "ORR", 
   "ANDD", 
   "ANDD", 
   "NOTUSED", 
   "ANDD", 
   "NOTUSED", 
   "ORR", 
   "ORR", 
   "ORR", 
   "ANDD", 
   "ANDD", 
   "ORR"
  ], 
  "9": [
   "ORR", 
   "ORR", 
   "ORR", 
   "NOTUSED", 
   "ANDD", 
   "NOTUSED", 
   "ORR", 
   "ORR", 
   "NOTUSED", 
   "ORR", 
   "NOTUSED", 
   "ANDD", 
   "NOTUSED", 
   "ORR", 
   "NOTUSED"
  ], 
  "8": [
   "ORR", 
   "ORR", 
   "ANDD", 
   "ORR", 
   "NOTUSED", 
   "NOTUSED", 
   "NOTUSED", 
   "ORR", 
   "ANDD", 
   "NOTUSED", 
   "NOTUSED", 
   "ANDD", 
   "ANDD", 
   "NOTUSED", 
   "NOTUSED"
  ]
 }
}