{
 "random_seed": 3945420848, 
 "PARAMETERS": {
  "RADIUS1": 27103.433, 
  "QUADS": 2, 
  "RADIUS2": 191250.852, 
  "DIST": 956642.02, 
  "F_PTS": 2, 
  "K_PTS": 43, 
  "EPSILON": 1.541, 
  "LENGTH1": 908541.377, 
  "G_PTS": 16, 
  "Q_PTS": 20, 
  "N_PTS": 61, 
  "C_PTS": 87, 
  "AREA2": 793138.857, 
  "LENGTH2": 333757.086, 
  "B_PTS": 8, 
  "D_PTS": 2, 
  "AREA1": 49379.518, 
  "A_PTS": 43, 
  "E_PTS": 53
 }, 
 "NUMPOINTS": 99, 
 "points": [
  [
   -439704.723, 
   742187.384
  ], 
  [
   -509556.929, 
   927840.146
  ], 
  [
   242312.469, 
   -712836.632
  ], 
  [
   -300954.187, 
   434618.013
  ], 
  [
   634767.752, 
   -621167.82
  ], 
  [
   -592475.043, 
   291875.193
  ], 
  [
   -671922.38, 
   -63004.182
  ], 
  [
   955522.816, 
   663869.16
  ], 
  [
   576681.333, 
   163441.929
  ], 
  [
   -181630.218, 
   -431148.414
  ], 
  [
   -762570.643, 
   -846489.695
  ], 
  [
   -427313.563, 
   490274.044
  ], 
  [
   -680854.786, 
   348897.814
  ], 
  [
   -212570.775, 
   739264.063
  ], 
  [
   -661092.241, 
   110404.422
  ], 
  [
   -8687.888, 
   -146657.617
  ], 
  [
   -450052.12, 
   -208412.279
  ], 
  [
   321687.614, 
   -282222.296
  ], 
  [
   239793.952, 
   -354573.715
  ], 
  [
   -989005.984, 
   997744.191
  ], 
  [
   48456.369, 
   -774285.179
  ], 
  [
   39336.191, 
   378357.097
  ], 
  [
   269383.218, 
   -482331.488
  ], 
  [
   500248.276, 
   295235.49
  ], 
  [
   535817.132, 
   718437.261
  ], 
  [
   389365.046, 
   793775.53
  ], 
  [
   146806.032, 
   593464.831
  ], 
  [
   -974600.41, 
   333084.351
  ], 
  [
   421040.421, 
   745871.391
  ], 
  [
   -962527.833, 
   752426.205
  ], 
  [
   124641.893, 
   780888.02
  ], 
  [
   -599213.677, 
   783761.949
  ], 
  [
   40612.735, 
   -120118.686
  ], 
  [
   530656.937, 
   28362.373
  ], 
  [
   936702.797, 
   -833338.184
  ], 
  [
   840243.035, 
   -242845.47
  ], 
  [
   -994691.815, 
   209623.818
  ], 
  [
   112331.01, 
   48588.462
  ], 
  [
   -339251.606, 
   90316.174
  ], 
  [
   227252.407, 
   803804.846
  ], 
  [
   846168.006, 
   482362.645
  ], 
  [
   -989685.323, 
   239707.056
  ], 
  [
   -998608.777, 
   -295530.712
  ], 
  [
   945556.517, 
   862203.957
  ], 
  [
   860374.14, 
   934342.562
  ], 
  [
   -519997.957, 
   -616311.065
  ], 
  [
   -252613.505, 
   102785.536
  ], 
  [
   200525.998, 
   688320.598
  ], 
  [
   -745865.038, 
   394854.898
  ], 
  [
   789373.071, 
   -776525.102
  ], 
  [
   -199488.337, 
   -450029.891
  ], 
  [
   -910729.697, 
   -424361.585
  ], 
  [
   596907.991, 
   -529472.808
  ], 
  [
   -590241.061, 
   700873.912
  ], 
  [
   682631.876, 
   742612.991
  ], 
  [
   -931810.295, 
   -732606.897
  ], 
  [
   -452567.668, 
   -874247.629
  ], 
  [
   30097.463, 
   319396.742
  ], 
  [
   632837.068, 
   54205.134
  ], 
  [
   832925.308, 
   -240155.797
  ], 
  [
   504307.511, 
   -418655.882
  ], 
  [
   -825907.337, 
   -882845.803
  ], 
  [
   -648441.931, 
   -665845.249
  ], 
  [
   858044.988, 
   -35891.497
  ], 
  [
   743731.555, 
   439852.343
  ], 
  [
   -865731.106, 
   -729882.998
  ], 
  [
   -775081.756, 
   -897261.159
  ], 
  [
   -669259.779, 
   -467756.494
  ], 
  [
   9867.002, 
   800066.733
  ], 
  [
   910832.728, 
   -200582.599
  ], 
  [
   -281595.578, 
   629260.418
  ], 
  [
   807637.906, 
   -855717.754
  ], 
  [
   -411191.056, 
   495170.843
  ], 
  [
   -859412.741, 
   467326.055
  ], 
  [
   -863048.111, 
   854910.964
  ], 
  [
   422701.005, 
   182470.081
  ], 
  [
   -925677.16, 
   -809148.407
  ], 
  [
   -89072.551, 
   -674077.293
  ], 
  [
   -90218.217, 
   -827516.913
  ], 
  [
   -33334.366, 
   90604.555
  ], 
  [
   -225859.182, 
   -104605.885
  ], 
  [
   630652.467, 
   957780.34
  ], 
  [
   306081.047, 
   -852349.32
  ], 
  [
   834584.382, 
   -83498.845
  ], 
  [
   -374659.207, 
   -370070.341
  ], 
  [
   -843670.256, 
   -789347.546
  ], 
  [
   -310295.552, 
   705974.93
  ], 
  [
   -769912.231, 
   61061.551
  ], 
  [
   112700.893, 
   374091.497
  ], 
  [
   -997200.69, 
   -920259.78
  ], 
  [
   -562781.523, 
   948740.987
  ], 
  [
   -908976.154, 
   278983.759
  ], 
  [
   -41533.521, 
   566005.193
  ], 
  [
   592326.571, 
   -251309.119
  ], 
  [
   91041.403, 
   -723768.918
  ], 
  [
   517236.453, 
   930104.49
  ], 
  [
   20393.228, 
   -643338.37
  ], 
  [
   919813.063, 
   852818.463
  ], 
  [
   455956.059, 
   -679174.587
  ]
 ], 
 "PUV": [
  true, 
  false, 
  false, 
  true, 
  true, 
  true, 
  false, 
  false, 
  true, 
  false, 
  false, 
  true, 
  true, 
  true, 
  true
 ], 
 "LCM": {
  "11": [
   "NOTUSED", 
   "NOTUSED", 
   "ANDD", 
   "ORR", 
   "ANDD", 
   "NOTUSED", 
   "ORR", 
   "NOTUSED", 
   "ORR", 
   "NOTUSED", 
   "ORR", 
   "NOTUSED", 
   "NOTUSED", 
   "NOTUSED", 
   "NOTUSED"
  ], 
  "10": [
   "ANDD", 
   "ORR", 
   "ORR", 
   "ANDD", 
   "NOTUSED", 
   "NOTUSED", 
   "ORR", 
   "NOTUSED", 
   "ANDD", 
   "ORR", 
   "NOTUSED", 
   "ORR", 
   "NOTUSED", 
   "NOTUSED", 
   "ANDD"
  ], 
  "13": [
   "ORR", 
   "ANDD", 
   "NOTUSED", 
   "ORR", 
   "ORR", 
   "ORR", 
   "ORR", 
   "NOTUSED", 
   "ORR", 
   "ANDD", 
   "NOTUSED", 
   "NOTUSED", 
   "ORR", 
   "ORR", 
   "ORR"
  ], 
  "12": [
   "NOTUSED", 
   "ORR", 
   "NOTUSED", 
   "ANDD", 
   "ANDD", 
   "ANDD", 
   "NOTUSED", 
   "ORR", 
   "ORR", 
   "NOTUSED", 
   "NOTUSED", 
   "NOTUSED", 
   "NOTUSED", 
   "ORR", 
   "ORR"
  ], 
  "14": [
   "ANDD", 
   "ORR", 
   "ANDD", 
   "ORR", 
   "ORR", 
   "ANDD", 
   "NOTUSED", 
   "ANDD", 
   "NOTUSED", 
   "ORR", 
   "ANDD", 
   "NOTUSED", 
   "ORR", 
   "ORR", 
   "ANDD"
  ], 
  "1": [
   "NOTUSED", 
   "ORR", 
   "ANDD", 
   "NOTUSED", 
   "NOTUSED", 
   "ORR", 
   "ORR", 
   "ANDD", 
   "ANDD", 
   "ORR", 
   "ORR", 
   "NOTUSED", 
   "ORR", 
   "ANDD", 
   "ORR"
  ], 
  "0": [
   "ORR", 
   "NOTUSED", 
   "ORR", 
   "ANDD", 
   "NOTUSED", 
   "NOTUSED", 
   "ORR", 
   "ORR", 
   "NOTUSED", 
   "NOTUSED", 
   "ANDD", 
   "NOTUSED", 
   "NOTUSED", 
   "ORR", 
   "ANDD"
  ], 
  "3": [
   "ANDD", 
   "NOTUSED", 
   "ANDD", 
   "ANDD", 
   "ORR", 
   "ORR", 
   "ORR", 
   "ANDD", 
   "ORR", 
   "NOTUSED", 
   "ANDD", 
   "ORR", 
   "ANDD", 
   "ORR", 
   "ORR"
  ], 
  "2": [
   "ORR", 
   "ANDD", 
   "NOTUSED", 
   "ANDD", 
   "ANDD", 
   "ANDD", 
   "NOTUSED", 
   "NOTUSED", 
   "NOTUSED", 
   "ORR", 
   "ORR", 
   "ANDD", 
   "NOTUSED", 
   "NOTUSED", 
   "ANDD"
  ], 
  "5": [
   "NOTUSED", 
   "ORR", 
   "ANDD", 
   "ORR", 
   "NOTUSED", 
   "NOTUSED", 
   "NOTUSED", 
   "ORR", 
   "ORR", 
   "ORR", 
   "NOTUSED", 
   "NOTUSED", 
   "ANDD", 
   "ORR", 
   "ANDD"
  ], 
  "4": [
   "NOTUSED", 
   "NOTUSED", 
   "ANDD", 
   "ORR", 
   "ORR", 
   "NOTUSED", 
   "NOTUSED", 
   "NOTUSED", 
   "ANDD", 
   "NOTUSED", 
   "NOTUSED", 
   "ANDD", 
   "ANDD", 
   "ORR", 
   "ORR"
  ], 
  "7": [
   "ORR", 
   "ANDD", 
   "NOTUSED", 
   "ANDD", 
   "NOTUSED", 
   "ORR", 
   "ANDD", 
   "ANDD", 
   "ORR", 
   "ANDD", 
   "NOTUSED", 
   "NOTUSED", 
   "ORR", 
   "NOTUSED", 
   "ANDD"
  ], 
  "6": [
   "ORR", 
   "ORR", 
   "NOTUSED", 
   "ORR", 
   "NOTUSED", 
   "NOTUSED", 
   "ORR", 
   "ANDD", 
   "ANDD", 
   "NOTUSED", 
   "ORR", 
   "ORR", 
   "NOTUSED", 
   "ORR", 
   "NOTUSED"
  ], 
  "9": [
   "NOTUSED", 
   "ORR", 
   "ORR", 
   "NOTUSED", 
   "NOTUSED", 
   "ORR", 
   "NOTUSED", 
   "ANDD", 
   "NOTUSED", 
   "ANDD", 
   "ORR", 
   "NOTUSED", 
   "NOTUSED", 
   "ANDD", 
   "ORR"
  ], 
  "8": [
   "NOTUSED", 
   "ANDD", 
   "NOTUSED", 
   "ORR", 
   "ANDD", 
   "ORR", 
   "ANDD", 
   "ORR", 
   "ANDD", 
   "NOTUSED", 
   "ANDD", 
   "ORR", 
   "ORR", 
   "ORR", 
   "NOTUSED"
  ]
 }
}