{
 "random_seed": 752102916, 
 "PARAMETERS": {
  "RADIUS1": 542026.087, 
  "QUADS": 1, 
  "RADIUS2": 823568.436, 
  "DIST": 871794.947, 
  "F_PTS": 31, 
  "K_PTS": 14, 
  "EPSILON": 0.114, 
  "LENGTH1": 226656.642, 
  "G_PTS": 25, 
  "Q_PTS": 84, 
  "N_PTS": 3, 
  "C_PTS": 3, 
  "AREA2": 823398.768, 
  "LENGTH2": 434534.706, 
  "B_PTS": 38, 
  "D_PTS": 10, 
  "AREA1": 513309.383, 
  "A_PTS": 22, 
  "E_PTS": 7
 }, 
 "NUMPOINTS": 86, 
 "points": [
  [
   -183760.921, 
   596062.928
  ], 
  [
   113172.702, 
   -781934.206
  ], 
  [
   912433.963, 
   336534.649
  ], 
  [
   -523616.871, 
   -775000.665
  ], 
  [
   -352504.068, 
   -558925.636
  ], 
  [
   893641.011, 
   105872.665
  ], 
  [
   -68969.446, 
   579211.998
  ], 
  [
   -249767.773, 
   -186956.877
  ], 
  [
   -752178.364, 
   -516434.229
  ], 
  [
   -707904.231, 
   -607758.313
  ], 
  [
   -265458.378, 
   139301.096
  ], 
  [
   815041.608, 
   -454167.209
  ], 
  [
   -986489.993, 
   -541106.715
  ], 
  [
   937547.396, 
   -58524.654
  ], 
  [
   -747232.206, 
   575980.754
  ], 
  [
   463437.182, 
   22999.799
  ], 
  [
   574231.776, 
   149662.083
  ], 
  [
   -752209.744, 
   -236941.839
  ], 
  [
   737502.955, 
   -294238.824
  ], 
  [
   54947.81, 
   156197.631
  ], 
  [
   -432737.151, 
   331668.479
  ], 
  [
   -294437.702, 
   -498533.819
  ], 
  [
   767196.531, 
   -47788.533
  ], 
  [
   -315011.722, 
   -67481.379
  ], 
  [
   459202.705, 
   3601.36
  ], 
  [
   484851.772, 
   527627.189
  ], 
  [
   360539.114, 
   -34109.063
  ], 
  [
   -932899.164, 
   -756179.88
  ], 
  [
   125130.449, 
   559746.383
  ], 
  [
   550694.3, 
   445112.009
  ], 
  [
   -895342.321, 
   -540106.827
  ], 
  [
   -337117.851, 
   62836.849
  ], 
  [
   -861126.858, 
   459557.96
  ], 
  [
   -51149.471, 
   -590335.403
  ], 
  [
   -20126.452, 
   197266.291
  ], 
  [
   -836860.175, 
   121642.588
  ], 
  [
   883669.465, 
   742874.93
  ], 
  [
   330338.816, 
   834528.717
  ], 
  [
   -650795.841, 
   -245228.672
  ], 
  [
   -812888.079, 
   538473.995
  ], 
  [
   517598.878, 
   -767432.599
  ], 
  [
   664535.494, 
   913701.467
  ], 
  [
   699957.331, 
   -922415.087
  ], 
  [
   940601.709, 
   520612.085
  ], 
  [
   -999885.065, 
   -371055.018
  ], 
  [
   838227.335, 
   -515773.098
  ], 
  [
   -492176.11, 
   454418.905
  ], 
  [
   -585544.773, 
   848703.446
  ], 
  [
   -668938.682, 
   -795591.393
  ], 
  [
   -249505.31, 
   705106.655
  ], 
  [
   61205.278, 
   290592.002
  ], 
  [
   828546.779, 
   -162094.245
  ], 
  [
   162666.622, 
   194722.231
  ], 
  [
   -811847.226, 
   -880512.184
  ], 
  [
   988179.275, 
   -978978.139
  ], 
  [
   -283802.611, 
   682899.806
  ], 
  [
   2053.633, 
   -169829.02
  ], 
  [
   214516.043, 
   68074.179
  ], 
  [
   -253004.657, 
   -718016.816
  ], 
  [
   -518566.888, 
   -452033.857
  ], 
  [
   192874.822, 
   -306962.167
  ], 
  [
   131873.35, 
   541491.097
  ], 
  [
   486129.506, 
   -530416.756
  ], 
  [
   951620.232, 
   -42028.069
  ], 
  [
   -139746.81, 
   -562169.673
  ], 
  [
   227861.935, 
   188264.69
  ], 
  [
   -799332.238, 
   211041.889
  ], 
  [
   31820.856, 
   -890323.647
  ], 
  [
   -974677.77, 
   -576777.911
  ], 
  [
   337424.893, 
   -810887.685
  ], 
  [
   -504267.909, 
   -89872.071
  ], 
  [
   422075.411, 
   331931.84
  ], 
  [
   696561.86, 
   124259.562
  ], 
  [
   734996.772, 
   -589011.668
  ], 
  [
   -297761.452, 
   -394164.266
  ], 
  [
   623642.318, 
   -761790.329
  ], 
  [
   -935697.151, 
   154920.021
  ], 
  [
   397993.672, 
   -907432.827
  ], 
  [
   -271123.114, 
   -818428.173
  ], 
  [
   928348.48, 
   943347.389
  ], 
  [
   -466579.605, 
   -536420.074
  ], 
  [
   -338676.244, 
   41614.389
  ], 
  [
   824387.346, 
   833430.521
  ], 
  [
   -823617.045, 
   -718621.267
  ], 
  [
   46758.219, 
   337520.492
  ], 
  [
   -633360.935, 
   589614.397
  ]
 ], 
 "PUV": [
  true, 
  true, 
  true, 
  true, 
  false, 
  false, 
  false, 
  true, 
  false, 
  false, 
  true, 
  true, 
  true, 
  true, 
  false
 ], 
 "LCM": {
  "11": [
   "ANDD", 
   "NOTUSED", 
   "NOTUSED", 
   "NOTUSED", 
   "ORR", 
   "ANDD", 
   "ANDD", 
   "ORR", 
   "NOTUSED", 
   "ORR", 
   "NOTUSED", 
   "ANDD", 
   "ORR", 
   "NOTUSED", 
   "NOTUSED"
  ], 
  "10": [
   "ANDD", 
   "NOTUSED", 
   "ORR", 
   "ANDD", 
   "NOTUSED", 
   "ORR", 
   "ORR", 
   "ORR", 
   "ORR", 
   "ORR", 
   "NOTUSED", 
   "NOTUSED", 
   "ORR", 
   "ORR", 
   "NOTUSED"
  ], 
  "13": [
   "ORR", 
   "NOTUSED", 
   "ANDD", 
   "NOTUSED", 
   "NOTUSED", 
   "ORR", 
   "ORR", 
   "ORR", 
   "ANDD", 
   "ANDD", 
   "ORR", 
   "NOTUSED", 
   "ANDD", 
   "ORR", 
   "ORR"
  ], 
  "12": [
   "NOTUSED", 
   "ORR", 
   "ANDD", 
   "ORR", 
   "ORR", 
   "NOTUSED", 
   "ANDD", 
   "ANDD", 
   "NOTUSED", 
   "NOTUSED", 
   "ORR", 
   "ORR", 
   "ORR", 
   "ANDD", 
   "NOTUSED"
  ], 
  "14": [
   "ORR", 
   "NOTUSED", 
   "ORR", 
   "ANDD", 
   "ORR", 
   "ORR", 
   "ANDD", 
   "ORR", 
   "ORR", 
   "NOTUSED", 
   "NOTUSED", 
   "NOTUSED", 
   "NOTUSED", 
   "ORR", 
   "ANDD"
  ], 
  "1": [
   "ANDD", 
   "ORR", 
   "ANDD", 
   "NOTUSED", 
   "NOTUSED", 
   "ORR", 
   "NOTUSED", 
   "ANDD", 
   "ANDD", 
   "NOTUSED", 
   "NOTUSED", 
   "NOTUSED", 
   "ORR", 
   "NOTUSED", 
   "NOTUSED"
  ], 
  "0": [
   "NOTUSED", 
   "ANDD", 
   "ANDD", 
   "NOTUSED", 
   "ANDD", 
   "ORR", 
   "NOTUSED", 
   "ANDD", 
   "ORR", 
   "ANDD", 
   "ANDD", 
   "ANDD", 
   "NOTUSED", 
   "ORR", 
   "ORR"
  ], 
  "3": [
   "NOTUSED", 
   "NOTUSED", 
   "ANDD", 
   "NOTUSED", 
   "NOTUSED", 
   "ORR", 
   "ORR", 
   "ANDD", 
   "NOTUSED", 
   "ORR", 
   "ANDD", 
   "NOTUSED", 
   "ORR", 
   "NOTUSED", 
   "ANDD"
  ], 
  "2": [
   "ANDD", 
   "ANDD", 
   "ORR", 
   "ANDD", 
   "NOTUSED", 
   "NOTUSED", 
   "ORR", 
   "ORR", 
   "ORR", 
   "NOTUSED", 
   "ORR", 
   "NOTUSED", 
   "ANDD", 
   "ANDD", 
   "ORR"
  ], 
  "5": [
   "ORR", 
   "ORR", 
   "NOTUSED", 
   "ORR", 
   "NOTUSED", 
   "ORR", 
   "NOTUSED", 
   "ANDD", 
   "NOTUSED", 
   "ORR", 
   "ORR", 
   "ANDD", 
   "NOTUSED", 
   "ORR", 
   "ORR"
  ], 
  "4": [
   "ANDD", 
   "NOTUSED", 
   "NOTUSED", 
   "NOTUSED", 
   "ORR", 
   "NOTUSED", 
   "ORR", 
   "ORR", 
   "NOTUSED", 
   "NOTUSED", 
   "NOTUSED", 
   "ORR", 
   "ORR", 
   "NOTUSED", 
   "ORR"
  ], 
  "7": [
   "ANDD", 
   "ANDD", 
   "ORR", 
   "ANDD", 
   "ORR", 
   "ANDD", 
   "NOTUSED", 
   "NOTUSED", 
   "NOTUSED", 
   "ORR", 
   "ORR", 
   "ORR", 
   "ANDD", 
   "ORR", 
   "ORR"
  ], 
  "6": [
   "NOTUSED", 
   "NOTUSED", 
   "ORR", 
   "ORR", 
   "ORR", 
   "NOTUSED", 
   "ORR", 
   "NOTUSED", 
   "ANDD", 
   "ANDD", 
   "ORR", 
   "ANDD", 
   "ANDD", 
   "ORR", 
   "ANDD"
  ], 
  "9": [
   "ANDD", 
   "NOTUSED", 
   "NOTUSED", 
   "ORR", 
   "NOTUSED", 
   "ORR", 
   "ANDD", 
   "ORR", 
   "NOTUSED", 
   "ORR", 
   "ORR", 
   "ORR", 
   "NOTUSED", 
   "ANDD", 
   "NOTUSED"
  ], 
  "8": [
   "ORR", 
   "ANDD", 
   "ORR", 
   "NOTUSED", 
   "NOTUSED", 
   "NOTUSED", 
   "ANDD", 
   "NOTUSED", 
   "NOTUSED", 
   "NOTUSED", 
   "ORR", 
   "NOTUSED", 
   "NOTUSED", 
   "ANDD", 
   "ORR"
  ]
 }
}