{
 "random_seed": 892143076, 
 "PARAMETERS": {
  "RADIUS1": 812905.632, 
  "QUADS": 2, 
  "RADIUS2": 277512.989, 
  "DIST": 633054.039, 
  "F_PTS": 33, 
  "K_PTS": 46, 
  "EPSILON": 0.122, 
  "LENGTH1": 667382.627, 
  "G_PTS": 14, 
  "Q_PTS": 74, 
  "N_PTS": 62, 
  "C_PTS": 27, 
  "AREA2": 723841.849, 
  "LENGTH2": 715255.816, 
  "B_PTS": 36, 
  "D_PTS": 11, 
  "AREA1": 389808.71, 
  "A_PTS": 1, 
  "E_PTS": 33
 }, 
 "NUMPOINTS": 92, 
 "points": [
  [
   -291718.399, 
   140893.201
  ], 
  [
   -724765.784, 
   -887178.482
  ], 
  [
   -613085.652, 
   -220208.136
  ], 
  [
   -795356.976, 
   -438873.093
  ], 
  [
   282881.538, 
   259912.919
  ], 
  [
   -931072.262, 
   153509.41
  ], 
  [
   778581.891, 
   -372900.252
  ], 
  [
   47316.185, 
   666795.187
  ], 
  [
   -40566.407, 
   378844.633
  ], 
  [
   332658.824, 
   764002.808
  ], 
  [
   709144.321, 
   69536.058
  ], 
  [
   -422724.93, 
   827133.088
  ], 
  [
   -981924.326, 
   -118613.526
  ], 
  [
   152861.965, 
   171104.095
  ], 
  [
   143460.947, 
   -357985.207
  ], 
  [
   -5932.498, 
   844071.881
  ], 
  [
   -40062.677, 
   -278952.581
  ], 
  [
   568194.49, 
   -504523.53
  ], 
  [
   986755.564, 
   -32912.566
  ], 
  [
   -357155.922, 
   -998114.425
  ], 
  [
   -947392.109, 
   -31632.565
  ], 
  [
   -574380.21, 
   -406529.894
  ], 
  [
   456405.953, 
   771334.906
  ], 
  [
   -225780.632, 
   277344.509
  ], 
  [
   -104938.627, 
   9249.995
  ], 
  [
   770580.295, 
   -707629.845
  ], 
  [
   757226.406, 
   -254254.216
  ], 
  [
   351446.38, 
   -206144.579
  ], 
  [
   37385.441, 
   -705947.852
  ], 
  [
   613048.978, 
   -428828.314
  ], 
  [
   -686767.261, 
   811456.238
  ], 
  [
   811771.567, 
   -966449.504
  ], 
  [
   -83587.856, 
   37543.389
  ], 
  [
   -87407.086, 
   635640.516
  ], 
  [
   -355555.516, 
   -348222.008
  ], 
  [
   -517162.829, 
   -722166.0
  ], 
  [
   -423277.103, 
   874267.685
  ], 
  [
   -545107.654, 
   649028.675
  ], 
  [
   383339.862, 
   479835.959
  ], 
  [
   -488116.661, 
   497934.03
  ], 
  [
   -512550.384, 
   402271.984
  ], 
  [
   413564.712, 
   625578.995
  ], 
  [
   -378039.387, 
   -702964.433
  ], 
  [
   -315044.057, 
   88078.464
  ], 
  [
   584535.032, 
   -394412.221
  ], 
  [
   -869717.37, 
   963614.065
  ], 
  [
   169977.861, 
   396.857
  ], 
  [
   312629.548, 
   444266.295
  ], 
  [
   252905.367, 
   -232789.305
  ], 
  [
   820145.355, 
   -849383.551
  ], 
  [
   179651.787, 
   -322326.356
  ], 
  [
   672302.469, 
   584218.451
  ], 
  [
   163422.972, 
   200168.6
  ], 
  [
   -179487.939, 
   265507.523
  ], 
  [
   -902711.87, 
   656993.645
  ], 
  [
   868658.859, 
   583168.779
  ], 
  [
   -292690.656, 
   536685.013
  ], 
  [
   503332.811, 
   -786439.19
  ], 
  [
   -815166.601, 
   -21819.562
  ], 
  [
   -747928.564, 
   264366.677
  ], 
  [
   321695.398, 
   467986.332
  ], 
  [
   -805949.028, 
   575831.742
  ], 
  [
   355457.143, 
   -450100.905
  ], 
  [
   891758.413, 
   275432.463
  ], 
  [
   -710812.909, 
   402829.582
  ], 
  [
   819702.914, 
   242212.496
  ], 
  [
   -282965.858, 
   -798013.536
  ], 
  [
   -412852.24, 
   -468959.75
  ], 
  [
   -868012.497, 
   -447605.69
  ], 
  [
   -255832.863, 
   -240906.868
  ], 
  [
   48264.869, 
   -777701.914
  ], 
  [
   653170.208, 
   -57225.915
  ], 
  [
   -164229.769, 
   818615.359
  ], 
  [
   800436.97, 
   -781682.445
  ], 
  [
   -109082.035, 
   -450629.087
  ], 
  [
   432262.261, 
   -861626.8
  ], 
  [
   279114.362, 
   -881687.969
  ], 
  [
   734481.595, 
   -514515.673
  ], 
  [
   174560.928, 
   98261.814
  ], 
  [
   -884593.962, 
   649141.969
  ], 
  [
   720500.152, 
   789843.058
  ], 
  [
   -687772.822, 
   -600391.275
  ], 
  [
   290070.057, 
   -526588.837
  ], 
  [
   -936477.695, 
   126570.428
  ], 
  [
   -151346.903, 
   -753665.242
  ], 
  [
   -355383.419, 
   6993.25
  ], 
  [
   -615340.899, 
   523855.544
  ], 
  [
   100993.629, 
   -287660.145
  ], 
  [
   -691723.912, 
   962693.579
  ], 
  [
   -935314.489, 
   -924221.582
  ], 
  [
   399984.645, 
   -51044.796
  ], 
  [
   207859.949, 
   232469.663
  ]
 ], 
 "PUV": [
  true, 
  true, 
  false, 
  false, 
  true, 
  false, 
  true, 
  true, 
  true, 
  false, 
  false, 
  true, 
  true, 
  false, 
  true
 ], 
 "LCM": {
  "11": [
   "ORR", 
   "ORR", 
   "ORR", 
   "ANDD", 
   "NOTUSED", 
   "NOTUSED", 
   "ANDD", 
   "ORR", 
   "ORR", 
   "ORR", 
   "ORR", 
   "ORR", 
   "ORR", 
   "ANDD", 
   "ORR"
  ], 
  "10": [
   "ORR", 
   "NOTUSED", 
   "ORR", 
   "ORR", 
   "ORR", 
   "ORR", 
   "NOTUSED", 
   "ORR", 
   "ORR", 
   "ANDD", 
   "ANDD", 
   "ORR", 
   "ORR", 
   "ANDD", 
   "ANDD"
  ], 
  "13": [
   "NOTUSED", 
   "NOTUSED", 
   "ANDD", 
   "NOTUSED", 
   "ORR", 
   "NOTUSED", 
   "ORR", 
   "ANDD", 
   "ORR", 
   "ORR", 
   "ANDD", 
   "ANDD", 
   "ANDD", 
   "ANDD", 
   "ORR"
  ], 
  "12": [
   "ORR", 
   "ANDD", 
   "ANDD", 
   "ANDD", 
   "NOTUSED", 
   "ORR", 
   "NOTUSED", 
   "ORR", 
   "NOTUSED", 
   "ORR", 
   "ORR", 
   "ORR", 
   "ORR", 
   "ANDD", 
   "NOTUSED"
  ], 
  "14": [
   "ORR", 
   "ORR", 
   "NOTUSED", 
   "ANDD", 
   "ANDD", 
   "ORR", 
   "ANDD", 
   "ANDD", 
   "ANDD", 
   "ORR", 
   "ANDD", 
   "ORR", 
   "NOTUSED", 
   "ORR", 
   "NOTUSED"
  ], 
  "1": [
   "ORR", 
   "NOTUSED", 
   "ANDD", 
   "ANDD", 
   "ANDD", 
   "ANDD", 
   "ORR", 
   "NOTUSED", 
   "ANDD", 
   "NOTUSED", 
   "NOTUSED", 
   "ORR", 
   "ANDD", 
   "NOTUSED", 
   "ORR"
  ], 
  "0": [
   "ORR", 
   "ORR", 
   "ANDD", 
   "NOTUSED", 
   "NOTUSED", 
   "ORR", 
   "ORR", 
   "ORR", 
   "NOTUSED", 
   "ORR", 
   "ORR", 
   "ORR", 
   "ORR", 
   "NOTUSED", 
   "ORR"
  ], 
  "3": [
   "NOTUSED", 
   "ANDD", 
   "NOTUSED", 
   "NOTUSED", 
   "NOTUSED", 
   "ANDD", 
   "ORR", 
   "ORR", 
   "NOTUSED", 
   "ORR", 
   "ORR", 
   "ANDD", 
   "ANDD", 
   "NOTUSED", 
   "ANDD"
  ], 
  "2": [
   "ANDD", 
   "ANDD", 
   "NOTUSED", 
   "NOTUSED", 
   "ANDD", 
   "ANDD", 
   "NOTUSED", 
   "NOTUSED", 
   "ORR", 
   "NOTUSED", 
   "ORR", 
   "ORR", 
   "ANDD", 
   "ANDD", 
   "NOTUSED"
  ], 
  "5": [
   "ORR", 
   "ANDD", 
   "ANDD", 
   "ANDD", 
   "ANDD", 
   "NOTUSED", 
   "ANDD", 
   "ORR", 
   "ORR", 
   "ANDD", 
   "ORR", 
   "NOTUSED", 
   "ORR", 
   "NOTUSED", 
   "ORR"
  ], 
  "4": [
   "NOTUSED", 
   "ANDD", 
   "ANDD", 
   "NOTUSED", 
   "ANDD", 
   "ANDD", 
   "NOTUSED", 
   "NOTUSED", 
   "ANDD", 
   "ANDD", 
   "ORR", 
   "NOTUSED", 
   "NOTUSED", 
   "ORR", 
   "ANDD"
  ], 
  "7": [
   "ORR", 
   "NOTUSED", 
   "NOTUSED", 
   "ORR", 
   "NOTUSED", 
   "ORR", 
   "ANDD", 
   "ANDD", 
   "ANDD", 
   "NOTUSED", 
   "ORR", 
   "ORR", 
   "ORR", 
   "ANDD", 
   "ANDD"
  ], 
  "6": [
   "ORR", 
   "ORR", 
   "NOTUSED", 
   "ORR", 
   "NOTUSED", 
   "ANDD", 
   "ORR", 
   "ANDD", 
   "ORR", 
   "ORR", 
   "NOTUSED", 
   "ANDD", 
   "NOTUSED", 
   "ORR", 
   "ANDD"
  ], 
  "9": [
   "ORR", 
   "NOTUSED", 
   "NOTUSED", 
   "ORR", 
   "ANDD", 
   "ANDD", 
   "ORR", 
   "NOTUSED", 
   "ANDD", 
   "ORR", 
   "ANDD", 
   "ORR", 
   "ORR", 
   "ORR", 
   "ORR"
  ], 
  "8": [
   "NOTUSED", 
   "ANDD", 
   "ORR", 
   "NOTUSED", 
   "ANDD", 
   "ORR", 
   "ORR", 
   "ANDD", 
   "ANDD", 
   "ANDD", 
   "ORR", 
   "ORR", 
   "NOTUSED", 
   "ORR", 
   "ANDD"
  ]
 }
}