{
 "random_seed": 981222172, 
 "PARAMETERS": {
  "RADIUS1": 418586.217, 
  "QUADS": 1, 
  "RADIUS2": 589111.134, 
  "DIST": 215028.428, 
  "F_PTS": 62, 
  "K_PTS": 72, 
  "EPSILON": 1.229, 
  "LENGTH1": 666662.748, 
  "G_PTS": 40, 
  "Q_PTS": 55, 
  "N_PTS": 10, 
  "C_PTS": 9, 
  "AREA2": 469222.371, 
  "LENGTH2": 513005.705, 
  "B_PTS": 26, 
  "D_PTS": 11, 
  "AREA1": 261335.684, 
  "A_PTS": 18, 
  "E_PTS": 21
 }, 
 "NUMPOINTS": 88, 
 "points": [
  [
   624874.062, 
   -173016.142
  ], 
  [
   83387.869, 
   461453.863
  ], 
  [
   -28229.567, 
   -654392.437
  ], 
  [
   715049.061, 
   198683.012
  ], 
  [
   34127.841, 
   570610.778
  ], 
  [
   975278.883, 
   -877547.638
  ], 
  [
   116903.431, 
   110907.974
  ], 
  [
   113146.736, 
   -13557.547
  ], 
  [
   540983.498, 
   -838030.605
  ], 
  [
   -822608.816, 
   -574757.583
  ], 
  [
   733116.396, 
   -70448.835
  ], 
  [
   -76349.773, 
   121540.586
  ], 
  [
   -560669.425, 
   -939443.718
  ], 
  [
   331999.078, 
   107910.876
  ], 
  [
   -192625.824, 
   437577.26
  ], 
  [
   479289.453, 
   -576412.299
  ], 
  [
   -730677.625, 
   822890.743
  ], 
  [
   465458.427, 
   819703.903
  ], 
  [
   -32698.143, 
   50252.322
  ], 
  [
   -296501.783, 
   970276.213
  ], 
  [
   -557676.428, 
   960677.797
  ], 
  [
   200885.542, 
   -874581.85
  ], 
  [
   468308.386, 
   -625222.6
  ], 
  [
   -69005.867, 
   -957239.754
  ], 
  [
   903119.232, 
   104192.837
  ], 
  [
   24414.757, 
   703733.374
  ], 
  [
   273797.331, 
   367239.725
  ], 
  [
   -978295.887, 
   108036.97
  ], 
  [
   691488.539, 
   -199000.933
  ], 
  [
   641101.279, 
   242472.484
  ], 
  [
   -946300.431, 
   709023.561
  ], 
  [
   -274688.23, 
   36716.618
  ], 
  [
   744763.231, 
   -573076.649
  ], 
  [
   -724890.276, 
   118395.692
  ], 
  [
   972964.543, 
   823537.376
  ], 
  [
   400597.703, 
   796479.024
  ], 
  [
   -745205.357, 
   -278577.137
  ], 
  [
   16992.412, 
   678918.767
  ], 
  [
   865897.408, 
   -610787.678
  ], 
  [
   -995281.882, 
   225008.086
  ], 
  [
   802602.32, 
   -209923.644
  ], 
  [
   -449129.301, 
   367087.901
  ], 
  [
   20664.799, 
   390036.037
  ], 
  [
   381286.472, 
   -449399.612
  ], 
  [
   -980838.079, 
   -160326.385
  ], 
  [
   -544554.667, 
   -665493.638
  ], 
  [
   -401877.534, 
   109785.547
  ], 
  [
   -846618.717, 
   -620831.739
  ], 
  [
   511398.179, 
   609291.577
  ], 
  [
   -209773.114, 
   220480.319
  ], 
  [
   957509.677, 
   804926.966
  ], 
  [
   383778.628, 
   964064.469
  ], 
  [
   385213.703, 
   -656464.071
  ], 
  [
   607955.609, 
   794360.008
  ], 
  [
   759419.127, 
   878947.403
  ], 
  [
   -732307.248, 
   700607.404
  ], 
  [
   -234809.159, 
   -759151.314
  ], 
  [
   656891.584, 
   -994971.006
  ], 
  [
   64141.041, 
   915405.014
  ], 
  [
   -800308.034, 
   384705.447
  ], 
  [
   133935.967, 
   635063.655
  ], 
  [
   970285.898, 
   71954.452
  ], 
  [
   182079.1, 
   -99308.613
  ], 
  [
   376285.694, 
   -260269.101
  ], 
  [
   -315062.782, 
   -718555.581
  ], 
  [
   -302335.851, 
   -414888.753
  ], 
  [
   618240.693, 
   904157.736
  ], 
  [
   -991072.098, 
   -575865.49
  ], 
  [
   335527.644, 
   -468635.141
  ], 
  [
   -642595.36, 
   -448494.278
  ], 
  [
   727393.764, 
   103347.288
  ], 
  [
   775867.718, 
   -954286.722
  ], 
  [
   547816.312, 
   941138.677
  ], 
  [
   544218.201, 
   -533849.254
  ], 
  [
   934910.552, 
   -747892.386
  ], 
  [
   -380076.787, 
   441045.745
  ], 
  [
   188938.245, 
   -367221.445
  ], 
  [
   -926864.878, 
   -944772.494
  ], 
  [
   953357.955, 
   -634448.825
  ], 
  [
   -121816.343, 
   598151.796
  ], 
  [
   931543.624, 
   -808967.794
  ], 
  [
   18501.655, 
   -396897.605
  ], 
  [
   -641544.395, 
   -723984.664
  ], 
  [
   -528982.258, 
   74676.164
  ], 
  [
   702984.874, 
   -11710.197
  ], 
  [
   273743.161, 
   693894.967
  ], 
  [
   -483122.496, 
   341200.691
  ], 
  [
   -679319.841, 
   -38963.283
  ]
 ], 
 "PUV": [
  true, 
  true, 
  false, 
  false, 
  true, 
  true, 
  false, 
  false, 
  true, 
  false, 
  true, 
  true, 
  false, 
  false, 
  false
 ], 
 "LCM": {
  "11": [
   "ORR", 
   "NOTUSED", 
   "NOTUSED", 
   "ORR", 
   "ANDD", 
   "ORR", 
   "NOTUSED", 
   "ANDD", 
   "ORR", 
   "ORR", 
   "ORR", 
   "ORR", 
   "ORR", 
   "ORR", 
   "NOTUSED"
  ], 
  "10": [
   "NOTUSED", 
   "ANDD", 
   "NOTUSED", 
   "ORR", 
   "NOTUSED", 
   "ANDD", 
   "ANDD", 
   "ORR", 
   "ANDD", 
   "ORR", 
   "ANDD", 
   "ORR", 
   "NOTUSED", 
   "ANDD", 
   "ORR"
  ], 
  "13": [
   "ORR", 
   "NOTUSED", 
   "NOTUSED", 
   "ORR", 
   "ANDD", 
   "ORR", 
   "NOTUSED", 
   "ORR", 
   "NOTUSED", 
   "ANDD", 
   "ANDD", 
   "ORR", 
   "ANDD", 
   "NOTUSED", 
   "ORR"
  ], 
  "12": [
   "ORR", 
   "ANDD", 
   "NOTUSED", 
   "ANDD", 
   "ORR", 
   "NOTUSED", 
   "ORR", 
   "ORR", 
   "ORR", 
   "NOTUSED", 
   "NOTUSED", 
   "ORR", 
   "NOTUSED", 
   "ANDD", 
   "NOTUSED"
  ], 
  "14": [
   "ANDD", 
   "ANDD", 
   "ORR", 
   "ORR", 
   "NOTUSED", 
   "ANDD", 
   "ANDD", 
   "ANDD", 
   "NOTUSED", 
   "NOTUSED", 
   "ORR", 
   "NOTUSED", 
   "NOTUSED", 
   "ORR", 
   "ANDD"
  ], 
  "1": [
   "ANDD", 
   "ANDD", 
   "ANDD", 
   "NOTUSED", 
   "NOTUSED", 
   "ANDD", 
   "ANDD", 
   "ANDD", 
   "ORR", 
   "ORR", 
   "ANDD", 
   "NOTUSED", 
   "ANDD", 
   "NOTUSED", 
   "ANDD"
  ], 
  "0": [
   "NOTUSED", 
   "ANDD", 
   "ANDD", 
   "NOTUSED", 
   "ORR", 
   "ANDD", 
   "ANDD", 
   "ANDD", 
   "ORR", 
   "ORR", 
   "NOTUSED", 
   "ORR", 
   "ORR", 
   "ORR", 
   "ANDD"
  ], 
  "3": [
   "NOTUSED", 
   "NOTUSED", 
   "NOTUSED", 
   "NOTUSED", 
   "ANDD", 
   "ANDD", 
   "ANDD", 
   "ANDD", 
   "NOTUSED", 
   "ANDD", 
   "ORR", 
   "ORR", 
   "ANDD", 
   "ORR", 
   "ORR"
  ], 
  "2": [
   "ANDD", 
   "ANDD", 
   "NOTUSED", 
   "NOTUSED", 
   "ANDD", 
   "ANDD", 
   "NOTUSED", 
   "ORR", 
   "ANDD", 
   "ORR", 
   "NOTUSED", 
   "NOTUSED", 
   "NOTUSED", 
   "NOTUSED", 
   "ORR"
  ], 
  "5": [
   "ANDD", 
   "ANDD", 
   "ANDD", 
   "ANDD", 
   "ANDD", 
   "ORR", 
   "ORR", 
   "NOTUSED", 
   "NOTUSED", 
   "ORR", 
   "ANDD", 
   "ORR", 
   "NOTUSED", 
   "ORR", 
   "ANDD"
  ], 
  "4": [
   "ORR", 
   "NOTUSED", 
   "ANDD", 
   "ANDD", 
   "ANDD", 
   "ANDD", 
   "ANDD", 
   "ORR", 
   "ANDD", 
   "ANDD", 
   "NOTUSED", 
   "ANDD", 
   "ORR", 
   "ANDD", 
   "NOTUSED"
  ], 
  "7": [
   "ANDD", 
   "ANDD", 
   "ORR", 
   "ANDD", 
   "ORR", 
   "NOTUSED", 
   "NOTUSED", 
   "ORR", 
   "ORR", 
   "ORR", 
   "ORR", 
   "ANDD", 
   "ORR", 
   "ORR", 
   "ANDD"
  ], 
  "6": [
   "ANDD", 
   "ANDD", 
   "NOTUSED", 
   "ANDD", 
   "ANDD", 
   "ORR", 
   "ORR", 
   "NOTUSED", 
   "NOTUSED", 
   "ORR", 
   "ANDD", 
   "NOTUSED", 
   "ORR", 
   "NOTUSED", 
   "ANDD"
  ], 
  "9": [
   "ORR", 
   "ORR", 
   "ORR", 
   "ANDD", 
   "ANDD", 
   "ORR", 
   "ORR", 
   "ORR", 
   "ANDD", 
   "ANDD", 
   "ORR", 
   "ORR", 
   "NOTUSED", 
   "ANDD", 
   "NOTUSED"
  ], 
  "8": [
   "ORR", 
   "ORR", 
   "ANDD", 
   "NOTUSED", 
   "ANDD", 
   "NOTUSED", 
   "NOTUSED", 
   "ORR", 
   "NOTUSED", 
   "ANDD", 
   "ANDD", 
   "ORR", 
   "ORR", 
   "NOTUSED", 
   "NOTUSED"
  ]
 }
}