{
 "random_seed": 615174572, 
 "PARAMETERS": {
  "RADIUS1": 3300.095, 
  "QUADS": 1, 
  "RADIUS2": 293426.443, 
  "DIST": 171188.685, 
  "F_PTS": 16, 
  "K_PTS": 10, 
  "EPSILON": 1.558, 
  "LENGTH1": 199064.491, 
  "G_PTS": 13, 
  "Q_PTS": 37, 
  "N_PTS": 11, 
  "C_PTS": 22, 
  "AREA2": 767170.93, 
  "LENGTH2": 15466.424, 
  "B_PTS": 6, 
  "D_PTS": 7, 
  "AREA1": 451428.277, 
  "A_PTS": 39, 
  "E_PTS": 12
 }, 
 "NUMPOINTS": 49, 
 "points": [
  [
   522131.24, 
   721095.266
  ], 
  [
   -835777.229, 
   -647098.962
  ], 
  [
   401915.404, 
   382966.767
  ], 
  [
   -345018.309, 
   -694945.341
  ], 
  [
   968915.716, 
   766747.432
  ], 
  [
   -105613.727, 
   -188876.652
  ], 
  [
   -455787.46, 
   346565.564
  ], 
  [
   73540.21, 
   561405.173
  ], 
  [
   -448176.622, 
   -438504.666
  ], 
  [
   -968502.631, 
   -936791.541
  ], 
  [
   658066.848, 
   214628.219
  ], 
  [
   643530.559, 
   439972.336
  ], 
  [
   -775662.237, 
   -923288.275
  ], 
  [
   988978.534, 
   776288.717
  ], 
  [
   -419319.406, 
   -718697.236
  ], 
  [
   -766627.578, 
   -112585.356
  ], 
  [
   -843239.893, 
   -406049.498
  ], 
  [
   909503.836, 
   362123.057
  ], 
  [
   -332244.196, 
   -15953.285
  ], 
  [
   720155.501, 
   326029.544
  ], 
  [
   749131.377, 
   -291425.22
  ], 
  [
   985261.194, 
   432461.705
  ], 
  [
   126815.553, 
   -922468.624
  ], 
  [
   -586991.594, 
   -405299.635
  ], 
  [
   -287065.674, 
   454794.235
  ], 
  [
   -575595.211, 
   3958.329
  ], 
  [
   -91640.32, 
   632433.93
  ], 
  [
   -181380.667, 
   -298352.515
  ], 
  [
   -970308.458, 
   174795.642
  ], 
  [
   -673262.312, 
   672301.972
  ], 
  [
   159816.344, 
   979238.688
  ], 
  [
   -638966.847, 
   -732420.355
  ], 
  [
   -108583.589, 
   861554.909
  ], 
  [
   -87397.168, 
   -285363.619
  ], 
  [
   592421.152, 
   891419.165
  ], 
  [
   -438699.851, 
   884165.226
  ], 
  [
   522585.546, 
   518629.235
  ], 
  [
   -390872.041, 
   74927.791
  ], 
  [
   -606938.935, 
   -515432.025
  ], 
  [
   -830522.317, 
   8470.923
  ], 
  [
   -22538.782, 
   -139530.309
  ], 
  [
   -875478.921, 
   211444.399
  ], 
  [
   266573.011, 
   -251172.437
  ], 
  [
   224172.829, 
   232358.497
  ], 
  [
   -809442.851, 
   -352775.922
  ], 
  [
   -326126.08, 
   -887932.3
  ], 
  [
   -350104.817, 
   -377867.57
  ], 
  [
   -400535.557, 
   -509946.844
  ], 
  [
   140400.653, 
   -301552.676
  ]
 ], 
 "PUV": [
  true, 
  false, 
  false, 
  false, 
  false, 
  false, 
  true, 
  false, 
  false, 
  true, 
  false, 
  false, 
  true, 
  false, 
  false
 ], 
 "LCM": {
  "11": [
   "ORR", 
   "ORR", 
   "ANDD", 
   "ORR", 
   "ANDD", 
   "ORR", 
   "ORR", 
   "ORR", 
   "NOTUSED", 
   "ANDD", 
   "ORR", 
   "ORR", 
   "ORR", 
   "ANDD", 
   "NOTUSED"
  ], 
  "10": [
   "ORR", 
   "NOTUSED", 
   "NOTUSED", 
   "ANDD", 
   "ANDD", 
   "NOTUSED", 
   "ANDD", 
   "NOTUSED", 
   "ORR", 
   "ANDD", 
   "NOTUSED", 
   "ORR", 
   "NOTUSED", 
   "ANDD", 
   "NOTUSED"
  ], 
  "13": [
   "NOTUSED", 
   "NOTUSED", 
   "ORR", 
   "ANDD", 
   "ORR", 
   "ORR", 
   "ORR", 
   "ORR", 
   "NOTUSED", 
   "ANDD", 
   "ANDD", 
   "ANDD", 
   "NOTUSED", 
   "ANDD", 
   "ORR"
  ], 
  "12": [
   "NOTUSED", 
   "NOTUSED", 
   "NOTUSED", 
   "ANDD", 
   "NOTUSED", 
   "NOTUSED", 
   "NOTUSED", 
   "ORR", 
   "ANDD", 
   "ANDD", 
   "NOTUSED", 
   "ORR", 
   "ORR", 
   "NOTUSED", 
   "ANDD"
  ], 
  "14": [
   "ANDD", 
   "ORR", 
   "ORR", 
   "ORR", 
   "ORR", 
   "ANDD", 
   "ANDD", 
   "ANDD", 
   "ORR", 
   "NOTUSED", 
   "NOTUSED", 
   "NOTUSED", 
   "ANDD", 
   "ORR", 
   "NOTUSED"
  ], 
  "1": [
   "ORR", 
   "ANDD", 
   "NOTUSED", 
   "ANDD", 
   "ANDD", 
   "ANDD", 
   "NOTUSED", 
   "NOTUSED", 
   "ORR", 
   "ORR", 
   "NOTUSED", 
   "ORR", 
   "NOTUSED", 
   "NOTUSED", 
   "ORR"
  ], 
  "0": [
   "ORR", 
   "ORR", 
   "ORR", 
   "ORR", 
   "NOTUSED", 
   "ORR", 
   "NOTUSED", 
   "ORR", 
   "NOTUSED", 
   "ANDD", 
   "ORR", 
   "ORR", 
   "NOTUSED", 
   "NOTUSED", 
   "ANDD"
  ], 
  "3": [
   "ORR", 
   "ANDD", 
   "ORR", 
   "ANDD", 
   "ANDD", 
   "ANDD", 
   "NOTUSED", 
   "NOTUSED", 
   "ORR", 
   "ORR", 
   "ANDD", 
   "ORR", 
   "ANDD", 
   "ANDD", 
   "ORR"
  ], 
  "2": [
   "ORR", 
   "NOTUSED", 
   "ORR", 
   "ORR", 
   "NOTUSED", 
   "ANDD", 
   "ANDD", 
   "NOTUSED", 
   "ANDD", 
   "ANDD", 
   "NOTUSED", 
   "ANDD", 
   "NOTUSED", 
   "ORR", 
   "ORR"
  ], 
  "5": [
   "ORR", 
   "ANDD", 
   "ANDD", 
   "ANDD", 
   "ANDD", 
   "ORR", 
   "ORR", 
   "ORR", 
   "ORR", 
   "ORR", 
   "NOTUSED", 
   "ORR", 
   "NOTUSED", 
   "ORR", 
   "ANDD"
  ], 
  "4": [
   "NOTUSED", 
   "ANDD", 
   "NOTUSED", 
   "ANDD", 
   "NOTUSED", 
   "ANDD", 
   "ORR", 
   "ANDD", 
   "ORR", 
   "NOTUSED", 
   "ANDD", 
   "ANDD", 
   "NOTUSED", 
   "ORR", 
   "ORR"
  ], 
  "7": [
   "ORR", 
   "NOTUSED", 
   "NOTUSED", 
   "NOTUSED", 
   "ANDD", 
   "ORR", 
   "ANDD", 
   "ORR", 
   "NOTUSED", 
   "ANDD", 
   "NOTUSED", 
   "ORR", 
   "ORR", 
   "ORR", 
   "ANDD"
  ], 
  "6": [
   "NOTUSED", 
   "NOTUSED", 
   "ANDD", 
   "NOTUSED", 
   "ORR", 
   "ORR", 
   "ORR", 
   "ANDD", 
   "NOTUSED", 
   "ORR", 
   "ANDD", 
   "ORR", 
   "NOTUSED", 
   "ORR", 
   "ANDD"
  ], 
  "9": [
   "ANDD", 
   "ORR", 
   "ANDD", 
   "ORR", 
   "NOTUSED", 
   "ORR", 
   "ORR", 
   "ANDD", 
   "ORR", 
   "NOTUSED", 
   "ANDD", 
   "ANDD", 
   "ANDD", 
   "ANDD", 
   "NOTUSED"
  ], 
  "8": [
   "NOTUSED", 
   "ORR", 
   "ANDD", 
   "ORR", 
   "ORR", 
   "ORR", 
   "NOTUSED", 
   "NOTUSED", 
   "ORR", 
   "ORR", 
   "ORR", 
   "NOTUSED", 
   "ANDD", 
   "NOTUSED", 
   "ORR"
  ]
 }
}