{
 "random_seed": 2824697880, 
 "PARAMETERS": {
  "RADIUS1": 176846.063, 
  "QUADS": 3, 
  "RADIUS2": 547027.555, 
  "DIST": 323516.046, 
  "F_PTS": 5, 
  "K_PTS": 47, 
  "EPSILON": 0.698, 
  "LENGTH1": 853971.913, 
  "G_PTS": 20, 
  "Q_PTS": 38, 
  "N_PTS": 14, 
  "C_PTS": 1, 
  "AREA2": 850.631, 
  "LENGTH2": 870216.378, 
  "B_PTS": 25, 
  "D_PTS": 55, 
  "AREA1": 368277.38, 
  "A_PTS": 65, 
  "E_PTS": 70
 }, 
 "NUMPOINTS": 98, 
 "points": [
  [
   -16149.978, 
   543467.335
  ], 
  [
   389113.244, 
   -789669.533
  ], 
  [
   128078.291, 
   159320.206
  ], 
  [
   757399.397, 
   182610.842
  ], 
  [
   -211396.227, 
   -771801.292
  ], 
  [
   932255.304, 
   389758.058
  ], 
  [
   539044.469, 
   -924375.24
  ], 
  [
   -3066.182, 
   -397509.136
  ], 
  [
   -152972.27, 
   -113962.614
  ], 
  [
   -511756.143, 
   738969.255
  ], 
  [
   -381754.841, 
   -560353.149
  ], 
  [
   -359390.665, 
   -704172.307
  ], 
  [
   -651687.838, 
   -963335.773
  ], 
  [
   -24901.279, 
   529338.863
  ], 
  [
   -438442.053, 
   722976.021
  ], 
  [
   518371.347, 
   -441823.032
  ], 
  [
   -960024.873, 
   -171926.0
  ], 
  [
   -812209.513, 
   104332.544
  ], 
  [
   -3497.639, 
   820943.498
  ], 
  [
   -182103.744, 
   -375088.374
  ], 
  [
   911242.472, 
   493223.821
  ], 
  [
   -371574.81, 
   -585544.076
  ], 
  [
   994122.591, 
   22070.746
  ], 
  [
   562471.913, 
   656958.157
  ], 
  [
   -988634.801, 
   925400.025
  ], 
  [
   626444.2, 
   -109214.756
  ], 
  [
   -160242.888, 
   93823.844
  ], 
  [
   -951589.504, 
   -28359.831
  ], 
  [
   -723918.296, 
   -686880.947
  ], 
  [
   840234.558, 
   793951.761
  ], 
  [
   819715.931, 
   -62531.058
  ], 
  [
   -728429.412, 
   152558.924
  ], 
  [
   -284858.802, 
   -632948.215
  ], 
  [
   250690.296, 
   -784969.254
  ], 
  [
   -66583.744, 
   -636826.422
  ], 
  [
   159977.535, 
   -14099.694
  ], 
  [
   -473380.477, 
   528551.25
  ], 
  [
   115954.212, 
   -513966.741
  ], 
  [
   376280.797, 
   385766.153
  ], 
  [
   830987.808, 
   -977016.504
  ], 
  [
   -361076.064, 
   667657.478
  ], 
  [
   -265592.699, 
   -178346.023
  ], 
  [
   -529366.117, 
   794101.137
  ], 
  [
   327301.337, 
   690989.522
  ], 
  [
   194846.776, 
   -225386.605
  ], 
  [
   909910.314, 
   848860.42
  ], 
  [
   18108.312, 
   452646.644
  ], 
  [
   -75376.318, 
   605161.527
  ], 
  [
   316113.862, 
   -937217.055
  ], 
  [
   -978629.262, 
   489175.026
  ], 
  [
   56466.42, 
   -468337.466
  ], 
  [
   376493.359, 
   11678.401
  ], 
  [
   -859989.538, 
   -849962.029
  ], 
  [
   -632437.356, 
   -13197.205
  ], 
  [
   -781166.402, 
   579892.103
  ], 
  [
   -516714.02, 
   629086.185
  ], 
  [
   -574345.016, 
   -219191.291
  ], 
  [
   -129178.532, 
   369102.012
  ], 
  [
   -352094.104, 
   -676922.034
  ], 
  [
   950486.685, 
   -256435.047
  ], 
  [
   995490.739, 
   190137.071
  ], 
  [
   -271983.542, 
   176488.411
  ], 
  [
   -672011.419, 
   631350.218
  ], 
  [
   453810.224, 
   854539.886
  ], 
  [
   -240386.687, 
   213710.163
  ], 
  [
   -692236.367, 
   558402.973
  ], 
  [
   395566.78, 
   -181238.398
  ], 
  [
   337666.312, 
   -932342.698
  ], 
  [
   746979.855, 
   -161374.728
  ], 
  [
   -451625.434, 
   390006.156
  ], 
  [
   600277.352, 
   -954413.416
  ], 
  [
   -85348.687, 
   127135.576
  ], 
  [
   -661481.235, 
   -139563.476
  ], 
  [
   191559.829, 
   646069.937
  ], 
  [
   -117428.786, 
   -687861.467
  ], 
  [
   788919.853, 
   233023.709
  ], 
  [
   -516884.896, 
   832788.28
  ], 
  [
   710381.981, 
   613517.985
  ], 
  [
   284275.223, 
   -317890.241
  ], 
  [
   -474314.731, 
   -837660.361
  ], 
  [
   845212.845, 
   -213698.656
  ], 
  [
   -727603.334, 
   313634.113
  ], 
  [
   -173746.628, 
   636379.634
  ], 
  [
   908317.603, 
   -683966.715
  ], 
  [
   -357067.11, 
   -704482.788
  ], 
  [
   -262229.125, 
   561664.002
  ], 
  [
   459877.119, 
   -248396.554
  ], 
  [
   409144.241, 
   -741085.027
  ], 
  [
   595135.041, 
   -965951.059
  ], 
  [
   672431.946, 
   438824.512
  ], 
  [
   -396483.828, 
   -126889.781
  ], 
  [
   348699.257, 
   396338.219
  ], 
  [
   616972.731, 
   766408.051
  ], 
  [
   -701695.582, 
   879747.389
  ], 
  [
   -923996.375, 
   -232239.305
  ], 
  [
   -833457.868, 
   -171126.34
  ], 
  [
   18424.969, 
   -676493.505
  ], 
  [
   -897998.85, 
   -693670.221
  ]
 ], 
 "PUV": [
  true, 
  true, 
  false, 
  true, 
  true, 
  false, 
  false, 
  false, 
  true, 
  true, 
  true, 
  true, 
  true, 
  true, 
  true
 ], 
 "LCM": {
  "11": [
   "NOTUSED", 
   "ORR", 
   "NOTUSED", 
   "NOTUSED", 
   "ORR", 
   "ANDD", 
   "NOTUSED", 
   "NOTUSED", 
   "ORR", 
   "ANDD", 
   "ANDD", 
   "ANDD", 
   "ORR", 
   "NOTUSED", 
   "NOTUSED"
  ], 
  "10": [
   "ORR", 
   "NOTUSED", 
   "ANDD", 
   "ORR", 
   "ANDD", 
   "ANDD", 
   "ANDD", 
   "ORR", 
   "NOTUSED", 
   "ANDD", 
   "NOTUSED", 
   "ANDD", 
   "NOTUSED", 
   "ORR", 
   "NOTUSED"
  ], 
  "13": [
   "NOTUSED", 
   "NOTUSED", 
   "NOTUSED", 
   "ORR", 
   "NOTUSED", 
   "ORR", 
   "ANDD", 
   "ANDD", 
   "ORR", 
   "ORR", 
   "ORR", 
   "NOTUSED", 
   "ORR", 
   "ORR", 
   "ANDD"
  ], 
  "12": [
   "NOTUSED", 
   "ANDD", 
   "NOTUSED", 
   "ANDD", 
   "ORR", 
   "ANDD", 
   "ORR", 
   "ORR", 
   "ANDD", 
   "ANDD", 
   "NOTUSED", 
   "ORR", 
   "ORR", 
   "ORR", 
   "NOTUSED"
  ], 
  "14": [
   "NOTUSED", 
   "ANDD", 
   "ORR", 
   "ANDD", 
   "ORR", 
   "ANDD", 
   "ORR", 
   "NOTUSED", 
   "ORR", 
   "NOTUSED", 
   "NOTUSED", 
   "NOTUSED", 
   "NOTUSED", 
   "ANDD", 
   "NOTUSED"
  ], 
  "1": [
   "ORR", 
   "NOTUSED", 
   "ORR", 
   "ANDD", 
   "ORR", 
   "ANDD", 
   "ANDD", 
   "ANDD", 
   "ORR", 
   "ANDD", 
   "NOTUSED", 
   "ORR", 
   "ANDD", 
   "NOTUSED", 
   "ANDD"
  ], 
  "0": [
   "ORR", 
   "ORR", 
   "ORR", 
   "ANDD", 
   "ORR", 
   "ORR", 
   "NOTUSED", 
   "ORR", 
   "ANDD", 
   "ANDD", 
   "ORR", 
   "NOTUSED", 
   "NOTUSED", 
   "NOTUSED", 
   "NOTUSED"
  ], 
  "3": [
   "ANDD", 
   "ANDD", 
   "ORR", 
   "ANDD", 
   "NOTUSED", 
   "NOTUSED", 
   "ANDD", 
   "NOTUSED", 
   "NOTUSED", 
   "NOTUSED", 
   "ORR", 
   "NOTUSED", 
   "ANDD", 
   "ORR", 
   "ANDD"
  ], 
  "2": [
   "ORR", 
   "ORR", 
   "ORR", 
   "ORR", 
   "NOTUSED", 
   "ANDD", 
   "ORR", 
   "NOTUSED", 
   "ORR", 
   "ORR", 
   "ANDD", 
   "NOTUSED", 
   "NOTUSED", 
   "NOTUSED", 
   "ORR"
  ], 
  "5": [
   "ORR", 
   "ANDD", 
   "ANDD", 
   "NOTUSED", 
   "ANDD", 
   "NOTUSED", 
   "ORR", 
   "ORR", 
   "NOTUSED", 
   "ORR", 
   "ANDD", 
   "ANDD", 
   "ANDD", 
   "ORR", 
   "ANDD"
  ], 
  "4": [
   "ORR", 
   "ORR", 
   "NOTUSED", 
   "NOTUSED", 
   "ORR", 
   "ANDD", 
   "ORR", 
   "ORR", 
   "NOTUSED", 
   "NOTUSED", 
   "ANDD", 
   "ORR", 
   "ORR", 
   "NOTUSED", 
   "ORR"
  ], 
  "7": [
   "ORR", 
   "ANDD", 
   "NOTUSED", 
   "NOTUSED", 
   "ORR", 
   "ORR", 
   "NOTUSED", 
   "ANDD", 
   "NOTUSED", 
   "ANDD", 
   "ORR", 
   "NOTUSED", 
   "ORR", 
   "ANDD", 
   "NOTUSED"
  ], 
  "6": [
   "NOTUSED", 
   "ANDD", 
   "ORR", 
   "ANDD", 
   "ORR", 
   "ORR", 
   "ANDD", 
   "NOTUSED", 
   "NOTUSED", 
   "NOTUSED", 
   "ANDD", 
   "NOTUSED", 
   "ORR", 
   "ANDD", 
   "ORR"
  ], 
  "9": [
   "ANDD", 
   "ANDD", 
   "ORR", 
   "NOTUSED", 
   "NOTUSED", 
   "ORR", 
   "NOTUSED", 
   "ANDD", 
   "ANDD", 
   "ORR", 
   "ANDD", 
   "ANDD", 
   "ANDD", 
   "ORR", 
   "NOTUSED"
  ], 
  "8": [
   "ANDD", 
   "ORR", 
   "ORR", 
   "NOTUSED", 
   "NOTUSED", 
   "NOTUSED", 
   "NOTUSED", 
   "NOTUSED", 
   "ANDD", 
   "ANDD", 
   "NOTUSED", 
   "ORR", 
   "ANDD", 
   "ORR", 
   "ORR"
  ]
 }
}