{
 "random_seed": 1512987838, 
 "PARAMETERS": {
  "RADIUS1": 804457.037, 
  "QUADS": 2, 
  "RADIUS2": 513343.383, 
  "DIST": 420962.623, 
  "F_PTS": 22, 
  "K_PTS": 67, 
  "EPSILON": 2.43, 
  "LENGTH1": 584069.657, 
  "G_PTS": 67, 
  "Q_PTS": 70, 
  "N_PTS": 69, 
  "C_PTS": 32, 
  "AREA2": 543048.397, 
  "LENGTH2": 936198.622, 
  "B_PTS": 3, 
  "D_PTS": 5, 
  "AREA1": 808279.951, 
  "A_PTS": 35, 
  "E_PTS": 10
 }, 
 "NUMPOINTS": 75, 
 "points": [
  [
   -126878.569, 
   -866785.764
  ], 
  [
   129536.151, 
   -306188.376
  ], 
  [
   -918933.806, 
   110170.001
  ], 
  [
   -894887.692, 
   846769.796
  ], 
  [
   -771170.751, 
   109304.172
  ], 
  [
   -611600.847, 
   -123854.884
  ], 
  [
   882155.216, 
   -121435.94
  ], 
  [
   -689198.403, 
   467809.965
  ], 
  [
   129909.828, 
   -681740.522
  ], 
  [
   -855387.47, 
   -824603.099
  ], 
  [
   -531126.677, 
   -266660.032
  ], 
  [
   149992.026, 
   948584.341
  ], 
  [
   40576.698, 
   -107213.081
  ], 
  [
   918234.484, 
   431463.397
  ], 
  [
   -320531.564, 
   245508.877
  ], 
  [
   -51295.368, 
   -163297.86
  ], 
  [
   -258574.695, 
   411128.469
  ], 
  [
   -146383.23, 
   -113264.478
  ], 
  [
   -674880.649, 
   649661.987
  ], 
  [
   740127.817, 
   -719794.85
  ], 
  [
   -790576.509, 
   -801993.884
  ], 
  [
   227099.246, 
   988370.569
  ], 
  [
   990012.012, 
   687585.334
  ], 
  [
   59558.851, 
   -554413.363
  ], 
  [
   -179094.249, 
   -254529.99
  ], 
  [
   537746.675, 
   912167.512
  ], 
  [
   -932885.782, 
   698901.237
  ], 
  [
   -406210.59, 
   -606197.187
  ], 
  [
   914356.207, 
   -566947.676
  ], 
  [
   -309210.678, 
   -989557.163
  ], 
  [
   149791.814, 
   11421.676
  ], 
  [
   -703037.128, 
   -198410.564
  ], 
  [
   -278060.385, 
   -170502.643
  ], 
  [
   170709.506, 
   662080.152
  ], 
  [
   -436544.746, 
   185943.151
  ], 
  [
   213479.255, 
   -294113.629
  ], 
  [
   772395.653, 
   703622.265
  ], 
  [
   -264951.382, 
   -773453.938
  ], 
  [
   -321367.975, 
   35823.29
  ], 
  [
   -585519.765, 
   -541847.641
  ], 
  [
   503181.834, 
   4978.084
  ], 
  [
   -748120.438, 
   421141.63
  ], 
  [
   -932918.74, 
   -68702.017
  ], 
  [
   863666.059, 
   551359.349
  ], 
  [
   287183.661, 
   774022.379
  ], 
  [
   223763.681, 
   673160.884
  ], 
  [
   409943.419, 
   790880.198
  ], 
  [
   680940.054, 
   75966.254
  ], 
  [
   708088.082, 
   899497.113
  ], 
  [
   773063.864, 
   -940440.301
  ], 
  [
   639006.315, 
   -112228.283
  ], 
  [
   -829702.603, 
   -369493.817
  ], 
  [
   -845749.819, 
   -725273.315
  ], 
  [
   920125.611, 
   937221.768
  ], 
  [
   -332426.459, 
   223128.042
  ], 
  [
   -985218.672, 
   174516.03
  ], 
  [
   63781.422, 
   -896325.999
  ], 
  [
   -691798.088, 
   207688.443
  ], 
  [
   -749338.509, 
   383623.693
  ], 
  [
   -605072.135, 
   851509.871
  ], 
  [
   937019.728, 
   516714.064
  ], 
  [
   -298583.404, 
   883947.638
  ], 
  [
   -587506.575, 
   -152653.057
  ], 
  [
   929778.548, 
   968796.163
  ], 
  [
   -603817.714, 
   886174.263
  ], 
  [
   873765.249, 
   303903.712
  ], 
  [
   175962.458, 
   740680.17
  ], 
  [
   777817.325, 
   606790.858
  ], 
  [
   -86455.336, 
   -685447.046
  ], 
  [
   742563.108, 
   445406.262
  ], 
  [
   -312008.367, 
   -976810.683
  ], 
  [
   919160.572, 
   -203020.824
  ], 
  [
   718721.63, 
   -190713.037
  ], 
  [
   -60763.736, 
   911920.913
  ], 
  [
   -213831.819, 
   -20131.426
  ]
 ], 
 "PUV": [
  false, 
  false, 
  true, 
  false, 
  false, 
  false, 
  false, 
  true, 
  false, 
  false, 
  true, 
  false, 
  false, 
  true, 
  true
 ], 
 "LCM": {
  "11": [
   "ORR", 
   "ORR", 
   "ANDD", 
   "NOTUSED", 
   "ANDD", 
   "NOTUSED", 
   "NOTUSED", 
   "NOTUSED", 
   "ORR", 
   "NOTUSED", 
   "ORR", 
   "ORR", 
   "ORR", 
   "NOTUSED", 
   "ORR"
  ], 
  "10": [
   "NOTUSED", 
   "ORR", 
   "NOTUSED", 
   "NOTUSED", 
   "NOTUSED", 
   "ANDD", 
   "NOTUSED", 
   "ANDD", 
   "ANDD", 
   "NOTUSED", 
   "ORR", 
   "ORR", 
   "ORR", 
   "ORR", 
   "ANDD"
  ], 
  "13": [
   "ANDD", 
   "ORR", 
   "ANDD", 
   "ORR", 
   "ORR", 
   "NOTUSED", 
   "NOTUSED", 
   "NOTUSED", 
   "NOTUSED", 
   "ORR", 
   "ORR", 
   "NOTUSED", 
   "ANDD", 
   "ANDD", 
   "ORR"
  ], 
  "12": [
   "ORR", 
   "ANDD", 
   "ORR", 
   "NOTUSED", 
   "ORR", 
   "ORR", 
   "ANDD", 
   "NOTUSED", 
   "ANDD", 
   "ORR", 
   "ORR", 
   "ORR", 
   "ANDD", 
   "ANDD", 
   "ORR"
  ], 
  "14": [
   "ORR", 
   "ANDD", 
   "ANDD", 
   "ANDD", 
   "ANDD", 
   "ANDD", 
   "NOTUSED", 
   "ORR", 
   "ORR", 
   "ANDD", 
   "ANDD", 
   "ORR", 
   "ORR", 
   "ORR", 
   "NOTUSED"
  ], 
  "1": [
   "ORR", 
   "ORR", 
   "NOTUSED", 
   "ORR", 
   "ORR", 
   "ANDD", 
   "NOTUSED", 
   "ORR", 
   "ANDD", 
   "NOTUSED", 
   "ORR", 
   "ORR", 
   "ANDD", 
   "ORR", 
   "ANDD"
  ], 
  "0": [
   "NOTUSED", 
   "ORR", 
   "NOTUSED", 
   "ORR", 
   "NOTUSED", 
   "NOTUSED", 
   "ANDD", 
   "NOTUSED", 
   "ANDD", 
   "ORR", 
   "NOTUSED", 
   "ORR", 
   "ORR", 
   "ANDD", 
   "ORR"
  ], 
  "3": [
   "ORR", 
   "ORR", 
   "NOTUSED", 
   "NOTUSED", 
   "NOTUSED", 
   "ORR", 
   "ORR", 
   "ORR", 
   "ORR", 
   "ORR", 
   "NOTUSED", 
   "NOTUSED", 
   "NOTUSED", 
   "ORR", 
   "ANDD"
  ], 
  "2": [
   "NOTUSED", 
   "NOTUSED", 
   "NOTUSED", 
   "NOTUSED", 
   "NOTUSED", 
   "NOTUSED", 
   "ORR", 
   "ORR", 
   "NOTUSED", 
   "ORR", 
   "NOTUSED", 
   "ANDD", 
   "ORR", 
   "ANDD", 
   "ANDD"
  ], 
  "5": [
   "NOTUSED", 
   "ANDD", 
   "NOTUSED", 
   "ORR", 
   "ORR", 
   "ORR", 
   "ANDD", 
   "ANDD", 
   "ANDD", 
   "ORR", 
   "ANDD", 
   "NOTUSED", 
   "ORR", 
   "NOTUSED", 
   "ANDD"
  ], 
  "4": [
   "NOTUSED", 
   "ORR", 
   "NOTUSED", 
   "NOTUSED", 
   "ORR", 
   "ORR", 
   "NOTUSED", 
   "ANDD", 
   "ANDD", 
   "NOTUSED", 
   "NOTUSED", 
   "ANDD", 
   "ORR", 
   "ORR", 
   "ANDD"
  ], 
  "7": [
   "NOTUSED", 
   "ORR", 
   "ORR", 
   "ORR", 
   "ANDD", 
   "ANDD", 
   "ANDD", 
   "NOTUSED", 
   "ANDD", 
   "ANDD", 
   "ANDD", 
   "NOTUSED", 
   "NOTUSED", 
   "NOTUSED", 
   "ORR"
  ], 
  "6": [
   "ANDD", 
   "NOTUSED", 
   "ORR", 
   "ORR", 
   "NOTUSED", 
   "ANDD", 
   "ORR", 
   "ANDD", 
   "NOTUSED", 
   "ANDD", 
   "NOTUSED", 
   "NOTUSED", 
   "ANDD", 
   "NOTUSED", 
   "NOTUSED"
  ], 
  "9": [
   "ORR", 
   "NOTUSED", 
   "ORR", 
   "ORR", 
   "NOTUSED", 
   "ORR", 
   "ANDD", 
   "ANDD", 
   "ORR", 
   "ORR", 
   "NOTUSED", 
   "NOTUSED", 
   "ORR", 
   "ORR", 
   "ANDD"
  ], 
  "8": [
   "ANDD", 
   "ANDD", 
   "NOTUSED", 
   "ORR", 
   "ANDD", 
   "ANDD", 
   "NOTUSED", 
   "ANDD", 
   "NOTUSED", 
   "ORR", 
   "ANDD", 
   "ORR", 
   "ANDD", 
   "NOTUSED", 
   "ORR"
  ]
 }
}