{
 "random_seed": 701139380, 
 "PARAMETERS": {
  "RADIUS1": 334595.746, 
  "QUADS": 1, 
  "RADIUS2": 353801.492, 
  "DIST": 400225.149, 
  "F_PTS": 25, 
  "K_PTS": 8, 
  "EPSILON": 1.359, 
  "LENGTH1": 699682.397, 
  "G_PTS": 23, 
  "Q_PTS": 42, 
  "N_PTS": 24, 
  "C_PTS": 13, 
  "AREA2": 67139.795, 
  "LENGTH2": 223563.788, 
  "B_PTS": 29, 
  "D_PTS": 23, 
  "AREA1": 559044.389, 
  "A_PTS": 3, 
  "E_PTS": 4
 }, 
 "NUMPOINTS": 44, 
 "points": [
  [
   -87480.749, 
   936420.425
  ], 
  [
   -933848.958, 
   -178838.841
  ], 
  [
   -517922.317, 
   240059.952
  ], 
  [
   661412.315, 
   -685729.726
  ], 
  [
   711498.531, 
   746506.208
  ], 
  [
   795066.328, 
   915109.772
  ], 
  [
   106297.794, 
   -284607.11
  ], 
  [
   306716.567, 
   -568117.799
  ], 
  [
   517659.241, 
   198347.48
  ], 
  [
   726897.854, 
   800919.976
  ], 
  [
   -680384.964, 
   615696.609
  ], 
  [
   592373.511, 
   -294165.727
  ], 
  [
   -844526.955, 
   -165117.745
  ], 
  [
   220824.396, 
   946375.108
  ], 
  [
   438152.147, 
   -966270.017
  ], 
  [
   41706.724, 
   308115.832
  ], 
  [
   -386000.393, 
   -656908.849
  ], 
  [
   -246186.706, 
   -651838.628
  ], 
  [
   302958.768, 
   319376.679
  ], 
  [
   -487339.724, 
   206767.996
  ], 
  [
   997555.488, 
   520362.948
  ], 
  [
   70862.737, 
   -784238.285
  ], 
  [
   634443.641, 
   -148516.941
  ], 
  [
   118682.128, 
   -28932.906
  ], 
  [
   628930.718, 
   429123.938
  ], 
  [
   -848320.113, 
   73217.322
  ], 
  [
   -958934.886, 
   -74571.112
  ], 
  [
   503291.214, 
   -952771.328
  ], 
  [
   -944604.226, 
   479064.451
  ], 
  [
   -528215.605, 
   477936.052
  ], 
  [
   489853.975, 
   -471738.423
  ], 
  [
   -748808.984, 
   918577.64
  ], 
  [
   -22296.206, 
   967280.058
  ], 
  [
   -565488.627, 
   -472770.69
  ], 
  [
   242600.268, 
   -209879.068
  ], 
  [
   590215.607, 
   235478.555
  ], 
  [
   -859920.064, 
   344089.746
  ], 
  [
   -944052.164, 
   -618364.964
  ], 
  [
   997094.611, 
   -475848.894
  ], 
  [
   -427419.13, 
   218076.762
  ], 
  [
   636478.311, 
   -572295.113
  ], 
  [
   -219892.43, 
   -615184.513
  ], 
  [
   -882635.614, 
   -770164.892
  ], 
  [
   274885.348, 
   -213302.31
  ]
 ], 
 "PUV": [
  true, 
  true, 
  false, 
  false, 
  true, 
  true, 
  true, 
  true, 
  false, 
  false, 
  true, 
  false, 
  false, 
  false, 
  true
 ], 
 "LCM": {
  "11": [
   "ANDD", 
   "ANDD", 
   "ANDD", 
   "NOTUSED", 
   "ANDD", 
   "ORR", 
   "NOTUSED", 
   "NOTUSED", 
   "NOTUSED", 
   "NOTUSED", 
   "ANDD", 
   "ORR", 
   "NOTUSED", 
   "ORR", 
   "ANDD"
  ], 
  "10": [
   "ANDD", 
   "ORR", 
   "NOTUSED", 
   "ANDD", 
   "ANDD", 
   "ANDD", 
   "ORR", 
   "ORR", 
   "ANDD", 
   "ANDD", 
   "ANDD", 
   "ANDD", 
   "ORR", 
   "ANDD", 
   "ORR"
  ], 
  "13": [
   "ORR", 
   "ORR", 
   "ORR", 
   "ORR", 
   "ANDD", 
   "ANDD", 
   "ORR", 
   "NOTUSED", 
   "ANDD", 
   "ORR", 
   "ANDD", 
   "ORR", 
   "ORR", 
   "NOTUSED", 
   "NOTUSED"
  ], 
  "12": [
   "ORR", 
   "NOTUSED", 
   "NOTUSED", 
   "ANDD", 
   "NOTUSED", 
   "ANDD", 
   "NOTUSED", 
   "ANDD", 
   "ANDD", 
   "ANDD", 
   "ORR", 
   "NOTUSED", 
   "ANDD", 
   "ORR", 
   "NOTUSED"
  ], 
  "14": [
   "ORR", 
   "NOTUSED", 
   "NOTUSED", 
   "ORR", 
   "NOTUSED", 
   "NOTUSED", 
   "ORR", 
   "NOTUSED", 
   "NOTUSED", 
   "NOTUSED", 
   "ORR", 
   "ANDD", 
   "NOTUSED", 
   "NOTUSED", 
   "ORR"
  ], 
  "1": [
   "NOTUSED", 
   "ORR", 
   "NOTUSED", 
   "ANDD", 
   "ORR", 
   "ANDD", 
   "ANDD", 
   "ORR", 
   "ANDD", 
   "ANDD", 
   "ORR", 
   "ANDD", 
   "NOTUSED", 
   "ORR", 
   "NOTUSED"
  ], 
  "0": [
   "ORR", 
   "NOTUSED", 
   "NOTUSED", 
   "ORR", 
   "NOTUSED", 
   "NOTUSED", 
   "ANDD", 
   "NOTUSED", 
   "ORR", 
   "ANDD", 
   "ANDD", 
   "ANDD", 
   "ORR", 
   "ORR", 
   "ORR"
  ], 
  "3": [
   "ORR", 
   "ANDD", 
   "ANDD", 
   "ORR", 
   "ORR", 
   "NOTUSED", 
   "ANDD", 
   "NOTUSED", 
   "ORR", 
   "NOTUSED", 
   "ANDD", 
   "NOTUSED", 
   "ANDD", 
   "ORR", 
   "ORR"
  ], 
  "2": [
   "NOTUSED", 
   "NOTUSED", 
   "ORR", 
   "ANDD", 
   "ORR", 
   "NOTUSED", 
   "ORR", 
   "ANDD", 
   "ORR", 
   "ORR", 
   "NOTUSED", 
   "ANDD", 
   "NOTUSED", 
   "ORR", 
   "NOTUSED"
  ], 
  "5": [
   "NOTUSED", 
   "ANDD", 
   "NOTUSED", 
   "NOTUSED", 
   "NOTUSED", 
   "NOTUSED", 
   "NOTUSED", 
   "NOTUSED", 
   "ORR", 
   "ANDD", 
   "ANDD", 
   "ORR", 
   "ANDD", 
   "ANDD", 
   "NOTUSED"
  ], 
  "4": [
   "NOTUSED", 
   "ORR", 
   "ORR", 
   "ORR", 
   "ANDD", 
   "NOTUSED", 
   "ANDD", 
   "ORR", 
   "NOTUSED", 
   "ORR", 
   "ANDD", 
   "ANDD", 
   "NOTUSED", 
   "ANDD", 
   "NOTUSED"
  ], 
  "7": [
   "NOTUSED", 
   "ORR", 
   "ANDD", 
   "NOTUSED", 
   "ORR", 
   "NOTUSED", 
   "NOTUSED", 
   "NOTUSED", 
   "ORR", 
   "ANDD", 
   "ORR", 
   "NOTUSED", 
   "ANDD", 
   "NOTUSED", 
   "NOTUSED"
  ], 
  "6": [
   "ANDD", 
   "ANDD", 
   "ORR", 
   "ANDD", 
   "ANDD", 
   "NOTUSED", 
   "NOTUSED", 
   "NOTUSED", 
   "NOTUSED", 
   "ORR", 
   "ORR", 
   "NOTUSED", 
   "NOTUSED", 
   "ORR", 
   "ORR"
  ], 
  "9": [
   "ANDD", 
   "ANDD", 
   "ORR", 
   "NOTUSED", 
   "ORR", 
   "ANDD", 
   "ORR", 
   "ANDD", 
   "NOTUSED", 
   "ANDD", 
   "ANDD", 
   "NOTUSED", 
   "ANDD", 
   "ORR", 
   "NOTUSED"
  ], 
  "8": [
   "ORR", 
   "ANDD", 
   "ORR", 
   "ORR", 
   "NOTUSED", 
   "ORR", 
   "NOTUSED", 
   "ORR", 
   "ORR", 
   "NOTUSED", 
   "ANDD", 
   "NOTUSED", 
   "ANDD", 
   "ANDD", 
   "NOTUSED"
  ]
 }
}