{
 "random_seed": 4050443502, 
 "PARAMETERS": {
  "RADIUS1": 651714.063, 
  "QUADS": 2, 
  "RADIUS2": 492789.786, 
  "DIST": 19854.682, 
  "F_PTS": 21, 
  "K_PTS": 27, 
  "EPSILON": 0.302, 
  "LENGTH1": 788720.653, 
  "G_PTS": 34, 
  "Q_PTS": 4, 
  "N_PTS": 34, 
  "C_PTS": 5, 
  "AREA2": 174173.382, 
  "LENGTH2": 577962.103, 
  "B_PTS": 4, 
  "D_PTS": 25, 
  "AREA1": 791864.281, 
  "A_PTS": 31, 
  "E_PTS": 8
 }, 
 "NUMPOINTS": 39, 
 "points": [
  [
   -291980.41, 
   646817.907
  ], 
  [
   14508.949, 
   -570900.896
  ], 
  [
   -601722.274, 
   -880849.152
  ], 
  [
   920682.964, 
   38018.204
  ], 
  [
   -798411.499, 
   873177.908
  ], 
  [
   -225895.756, 
   -251139.668
  ], 
  [
   -529443.945, 
   -304349.574
  ], 
  [
   942116.252, 
   -761323.05
  ], 
  [
   304898.229, 
   -572349.493
  ], 
  [
   502252.843, 
   -670747.973
  ], 
  [
   -913266.411, 
   -973860.835
  ], 
  [
   -348959.378, 
   192900.206
  ], 
  [
   468714.71, 
   497538.748
  ], 
  [
   -962021.812, 
   957896.769
  ], 
  [
   949737.13, 
   -417902.804
  ], 
  [
   -274388.453, 
   -674935.848
  ], 
  [
   -438477.925, 
   923390.705
  ], 
  [
   134879.627, 
   -313206.537
  ], 
  [
   160883.463, 
   -473004.645
  ], 
  [
   -637546.654, 
   924581.813
  ], 
  [
   -958511.397, 
   525849.397
  ], 
  [
   29435.498, 
   475549.233
  ], 
  [
   -82916.05, 
   216755.202
  ], 
  [
   376477.688, 
   955676.473
  ], 
  [
   487915.874, 
   437924.404
  ], 
  [
   92550.263, 
   416379.063
  ], 
  [
   785886.251, 
   -78941.578
  ], 
  [
   -690178.679, 
   -65462.486
  ], 
  [
   354134.341, 
   84401.977
  ], 
  [
   -544079.703, 
   394922.365
  ], 
  [
   -821997.305, 
   -959011.403
  ], 
  [
   -355850.949, 
   -913601.704
  ], 
  [
   -148705.38, 
   974786.148
  ], 
  [
   -53179.169, 
   -978665.146
  ], 
  [
   167962.291, 
   283090.969
  ], 
  [
   516642.33, 
   729149.458
  ], 
  [
   340193.77, 
   239031.168
  ], 
  [
   -128663.892, 
   -602727.842
  ], 
  [
   -147979.747, 
   -465847.011
  ]
 ], 
 "PUV": [
  false, 
  true, 
  true, 
  false, 
  false, 
  true, 
  false, 
  false, 
  true, 
  false, 
  true, 
  false, 
  true, 
  false, 
  true
 ], 
 "LCM": {
  "11": [
   "NOTUSED", 
   "ORR", 
   "ANDD", 
   "ORR", 
   "ORR", 
   "ORR", 
   "ANDD", 
   "NOTUSED", 
   "ANDD", 
   "ANDD", 
   "ANDD", 
   "ORR", 
   "ORR", 
   "NOTUSED", 
   "ORR"
  ], 
  "10": [
   "ORR", 
   "NOTUSED", 
   "ANDD", 
   "ORR", 
   "ORR", 
   "ORR", 
   "ANDD", 
   "ORR", 
   "ORR", 
   "ORR", 
   "NOTUSED", 
   "ANDD", 
   "NOTUSED", 
   "ANDD", 
   "NOTUSED"
  ], 
  "13": [
   "ANDD", 
   "ANDD", 
   "NOTUSED", 
   "NOTUSED", 
   "ORR", 
   "NOTUSED", 
   "ORR", 
   "NOTUSED", 
   "NOTUSED", 
   "NOTUSED", 
   "ANDD", 
   "NOTUSED", 
   "ORR", 
   "ANDD", 
   "NOTUSED"
  ], 
  "12": [
   "ORR", 
   "ANDD", 
   "NOTUSED", 
   "NOTUSED", 
   "ORR", 
   "ANDD", 
   "ANDD", 
   "ORR", 
   "ORR", 
   "NOTUSED", 
   "NOTUSED", 
   "ORR", 
   "ORR", 
   "ORR", 
   "NOTUSED"
  ], 
  "14": [
   "ANDD", 
   "ANDD", 
   "ORR", 
   "ANDD", 
   "NOTUSED", 
   "ANDD", 
   "NOTUSED", 
   "ORR", 
   "ANDD", 
   "ORR", 
   "NOTUSED", 
   "ORR", 
   "NOTUSED", 
   "NOTUSED", 
   "ANDD"
  ], 
  "1": [
   "NOTUSED", 
   "ANDD", 
   "NOTUSED", 
   "NOTUSED", 
   "ANDD", 
   "ANDD", 
   "ORR", 
   "NOTUSED", 
   "NOTUSED", 
   "ANDD", 
   "NOTUSED", 
   "ORR", 
   "ANDD", 
   "ANDD", 
   "ANDD"
  ], 
  "0": [
   "ORR", 
   "NOTUSED", 
   "NOTUSED", 
   "ORR", 
   "ANDD", 
   "ANDD", 
   "NOTUSED", 
   "ANDD", 
   "ORR", 
   "ORR", 
   "ORR", 
   "NOTUSED", 
   "ORR", 
   "ANDD", 
   "ANDD"
  ], 
  "3": [
   "ORR", 
   "NOTUSED", 
   "NOTUSED", 
   "ANDD", 
   "ANDD", 
   "NOTUSED", 
   "NOTUSED", 
   "ANDD", 
   "ORR", 
   "ORR", 
   "ORR", 
   "ORR", 
   "NOTUSED", 
   "NOTUSED", 
   "ANDD"
  ], 
  "2": [
   "NOTUSED", 
   "NOTUSED", 
   "ANDD", 
   "NOTUSED", 
   "NOTUSED", 
   "NOTUSED", 
   "ANDD", 
   "NOTUSED", 
   "ORR", 
   "ORR", 
   "ANDD", 
   "ANDD", 
   "NOTUSED", 
   "NOTUSED", 
   "ORR"
  ], 
  "5": [
   "ANDD", 
   "ANDD", 
   "NOTUSED", 
   "NOTUSED", 
   "NOTUSED", 
   "NOTUSED", 
   "ANDD", 
   "ORR", 
   "NOTUSED", 
   "NOTUSED", 
   "ORR", 
   "ORR", 
   "ANDD", 
   "NOTUSED", 
   "ANDD"
  ], 
  "4": [
   "ANDD", 
   "ANDD", 
   "NOTUSED", 
   "ANDD", 
   "NOTUSED", 
   "NOTUSED", 
   "ANDD", 
   "NOTUSED", 
   "NOTUSED", 
   "ORR", 
   "ORR", 
   "ORR", 
   "ORR", 
   "ORR", 
   "NOTUSED"
  ], 
  "7": [
   "ANDD", 
   "NOTUSED", 
   "NOTUSED", 
   "ANDD", 
   "NOTUSED", 
   "ORR", 
   "NOTUSED", 
   "ANDD", 
   "NOTUSED", 
   "NOTUSED", 
   "ORR", 
   "NOTUSED", 
   "ORR", 
   "NOTUSED", 
   "ORR"
  ], 
  "6": [
   "NOTUSED", 
   "ORR", 
   "ANDD", 
   "NOTUSED", 
   "ANDD", 
   "ANDD", 
   "ANDD", 
   "NOTUSED", 
   "ORR", 
   "ANDD", 
   "ANDD", 
   "ANDD", 
   "ANDD", 
   "ORR", 
   "NOTUSED"
  ], 
  "9": [
   "ORR", 
   "ANDD", 
   "ORR", 
   "ORR", 
   "ORR", 
   "NOTUSED", 
   "ANDD", 
   "NOTUSED", 
   "ANDD", 
   "ANDD", 
   "ORR", 
   "ANDD", 
   "NOTUSED", 
   "NOTUSED", 
   "ORR"
  ], 
  "8": [
   "ORR", 
   "NOTUSED", 
   "ORR", 
   "ORR", 
   "NOTUSED", 
   "NOTUSED", 
   "ORR", 
   "NOTUSED", 
   "NOTUSED", 
   "ANDD", 
   "ORR", 
   "ANDD", 
   "ORR", 
   "NOTUSED", 
   "ANDD"
  ]
 }
}