{
 "random_seed": 2948796814, 
 "PARAMETERS": {
  "RADIUS1": 570393.937, 
  "QUADS": 1, 
  "RADIUS2": 828012.298, 
  "DIST": 61567.12, 
  "F_PTS": 41, 
  "K_PTS": 15, 
  "EPSILON": 0.819, 
  "LENGTH1": 967610.131, 
  "G_PTS": 49, 
  "Q_PTS": 45, 
  "N_PTS": 63, 
  "C_PTS": 47, 
  "AREA2": 330557.435, 
  "LENGTH2": 752957.859, 
  "B_PTS": 16, 
  "D_PTS": 14, 
  "AREA1": 603366.579, 
  "A_PTS": 37, 
  "E_PTS": 21
 }, 
 "NUMPOINTS": 87, 
 "points": [
  [
   337139.568, 
   -253586.663
  ], 
  [
   327964.517, 
   -401081.406
  ], 
  [
   295157.045, 
   -183434.532
  ], 
  [
   -839558.093, 
   -105814.159
  ], 
  [
   310195.053, 
   526556.35
  ], 
  [
   -493247.486, 
   812196.864
  ], 
  [
   -366915.55, 
   -980082.301
  ], 
  [
   939267.888, 
   -556966.976
  ], 
  [
   736049.186, 
   -769316.103
  ], 
  [
   583658.273, 
   -810906.859
  ], 
  [
   515593.059, 
   862275.268
  ], 
  [
   -123807.556, 
   510416.835
  ], 
  [
   -450873.173, 
   -504458.421
  ], 
  [
   -438273.352, 
   -621773.33
  ], 
  [
   785428.477, 
   22006.395
  ], 
  [
   283672.136, 
   738752.154
  ], 
  [
   316556.013, 
   -491766.552
  ], 
  [
   853306.972, 
   851400.798
  ], 
  [
   -18105.536, 
   335031.383
  ], 
  [
   681602.722, 
   -962018.831
  ], 
  [
   -266425.505, 
   994480.613
  ], 
  [
   -600038.972, 
   -433323.783
  ], 
  [
   563143.456, 
   -655210.554
  ], 
  [
   -367734.058, 
   952339.071
  ], 
  [
   20376.249, 
   -469074.43
  ], 
  [
   873795.722, 
   597333.253
  ], 
  [
   536615.904, 
   -91760.495
  ], 
  [
   -906161.944, 
   -650279.545
  ], 
  [
   -85887.615, 
   -222689.826
  ], 
  [
   -374993.673, 
   461483.663
  ], 
  [
   -316366.857, 
   356714.054
  ], 
  [
   -355507.333, 
   119446.237
  ], 
  [
   -796543.013, 
   465806.942
  ], 
  [
   -212203.057, 
   888755.237
  ], 
  [
   847860.011, 
   -181760.567
  ], 
  [
   -359653.332, 
   436865.153
  ], 
  [
   364111.077, 
   7662.461
  ], 
  [
   -184233.864, 
   826449.305
  ], 
  [
   532760.486, 
   823715.67
  ], 
  [
   883346.534, 
   -946820.293
  ], 
  [
   353754.018, 
   -832856.438
  ], 
  [
   -946694.061, 
   -624439.634
  ], 
  [
   618724.594, 
   121715.37
  ], 
  [
   189670.742, 
   937160.453
  ], 
  [
   -725235.312, 
   887003.719
  ], 
  [
   -10682.327, 
   593072.894
  ], 
  [
   276577.768, 
   -907068.466
  ], 
  [
   -355692.262, 
   489690.508
  ], 
  [
   -443890.651, 
   -982242.222
  ], 
  [
   833889.188, 
   654764.988
  ], 
  [
   -523106.606, 
   375632.008
  ], 
  [
   -924278.588, 
   682311.874
  ], 
  [
   -922334.751, 
   225685.046
  ], 
  [
   170562.796, 
   832566.227
  ], 
  [
   -279208.255, 
   463576.944
  ], 
  [
   -714063.183, 
   6743.212
  ], 
  [
   -62443.869, 
   -997820.714
  ], 
  [
   -66483.829, 
   273464.266
  ], 
  [
   172370.238, 
   126543.011
  ], 
  [
   656865.095, 
   -382026.69
  ], 
  [
   -937912.798, 
   -109338.742
  ], 
  [
   -704417.101, 
   -906248.192
  ], 
  [
   -8380.741, 
   728310.054
  ], 
  [
   -578499.229, 
   -233907.949
  ], 
  [
   875824.666, 
   806229.63
  ], 
  [
   -264561.363, 
   505206.93
  ], 
  [
   642890.449, 
   751903.455
  ], 
  [
   651946.145, 
   912418.7
  ], 
  [
   -81166.252, 
   -877969.22
  ], 
  [
   -937757.083, 
   101388.194
  ], 
  [
   -342447.135, 
   -433363.401
  ], 
  [
   111357.711, 
   272215.562
  ], 
  [
   91735.08, 
   611350.591
  ], 
  [
   154256.541, 
   -690453.7
  ], 
  [
   -345450.198, 
   528599.855
  ], 
  [
   354988.456, 
   655307.388
  ], 
  [
   225770.16, 
   -158815.366
  ], 
  [
   502346.823, 
   -328754.737
  ], 
  [
   314966.39, 
   -725789.674
  ], 
  [
   76709.315, 
   772944.644
  ], 
  [
   593610.412, 
   448617.822
  ], 
  [
   201772.056, 
   -975239.292
  ], 
  [
   326448.535, 
   425814.358
  ], 
  [
   917269.005, 
   -595457.23
  ], 
  [
   -416129.965, 
   -658427.194
  ], 
  [
   -10473.095, 
   -17275.039
  ], 
  [
   -393914.152, 
   -831032.951
  ]
 ], 
 "PUV": [
  true, 
  false, 
  true, 
  false, 
  false, 
  false, 
  false, 
  false, 
  false, 
  true, 
  false, 
  true, 
  true, 
  true, 
  true
 ], 
 "LCM": {
  "11": [
   "NOTUSED", 
   "NOTUSED", 
   "ORR", 
   "ANDD", 
   "NOTUSED", 
   "ANDD", 
   "ORR", 
   "ORR", 
   "ANDD", 
   "ANDD", 
   "ANDD", 
   "NOTUSED", 
   "NOTUSED", 
   "ANDD", 
   "ORR"
  ], 
  "10": [
   "ORR", 
   "ORR", 
   "NOTUSED", 
   "ANDD", 
   "NOTUSED", 
   "NOTUSED", 
   "ORR", 
   "NOTUSED", 
   "NOTUSED", 
   "ANDD", 
   "ORR", 
   "ANDD", 
   "ORR", 
   "ORR", 
   "NOTUSED"
  ], 
  "13": [
   "NOTUSED", 
   "ORR", 
   "ORR", 
   "NOTUSED", 
   "ORR", 
   "ANDD", 
   "ORR", 
   "NOTUSED", 
   "ORR", 
   "ORR", 
   "ORR", 
   "ANDD", 
   "ORR", 
   "ORR", 
   "ANDD"
  ], 
  "12": [
   "ANDD", 
   "ORR", 
   "NOTUSED", 
   "NOTUSED", 
   "ORR", 
   "ANDD", 
   "NOTUSED", 
   "ORR", 
   "ORR", 
   "ANDD", 
   "ORR", 
   "NOTUSED", 
   "NOTUSED", 
   "ORR", 
   "ANDD"
  ], 
  "14": [
   "ANDD", 
   "ORR", 
   "ORR", 
   "ANDD", 
   "NOTUSED", 
   "ANDD", 
   "ORR", 
   "NOTUSED", 
   "NOTUSED", 
   "ANDD", 
   "NOTUSED", 
   "ORR", 
   "ANDD", 
   "ANDD", 
   "ANDD"
  ], 
  "1": [
   "ANDD", 
   "ORR", 
   "ANDD", 
   "ORR", 
   "NOTUSED", 
   "ORR", 
   "ORR", 
   "ANDD", 
   "NOTUSED", 
   "ANDD", 
   "ORR", 
   "NOTUSED", 
   "ORR", 
   "ORR", 
   "ORR"
  ], 
  "0": [
   "ORR", 
   "ANDD", 
   "NOTUSED", 
   "ANDD", 
   "NOTUSED", 
   "ORR", 
   "NOTUSED", 
   "ORR", 
   "NOTUSED", 
   "ORR", 
   "ORR", 
   "NOTUSED", 
   "ANDD", 
   "NOTUSED", 
   "ANDD"
  ], 
  "3": [
   "ANDD", 
   "ORR", 
   "ANDD", 
   "NOTUSED", 
   "ANDD", 
   "NOTUSED", 
   "NOTUSED", 
   "NOTUSED", 
   "ORR", 
   "ANDD", 
   "ANDD", 
   "ANDD", 
   "NOTUSED", 
   "NOTUSED", 
   "ANDD"
  ], 
  "2": [
   "NOTUSED", 
   "ANDD", 
   "ANDD", 
   "ANDD", 
   "ANDD", 
   "ANDD", 
   "ORR", 
   "NOTUSED", 
   "NOTUSED", 
   "ORR", 
   "NOTUSED", 
   "ORR", 
   "NOTUSED", 
   "ORR", 
   "ORR"
  ], 
  "5": [
   "ORR", 
   "ORR", 
   "ANDD", 
   "NOTUSED", 
   "ORR", 
   "ORR", 
   "NOTUSED", 
   "ORR", 
   "NOTUSED", 
   "ORR", 
   "NOTUSED", 
   "ANDD", 
   "ANDD", 
   "ANDD", 
   "ANDD"
  ], 
  "4": [
   "NOTUSED", 
   "NOTUSED", 
   "ANDD", 
   "ANDD", 
   "NOTUSED", 
   "ORR", 
   "NOTUSED", 
   "NOTUSED", 
   "ORR", 
   "ORR", 
   "NOTUSED", 
   "NOTUSED", 
   "ORR", 
   "ORR", 
   "NOTUSED"
  ], 
  "7": [
   "ORR", 
   "ANDD", 
   "NOTUSED", 
   "NOTUSED", 
   "NOTUSED", 
   "ORR", 
   "NOTUSED", 
   "ORR", 
   "ANDD", 
   "ORR", 
   "NOTUSED", 
   "ORR", 
   "ORR", 
   "NOTUSED", 
   "NOTUSED"
  ], 
  "6": [
   "NOTUSED", 
   "ORR", 
   "ORR", 
   "NOTUSED", 
   "NOTUSED", 
   "NOTUSED", 
   "ANDD", 
   "NOTUSED", 
   "ANDD", 
   "NOTUSED", 
   "ORR", 
   "ORR", 
   "NOTUSED", 
   "ORR", 
   "ORR"
  ], 
  "9": [
   "ORR", 
   "ANDD", 
   "ORR", 
   "ANDD", 
   "ORR", 
   "ORR", 
   "NOTUSED", 
   "ORR", 
   "NOTUSED", 
   "ORR", 
   "ANDD", 
   "ANDD", 
   "ANDD", 
   "ORR", 
   "ANDD"
  ], 
  "8": [
   "NOTUSED", 
   "NOTUSED", 
   "NOTUSED", 
   "ORR", 
   "ORR", 
   "NOTUSED", 
   "ANDD", 
   "ANDD", 
   "ANDD", 
   "NOTUSED", 
   "NOTUSED", 
   "ANDD", 
   "ORR", 
   "ORR", 
   "NOTUSED"
  ]
 }
}