{
 "random_seed": 3254555788, 
 "PARAMETERS": {
  "RADIUS1": 433509.345, 
  "QUADS": 2, 
  "RADIUS2": 846339.471, 
  "DIST": 726691.481, 
  "F_PTS": 22, 
  "K_PTS": 54, 
  "EPSILON": 0.739, 
  "LENGTH1": 190859.573, 
  "G_PTS": 10, 
  "Q_PTS": 39, 
  "N_PTS": 20, 
  "C_PTS": 7, 
  "AREA2": 16725.691, 
  "LENGTH2": 995189.74, 
  "B_PTS": 19, 
  "D_PTS": 26, 
  "AREA1": 271820.895, 
  "A_PTS": 26, 
  "E_PTS": 15
 }, 
 "NUMPOINTS": 59, 
 "points": [
  [
   -225506.745, 
   353289.126
  ], 
  [
   -573195.917, 
   -891838.993
  ], 
  [
   -602571.8, 
   932621.927
  ], 
  [
   -314196.365, 
   557051.515
  ], 
  [
   708931.45, 
   -98543.36
  ], 
  [
   685855.871, 
   361560.346
  ], 
  [
   -626296.994, 
   -717643.912
  ], 
  [
   484247.068, 
   -572265.149
  ], 
  [
   -865703.24, 
   489068.504
  ], 
  [
   758134.606, 
   -404542.678
  ], 
  [
   -1096.821, 
   43284.86
  ], 
  [
   840462.661, 
   -756450.78
  ], 
  [
   215391.357, 
   168633.499
  ], 
  [
   -965206.937, 
   -937663.528
  ], 
  [
   808896.336, 
   -219224.191
  ], 
  [
   -10310.191, 
   465689.621
  ], 
  [
   -533356.397, 
   -289236.994
  ], 
  [
   634489.835, 
   -866684.629
  ], 
  [
   -29682.252, 
   -559155.725
  ], 
  [
   -450152.031, 
   -888235.14
  ], 
  [
   474729.736, 
   522100.923
  ], 
  [
   -56905.599, 
   -645597.029
  ], 
  [
   -581786.598, 
   770535.016
  ], 
  [
   655605.785, 
   374641.717
  ], 
  [
   -601867.527, 
   178635.091
  ], 
  [
   82642.84, 
   244554.529
  ], 
  [
   584412.979, 
   754698.164
  ], 
  [
   193271.932, 
   222610.089
  ], 
  [
   -776088.505, 
   103535.919
  ], 
  [
   -216085.805, 
   -683594.049
  ], 
  [
   -887028.928, 
   -292170.441
  ], 
  [
   967857.751, 
   -458187.396
  ], 
  [
   963189.084, 
   -521567.495
  ], 
  [
   -190199.427, 
   252224.68
  ], 
  [
   490039.04, 
   28755.998
  ], 
  [
   -526388.301, 
   -375497.362
  ], 
  [
   47002.95, 
   10449.98
  ], 
  [
   -77993.713, 
   9102.358
  ], 
  [
   894193.012, 
   869769.802
  ], 
  [
   -155857.268, 
   -892478.367
  ], 
  [
   834141.846, 
   854635.975
  ], 
  [
   845228.654, 
   483968.554
  ], 
  [
   -501085.7, 
   851511.11
  ], 
  [
   453403.823, 
   45743.104
  ], 
  [
   -129394.656, 
   584188.885
  ], 
  [
   -259474.323, 
   5164.594
  ], 
  [
   766502.651, 
   -835036.544
  ], 
  [
   -326294.165, 
   426521.226
  ], 
  [
   104956.807, 
   -159693.446
  ], 
  [
   -63575.193, 
   938343.323
  ], 
  [
   -73491.971, 
   820013.849
  ], 
  [
   -673673.132, 
   -415127.32
  ], 
  [
   410199.658, 
   814155.897
  ], 
  [
   -801264.474, 
   611504.139
  ], 
  [
   -841841.168, 
   -74535.617
  ], 
  [
   -592376.78, 
   -198998.373
  ], 
  [
   -414666.823, 
   -939978.869
  ], 
  [
   70213.8, 
   -40733.82
  ], 
  [
   -800527.86, 
   423937.922
  ]
 ], 
 "PUV": [
  true, 
  false, 
  false, 
  false, 
  true, 
  false, 
  true, 
  false, 
  true, 
  false, 
  true, 
  false, 
  true, 
  false, 
  true
 ], 
 "LCM": {
  "11": [
   "ANDD", 
   "ANDD", 
   "NOTUSED", 
   "ORR", 
   "ANDD", 
   "NOTUSED", 
   "ANDD", 
   "ORR", 
   "NOTUSED", 
   "ANDD", 
   "ORR", 
   "NOTUSED", 
   "ANDD", 
   "ORR", 
   "ORR"
  ], 
  "10": [
   "ORR", 
   "ANDD", 
   "ANDD", 
   "ANDD", 
   "ORR", 
   "ANDD", 
   "ORR", 
   "ANDD", 
   "ANDD", 
   "ORR", 
   "ORR", 
   "ORR", 
   "ORR", 
   "ORR", 
   "ANDD"
  ], 
  "13": [
   "NOTUSED", 
   "NOTUSED", 
   "ORR", 
   "NOTUSED", 
   "ORR", 
   "ORR", 
   "ANDD", 
   "ANDD", 
   "ORR", 
   "ANDD", 
   "ORR", 
   "ORR", 
   "ORR", 
   "NOTUSED", 
   "NOTUSED"
  ], 
  "12": [
   "ANDD", 
   "ORR", 
   "ANDD", 
   "NOTUSED", 
   "ANDD", 
   "ORR", 
   "NOTUSED", 
   "ANDD", 
   "NOTUSED", 
   "ANDD", 
   "ORR", 
   "ANDD", 
   "ORR", 
   "ORR", 
   "ANDD"
  ], 
  "14": [
   "ANDD", 
   "ORR", 
   "ANDD", 
   "ANDD", 
   "ANDD", 
   "NOTUSED", 
   "ANDD", 
   "ANDD", 
   "NOTUSED", 
   "ORR", 
   "ANDD", 
   "ORR", 
   "ANDD", 
   "NOTUSED", 
   "ANDD"
  ], 
  "1": [
   "ANDD", 
   "NOTUSED", 
   "ORR", 
   "ORR", 
   "ORR", 
   "ORR", 
   "ANDD", 
   "ORR", 
   "ANDD", 
   "NOTUSED", 
   "ANDD", 
   "ANDD", 
   "ORR", 
   "NOTUSED", 
   "ORR"
  ], 
  "0": [
   "NOTUSED", 
   "ANDD", 
   "ORR", 
   "ORR", 
   "ANDD", 
   "NOTUSED", 
   "ANDD", 
   "ORR", 
   "ANDD", 
   "ANDD", 
   "ORR", 
   "ANDD", 
   "ANDD", 
   "NOTUSED", 
   "ANDD"
  ], 
  "3": [
   "ORR", 
   "ORR", 
   "NOTUSED", 
   "ORR", 
   "ORR", 
   "NOTUSED", 
   "ORR", 
   "NOTUSED", 
   "ANDD", 
   "NOTUSED", 
   "ANDD", 
   "ORR", 
   "NOTUSED", 
   "NOTUSED", 
   "ANDD"
  ], 
  "2": [
   "ORR", 
   "ORR", 
   "NOTUSED", 
   "NOTUSED", 
   "ORR", 
   "ANDD", 
   "ANDD", 
   "ORR", 
   "ANDD", 
   "ORR", 
   "ANDD", 
   "NOTUSED", 
   "ANDD", 
   "ORR", 
   "ANDD"
  ], 
  "5": [
   "NOTUSED", 
   "ORR", 
   "ANDD", 
   "NOTUSED", 
   "ANDD", 
   "ORR", 
   "ORR", 
   "NOTUSED", 
   "NOTUSED", 
   "NOTUSED", 
   "ANDD", 
   "NOTUSED", 
   "ORR", 
   "ORR", 
   "NOTUSED"
  ], 
  "4": [
   "ANDD", 
   "ORR", 
   "ORR", 
   "ORR", 
   "ANDD", 
   "ANDD", 
   "ORR", 
   "ANDD", 
   "NOTUSED", 
   "NOTUSED", 
   "ORR", 
   "ANDD", 
   "ANDD", 
   "ORR", 
   "ANDD"
  ], 
  "7": [
   "ORR", 
   "ORR", 
   "ORR", 
   "NOTUSED", 
   "ANDD", 
   "NOTUSED", 
   "ORR", 
   "ANDD", 
   "ORR", 
   "NOTUSED", 
   "ANDD", 
   "ORR", 
   "ANDD", 
   "ANDD", 
   "ANDD"
  ], 
  "6": [
   "ANDD", 
   "ANDD", 
   "ANDD", 
   "ORR", 
   "ORR", 
   "ORR", 
   "NOTUSED", 
   "ORR", 
   "ANDD", 
   "NOTUSED", 
   "ORR", 
   "ANDD", 
   "NOTUSED", 
   "ANDD", 
   "ANDD"
  ], 
  "9": [
   "ANDD", 
   "NOTUSED", 
   "ORR", 
   "NOTUSED", 
   "NOTUSED", 
   "NOTUSED", 
   "NOTUSED", 
   "NOTUSED", 
   "ANDD", 
   "NOTUSED", 
   "ORR", 
   "ANDD", 
   "ANDD", 
   "ANDD", 
   "ORR"
  ], 
  "8": [
   "ANDD", 
   "ANDD", 
   "ANDD", 
   "ANDD", 
   "NOTUSED", 
   "NOTUSED", 
   "ANDD", 
   "ORR", 
   "ORR", 
   "ANDD", 
   "ANDD", 
   "NOTUSED", 
   "NOTUSED", 
   "ORR", 
   "NOTUSED"
  ]
 }
}