{
 "random_seed": 2719675816, 
 "PARAMETERS": {
  "RADIUS1": 537962.211, 
  "QUADS": 3, 
  "RADIUS2": 569295.226, 
  "DIST": 44449.1, 
  "F_PTS": 35, 
  "K_PTS": 40, 
  "EPSILON": 0.276, 
  "LENGTH1": 122189.115, 
  "G_PTS": 23, 
  "Q_PTS": 6, 
  "N_PTS": 17, 
  "C_PTS": 23, 
  "AREA2": 867189.154, 
  "LENGTH2": 800028.631, 
  "B_PTS": 24, 
  "D_PTS": 9, 
  "AREA1": 275593.426, 
  "A_PTS": 12, 
  "E_PTS": 3
 }, 
 "NUMPOINTS": 42, 
 "points": [
  [
   -29268.793, 
   561112.783
  ], 
  [
   -713889.281, 
   82075.741
  ], 
  [
   724117.695, 
   259587.706
  ], 
  [
   519784.315, 
   -977714.662
  ], 
  [
   -25177.267, 
   -914101.072
  ], 
  [
   525349.878, 
   953844.486
  ], 
  [
   265539.065, 
   620235.711
  ], 
  [
   593811.586, 
   -941203.227
  ], 
  [
   -25404.987, 
   -668272.692
  ], 
  [
   -719533.093, 
   844200.047
  ], 
  [
   -665356.402, 
   113809.421
  ], 
  [
   -286855.482, 
   -436368.66
  ], 
  [
   -149188.063, 
   239794.32
  ], 
  [
   873209.247, 
   -455380.479
  ], 
  [
   117095.347, 
   -611676.126
  ], 
  [
   481312.114, 
   -687041.12
  ], 
  [
   -835995.156, 
   679639.355
  ], 
  [
   -421627.418, 
   236815.971
  ], 
  [
   -308172.434, 
   982905.707
  ], 
  [
   373326.435, 
   -703301.593
  ], 
  [
   -710669.201, 
   -665255.785
  ], 
  [
   545319.395, 
   -175131.686
  ], 
  [
   -808672.305, 
   -540989.695
  ], 
  [
   851844.621, 
   -547014.034
  ], 
  [
   744321.417, 
   -992258.179
  ], 
  [
   500406.039, 
   929030.477
  ], 
  [
   -429371.511, 
   -143465.568
  ], 
  [
   557719.646, 
   -299626.992
  ], 
  [
   -898775.747, 
   -135156.011
  ], 
  [
   965767.744, 
   -309933.64
  ], 
  [
   -522819.505, 
   -718249.362
  ], 
  [
   113966.249, 
   8492.318
  ], 
  [
   -39653.969, 
   867369.22
  ], 
  [
   -627323.408, 
   47755.683
  ], 
  [
   456430.462, 
   137053.74
  ], 
  [
   -466103.777, 
   331066.973
  ], 
  [
   -393659.462, 
   -597422.849
  ], 
  [
   -710842.127, 
   945994.668
  ], 
  [
   -648331.318, 
   325819.3
  ], 
  [
   -388362.415, 
   795448.929
  ], 
  [
   922070.828, 
   -807676.11
  ], 
  [
   -378492.691, 
   -737929.606
  ]
 ], 
 "PUV": [
  false, 
  true, 
  false, 
  true, 
  false, 
  false, 
  false, 
  true, 
  true, 
  true, 
  false, 
  false, 
  false, 
  false, 
  true
 ], 
 "LCM": {
  "11": [
   "ORR", 
   "ORR", 
   "NOTUSED", 
   "ANDD", 
   "ORR", 
   "NOTUSED", 
   "ORR", 
   "ORR", 
   "ORR", 
   "ANDD", 
   "ANDD", 
   "NOTUSED", 
   "ANDD", 
   "ANDD", 
   "ANDD"
  ], 
  "10": [
   "ANDD", 
   "ANDD", 
   "ANDD", 
   "ANDD", 
   "ORR", 
   "NOTUSED", 
   "ANDD", 
   "ORR", 
   "ANDD", 
   "NOTUSED", 
   "ORR", 
   "ANDD", 
   "NOTUSED", 
   "NOTUSED", 
   "ANDD"
  ], 
  "13": [
   "ANDD", 
   "NOTUSED", 
   "ANDD", 
   "NOTUSED", 
   "ORR", 
   "NOTUSED", 
   "ANDD", 
   "NOTUSED", 
   "NOTUSED", 
   "ANDD", 
   "NOTUSED", 
   "ANDD", 
   "ANDD", 
   "ORR", 
   "ANDD"
  ], 
  "12": [
   "ANDD", 
   "ANDD", 
   "ORR", 
   "NOTUSED", 
   "NOTUSED", 
   "ORR", 
   "NOTUSED", 
   "ORR", 
   "ANDD", 
   "ORR", 
   "NOTUSED", 
   "ANDD", 
   "ANDD", 
   "ANDD", 
   "ANDD"
  ], 
  "14": [
   "NOTUSED", 
   "ORR", 
   "ANDD", 
   "ANDD", 
   "ANDD", 
   "ANDD", 
   "NOTUSED", 
   "ORR", 
   "ANDD", 
   "NOTUSED", 
   "ANDD", 
   "ANDD", 
   "ANDD", 
   "ANDD", 
   "ORR"
  ], 
  "1": [
   "ANDD", 
   "ORR", 
   "ANDD", 
   "ORR", 
   "ANDD", 
   "ANDD", 
   "ANDD", 
   "ORR", 
   "ANDD", 
   "NOTUSED", 
   "ANDD", 
   "ORR", 
   "ANDD", 
   "NOTUSED", 
   "ORR"
  ], 
  "0": [
   "ANDD", 
   "ANDD", 
   "ORR", 
   "ANDD", 
   "ORR", 
   "ANDD", 
   "ORR", 
   "NOTUSED", 
   "NOTUSED", 
   "ORR", 
   "ANDD", 
   "ORR", 
   "ANDD", 
   "ANDD", 
   "NOTUSED"
  ], 
  "3": [
   "ANDD", 
   "ORR", 
   "NOTUSED", 
   "NOTUSED", 
   "ANDD", 
   "ORR", 
   "ANDD", 
   "ORR", 
   "ANDD", 
   "NOTUSED", 
   "ANDD", 
   "ANDD", 
   "NOTUSED", 
   "NOTUSED", 
   "ANDD"
  ], 
  "2": [
   "ORR", 
   "ANDD", 
   "NOTUSED", 
   "NOTUSED", 
   "NOTUSED", 
   "ORR", 
   "NOTUSED", 
   "NOTUSED", 
   "NOTUSED", 
   "ORR", 
   "ANDD", 
   "NOTUSED", 
   "ORR", 
   "ANDD", 
   "ANDD"
  ], 
  "5": [
   "ANDD", 
   "ANDD", 
   "ORR", 
   "ORR", 
   "ORR", 
   "ANDD", 
   "ANDD", 
   "ANDD", 
   "ORR", 
   "ANDD", 
   "NOTUSED", 
   "NOTUSED", 
   "ORR", 
   "NOTUSED", 
   "ANDD"
  ], 
  "4": [
   "ORR", 
   "ANDD", 
   "NOTUSED", 
   "ANDD", 
   "ORR", 
   "ORR", 
   "ORR", 
   "ORR", 
   "ORR", 
   "NOTUSED", 
   "ORR", 
   "ORR", 
   "NOTUSED", 
   "ORR", 
   "ANDD"
  ], 
  "7": [
   "NOTUSED", 
   "ORR", 
   "NOTUSED", 
   "ORR", 
   "ORR", 
   "ANDD", 
   "ORR", 
   "ORR", 
   "NOTUSED", 
   "ORR", 
   "ORR", 
   "ORR", 
   "ORR", 
   "NOTUSED", 
   "ORR"
  ], 
  "6": [
   "ORR", 
   "ANDD", 
   "NOTUSED", 
   "ANDD", 
   "ORR", 
   "ANDD", 
   "NOTUSED", 
   "ORR", 
   "ORR", 
   "ANDD", 
   "ANDD", 
   "ORR", 
   "NOTUSED", 
   "ANDD", 
   "NOTUSED"
  ], 
  "9": [
   "ORR", 
   "NOTUSED", 
   "ORR", 
   "NOTUSED", 
   "NOTUSED", 
   "ANDD", 
   "ANDD", 
   "ORR", 
   "ANDD", 
   "ORR", 
   "NOTUSED", 
   "ANDD", 
   "ORR", 
   "ANDD", 
   "NOTUSED"
  ], 
  "8": [
   "NOTUSED", 
   "ANDD", 
   "NOTUSED", 
   "ANDD", 
   "ORR", 
   "ORR", 
   "ORR", 
   "NOTUSED", 
   "NOTUSED", 
   "ANDD", 
   "ANDD", 
   "ORR", 
   "ANDD", 
   "NOTUSED", 
   "ANDD"
  ]
 }
}