{
 "random_seed": 3222650534, 
 "PARAMETERS": {
  "RADIUS1": 130416.24, 
  "QUADS": 2, 
  "RADIUS2": 347569.5, 
  "DIST": 14222.729, 
  "F_PTS": 36, 
  "K_PTS": 49, 
  "EPSILON": 2.63, 
  "LENGTH1": 204886.673, 
  "G_PTS": 70, 
  "Q_PTS": 44, 
  "N_PTS": 54, 
  "C_PTS": 5, 
  "AREA2": 325203.154, 
  "LENGTH2": 675058.603, 
  "B_PTS": 47, 
  "D_PTS": 75, 
  "AREA1": 327784.525, 
  "A_PTS": 47, 
  "E_PTS": 41
 }, 
 "NUMPOINTS": 100, 
 "points": [
  [
   -113504.529, 
   405669.324
  ], 
  [
   -299365.788, 
   387806.178
  ], 
  [
   -913535.791, 
   -891131.832
  ], 
  [
   507101.774, 
   -453963.278
  ], 
  [
   -636189.109, 
   -788134.42
  ], 
  [
   633918.757, 
   -697066.879
  ], 
  [
   -853529.132, 
   278957.855
  ], 
  [
   193300.972, 
   -70200.015
  ], 
  [
   982611.143, 
   -516314.656
  ], 
  [
   271491.652, 
   793146.789
  ], 
  [
   738877.236, 
   946115.641
  ], 
  [
   -199184.173, 
   -175489.212
  ], 
  [
   209731.869, 
   -789696.147
  ], 
  [
   711061.057, 
   332911.87
  ], 
  [
   -124005.103, 
   282535.028
  ], 
  [
   -350363.785, 
   970629.892
  ], 
  [
   -816251.409, 
   74782.754
  ], 
  [
   -762345.182, 
   -433252.823
  ], 
  [
   997985.149, 
   -791236.771
  ], 
  [
   283394.282, 
   188069.383
  ], 
  [
   -117068.397, 
   461172.298
  ], 
  [
   512926.942, 
   936874.014
  ], 
  [
   372923.328, 
   323229.008
  ], 
  [
   -160408.692, 
   469492.914
  ], 
  [
   -738865.005, 
   -665721.981
  ], 
  [
   766941.047, 
   672750.442
  ], 
  [
   919715.321, 
   -273940.137
  ], 
  [
   326739.802, 
   559176.692
  ], 
  [
   -167419.284, 
   856621.56
  ], 
  [
   -7633.375, 
   -158463.228
  ], 
  [
   -914816.579, 
   86493.359
  ], 
  [
   331142.524, 
   12140.981
  ], 
  [
   -405858.982, 
   475779.203
  ], 
  [
   147189.884, 
   -743980.689
  ], 
  [
   -157161.092, 
   807881.192
  ], 
  [
   815150.868, 
   -804106.086
  ], 
  [
   -17729.534, 
   126326.956
  ], 
  [
   -73697.589, 
   -342954.718
  ], 
  [
   929346.605, 
   554498.686
  ], 
  [
   278782.816, 
   -61548.007
  ], 
  [
   452799.88, 
   -619235.591
  ], 
  [
   -931498.697, 
   -758939.855
  ], 
  [
   437220.472, 
   -510307.191
  ], 
  [
   596459.184, 
   -218689.829
  ], 
  [
   -282631.297, 
   -358799.559
  ], 
  [
   760609.864, 
   -169596.387
  ], 
  [
   -449935.096, 
   47273.344
  ], 
  [
   256292.415, 
   377474.393
  ], 
  [
   177002.644, 
   -855082.941
  ], 
  [
   -142451.253, 
   -300387.107
  ], 
  [
   -963370.525, 
   632282.543
  ], 
  [
   561187.716, 
   902867.016
  ], 
  [
   -192148.476, 
   407198.676
  ], 
  [
   -244863.297, 
   369611.34
  ], 
  [
   319653.039, 
   882118.271
  ], 
  [
   -74407.362, 
   -876156.56
  ], 
  [
   385782.125, 
   -530428.253
  ], 
  [
   -646794.572, 
   74120.162
  ], 
  [
   321406.297, 
   -460499.804
  ], 
  [
   -285349.509, 
   202059.29
  ], 
  [
   -18459.993, 
   -639970.177
  ], 
  [
   780481.437, 
   488343.45
  ], 
  [
   270468.628, 
   736286.11
  ], 
  [
   757406.464, 
   -275168.086
  ], 
  [
   141619.561, 
   296733.269
  ], 
  [
   -958663.754, 
   -21250.045
  ], 
  [
   940955.814, 
   197992.339
  ], 
  [
   -378572.58, 
   -616925.947
  ], 
  [
   602150.929, 
   973265.877
  ], 
  [
   752444.752, 
   440747.165
  ], 
  [
   739224.57, 
   651518.592
  ], 
  [
   320296.148, 
   -958034.487
  ], 
  [
   -465417.649, 
   -751568.462
  ], 
  [
   -284833.394, 
   -503888.134
  ], 
  [
   487007.702, 
   -516777.377
  ], 
  [
   381441.151, 
   433685.272
  ], 
  [
   -33583.838, 
   450595.973
  ], 
  [
   926121.68, 
   -630697.876
  ], 
  [
   -967559.191, 
   593768.947
  ], 
  [
   -868456.102, 
   -232703.001
  ], 
  [
   -662458.595, 
   365308.771
  ], 
  [
   -808187.354, 
   58384.146
  ], 
  [
   343045.053, 
   3329.267
  ], 
  [
   176222.547, 
   -746658.081
  ], 
  [
   -870107.052, 
   -281556.341
  ], 
  [
   537346.379, 
   747285.333
  ], 
  [
   -755.789, 
   374660.309
  ], 
  [
   -548968.133, 
   38667.034
  ], 
  [
   14260.086, 
   -123846.902
  ], 
  [
   -710112.53, 
   -304128.423
  ], 
  [
   -641823.934, 
   803634.378
  ], 
  [
   29294.478, 
   813115.509
  ], 
  [
   939251.48, 
   -408309.822
  ], 
  [
   642366.281, 
   416478.428
  ], 
  [
   -307683.919, 
   308862.439
  ], 
  [
   495825.793, 
   -62794.78
  ], 
  [
   -883142.827, 
   -189386.777
  ], 
  [
   522102.436, 
   206814.944
  ], 
  [
   509451.684, 
   -396238.039
  ], 
  [
   348320.286, 
   761793.638
  ]
 ], 
 "PUV": [
  true, 
  false, 
  true, 
  false, 
  false, 
  true, 
  false, 
  false, 
  true, 
  true, 
  true, 
  true, 
  false, 
  false, 
  false
 ], 
 "LCM": {
  "11": [
   "NOTUSED", 
   "ANDD", 
   "NOTUSED", 
   "NOTUSED", 
   "ANDD", 
   "ANDD", 
   "NOTUSED", 
   "NOTUSED", 
   "NOTUSED", 
   "NOTUSED", 
   "NOTUSED", 
   "NOTUSED", 
   "NOTUSED", 
   "ORR", 
   "ORR"
  ], 
  "10": [
   "ANDD", 
   "ANDD", 
   "NOTUSED", 
   "ORR", 
   "ANDD", 
   "ORR", 
   "ANDD", 
   "ANDD", 
   "NOTUSED", 
   "NOTUSED", 
   "ORR", 
   "NOTUSED", 
   "NOTUSED", 
   "NOTUSED", 
   "NOTUSED"
  ], 
  "13": [
   "NOTUSED", 
   "ORR", 
   "ORR", 
   "ANDD", 
   "ANDD", 
   "ANDD", 
   "ORR", 
   "ANDD", 
   "ANDD", 
   "ANDD", 
   "NOTUSED", 
   "ORR", 
   "NOTUSED", 
   "ORR", 
   "ANDD"
  ], 
  "12": [
   "ANDD", 
   "ORR", 
   "NOTUSED", 
   "NOTUSED", 
   "NOTUSED", 
   "ANDD", 
   "ANDD", 
   "NOTUSED", 
   "NOTUSED", 
   "ANDD", 
   "NOTUSED", 
   "NOTUSED", 
   "NOTUSED", 
   "NOTUSED", 
   "ORR"
  ], 
  "14": [
   "NOTUSED", 
   "ANDD", 
   "NOTUSED", 
   "ORR", 
   "ORR", 
   "ORR", 
   "NOTUSED", 
   "ANDD", 
   "NOTUSED", 
   "ORR", 
   "NOTUSED", 
   "ORR", 
   "ORR", 
   "ANDD", 
   "ANDD"
  ], 
  "1": [
   "ORR", 
   "ANDD", 
   "ANDD", 
   "NOTUSED", 
   "NOTUSED", 
   "ORR", 
   "ORR", 
   "ANDD", 
   "ORR", 
   "ORR", 
   "ANDD", 
   "ANDD", 
   "ORR", 
   "ORR", 
   "ANDD"
  ], 
  "0": [
   "NOTUSED", 
   "ORR", 
   "ORR", 
   "ORR", 
   "ORR", 
   "ANDD", 
   "ORR", 
   "NOTUSED", 
   "ORR", 
   "ANDD", 
   "ANDD", 
   "NOTUSED", 
   "ANDD", 
   "NOTUSED", 
   "NOTUSED"
  ], 
  "3": [
   "ORR", 
   "NOTUSED", 
   "ORR", 
   "ANDD", 
   "NOTUSED", 
   "NOTUSED", 
   "ANDD", 
   "NOTUSED", 
   "ORR", 
   "ANDD", 
   "ORR", 
   "NOTUSED", 
   "NOTUSED", 
   "ANDD", 
   "ORR"
  ], 
  "2": [
   "ORR", 
   "ANDD", 
   "NOTUSED", 
   "ORR", 
   "ANDD", 
   "NOTUSED", 
   "ANDD", 
   "ORR", 
   "ANDD", 
   "ANDD", 
   "NOTUSED", 
   "NOTUSED", 
   "NOTUSED", 
   "ORR", 
   "NOTUSED"
  ], 
  "5": [
   "ANDD", 
   "ORR", 
   "NOTUSED", 
   "NOTUSED", 
   "ANDD", 
   "ORR", 
   "ANDD", 
   "ORR", 
   "NOTUSED", 
   "ORR", 
   "ORR", 
   "ANDD", 
   "ANDD", 
   "ANDD", 
   "ORR"
  ], 
  "4": [
   "ORR", 
   "NOTUSED", 
   "ANDD", 
   "NOTUSED", 
   "NOTUSED", 
   "ANDD", 
   "ANDD", 
   "ORR", 
   "ORR", 
   "ANDD", 
   "ANDD", 
   "ANDD", 
   "NOTUSED", 
   "ANDD", 
   "ORR"
  ], 
  "7": [
   "NOTUSED", 
   "ANDD", 
   "ORR", 
   "NOTUSED", 
   "ORR", 
   "ORR", 
   "ANDD", 
   "NOTUSED", 
   "NOTUSED", 
   "ANDD", 
   "ANDD", 
   "NOTUSED", 
   "NOTUSED", 
   "ANDD", 
   "ANDD"
  ], 
  "6": [
   "ORR", 
   "ORR", 
   "ANDD", 
   "ANDD", 
   "ANDD", 
   "ANDD", 
   "ORR", 
   "ANDD", 
   "ORR", 
   "ANDD", 
   "ANDD", 
   "NOTUSED", 
   "ANDD", 
   "ORR", 
   "NOTUSED"
  ], 
  "9": [
   "ANDD", 
   "ORR", 
   "ANDD", 
   "ANDD", 
   "ANDD", 
   "ORR", 
   "ANDD", 
   "ANDD", 
   "ORR", 
   "ANDD", 
   "NOTUSED", 
   "NOTUSED", 
   "ANDD", 
   "ANDD", 
   "ORR"
  ], 
  "8": [
   "ORR", 
   "ORR", 
   "ANDD", 
   "ORR", 
   "ORR", 
   "NOTUSED", 
   "ORR", 
   "NOTUSED", 
   "ANDD", 
   "ORR", 
   "NOTUSED", 
   "NOTUSED", 
   "NOTUSED", 
   "ANDD", 
   "NOTUSED"
  ]
 }
}