{
 "random_seed": 2168851326, 
 "PARAMETERS": {
  "RADIUS1": 51903.006, 
  "QUADS": 1, 
  "RADIUS2": 38831.868, 
  "DIST": 175157.337, 
  "F_PTS": 46, 
  "K_PTS": 31, 
  "EPSILON": 2.013, 
  "LENGTH1": 830293.888, 
  "G_PTS": 45, 
  "Q_PTS": 29, 
  "N_PTS": 36, 
  "C_PTS": 59, 
  "AREA2": 632750.413, 
  "LENGTH2": 795844.034, 
  "B_PTS": 56, 
  "D_PTS": 11, 
  "AREA1": 239435.74, 
  "A_PTS": 16, 
  "E_PTS": 42
 }, 
 "NUMPOINTS": 91, 
 "points": [
  [
   312683.611, 
   825820.006
  ], 
  [
   306039.562, 
   203944.028
  ], 
  [
   411941.747, 
   -231181.477
  ], 
  [
   69522.647, 
   -137072.19
  ], 
  [
   -614130.285, 
   794909.607
  ], 
  [
   -218299.622, 
   -523292.885
  ], 
  [
   -984106.945, 
   -4056.498
  ], 
  [
   425835.247, 
   -516516.923
  ], 
  [
   -595859.632, 
   789630.484
  ], 
  [
   -426697.382, 
   -474744.827
  ], 
  [
   512974.566, 
   -946205.899
  ], 
  [
   -701854.341, 
   195599.131
  ], 
  [
   5675.783, 
   196016.667
  ], 
  [
   -414715.274, 
   640152.763
  ], 
  [
   -280221.914, 
   -332217.522
  ], 
  [
   -670890.934, 
   -459082.334
  ], 
  [
   632619.6, 
   163509.439
  ], 
  [
   -123089.56, 
   -209115.795
  ], 
  [
   649561.081, 
   570212.156
  ], 
  [
   307092.94, 
   -483442.684
  ], 
  [
   -304035.834, 
   -580740.186
  ], 
  [
   251381.796, 
   -918968.163
  ], 
  [
   -304442.572, 
   -736120.238
  ], 
  [
   -696248.683, 
   -623696.331
  ], 
  [
   134113.937, 
   -271255.725
  ], 
  [
   627131.564, 
   -687607.942
  ], 
  [
   588371.286, 
   450418.47
  ], 
  [
   -655316.463, 
   813478.621
  ], 
  [
   -194570.233, 
   -793497.954
  ], 
  [
   146677.024, 
   -595586.148
  ], 
  [
   657272.839, 
   541813.581
  ], 
  [
   -285370.199, 
   924600.901
  ], 
  [
   103523.05, 
   -892306.066
  ], 
  [
   -792302.876, 
   944223.684
  ], 
  [
   -176976.428, 
   -285399.713
  ], 
  [
   846856.563, 
   73993.643
  ], 
  [
   -91795.582, 
   596013.304
  ], 
  [
   -240061.331, 
   193462.364
  ], 
  [
   -59675.894, 
   -293304.75
  ], 
  [
   813010.989, 
   881830.363
  ], 
  [
   -850033.535, 
   -555236.549
  ], 
  [
   -200897.11, 
   -651406.242
  ], 
  [
   12552.763, 
   -746331.774
  ], 
  [
   -197290.446, 
   144731.364
  ], 
  [
   -434563.212, 
   -792606.309
  ], 
  [
   485538.985, 
   -286655.928
  ], 
  [
   684753.228, 
   160508.363
  ], 
  [
   -527687.384, 
   -286594.764
  ], 
  [
   -531905.896, 
   264082.864
  ], 
  [
   -500975.266, 
   -676492.812
  ], 
  [
   519790.987, 
   363120.961
  ], 
  [
   604776.667, 
   -574202.734
  ], 
  [
   97679.046, 
   -125793.345
  ], 
  [
   968079.937, 
   -516448.149
  ], 
  [
   644932.959, 
   626409.064
  ], 
  [
   -403589.105, 
   -923898.638
  ], 
  [
   -196368.817, 
   -595907.296
  ], 
  [
   829959.717, 
   904153.644
  ], 
  [
   -880572.58, 
   -515025.741
  ], 
  [
   883282.251, 
   297040.562
  ], 
  [
   -100808.248, 
   -635566.462
  ], 
  [
   424066.048, 
   -828214.96
  ], 
  [
   -780022.72, 
   554538.689
  ], 
  [
   -30128.132, 
   276723.198
  ], 
  [
   702717.829, 
   -543060.844
  ], 
  [
   282455.636, 
   304359.677
  ], 
  [
   232550.098, 
   513063.598
  ], 
  [
   589824.009, 
   91562.878
  ], 
  [
   468538.611, 
   -219518.885
  ], 
  [
   -896932.085, 
   -499430.503
  ], 
  [
   -453832.725, 
   457316.271
  ], 
  [
   -937182.487, 
   716962.695
  ], 
  [
   571566.496, 
   -555446.334
  ], 
  [
   -510487.535, 
   -948725.46
  ], 
  [
   206770.928, 
   944331.433
  ], 
  [
   -963205.972, 
   969885.211
  ], 
  [
   -835041.572, 
   -814903.081
  ], 
  [
   389984.58, 
   -570774.466
  ], 
  [
   -65913.032, 
   -827606.974
  ], 
  [
   -625833.347, 
   701305.085
  ], 
  [
   -978131.626, 
   -729699.931
  ], 
  [
   349156.269, 
   531713.693
  ], 
  [
   -484940.855, 
   -738281.554
  ], 
  [
   -174912.336, 
   340034.884
  ], 
  [
   -72482.893, 
   381025.141
  ], 
  [
   917914.454, 
   -641992.094
  ], 
  [
   168779.492, 
   305161.45
  ], 
  [
   -686123.992, 
   513643.271
  ], 
  [
   147606.41, 
   392463.73
  ], 
  [
   -218723.405, 
   -592623.882
  ], 
  [
   454597.389, 
   -404775.139
  ]
 ], 
 "PUV": [
  false, 
  false, 
  false, 
  false, 
  false, 
  false, 
  false, 
  true, 
  false, 
  true, 
  false, 
  true, 
  true, 
  true, 
  false
 ], 
 "LCM": {
  "11": [
   "ORR", 
   "NOTUSED", 
   "ORR", 
   "ORR", 
   "ORR", 
   "ANDD", 
   "ORR", 
   "ANDD", 
   "ANDD", 
   "NOTUSED", 
   "ANDD", 
   "NOTUSED", 
   "ANDD", 
   "ORR", 
   "ANDD"
  ], 
  "10": [
   "ORR", 
   "NOTUSED", 
   "NOTUSED", 
   "NOTUSED", 
   "ORR", 
   "NOTUSED", 
   "ORR", 
   "ORR", 
   "NOTUSED", 
   "ORR", 
   "ANDD", 
   "ANDD", 
   "ANDD", 
   "ANDD", 
   "ORR"
  ], 
  "13": [
   "NOTUSED", 
   "NOTUSED", 
   "ANDD", 
   "ANDD", 
   "ANDD", 
   "ORR", 
   "ORR", 
   "ORR", 
   "ANDD", 
   "ORR", 
   "ANDD", 
   "ORR", 
   "ANDD", 
   "ANDD", 
   "ANDD"
  ], 
  "12": [
   "ORR", 
   "NOTUSED", 
   "ORR", 
   "NOTUSED", 
   "ORR", 
   "ANDD", 
   "ORR", 
   "ORR", 
   "ANDD", 
   "NOTUSED", 
   "ANDD", 
   "ANDD", 
   "ANDD", 
   "ANDD", 
   "ORR"
  ], 
  "14": [
   "NOTUSED", 
   "ANDD", 
   "NOTUSED", 
   "ANDD", 
   "NOTUSED", 
   "ORR", 
   "ANDD", 
   "ANDD", 
   "NOTUSED", 
   "ORR", 
   "ORR", 
   "ANDD", 
   "ORR", 
   "ANDD", 
   "NOTUSED"
  ], 
  "1": [
   "ANDD", 
   "ANDD", 
   "ANDD", 
   "ORR", 
   "ORR", 
   "NOTUSED", 
   "ANDD", 
   "ORR", 
   "ORR", 
   "NOTUSED", 
   "NOTUSED", 
   "NOTUSED", 
   "NOTUSED", 
   "NOTUSED", 
   "ANDD"
  ], 
  "0": [
   "ANDD", 
   "ANDD", 
   "ORR", 
   "NOTUSED", 
   "NOTUSED", 
   "NOTUSED", 
   "ANDD", 
   "ANDD", 
   "NOTUSED", 
   "ANDD", 
   "ORR", 
   "ORR", 
   "ORR", 
   "NOTUSED", 
   "NOTUSED"
  ], 
  "3": [
   "NOTUSED", 
   "ORR", 
   "ORR", 
   "NOTUSED", 
   "ORR", 
   "ORR", 
   "ORR", 
   "NOTUSED", 
   "ANDD", 
   "NOTUSED", 
   "NOTUSED", 
   "ORR", 
   "NOTUSED", 
   "ANDD", 
   "ANDD"
  ], 
  "2": [
   "ORR", 
   "ANDD", 
   "ORR", 
   "ORR", 
   "ORR", 
   "NOTUSED", 
   "NOTUSED", 
   "ORR", 
   "ANDD", 
   "ANDD", 
   "NOTUSED", 
   "ORR", 
   "ORR", 
   "ANDD", 
   "NOTUSED"
  ], 
  "5": [
   "NOTUSED", 
   "NOTUSED", 
   "NOTUSED", 
   "ORR", 
   "ANDD", 
   "ANDD", 
   "ANDD", 
   "NOTUSED", 
   "NOTUSED", 
   "ORR", 
   "NOTUSED", 
   "ANDD", 
   "ANDD", 
   "ORR", 
   "ORR"
  ], 
  "4": [
   "NOTUSED", 
   "ORR", 
   "ORR", 
   "ORR", 
   "ANDD", 
   "ANDD", 
   "NOTUSED", 
   "ORR", 
   "ORR", 
   "NOTUSED", 
   "ORR", 
   "ORR", 
   "ORR", 
   "ANDD", 
   "NOTUSED"
  ], 
  "7": [
   "ANDD", 
   "ORR", 
   "ORR", 
   "NOTUSED", 
   "ORR", 
   "NOTUSED", 
   "NOTUSED", 
   "ORR", 
   "ORR", 
   "ANDD", 
   "ORR", 
   "ANDD", 
   "ORR", 
   "ORR", 
   "ANDD"
  ], 
  "6": [
   "ANDD", 
   "ANDD", 
   "NOTUSED", 
   "ORR", 
   "NOTUSED", 
   "ANDD", 
   "NOTUSED", 
   "NOTUSED", 
   "ANDD", 
   "NOTUSED", 
   "ORR", 
   "ORR", 
   "ORR", 
   "ORR", 
   "ANDD"
  ], 
  "9": [
   "ANDD", 
   "NOTUSED", 
   "ANDD", 
   "NOTUSED", 
   "NOTUSED", 
   "ORR", 
   "NOTUSED", 
   "ANDD", 
   "NOTUSED", 
   "NOTUSED", 
   "ORR", 
   "NOTUSED", 
   "NOTUSED", 
   "ORR", 
   "ORR"
  ], 
  "8": [
   "NOTUSED", 
   "ORR", 
   "ANDD", 
   "ANDD", 
   "ORR", 
   "NOTUSED", 
   "ANDD", 
   "ORR", 
   "ANDD", 
   "NOTUSED", 
   "NOTUSED", 
   "ANDD", 
   "ANDD", 
   "ANDD", 
   "NOTUSED"
  ]
 }
}