{
 "random_seed": 1051243690, 
 "PARAMETERS": {
  "RADIUS1": 782559.098, 
  "QUADS": 2, 
  "RADIUS2": 80946.311, 
  "DIST": 688117.463, 
  "F_PTS": 18, 
  "K_PTS": 44, 
  "EPSILON": 1.935, 
  "LENGTH1": 971306.027, 
  "G_PTS": 38, 
  "Q_PTS": 50, 
  "N_PTS": 28, 
  "C_PTS": 3, 
  "AREA2": 110803.902, 
  "LENGTH2": 639548.716, 
  "B_PTS": 17, 
  "D_PTS": 17, 
  "AREA1": 605882.869, 
  "A_PTS": 15, 
  "E_PTS": 5
 }, 
 "NUMPOINTS": 51, 
 "points": [
  [
   -611298.267, 
   -596542.101
  ], 
  [
   -291295.856, 
   -788247.897
  ], 
  [
   170192.211, 
   -296264.289
  ], 
  [
   -6433.653, 
   -960989.607
  ], 
  [
   -176596.25, 
   278065.263
  ], 
  [
   -472799.54, 
   -864403.229
  ], 
  [
   894844.033, 
   891289.849
  ], 
  [
   940321.707, 
   206318.658
  ], 
  [
   -605909.153, 
   450873.426
  ], 
  [
   -795976.678, 
   830177.476
  ], 
  [
   583152.76, 
   373078.317
  ], 
  [
   965443.85, 
   -292949.249
  ], 
  [
   566075.721, 
   63214.508
  ], 
  [
   446394.212, 
   940266.709
  ], 
  [
   629683.445, 
   683599.737
  ], 
  [
   929003.963, 
   372450.722
  ], 
  [
   -595509.619, 
   282912.357
  ], 
  [
   423473.945, 
   -280338.629
  ], 
  [
   -295359.629, 
   157285.418
  ], 
  [
   596737.465, 
   -475802.52
  ], 
  [
   594265.058, 
   -965732.212
  ], 
  [
   873324.062, 
   876892.365
  ], 
  [
   769468.02, 
   -289766.377
  ], 
  [
   -785473.52, 
   225843.932
  ], 
  [
   -306777.226, 
   -706340.856
  ], 
  [
   -781244.011, 
   456238.083
  ], 
  [
   -787778.092, 
   -258193.938
  ], 
  [
   753843.712, 
   249865.696
  ], 
  [
   -343830.315, 
   -961605.611
  ], 
  [
   -53209.782, 
   -265253.334
  ], 
  [
   -679086.326, 
   -76812.339
  ], 
  [
   767944.844, 
   975372.973
  ], 
  [
   334400.396, 
   -902819.468
  ], 
  [
   834387.759, 
   -886699.182
  ], 
  [
   -189864.495, 
   802082.774
  ], 
  [
   604932.848, 
   90492.8
  ], 
  [
   55517.903, 
   173874.034
  ], 
  [
   -813938.611, 
   -47676.973
  ], 
  [
   651055.36, 
   314940.609
  ], 
  [
   893670.995, 
   -225556.242
  ], 
  [
   786567.847, 
   464016.563
  ], 
  [
   935923.772, 
   -663720.131
  ], 
  [
   964289.773, 
   617095.688
  ], 
  [
   22310.958, 
   -573836.767
  ], 
  [
   91794.147, 
   -532502.887
  ], 
  [
   -997018.219, 
   -255600.15
  ], 
  [
   751972.874, 
   158994.764
  ], 
  [
   -562450.867, 
   -666501.613
  ], 
  [
   -206654.121, 
   70248.91
  ], 
  [
   -868681.578, 
   801900.156
  ], 
  [
   -762779.539, 
   -67249.352
  ]
 ], 
 "PUV": [
  false, 
  true, 
  true, 
  false, 
  true, 
  true, 
  true, 
  true, 
  false, 
  false, 
  true, 
  true, 
  false, 
  false, 
  true
 ], 
 "LCM": {
  "11": [
   "ORR", 
   "NOTUSED", 
   "ORR", 
   "ANDD", 
   "NOTUSED", 
   "NOTUSED", 
   "ORR", 
   "ORR", 
   "ORR", 
   "NOTUSED", 
   "ANDD", 
   "ORR", 
   "ANDD", 
   "ANDD", 
   "NOTUSED"
  ], 
  "10": [
   "ANDD", 
   "ORR", 
   "ANDD", 
   "NOTUSED", 
   "ANDD", 
   "ANDD", 
   "NOTUSED", 
   "ORR", 
   "ORR", 
   "NOTUSED", 
   "ORR", 
   "ANDD", 
   "NOTUSED", 
   "NOTUSED", 
   "NOTUSED"
  ], 
  "13": [
   "NOTUSED", 
   "ORR", 
   "ORR", 
   "ORR", 
   "ORR", 
   "NOTUSED", 
   "NOTUSED", 
   "ANDD", 
   "ORR", 
   "NOTUSED", 
   "NOTUSED", 
   "ANDD", 
   "ANDD", 
   "ANDD", 
   "NOTUSED"
  ], 
  "12": [
   "ORR", 
   "ORR", 
   "ANDD", 
   "NOTUSED", 
   "ORR", 
   "NOTUSED", 
   "ORR", 
   "ANDD", 
   "ORR", 
   "ORR", 
   "NOTUSED", 
   "ANDD", 
   "ANDD", 
   "ANDD", 
   "NOTUSED"
  ], 
  "14": [
   "NOTUSED", 
   "ORR", 
   "ANDD", 
   "ORR", 
   "ORR", 
   "ANDD", 
   "ANDD", 
   "NOTUSED", 
   "ORR", 
   "NOTUSED", 
   "NOTUSED", 
   "NOTUSED", 
   "NOTUSED", 
   "NOTUSED", 
   "ANDD"
  ], 
  "1": [
   "ANDD", 
   "ORR", 
   "NOTUSED", 
   "ORR", 
   "NOTUSED", 
   "NOTUSED", 
   "NOTUSED", 
   "ORR", 
   "ANDD", 
   "ANDD", 
   "ORR", 
   "NOTUSED", 
   "ORR", 
   "ORR", 
   "ORR"
  ], 
  "0": [
   "ORR", 
   "ANDD", 
   "ORR", 
   "ORR", 
   "ORR", 
   "ANDD", 
   "ANDD", 
   "ANDD", 
   "ANDD", 
   "ANDD", 
   "ANDD", 
   "ORR", 
   "ORR", 
   "NOTUSED", 
   "NOTUSED"
  ], 
  "3": [
   "ORR", 
   "ORR", 
   "NOTUSED", 
   "NOTUSED", 
   "NOTUSED", 
   "ORR", 
   "NOTUSED", 
   "NOTUSED", 
   "NOTUSED", 
   "ANDD", 
   "NOTUSED", 
   "ANDD", 
   "NOTUSED", 
   "ORR", 
   "ORR"
  ], 
  "2": [
   "ORR", 
   "NOTUSED", 
   "ORR", 
   "NOTUSED", 
   "NOTUSED", 
   "ORR", 
   "ANDD", 
   "ANDD", 
   "ANDD", 
   "ORR", 
   "ANDD", 
   "ORR", 
   "ANDD", 
   "ORR", 
   "ANDD"
  ], 
  "5": [
   "ANDD", 
   "NOTUSED", 
   "ORR", 
   "ORR", 
   "NOTUSED", 
   "NOTUSED", 
   "NOTUSED", 
   "ANDD", 
   "ANDD", 
   "ANDD", 
   "ANDD", 
   "NOTUSED", 
   "NOTUSED", 
   "NOTUSED", 
   "ANDD"
  ], 
  "4": [
   "ORR", 
   "NOTUSED", 
   "NOTUSED", 
   "NOTUSED", 
   "ORR", 
   "NOTUSED", 
   "NOTUSED", 
   "NOTUSED", 
   "NOTUSED", 
   "ORR", 
   "ANDD", 
   "NOTUSED", 
   "ORR", 
   "ORR", 
   "ORR"
  ], 
  "7": [
   "ANDD", 
   "ORR", 
   "ANDD", 
   "NOTUSED", 
   "NOTUSED", 
   "ANDD", 
   "ORR", 
   "ORR", 
   "ORR", 
   "ORR", 
   "ORR", 
   "ORR", 
   "ANDD", 
   "ANDD", 
   "NOTUSED"
  ], 
  "6": [
   "ANDD", 
   "NOTUSED", 
   "ANDD", 
   "NOTUSED", 
   "NOTUSED", 
   "NOTUSED", 
   "NOTUSED", 
   "ORR", 
   "NOTUSED", 
   "ANDD", 
   "NOTUSED", 
   "ORR", 
   "ORR", 
   "NOTUSED", 
   "ANDD"
  ], 
  "9": [
   "ANDD", 
   "ANDD", 
   "ORR", 
   "ANDD", 
   "ORR", 
   "ANDD", 
   "ANDD", 
   "ORR", 
   "ORR", 
   "ORR", 
   "NOTUSED", 
   "NOTUSED", 
   "ORR", 
   "NOTUSED", 
   "NOTUSED"
  ], 
  "8": [
   "ANDD", 
   "ANDD", 
   "ANDD", 
   "NOTUSED", 
   "NOTUSED", 
   "ANDD", 
   "NOTUSED", 
   "ORR", 
   "ORR", 
   "ORR", 
   "ORR", 
   "ORR", 
   "ORR", 
   "ORR", 
   "ORR"
  ]
 }
}