{
 "random_seed": 1805917968, 
 "PARAMETERS": {
  "RADIUS1": 567447.562, 
  "QUADS": 1, 
  "RADIUS2": 775422.565, 
  "DIST": 138843.63, 
  "F_PTS": 55, 
  "K_PTS": 9, 
  "EPSILON": 2.759, 
  "LENGTH1": 298555.146, 
  "G_PTS": 87, 
  "Q_PTS": 74, 
  "N_PTS": 4, 
  "C_PTS": 56, 
  "AREA2": 878312.771, 
  "LENGTH2": 404917.792, 
  "B_PTS": 11, 
  "D_PTS": 8, 
  "AREA1": 290812.476, 
  "A_PTS": 66, 
  "E_PTS": 31
 }, 
 "NUMPOINTS": 93, 
 "points": [
  [
   157578.449, 
   -966428.897
  ], 
  [
   65038.744, 
   133693.691
  ], 
  [
   94310.014, 
   905448.927
  ], 
  [
   -96117.668, 
   -722615.379
  ], 
  [
   275896.6, 
   664536.719
  ], 
  [
   -985202.993, 
   -738124.77
  ], 
  [
   -981189.621, 
   -223009.811
  ], 
  [
   789497.717, 
   -909242.742
  ], 
  [
   63953.092, 
   659671.695
  ], 
  [
   -364882.397, 
   -993078.947
  ], 
  [
   -215653.251, 
   -924713.03
  ], 
  [
   867281.966, 
   -915527.9
  ], 
  [
   -485561.511, 
   -74567.04
  ], 
  [
   252800.577, 
   -489006.655
  ], 
  [
   -49366.868, 
   -369107.23
  ], 
  [
   519844.992, 
   918044.986
  ], 
  [
   48292.398, 
   72093.899
  ], 
  [
   -119315.136, 
   983803.002
  ], 
  [
   765986.039, 
   452242.522
  ], 
  [
   236102.892, 
   -255720.144
  ], 
  [
   -662805.417, 
   -963588.382
  ], 
  [
   456814.215, 
   766683.953
  ], 
  [
   -243588.191, 
   150129.789
  ], 
  [
   989304.854, 
   -839654.889
  ], 
  [
   -83772.602, 
   -807880.747
  ], 
  [
   734952.229, 
   -119399.079
  ], 
  [
   532627.013, 
   -373084.145
  ], 
  [
   -708763.125, 
   -565913.513
  ], 
  [
   -107188.974, 
   -889057.659
  ], 
  [
   -360170.11, 
   275773.881
  ], 
  [
   581249.279, 
   -805724.214
  ], 
  [
   394445.861, 
   88578.263
  ], 
  [
   -449990.666, 
   454352.221
  ], 
  [
   406650.562, 
   283548.176
  ], 
  [
   203146.903, 
   -794444.818
  ], 
  [
   -324466.891, 
   -919198.534
  ], 
  [
   -91645.291, 
   910503.412
  ], 
  [
   -502402.786, 
   174265.437
  ], 
  [
   956136.476, 
   -466794.41
  ], 
  [
   183870.493, 
   -520397.986
  ], 
  [
   494512.092, 
   614889.918
  ], 
  [
   -740289.662, 
   623906.484
  ], 
  [
   -926510.731, 
   291575.875
  ], 
  [
   324529.39, 
   -947888.135
  ], 
  [
   366698.142, 
   -920536.214
  ], 
  [
   -366812.483, 
   997991.144
  ], 
  [
   180748.649, 
   -172661.37
  ], 
  [
   799720.926, 
   826836.294
  ], 
  [
   212793.768, 
   507409.203
  ], 
  [
   101522.913, 
   11983.623
  ], 
  [
   -755587.831, 
   -536837.958
  ], 
  [
   -332129.977, 
   -530885.668
  ], 
  [
   -236769.904, 
   -117990.198
  ], 
  [
   -632867.756, 
   -662696.305
  ], 
  [
   780375.751, 
   483341.5
  ], 
  [
   -519498.445, 
   -423192.428
  ], 
  [
   168719.95, 
   256490.929
  ], 
  [
   -241357.14, 
   383428.069
  ], 
  [
   272296.641, 
   654912.256
  ], 
  [
   459986.127, 
   820208.819
  ], 
  [
   531186.294, 
   398272.512
  ], 
  [
   993467.577, 
   -68197.145
  ], 
  [
   -134323.67, 
   472691.52
  ], 
  [
   -182395.82, 
   193633.922
  ], 
  [
   185905.434, 
   391700.086
  ], 
  [
   -85713.225, 
   614843.935
  ], 
  [
   470090.591, 
   168129.526
  ], 
  [
   -158427.528, 
   79315.127
  ], 
  [
   -280098.032, 
   845663.594
  ], 
  [
   853691.81, 
   -160865.621
  ], 
  [
   820328.687, 
   -890728.735
  ], 
  [
   654556.88, 
   -685666.739
  ], 
  [
   394251.638, 
   -384954.612
  ], 
  [
   -890441.069, 
   -442871.486
  ], 
  [
   891802.146, 
   -441885.384
  ], 
  [
   831413.523, 
   -396731.141
  ], 
  [
   560854.195, 
   -699628.324
  ], 
  [
   -264910.917, 
   481972.837
  ], 
  [
   -703449.052, 
   -450000.317
  ], 
  [
   494876.31, 
   157325.545
  ], 
  [
   806166.663, 
   -967494.428
  ], 
  [
   236538.354, 
   304912.681
  ], 
  [
   491916.56, 
   79109.893
  ], 
  [
   -446988.299, 
   -580807.039
  ], 
  [
   -868024.934, 
   538406.618
  ], 
  [
   136133.945, 
   391265.025
  ], 
  [
   -273988.502, 
   -168719.835
  ], 
  [
   -213230.729, 
   -918226.017
  ], 
  [
   -436857.18, 
   -543356.17
  ], 
  [
   729263.84, 
   707181.618
  ], 
  [
   455127.045, 
   218998.606
  ], 
  [
   -113478.283, 
   177828.637
  ], 
  [
   627349.606, 
   278407.181
  ]
 ], 
 "PUV": [
  true, 
  false, 
  false, 
  true, 
  false, 
  true, 
  true, 
  false, 
  true, 
  false, 
  false, 
  true, 
  true, 
  true, 
  true
 ], 
 "LCM": {
  "11": [
   "ORR", 
   "ORR", 
   "NOTUSED", 
   "NOTUSED", 
   "ANDD", 
   "ORR", 
   "NOTUSED", 
   "NOTUSED", 
   "ANDD", 
   "ANDD", 
   "ANDD", 
   "ANDD", 
   "ORR", 
   "NOTUSED", 
   "ORR"
  ], 
  "10": [
   "ORR", 
   "NOTUSED", 
   "ANDD", 
   "NOTUSED", 
   "ANDD", 
   "ANDD", 
   "ORR", 
   "ANDD", 
   "ORR", 
   "ORR", 
   "ORR", 
   "ANDD", 
   "ANDD", 
   "ORR", 
   "ORR"
  ], 
  "13": [
   "ORR", 
   "NOTUSED", 
   "ANDD", 
   "ORR", 
   "ORR", 
   "ANDD", 
   "ORR", 
   "ORR", 
   "NOTUSED", 
   "ANDD", 
   "ORR", 
   "NOTUSED", 
   "ANDD", 
   "ANDD", 
   "ANDD"
  ], 
  "12": [
   "NOTUSED", 
   "ANDD", 
   "NOTUSED", 
   "NOTUSED", 
   "NOTUSED", 
   "ORR", 
   "NOTUSED", 
   "ORR", 
   "NOTUSED", 
   "ANDD", 
   "ANDD", 
   "ORR", 
   "NOTUSED", 
   "ANDD", 
   "ANDD"
  ], 
  "14": [
   "ANDD", 
   "ANDD", 
   "ORR", 
   "ANDD", 
   "ORR", 
   "ORR", 
   "ORR", 
   "ORR", 
   "ORR", 
   "ANDD", 
   "ORR", 
   "ORR", 
   "ANDD", 
   "ANDD", 
   "NOTUSED"
  ], 
  "1": [
   "ANDD", 
   "ANDD", 
   "ORR", 
   "ANDD", 
   "NOTUSED", 
   "ORR", 
   "NOTUSED", 
   "NOTUSED", 
   "ORR", 
   "ANDD", 
   "NOTUSED", 
   "ORR", 
   "ANDD", 
   "NOTUSED", 
   "ANDD"
  ], 
  "0": [
   "ANDD", 
   "ANDD", 
   "NOTUSED", 
   "NOTUSED", 
   "NOTUSED", 
   "ORR", 
   "ORR", 
   "ANDD", 
   "NOTUSED", 
   "NOTUSED", 
   "ORR", 
   "ORR", 
   "NOTUSED", 
   "ORR", 
   "ANDD"
  ], 
  "3": [
   "NOTUSED", 
   "ANDD", 
   "ANDD", 
   "ORR", 
   "ANDD", 
   "NOTUSED", 
   "NOTUSED", 
   "NOTUSED", 
   "ORR", 
   "ORR", 
   "NOTUSED", 
   "NOTUSED", 
   "NOTUSED", 
   "ORR", 
   "ANDD"
  ], 
  "2": [
   "NOTUSED", 
   "ORR", 
   "ORR", 
   "ANDD", 
   "NOTUSED", 
   "NOTUSED", 
   "ORR", 
   "ORR", 
   "ORR", 
   "ORR", 
   "ANDD", 
   "NOTUSED", 
   "NOTUSED", 
   "ANDD", 
   "ORR"
  ], 
  "5": [
   "ORR", 
   "ORR", 
   "NOTUSED", 
   "NOTUSED", 
   "ORR", 
   "NOTUSED", 
   "NOTUSED", 
   "ORR", 
   "ORR", 
   "NOTUSED", 
   "ANDD", 
   "ORR", 
   "ORR", 
   "ANDD", 
   "ORR"
  ], 
  "4": [
   "NOTUSED", 
   "NOTUSED", 
   "NOTUSED", 
   "ANDD", 
   "ORR", 
   "ORR", 
   "NOTUSED", 
   "ORR", 
   "ORR", 
   "ANDD", 
   "ANDD", 
   "ANDD", 
   "NOTUSED", 
   "ORR", 
   "ORR"
  ], 
  "7": [
   "ANDD", 
   "NOTUSED", 
   "ORR", 
   "NOTUSED", 
   "ORR", 
   "ORR", 
   "ORR", 
   "ORR", 
   "ANDD", 
   "ANDD", 
   "ANDD", 
   "NOTUSED", 
   "ORR", 
   "ORR", 
   "ORR"
  ], 
  "6": [
   "ORR", 
   "NOTUSED", 
   "ORR", 
   "NOTUSED", 
   "NOTUSED", 
   "NOTUSED", 
   "NOTUSED", 
   "ORR", 
   "NOTUSED", 
   "NOTUSED", 
   "ORR", 
   "NOTUSED", 
   "NOTUSED", 
   "ORR", 
   "ORR"
  ], 
  "9": [
   "NOTUSED", 
   "ANDD", 
   "ORR", 
   "ORR", 
   "ANDD", 
   "NOTUSED", 
   "NOTUSED", 
   "ANDD", 
   "NOTUSED", 
   "ANDD", 
   "ORR", 
   "ANDD", 
   "ANDD", 
   "ANDD", 
   "ANDD"
  ], 
  "8": [
   "NOTUSED", 
   "ORR", 
   "ORR", 
   "ORR", 
   "ORR", 
   "ORR", 
   "NOTUSED", 
   "ANDD", 
   "ANDD", 
   "NOTUSED", 
   "ORR", 
   "ANDD", 
   "NOTUSED", 
   "NOTUSED", 
   "ORR"
  ]
 }
}