{
 "random_seed": 4171427068, 
 "PARAMETERS": {
  "RADIUS1": 302704.779, 
  "QUADS": 1, 
  "RADIUS2": 712613.996, 
  "DIST": 974205.366, 
  "F_PTS": 21, 
  "K_PTS": 9, 
  "EPSILON": 1.115, 
  "LENGTH1": 535114.181, 
  "G_PTS": 34, 
  "Q_PTS": 50, 
  "N_PTS": 32, 
  "C_PTS": 34, 
  "AREA2": 233202.923, 
  "LENGTH2": 768677.097, 
  "B_PTS": 9, 
  "D_PTS": 12, 
  "AREA1": 427219.024, 
  "A_PTS": 52, 
  "E_PTS": 13
 }, 
 "NUMPOINTS": 65, 
 "points": [
  [
   284040.442, 
   -292473.994
  ], 
  [
   -130384.224, 
   -308963.084
  ], 
  [
   -523567.897, 
   -190122.248
  ], 
  [
   748721.397, 
   -769398.323
  ], 
  [
   184661.653, 
   826024.155
  ], 
  [
   -471780.166, 
   -217222.046
  ], 
  [
   577114.304, 
   321844.786
  ], 
  [
   -575022.965, 
   959481.587
  ], 
  [
   988155.87, 
   -665172.013
  ], 
  [
   718408.245, 
   221507.214
  ], 
  [
   519203.343, 
   699721.972
  ], 
  [
   -780833.073, 
   78458.32
  ], 
  [
   995765.97, 
   -985202.067
  ], 
  [
   -348659.448, 
   452642.482
  ], 
  [
   215551.536, 
   903368.534
  ], 
  [
   173597.244, 
   91511.04
  ], 
  [
   984521.892, 
   171491.562
  ], 
  [
   -774874.426, 
   250067.326
  ], 
  [
   -454423.03, 
   -743590.599
  ], 
  [
   348305.96, 
   635200.759
  ], 
  [
   -532788.54, 
   -360645.476
  ], 
  [
   214979.368, 
   -122371.665
  ], 
  [
   598931.32, 
   -862094.432
  ], 
  [
   -609780.773, 
   -261667.969
  ], 
  [
   992355.243, 
   -328444.52
  ], 
  [
   -248769.217, 
   610074.818
  ], 
  [
   -399316.392, 
   132095.202
  ], 
  [
   828877.938, 
   697123.322
  ], 
  [
   -7109.989, 
   -829508.323
  ], 
  [
   -629549.252, 
   702706.687
  ], 
  [
   598560.614, 
   529812.382
  ], 
  [
   -469639.607, 
   603357.358
  ], 
  [
   -856024.907, 
   -677539.984
  ], 
  [
   -48945.749, 
   392469.314
  ], 
  [
   -242068.072, 
   -669919.177
  ], 
  [
   813059.467, 
   -856834.855
  ], 
  [
   816799.215, 
   739136.729
  ], 
  [
   643945.816, 
   404777.891
  ], 
  [
   675351.675, 
   782444.121
  ], 
  [
   337497.142, 
   -311889.054
  ], 
  [
   -756280.241, 
   563915.095
  ], 
  [
   -563360.989, 
   255111.524
  ], 
  [
   885633.181, 
   -3148.661
  ], 
  [
   -264163.638, 
   673875.389
  ], 
  [
   -743261.878, 
   532799.206
  ], 
  [
   286661.909, 
   -70643.815
  ], 
  [
   293733.319, 
   -16443.509
  ], 
  [
   -573092.567, 
   -180801.457
  ], 
  [
   -826675.076, 
   -242062.043
  ], 
  [
   883077.954, 
   -511055.473
  ], 
  [
   270461.98, 
   -750433.53
  ], 
  [
   774794.952, 
   -400288.221
  ], 
  [
   289386.057, 
   -456798.746
  ], 
  [
   594645.593, 
   901566.337
  ], 
  [
   821591.067, 
   162564.81
  ], 
  [
   112097.246, 
   644360.736
  ], 
  [
   -835766.277, 
   127802.26
  ], 
  [
   905700.596, 
   131263.045
  ], 
  [
   -277589.279, 
   -288424.74
  ], 
  [
   -841280.95, 
   -989108.16
  ], 
  [
   342638.958, 
   -754544.777
  ], 
  [
   -689125.508, 
   163350.026
  ], 
  [
   669649.781, 
   -313951.486
  ], 
  [
   -453011.996, 
   -642095.3
  ], 
  [
   614379.67, 
   -816792.101
  ]
 ], 
 "PUV": [
  false, 
  false, 
  true, 
  false, 
  true, 
  false, 
  true, 
  false, 
  false, 
  true, 
  true, 
  false, 
  true, 
  true, 
  false
 ], 
 "LCM": {
  "11": [
   "ANDD", 
   "ORR", 
   "ANDD", 
   "ANDD", 
   "ANDD", 
   "ORR", 
   "ANDD", 
   "ORR", 
   "NOTUSED", 
   "ORR", 
   "ORR", 
   "ORR", 
   "NOTUSED", 
   "NOTUSED", 
   "ORR"
  ], 
  "10": [
   "NOTUSED", 
   "ORR", 
   "ORR", 
   "ANDD", 
   "ORR", 
   "NOTUSED", 
   "NOTUSED", 
   "ORR", 
   "ORR", 
   "ANDD", 
   "ORR", 
   "ORR", 
   "NOTUSED", 
   "ORR", 
   "ANDD"
  ], 
  "13": [
   "ORR", 
   "NOTUSED", 
   "ANDD", 
   "NOTUSED", 
   "NOTUSED", 
   "ANDD", 
   "ORR", 
   "ORR", 
   "NOTUSED", 
   "NOTUSED", 
   "ORR", 
   "NOTUSED", 
   "NOTUSED", 
   "ORR", 
   "NOTUSED"
  ], 
  "12": [
   "ANDD", 
   "ANDD", 
   "ORR", 
   "ORR", 
   "NOTUSED", 
   "ORR", 
   "ANDD", 
   "ANDD", 
   "ORR", 
   "ORR", 
   "NOTUSED", 
   "NOTUSED", 
   "NOTUSED", 
   "NOTUSED", 
   "ORR"
  ], 
  "14": [
   "NOTUSED", 
   "ANDD", 
   "ORR", 
   "ORR", 
   "ORR", 
   "ORR", 
   "ORR", 
   "ORR", 
   "NOTUSED", 
   "ORR", 
   "ANDD", 
   "ORR", 
   "ORR", 
   "NOTUSED", 
   "ORR"
  ], 
  "1": [
   "NOTUSED", 
   "ORR", 
   "ANDD", 
   "ANDD", 
   "ORR", 
   "ORR", 
   "NOTUSED", 
   "NOTUSED", 
   "ANDD", 
   "ORR", 
   "ORR", 
   "ORR", 
   "ANDD", 
   "NOTUSED", 
   "ANDD"
  ], 
  "0": [
   "NOTUSED", 
   "NOTUSED", 
   "ORR", 
   "ANDD", 
   "NOTUSED", 
   "ANDD", 
   "ORR", 
   "NOTUSED", 
   "ANDD", 
   "ANDD", 
   "NOTUSED", 
   "ANDD", 
   "ANDD", 
   "ORR", 
   "NOTUSED"
  ], 
  "3": [
   "ANDD", 
   "ANDD", 
   "NOTUSED", 
   "NOTUSED", 
   "ANDD", 
   "ORR", 
   "ANDD", 
   "NOTUSED", 
   "NOTUSED", 
   "ORR", 
   "ANDD", 
   "ANDD", 
   "ORR", 
   "NOTUSED", 
   "ORR"
  ], 
  "2": [
   "ORR", 
   "ANDD", 
   "ANDD", 
   "NOTUSED", 
   "ANDD", 
   "ORR", 
   "ORR", 
   "ORR", 
   "ANDD", 
   "NOTUSED", 
   "ORR", 
   "ANDD", 
   "ORR", 
   "ANDD", 
   "ORR"
  ], 
  "5": [
   "ANDD", 
   "ORR", 
   "ORR", 
   "ORR", 
   "ANDD", 
   "ORR", 
   "ORR", 
   "ORR", 
   "NOTUSED", 
   "ANDD", 
   "NOTUSED", 
   "ORR", 
   "ORR", 
   "ANDD", 
   "ORR"
  ], 
  "4": [
   "NOTUSED", 
   "ORR", 
   "ANDD", 
   "ANDD", 
   "ORR", 
   "ANDD", 
   "NOTUSED", 
   "ORR", 
   "ANDD", 
   "ANDD", 
   "ORR", 
   "ANDD", 
   "NOTUSED", 
   "NOTUSED", 
   "ORR"
  ], 
  "7": [
   "NOTUSED", 
   "NOTUSED", 
   "ORR", 
   "NOTUSED", 
   "ORR", 
   "ORR", 
   "ORR", 
   "NOTUSED", 
   "NOTUSED", 
   "NOTUSED", 
   "ORR", 
   "ORR", 
   "ANDD", 
   "ORR", 
   "ORR"
  ], 
  "6": [
   "ORR", 
   "NOTUSED", 
   "ORR", 
   "ANDD", 
   "NOTUSED", 
   "ORR", 
   "NOTUSED", 
   "ORR", 
   "ANDD", 
   "ORR", 
   "NOTUSED", 
   "ANDD", 
   "ANDD", 
   "ORR", 
   "ORR"
  ], 
  "9": [
   "ANDD", 
   "ORR", 
   "NOTUSED", 
   "ORR", 
   "ANDD", 
   "ANDD", 
   "ORR", 
   "NOTUSED", 
   "ANDD", 
   "ANDD", 
   "ANDD", 
   "ORR", 
   "ORR", 
   "NOTUSED", 
   "ORR"
  ], 
  "8": [
   "ANDD", 
   "ANDD", 
   "ANDD", 
   "NOTUSED", 
   "ANDD", 
   "NOTUSED", 
   "ANDD", 
   "NOTUSED", 
   "ANDD", 
   "ANDD", 
   "ORR", 
   "NOTUSED", 
   "ORR", 
   "NOTUSED", 
   "NOTUSED"
  ]
 }
}