{
 "random_seed": 3152629656, 
 "PARAMETERS": {
  "RADIUS1": 515748.482, 
  "QUADS": 1, 
  "RADIUS2": 29929.997, 
  "DIST": 747014.638, 
  "F_PTS": 2, 
  "K_PTS": 27, 
  "EPSILON": 1.46, 
  "LENGTH1": 257962.161, 
  "G_PTS": 16, 
  "Q_PTS": 41, 
  "N_PTS": 38, 
  "C_PTS": 15, 
  "AREA2": 675889.779, 
  "LENGTH2": 492884.922, 
  "B_PTS": 2, 
  "D_PTS": 20, 
  "AREA1": 297121.219, 
  "A_PTS": 22, 
  "E_PTS": 27
 }, 
 "NUMPOINTS": 54, 
 "points": [
  [
   506911.53, 
   -756338.741
  ], 
  [
   -825716.479, 
   804344.831
  ], 
  [
   75678.351, 
   -181463.829
  ], 
  [
   -907007.784, 
   219439.776
  ], 
  [
   669851.774, 
   -729660.505
  ], 
  [
   -639515.693, 
   -624116.283
  ], 
  [
   780165.016, 
   872845.278
  ], 
  [
   482272.408, 
   -200188.462
  ], 
  [
   -701341.788, 
   -508728.738
  ], 
  [
   -948728.874, 
   459401.595
  ], 
  [
   70264.036, 
   -355402.562
  ], 
  [
   511328.366, 
   718943.605
  ], 
  [
   -470743.997, 
   446437.224
  ], 
  [
   -941018.285, 
   743799.552
  ], 
  [
   938543.646, 
   642426.717
  ], 
  [
   62975.021, 
   861545.789
  ], 
  [
   334630.057, 
   598094.351
  ], 
  [
   -214049.403, 
   -3774.593
  ], 
  [
   -331982.586, 
   280800.399
  ], 
  [
   280315.635, 
   -836374.576
  ], 
  [
   -287715.968, 
   212228.875
  ], 
  [
   925344.047, 
   537271.793
  ], 
  [
   676568.295, 
   -113068.915
  ], 
  [
   15972.54, 
   -991722.34
  ], 
  [
   415237.936, 
   833424.718
  ], 
  [
   150113.857, 
   604989.453
  ], 
  [
   -789296.42, 
   -175865.475
  ], 
  [
   945513.655, 
   977784.292
  ], 
  [
   804198.761, 
   -367865.755
  ], 
  [
   -908808.32, 
   167393.391
  ], 
  [
   -484796.576, 
   203832.591
  ], 
  [
   387127.796, 
   662204.78
  ], 
  [
   -571219.243, 
   256712.132
  ], 
  [
   401471.514, 
   -380325.108
  ], 
  [
   716378.625, 
   791422.474
  ], 
  [
   709702.33, 
   -927916.251
  ], 
  [
   -679172.342, 
   775989.991
  ], 
  [
   401060.007, 
   -336035.623
  ], 
  [
   794134.443, 
   -654087.882
  ], 
  [
   -305784.198, 
   -323908.308
  ], 
  [
   157907.577, 
   189113.413
  ], 
  [
   51488.309, 
   -580498.622
  ], 
  [
   -563460.721, 
   -515865.827
  ], 
  [
   893149.606, 
   -789340.048
  ], 
  [
   300611.027, 
   77858.802
  ], 
  [
   -252793.076, 
   989908.885
  ], 
  [
   -480037.408, 
   65455.365
  ], 
  [
   -982523.748, 
   885813.351
  ], 
  [
   -19607.081, 
   751462.245
  ], 
  [
   727020.901, 
   110608.854
  ], 
  [
   219903.608, 
   280393.563
  ], 
  [
   638951.041, 
   223962.993
  ], 
  [
   703668.473, 
   797211.637
  ], 
  [
   445627.103, 
   504293.146
  ]
 ], 
 "PUV": [
  true, 
  true, 
  false, 
  true, 
  true, 
  true, 
  false, 
  true, 
  false, 
  false, 
  true, 
  true, 
  false, 
  false, 
  true
 ], 
 "LCM": {
  "11": [
   "ANDD", 
   "NOTUSED", 
   "ORR", 
   "NOTUSED", 
   "ORR", 
   "ANDD", 
   "ORR", 
   "ORR", 
   "ORR", 
   "NOTUSED", 
   "ORR", 
   "NOTUSED", 
   "NOTUSED", 
   "ANDD", 
   "ORR"
  ], 
  "10": [
   "ANDD", 
   "NOTUSED", 
   "NOTUSED", 
   "ANDD", 
   "ORR", 
   "ANDD", 
   "NOTUSED", 
   "ORR", 
   "NOTUSED", 
   "NOTUSED", 
   "ANDD", 
   "ORR", 
   "ANDD", 
   "ORR", 
   "ORR"
  ], 
  "13": [
   "ORR", 
   "ANDD", 
   "NOTUSED", 
   "ORR", 
   "ANDD", 
   "ORR", 
   "NOTUSED", 
   "ORR", 
   "ANDD", 
   "ORR", 
   "ORR", 
   "ANDD", 
   "NOTUSED", 
   "ORR", 
   "ANDD"
  ], 
  "12": [
   "NOTUSED", 
   "ANDD", 
   "ANDD", 
   "ANDD", 
   "ANDD", 
   "NOTUSED", 
   "ORR", 
   "NOTUSED", 
   "NOTUSED", 
   "ORR", 
   "ANDD", 
   "NOTUSED", 
   "NOTUSED", 
   "NOTUSED", 
   "ORR"
  ], 
  "14": [
   "ANDD", 
   "ANDD", 
   "ORR", 
   "ORR", 
   "ANDD", 
   "NOTUSED", 
   "NOTUSED", 
   "NOTUSED", 
   "ORR", 
   "ANDD", 
   "ORR", 
   "ORR", 
   "ORR", 
   "ANDD", 
   "ANDD"
  ], 
  "1": [
   "ORR", 
   "NOTUSED", 
   "ORR", 
   "ORR", 
   "ORR", 
   "NOTUSED", 
   "ANDD", 
   "ORR", 
   "ANDD", 
   "NOTUSED", 
   "NOTUSED", 
   "NOTUSED", 
   "ANDD", 
   "ANDD", 
   "ANDD"
  ], 
  "0": [
   "ORR", 
   "ORR", 
   "NOTUSED", 
   "ORR", 
   "ANDD", 
   "ANDD", 
   "ORR", 
   "ANDD", 
   "NOTUSED", 
   "ANDD", 
   "ANDD", 
   "ANDD", 
   "NOTUSED", 
   "ORR", 
   "ANDD"
  ], 
  "3": [
   "ORR", 
   "ORR", 
   "NOTUSED", 
   "NOTUSED", 
   "ANDD", 
   "NOTUSED", 
   "ANDD", 
   "ANDD", 
   "ORR", 
   "NOTUSED", 
   "ANDD", 
   "NOTUSED", 
   "ANDD", 
   "ORR", 
   "ORR"
  ], 
  "2": [
   "NOTUSED", 
   "ORR", 
   "NOTUSED", 
   "NOTUSED", 
   "ANDD", 
   "ORR", 
   "ANDD", 
   "NOTUSED", 
   "ORR", 
   "NOTUSED", 
   "NOTUSED", 
   "ORR", 
   "ANDD", 
   "NOTUSED", 
   "ORR"
  ], 
  "5": [
   "ANDD", 
   "NOTUSED", 
   "ORR", 
   "NOTUSED", 
   "ANDD", 
   "ANDD", 
   "NOTUSED", 
   "ANDD", 
   "NOTUSED", 
   "ORR", 
   "ANDD", 
   "ANDD", 
   "NOTUSED", 
   "ORR", 
   "NOTUSED"
  ], 
  "4": [
   "ANDD", 
   "ORR", 
   "ANDD", 
   "ANDD", 
   "NOTUSED", 
   "ANDD", 
   "NOTUSED", 
   "ORR", 
   "ANDD", 
   "ANDD", 
   "ORR", 
   "ORR", 
   "ANDD", 
   "ANDD", 
   "ANDD"
  ], 
  "7": [
   "ANDD", 
   "ORR", 
   "NOTUSED", 
   "ANDD", 
   "ORR", 
   "ANDD", 
   "ORR", 
   "NOTUSED", 
   "NOTUSED", 
   "ORR", 
   "ORR", 
   "ORR", 
   "NOTUSED", 
   "ORR", 
   "NOTUSED"
  ], 
  "6": [
   "ORR", 
   "ANDD", 
   "ANDD", 
   "ANDD", 
   "NOTUSED", 
   "NOTUSED", 
   "ORR", 
   "ORR", 
   "ORR", 
   "ORR", 
   "NOTUSED", 
   "ORR", 
   "ORR", 
   "NOTUSED", 
   "NOTUSED"
  ], 
  "9": [
   "ANDD", 
   "NOTUSED", 
   "NOTUSED", 
   "NOTUSED", 
   "ANDD", 
   "ORR", 
   "ORR", 
   "ORR", 
   "NOTUSED", 
   "ORR", 
   "NOTUSED", 
   "NOTUSED", 
   "ORR", 
   "ORR", 
   "ANDD"
  ], 
  "8": [
   "NOTUSED", 
   "ANDD", 
   "ORR", 
   "ORR", 
   "ANDD", 
   "NOTUSED", 
   "ORR", 
   "NOTUSED", 
   "NOTUSED", 
   "NOTUSED", 
   "NOTUSED", 
   "ORR", 
   "NOTUSED", 
   "ANDD", 
   "ORR"
  ]
 }
}