{
 "random_seed": 2754677362, 
 "PARAMETERS": {
  "RADIUS1": 654970.895, 
  "QUADS": 3, 
  "RADIUS2": 181877.55, 
  "DIST": 8328.322, 
  "F_PTS": 43, 
  "K_PTS": 34, 
  "EPSILON": 2.808, 
  "LENGTH1": 973946.249, 
  "G_PTS": 6, 
  "Q_PTS": 90, 
  "N_PTS": 20, 
  "C_PTS": 3, 
  "AREA2": 219676.495, 
  "LENGTH2": 623565.983, 
  "B_PTS": 62, 
  "D_PTS": 57, 
  "AREA1": 744066.209, 
  "A_PTS": 20, 
  "E_PTS": 3
 }, 
 "NUMPOINTS": 95, 
 "points": [
  [
   -694954.209, 
   -851570.042
  ], 
  [
   409026.286, 
   933133.43
  ], 
  [
   -774014.126, 
   -666569.994
  ], 
  [
   62031.455, 
   777556.314
  ], 
  [
   -565961.377, 
   322499.466
  ], 
  [
   742901.617, 
   -467101.343
  ], 
  [
   -840414.836, 
   177143.075
  ], 
  [
   -513527.58, 
   -658878.582
  ], 
  [
   -220494.758, 
   -267422.301
  ], 
  [
   -698830.872, 
   -792318.063
  ], 
  [
   515376.151, 
   697066.398
  ], 
  [
   198269.917, 
   -229788.714
  ], 
  [
   -964673.611, 
   -123967.858
  ], 
  [
   617405.093, 
   546150.666
  ], 
  [
   201282.155, 
   -541118.935
  ], 
  [
   576498.739, 
   -645591.622
  ], 
  [
   -851008.849, 
   458432.183
  ], 
  [
   253438.538, 
   457392.357
  ], 
  [
   -2847.191, 
   -440207.958
  ], 
  [
   -150063.267, 
   -981157.478
  ], 
  [
   370305.603, 
   518517.842
  ], 
  [
   -871900.161, 
   232384.157
  ], 
  [
   -409006.129, 
   -375498.749
  ], 
  [
   -352912.113, 
   578705.276
  ], 
  [
   406234.445, 
   574521.313
  ], 
  [
   789821.766, 
   126085.459
  ], 
  [
   373451.555, 
   -212326.244
  ], 
  [
   -557806.141, 
   -979711.175
  ], 
  [
   897672.554, 
   985394.385
  ], 
  [
   -40729.408, 
   -542832.381
  ], 
  [
   910334.328, 
   703757.262
  ], 
  [
   -223316.349, 
   -40531.808
  ], 
  [
   900542.075, 
   208422.777
  ], 
  [
   -333443.597, 
   965897.959
  ], 
  [
   958713.079, 
   -485492.983
  ], 
  [
   506812.885, 
   122972.412
  ], 
  [
   576148.75, 
   308931.32
  ], 
  [
   735884.618, 
   -936297.18
  ], 
  [
   141436.117, 
   984599.228
  ], 
  [
   104348.601, 
   242930.5
  ], 
  [
   243754.1, 
   702248.643
  ], 
  [
   -970696.081, 
   -946218.453
  ], 
  [
   -576586.775, 
   746550.383
  ], 
  [
   -567936.705, 
   929413.068
  ], 
  [
   266034.829, 
   -91385.246
  ], 
  [
   -811738.541, 
   -469061.291
  ], 
  [
   582563.959, 
   250496.492
  ], 
  [
   593943.121, 
   -185010.059
  ], 
  [
   117277.883, 
   973583.384
  ], 
  [
   445566.203, 
   837224.505
  ], 
  [
   841688.154, 
   845158.873
  ], 
  [
   660265.325, 
   537514.049
  ], 
  [
   -661037.074, 
   285648.519
  ], 
  [
   21418.613, 
   101120.606
  ], 
  [
   -130635.806, 
   -671103.337
  ], 
  [
   -303336.601, 
   19898.13
  ], 
  [
   -156398.841, 
   -238531.431
  ], 
  [
   -563191.93, 
   160894.849
  ], 
  [
   -85434.763, 
   -580229.32
  ], 
  [
   -558957.792, 
   894945.197
  ], 
  [
   69234.131, 
   -200301.996
  ], 
  [
   -433769.883, 
   -183105.456
  ], 
  [
   -297832.138, 
   -195405.947
  ], 
  [
   817259.132, 
   -654893.636
  ], 
  [
   -725626.671, 
   869427.906
  ], 
  [
   766149.603, 
   -607313.357
  ], 
  [
   48114.858, 
   114675.336
  ], 
  [
   -975279.093, 
   905018.496
  ], 
  [
   -511120.647, 
   782692.114
  ], 
  [
   882335.447, 
   -233922.281
  ], 
  [
   -285393.528, 
   -841267.771
  ], 
  [
   -816457.996, 
   -682968.206
  ], 
  [
   -394177.832, 
   233801.019
  ], 
  [
   -941590.119, 
   -143866.146
  ], 
  [
   -863680.939, 
   702536.014
  ], 
  [
   403800.368, 
   733805.289
  ], 
  [
   724586.886, 
   -148512.014
  ], 
  [
   443337.987, 
   753787.63
  ], 
  [
   164800.346, 
   -547132.613
  ], 
  [
   580206.789, 
   255402.215
  ], 
  [
   -222071.091, 
   818053.503
  ], 
  [
   -178390.817, 
   482393.199
  ], 
  [
   130167.927, 
   949.37
  ], 
  [
   -718034.36, 
   -829920.034
  ], 
  [
   -731712.537, 
   662946.851
  ], 
  [
   893287.55, 
   -337403.697
  ], 
  [
   950051.68, 
   375308.158
  ], 
  [
   -915820.836, 
   163611.173
  ], 
  [
   -3395.099, 
   -948156.418
  ], 
  [
   -135448.799, 
   -994988.096
  ], 
  [
   -686201.945, 
   347856.476
  ], 
  [
   -723604.224, 
   301337.033
  ], 
  [
   -464668.228, 
   -622182.217
  ], 
  [
   488126.712, 
   -346129.347
  ], 
  [
   406964.977, 
   -580337.949
  ]
 ], 
 "PUV": [
  false, 
  false, 
  false, 
  true, 
  true, 
  true, 
  true, 
  false, 
  true, 
  false, 
  false, 
  false, 
  false, 
  false, 
  false
 ], 
 "LCM": {
  "11": [
   "ANDD", 
   "ORR", 
   "ANDD", 
   "NOTUSED", 
   "NOTUSED", 
   "NOTUSED", 
   "NOTUSED", 
   "ORR", 
   "ORR", 
   "ORR", 
   "ORR", 
   "NOTUSED", 
   "NOTUSED", 
   "NOTUSED", 
   "NOTUSED"
  ], 
  "10": [
   "NOTUSED", 
   "ORR", 
   "ORR", 
   "ANDD", 
   "NOTUSED", 
   "NOTUSED", 
   "NOTUSED", 
   "ANDD", 
   "ORR", 
   "ORR", 
   "ORR", 
   "ORR", 
   "ORR", 
   "NOTUSED", 
   "NOTUSED"
  ], 
  "13": [
   "ORR", 
   "NOTUSED", 
   "ANDD", 
   "ORR", 
   "NOTUSED", 
   "NOTUSED", 
   "ORR", 
   "ANDD", 
   "ANDD", 
   "NOTUSED", 
   "NOTUSED", 
   "NOTUSED", 
   "ANDD", 
   "NOTUSED", 
   "ORR"
  ], 
  "12": [
   "ORR", 
   "ANDD", 
   "ORR", 
   "NOTUSED", 
   "ANDD", 
   "ANDD", 
   "NOTUSED", 
   "ORR", 
   "ORR", 
   "ORR", 
   "ORR", 
   "NOTUSED", 
   "ANDD", 
   "ANDD", 
   "ANDD"
  ], 
  "14": [
   "ANDD", 
   "ANDD", 
   "ANDD", 
   "ORR", 
   "ORR", 
   "ANDD", 
   "NOTUSED", 
   "NOTUSED", 
   "ORR", 
   "ANDD", 
   "NOTUSED", 
   "NOTUSED", 
   "ANDD", 
   "ORR", 
   "NOTUSED"
  ], 
  "1": [
   "NOTUSED", 
   "ANDD", 
   "ORR", 
   "ANDD", 
   "ORR", 
   "NOTUSED", 
   "ANDD", 
   "ANDD", 
   "ORR", 
   "ANDD", 
   "ORR", 
   "ORR", 
   "ANDD", 
   "NOTUSED", 
   "ANDD"
  ], 
  "0": [
   "NOTUSED", 
   "NOTUSED", 
   "ORR", 
   "NOTUSED", 
   "ANDD", 
   "NOTUSED", 
   "ANDD", 
   "ANDD", 
   "NOTUSED", 
   "ANDD", 
   "NOTUSED", 
   "ANDD", 
   "ORR", 
   "ORR", 
   "ANDD"
  ], 
  "3": [
   "NOTUSED", 
   "ANDD", 
   "NOTUSED", 
   "ANDD", 
   "ANDD", 
   "ANDD", 
   "NOTUSED", 
   "ANDD", 
   "ANDD", 
   "ORR", 
   "ANDD", 
   "NOTUSED", 
   "NOTUSED", 
   "ORR", 
   "ORR"
  ], 
  "2": [
   "ORR", 
   "ORR", 
   "ORR", 
   "NOTUSED", 
   "NOTUSED", 
   "ORR", 
   "ORR", 
   "ORR", 
   "ANDD", 
   "NOTUSED", 
   "ORR", 
   "ANDD", 
   "ORR", 
   "ANDD", 
   "ANDD"
  ], 
  "5": [
   "NOTUSED", 
   "NOTUSED", 
   "ORR", 
   "ANDD", 
   "ANDD", 
   "ORR", 
   "ANDD", 
   "NOTUSED", 
   "ORR", 
   "ORR", 
   "NOTUSED", 
   "NOTUSED", 
   "ANDD", 
   "NOTUSED", 
   "ANDD"
  ], 
  "4": [
   "ANDD", 
   "ORR", 
   "NOTUSED", 
   "ANDD", 
   "ORR", 
   "ANDD", 
   "ANDD", 
   "ORR", 
   "ORR", 
   "NOTUSED", 
   "NOTUSED", 
   "NOTUSED", 
   "ANDD", 
   "NOTUSED", 
   "ORR"
  ], 
  "7": [
   "ANDD", 
   "ANDD", 
   "ORR", 
   "ANDD", 
   "ORR", 
   "NOTUSED", 
   "NOTUSED", 
   "NOTUSED", 
   "ORR", 
   "NOTUSED", 
   "ANDD", 
   "ORR", 
   "ORR", 
   "ANDD", 
   "NOTUSED"
  ], 
  "6": [
   "ANDD", 
   "ANDD", 
   "ORR", 
   "NOTUSED", 
   "ANDD", 
   "ANDD", 
   "ANDD", 
   "NOTUSED", 
   "NOTUSED", 
   "ORR", 
   "NOTUSED", 
   "NOTUSED", 
   "NOTUSED", 
   "ORR", 
   "NOTUSED"
  ], 
  "9": [
   "ANDD", 
   "ANDD", 
   "NOTUSED", 
   "ORR", 
   "NOTUSED", 
   "ORR", 
   "ORR", 
   "NOTUSED", 
   "ORR", 
   "NOTUSED", 
   "ORR", 
   "ORR", 
   "ORR", 
   "NOTUSED", 
   "ANDD"
  ], 
  "8": [
   "NOTUSED", 
   "ORR", 
   "ANDD", 
   "ANDD", 
   "ORR", 
   "ORR", 
   "NOTUSED", 
   "ORR", 
   "NOTUSED", 
   "ORR", 
   "ORR", 
   "ORR", 
   "ORR", 
   "ANDD", 
   "ORR"
  ]
 }
}