{
 "random_seed": 2407706464, 
 "PARAMETERS": {
  "RADIUS1": 448184.951, 
  "QUADS": 3, 
  "RADIUS2": 661883.52, 
  "DIST": 751072.954, 
  "F_PTS": 12, 
  "K_PTS": 24, 
  "EPSILON": 0.976, 
  "LENGTH1": 409438.581, 
  "G_PTS": 29, 
  "Q_PTS": 39, 
  "N_PTS": 26, 
  "C_PTS": 3, 
  "AREA2": 7128.858, 
  "LENGTH2": 100097.478, 
  "B_PTS": 17, 
  "D_PTS": 36, 
  "AREA1": 772352.49, 
  "A_PTS": 17, 
  "E_PTS": 16
 }, 
 "NUMPOINTS": 47, 
 "points": [
  [
   -117846.357, 
   -954244.516
  ], 
  [
   -145995.106, 
   127485.27
  ], 
  [
   509114.633, 
   660772.532
  ], 
  [
   57927.83, 
   -30326.595
  ], 
  [
   70797.409, 
   23549.501
  ], 
  [
   -734833.804, 
   446749.215
  ], 
  [
   865838.441, 
   433277.064
  ], 
  [
   556562.247, 
   934888.227
  ], 
  [
   935803.459, 
   -38343.951
  ], 
  [
   -427732.442, 
   886902.938
  ], 
  [
   518772.647, 
   -110800.51
  ], 
  [
   -252705.795, 
   516328.61
  ], 
  [
   -929065.437, 
   76148.08
  ], 
  [
   4996.893, 
   563592.306
  ], 
  [
   -519439.021, 
   120688.157
  ], 
  [
   -315786.74, 
   -541274.262
  ], 
  [
   105738.336, 
   213060.207
  ], 
  [
   -604327.892, 
   455878.306
  ], 
  [
   -575137.869, 
   717675.354
  ], 
  [
   272629.365, 
   430103.081
  ], 
  [
   -475193.387, 
   150413.726
  ], 
  [
   -93952.673, 
   11556.798
  ], 
  [
   -282804.399, 
   881994.061
  ], 
  [
   -15355.756, 
   175853.174
  ], 
  [
   469282.937, 
   143652.148
  ], 
  [
   319057.996, 
   190827.192
  ], 
  [
   159001.206, 
   285597.879
  ], 
  [
   649176.386, 
   -72910.761
  ], 
  [
   639713.652, 
   801220.421
  ], 
  [
   -830113.085, 
   507080.322
  ], 
  [
   -649944.956, 
   740212.132
  ], 
  [
   -248002.198, 
   153620.861
  ], 
  [
   743587.588, 
   197904.286
  ], 
  [
   -596663.931, 
   927836.829
  ], 
  [
   692361.929, 
   -234128.821
  ], 
  [
   -619691.027, 
   -203646.07
  ], 
  [
   856417.696, 
   294636.992
  ], 
  [
   -16113.767, 
   -262183.768
  ], 
  [
   -422323.954, 
   222868.379
  ], 
  [
   195850.204, 
   201724.932
  ], 
  [
   812733.331, 
   519231.504
  ], 
  [
   335717.1, 
   558009.245
  ], 
  [
   855798.581, 
   -934699.611
  ], 
  [
   -117012.513, 
   616832.411
  ], 
  [
   575397.298, 
   798272.175
  ], 
  [
   -469739.39, 
   -190882.719
  ], 
  [
   531570.553, 
   -46067.246
  ]
 ], 
 "PUV": [
  false, 
  false, 
  false, 
  true, 
  false, 
  true, 
  true, 
  false, 
  false, 
  false, 
  false, 
  true, 
  true, 
  true, 
  false
 ], 
 "LCM": {
  "11": [
   "ORR", 
   "NOTUSED", 
   "ANDD", 
   "ORR", 
   "NOTUSED", 
   "ANDD", 
   "ANDD", 
   "NOTUSED", 
   "NOTUSED", 
   "NOTUSED", 
   "NOTUSED", 
   "ORR", 
   "ORR", 
   "ANDD", 
   "ANDD"
  ], 
  "10": [
   "ANDD", 
   "NOTUSED", 
   "NOTUSED", 
   "NOTUSED", 
   "NOTUSED", 
   "ORR", 
   "NOTUSED", 
   "ANDD", 
   "ANDD", 
   "NOTUSED", 
   "NOTUSED", 
   "NOTUSED", 
   "NOTUSED", 
   "ANDD", 
   "ORR"
  ], 
  "13": [
   "NOTUSED", 
   "ANDD", 
   "NOTUSED", 
   "ORR", 
   "ANDD", 
   "ORR", 
   "ANDD", 
   "NOTUSED", 
   "ORR", 
   "NOTUSED", 
   "ANDD", 
   "ANDD", 
   "ORR", 
   "NOTUSED", 
   "ORR"
  ], 
  "12": [
   "ANDD", 
   "ORR", 
   "ORR", 
   "ANDD", 
   "NOTUSED", 
   "ORR", 
   "NOTUSED", 
   "ANDD", 
   "ANDD", 
   "ORR", 
   "NOTUSED", 
   "ORR", 
   "NOTUSED", 
   "ORR", 
   "ANDD"
  ], 
  "14": [
   "NOTUSED", 
   "ORR", 
   "ANDD", 
   "ORR", 
   "NOTUSED", 
   "ANDD", 
   "ORR", 
   "NOTUSED", 
   "ANDD", 
   "ANDD", 
   "ORR", 
   "ANDD", 
   "ANDD", 
   "ORR", 
   "ORR"
  ], 
  "1": [
   "ORR", 
   "ORR", 
   "ORR", 
   "NOTUSED", 
   "NOTUSED", 
   "NOTUSED", 
   "ORR", 
   "ORR", 
   "ANDD", 
   "ANDD", 
   "NOTUSED", 
   "NOTUSED", 
   "ORR", 
   "ANDD", 
   "ORR"
  ], 
  "0": [
   "ORR", 
   "ORR", 
   "NOTUSED", 
   "NOTUSED", 
   "ANDD", 
   "ORR", 
   "NOTUSED", 
   "ORR", 
   "ORR", 
   "ANDD", 
   "ANDD", 
   "ORR", 
   "ANDD", 
   "NOTUSED", 
   "NOTUSED"
  ], 
  "3": [
   "NOTUSED", 
   "NOTUSED", 
   "NOTUSED", 
   "NOTUSED", 
   "ANDD", 
   "ANDD", 
   "NOTUSED", 
   "NOTUSED", 
   "ORR", 
   "ANDD", 
   "NOTUSED", 
   "ORR", 
   "ANDD", 
   "ORR", 
   "ORR"
  ], 
  "2": [
   "NOTUSED", 
   "ORR", 
   "NOTUSED", 
   "NOTUSED", 
   "NOTUSED", 
   "NOTUSED", 
   "NOTUSED", 
   "ANDD", 
   "NOTUSED", 
   "ORR", 
   "NOTUSED", 
   "ANDD", 
   "ORR", 
   "NOTUSED", 
   "ANDD"
  ], 
  "5": [
   "ORR", 
   "NOTUSED", 
   "NOTUSED", 
   "ANDD", 
   "ORR", 
   "ORR", 
   "NOTUSED", 
   "ANDD", 
   "ORR", 
   "ANDD", 
   "ORR", 
   "ANDD", 
   "ORR", 
   "ORR", 
   "ANDD"
  ], 
  "4": [
   "ANDD", 
   "NOTUSED", 
   "NOTUSED", 
   "ANDD", 
   "ANDD", 
   "ORR", 
   "ANDD", 
   "ANDD", 
   "NOTUSED", 
   "NOTUSED", 
   "NOTUSED", 
   "NOTUSED", 
   "NOTUSED", 
   "ANDD", 
   "NOTUSED"
  ], 
  "7": [
   "ORR", 
   "ORR", 
   "ANDD", 
   "NOTUSED", 
   "ANDD", 
   "ANDD", 
   "NOTUSED", 
   "NOTUSED", 
   "ANDD", 
   "ORR", 
   "ANDD", 
   "NOTUSED", 
   "ANDD", 
   "NOTUSED", 
   "NOTUSED"
  ], 
  "6": [
   "NOTUSED", 
   "ORR", 
   "NOTUSED", 
   "NOTUSED", 
   "ANDD", 
   "NOTUSED", 
   "NOTUSED", 
   "NOTUSED", 
   "ANDD", 
   "ANDD", 
   "NOTUSED", 
   "ANDD", 
   "NOTUSED", 
   "ANDD", 
   "ORR"
  ], 
  "9": [
   "ANDD", 
   "ANDD", 
   "ORR", 
   "ANDD", 
   "NOTUSED", 
   "ANDD", 
   "ANDD", 
   "ORR", 
   "ANDD", 
   "NOTUSED", 
   "NOTUSED", 
   "NOTUSED", 
   "ORR", 
   "NOTUSED", 
   "ANDD"
  ], 
  "8": [
   "ORR", 
   "ANDD", 
   "NOTUSED", 
   "ORR", 
   "NOTUSED", 
   "ORR", 
   "ANDD", 
   "ANDD", 
   "ANDD", 
   "ANDD", 
   "ANDD", 
   "NOTUSED", 
   "ANDD", 
   "ORR", 
   "ANDD"
  ]
 }
}