{
 "random_seed": 1306039584, 
 "PARAMETERS": {
  "RADIUS1": 631948.287, 
  "QUADS": 1, 
  "RADIUS2": 578867.612, 
  "DIST": 106278.485, 
  "F_PTS": 24, 
  "K_PTS": 54, 
  "EPSILON": 2.146, 
  "LENGTH1": 885500.668, 
  "G_PTS": 42, 
  "Q_PTS": 44, 
  "N_PTS": 84, 
  "C_PTS": 4, 
  "AREA2": 627460.175, 
  "LENGTH2": 911997.536, 
  "B_PTS": 8, 
  "D_PTS": 49, 
  "AREA1": 390486.224, 
  "A_PTS": 43, 
  "E_PTS": 26
 }, 
 "NUMPOINTS": 85, 
 "points": [
  [
   -167579.173, 
   474406.656
  ], 
  [
   889074.202, 
   590695.553
  ], 
  [
   201981.809, 
   -216498.479
  ], 
  [
   -801721.83, 
   302754.593
  ], 
  [
   -210892.966, 
   693845.23
  ], 
  [
   97339.33, 
   -392654.158
  ], 
  [
   -172603.439, 
   625474.952
  ], 
  [
   -800628.08, 
   434117.984
  ], 
  [
   501381.463, 
   -844409.822
  ], 
  [
   -947507.658, 
   945539.171
  ], 
  [
   735549.491, 
   779786.269
  ], 
  [
   200195.64, 
   -891270.361
  ], 
  [
   449160.209, 
   867669.088
  ], 
  [
   -550214.433, 
   -535213.2
  ], 
  [
   -692049.281, 
   242017.658
  ], 
  [
   386765.981, 
   122068.479
  ], 
  [
   -626856.623, 
   -417541.748
  ], 
  [
   83257.053, 
   372915.76
  ], 
  [
   -879107.644, 
   -599458.842
  ], 
  [
   -616315.455, 
   328979.034
  ], 
  [
   -478561.312, 
   -596838.827
  ], 
  [
   960320.196, 
   -277348.941
  ], 
  [
   711629.861, 
   -936455.309
  ], 
  [
   -66757.812, 
   903096.653
  ], 
  [
   664482.187, 
   -802892.114
  ], 
  [
   667945.386, 
   944024.405
  ], 
  [
   349227.131, 
   603319.931
  ], 
  [
   -472527.641, 
   -655537.091
  ], 
  [
   161120.492, 
   584941.717
  ], 
  [
   881307.611, 
   -500869.575
  ], 
  [
   -380689.929, 
   20701.709
  ], 
  [
   433061.341, 
   -453367.357
  ], 
  [
   992135.454, 
   888244.572
  ], 
  [
   485394.509, 
   647357.472
  ], 
  [
   -827795.446, 
   -279555.41
  ], 
  [
   930334.205, 
   606623.59
  ], 
  [
   -321416.67, 
   928998.552
  ], 
  [
   523985.029, 
   -960273.064
  ], 
  [
   -852804.112, 
   -177283.203
  ], 
  [
   70085.268, 
   993732.75
  ], 
  [
   -29147.157, 
   937048.613
  ], 
  [
   -565377.384, 
   -19904.838
  ], 
  [
   -328174.713, 
   -620041.954
  ], 
  [
   586418.258, 
   -414076.372
  ], 
  [
   -396955.798, 
   337398.725
  ], 
  [
   -907967.674, 
   431385.136
  ], 
  [
   -700591.219, 
   963228.378
  ], 
  [
   994184.256, 
   776982.206
  ], 
  [
   466567.997, 
   -322001.619
  ], 
  [
   -869126.074, 
   657299.691
  ], 
  [
   627023.045, 
   -424309.058
  ], 
  [
   487969.873, 
   976730.173
  ], 
  [
   497457.153, 
   -325713.508
  ], 
  [
   860719.654, 
   811073.545
  ], 
  [
   -533440.433, 
   209783.88
  ], 
  [
   773747.383, 
   288700.988
  ], 
  [
   172849.244, 
   726254.245
  ], 
  [
   631179.355, 
   999061.608
  ], 
  [
   -688744.981, 
   -185485.303
  ], 
  [
   -713591.668, 
   -785993.761
  ], 
  [
   -340311.882, 
   611809.309
  ], 
  [
   -774508.751, 
   513784.865
  ], 
  [
   768735.108, 
   854116.484
  ], 
  [
   519786.771, 
   -122428.939
  ], 
  [
   -83134.124, 
   928432.676
  ], 
  [
   -340240.575, 
   -806590.653
  ], 
  [
   -718352.578, 
   463645.324
  ], 
  [
   256647.582, 
   518564.02
  ], 
  [
   -578205.86, 
   -302354.12
  ], 
  [
   762110.942, 
   -406246.774
  ], 
  [
   -636703.034, 
   -406156.79
  ], 
  [
   -454147.718, 
   -319769.396
  ], 
  [
   -617082.418, 
   -802355.253
  ], 
  [
   929202.112, 
   534946.171
  ], 
  [
   -922437.577, 
   -802486.87
  ], 
  [
   -415929.175, 
   -420410.778
  ], 
  [
   -964107.79, 
   -393536.589
  ], 
  [
   673469.909, 
   -716545.991
  ], 
  [
   890557.814, 
   60951.707
  ], 
  [
   -154433.4, 
   -28944.959
  ], 
  [
   -557662.017, 
   -596790.505
  ], 
  [
   794560.426, 
   -395954.545
  ], 
  [
   -130629.387, 
   401353.848
  ], 
  [
   -50663.655, 
   856308.653
  ], 
  [
   1526.584, 
   -695593.245
  ]
 ], 
 "PUV": [
  false, 
  false, 
  false, 
  true, 
  true, 
  false, 
  true, 
  true, 
  false, 
  false, 
  false, 
  true, 
  false, 
  false, 
  true
 ], 
 "LCM": {
  "11": [
   "NOTUSED", 
   "NOTUSED", 
   "ANDD", 
   "NOTUSED", 
   "ANDD", 
   "NOTUSED", 
   "ORR", 
   "ORR", 
   "ORR", 
   "ORR", 
   "NOTUSED", 
   "ANDD", 
   "ORR", 
   "NOTUSED", 
   "ANDD"
  ], 
  "10": [
   "NOTUSED", 
   "ORR", 
   "ANDD", 
   "ANDD", 
   "ANDD", 
   "ORR", 
   "NOTUSED", 
   "ANDD", 
   "NOTUSED", 
   "ORR", 
   "ORR", 
   "NOTUSED", 
   "ORR", 
   "ANDD", 
   "NOTUSED"
  ], 
  "13": [
   "ANDD", 
   "ANDD", 
   "ORR", 
   "ANDD", 
   "ORR", 
   "NOTUSED", 
   "NOTUSED", 
   "ANDD", 
   "ORR", 
   "ORR", 
   "ANDD", 
   "NOTUSED", 
   "ANDD", 
   "ANDD", 
   "ORR"
  ], 
  "12": [
   "NOTUSED", 
   "ORR", 
   "ANDD", 
   "ANDD", 
   "NOTUSED", 
   "NOTUSED", 
   "ANDD", 
   "ORR", 
   "ANDD", 
   "ORR", 
   "ORR", 
   "ORR", 
   "ANDD", 
   "ANDD", 
   "ORR"
  ], 
  "14": [
   "ORR", 
   "NOTUSED", 
   "NOTUSED", 
   "ORR", 
   "ORR", 
   "NOTUSED", 
   "NOTUSED", 
   "ORR", 
   "ANDD", 
   "NOTUSED", 
   "NOTUSED", 
   "ANDD", 
   "ORR", 
   "ORR", 
   "NOTUSED"
  ], 
  "1": [
   "ORR", 
   "ANDD", 
   "ORR", 
   "ORR", 
   "NOTUSED", 
   "ANDD", 
   "ANDD", 
   "ANDD", 
   "ANDD", 
   "ANDD", 
   "ORR", 
   "NOTUSED", 
   "ORR", 
   "ANDD", 
   "NOTUSED"
  ], 
  "0": [
   "ANDD", 
   "ORR", 
   "ANDD", 
   "ORR", 
   "ANDD", 
   "ORR", 
   "NOTUSED", 
   "ANDD", 
   "ORR", 
   "ANDD", 
   "NOTUSED", 
   "NOTUSED", 
   "NOTUSED", 
   "ANDD", 
   "ORR"
  ], 
  "3": [
   "ORR", 
   "ORR", 
   "NOTUSED", 
   "ORR", 
   "ANDD", 
   "NOTUSED", 
   "NOTUSED", 
   "ANDD", 
   "ANDD", 
   "ANDD", 
   "ANDD", 
   "NOTUSED", 
   "ANDD", 
   "ANDD", 
   "ORR"
  ], 
  "2": [
   "ANDD", 
   "ORR", 
   "ORR", 
   "NOTUSED", 
   "ANDD", 
   "ANDD", 
   "NOTUSED", 
   "NOTUSED", 
   "ORR", 
   "ORR", 
   "ANDD", 
   "ANDD", 
   "ANDD", 
   "ORR", 
   "NOTUSED"
  ], 
  "5": [
   "ORR", 
   "ANDD", 
   "ANDD", 
   "NOTUSED", 
   "ANDD", 
   "NOTUSED", 
   "ANDD", 
   "NOTUSED", 
   "NOTUSED", 
   "ORR", 
   "ORR", 
   "NOTUSED", 
   "NOTUSED", 
   "NOTUSED", 
   "NOTUSED"
  ], 
  "4": [
   "ANDD", 
   "NOTUSED", 
   "ANDD", 
   "ANDD", 
   "ANDD", 
   "ANDD", 
   "ORR", 
   "ANDD", 
   "ORR", 
   "ANDD", 
   "ANDD", 
   "ANDD", 
   "NOTUSED", 
   "ORR", 
   "ORR"
  ], 
  "7": [
   "ANDD", 
   "ANDD", 
   "NOTUSED", 
   "ANDD", 
   "ANDD", 
   "NOTUSED", 
   "ANDD", 
   "ORR", 
   "ORR", 
   "NOTUSED", 
   "ANDD", 
   "ORR", 
   "ORR", 
   "ANDD", 
   "ORR"
  ], 
  "6": [
   "NOTUSED", 
   "ANDD", 
   "NOTUSED", 
   "NOTUSED", 
   "ORR", 
   "ANDD", 
   "ANDD", 
   "ANDD", 
   "ORR", 
   "ORR", 
   "NOTUSED", 
   "ORR", 
   "ANDD", 
   "NOTUSED", 
   "NOTUSED"
  ], 
  "9": [
   "ANDD", 
   "ANDD", 
   "ORR", 
   "ANDD", 
   "ANDD", 
   "ORR", 
   "ORR", 
   "NOTUSED", 
   "ORR", 
   "ORR", 
   "ORR", 
   "ORR", 
   "ORR", 
   "ORR", 
   "NOTUSED"
  ], 
  "8": [
   "ORR", 
   "ANDD", 
   "ORR", 
   "ANDD", 
   "ORR", 
   "NOTUSED", 
   "ORR", 
   "ORR", 
   "NOTUSED", 
   "ORR", 
   "NOTUSED", 
   "ORR", 
   "ANDD", 
   "ORR", 
   "ANDD"
  ]
 }
}