{
 "random_seed": 3082609106, 
 "PARAMETERS": {
  "RADIUS1": 541496.67, 
  "QUADS": 2, 
  "RADIUS2": 509124.94, 
  "DIST": 87232.248, 
  "F_PTS": 3, 
  "K_PTS": 85, 
  "EPSILON": 2.295, 
  "LENGTH1": 982754.313, 
  "G_PTS": 80, 
  "Q_PTS": 58, 
  "N_PTS": 9, 
  "C_PTS": 46, 
  "AREA2": 62802.76, 
  "LENGTH2": 268486.837, 
  "B_PTS": 10, 
  "D_PTS": 25, 
  "AREA1": 634203.39, 
  "A_PTS": 23, 
  "E_PTS": 63
 }, 
 "NUMPOINTS": 91, 
 "points": [
  [
   156296.809, 
   177181.575
  ], 
  [
   -761441.456, 
   -988780.499
  ], 
  [
   -184060.106, 
   -631831.921
  ], 
  [
   466305.701, 
   135508.803
  ], 
  [
   -502240.99, 
   -629552.214
  ], 
  [
   998150.375, 
   -846439.504
  ], 
  [
   -489978.885, 
   -255832.407
  ], 
  [
   -801369.466, 
   -650695.478
  ], 
  [
   352555.901, 
   -497954.925
  ], 
  [
   855100.688, 
   784754.649
  ], 
  [
   934031.672, 
   -328697.082
  ], 
  [
   654347.853, 
   305337.298
  ], 
  [
   -585640.197, 
   -923173.628
  ], 
  [
   -979337.013, 
   430524.853
  ], 
  [
   -352841.996, 
   182627.892
  ], 
  [
   -912267.663, 
   644564.746
  ], 
  [
   206219.535, 
   -928902.35
  ], 
  [
   -931053.604, 
   503917.907
  ], 
  [
   -55259.576, 
   -467137.458
  ], 
  [
   712918.655, 
   124162.806
  ], 
  [
   -11702.995, 
   602335.953
  ], 
  [
   8801.192, 
   130011.376
  ], 
  [
   -413714.716, 
   -382896.199
  ], 
  [
   -355698.989, 
   524572.861
  ], 
  [
   579924.485, 
   -33506.963
  ], 
  [
   769318.433, 
   714210.59
  ], 
  [
   -677445.579, 
   -229310.934
  ], 
  [
   990057.713, 
   734558.409
  ], 
  [
   239048.246, 
   476969.516
  ], 
  [
   -174829.943, 
   -684943.53
  ], 
  [
   301118.51, 
   -40020.634
  ], 
  [
   461313.434, 
   75782.704
  ], 
  [
   738877.208, 
   732249.739
  ], 
  [
   -878161.94, 
   -807490.816
  ], 
  [
   -204881.897, 
   841744.403
  ], 
  [
   848988.378, 
   776972.047
  ], 
  [
   -654550.349, 
   81758.547
  ], 
  [
   148303.859, 
   -59359.627
  ], 
  [
   445760.812, 
   102200.165
  ], 
  [
   265101.879, 
   -513925.345
  ], 
  [
   116852.564, 
   -446519.021
  ], 
  [
   -983296.091, 
   699265.017
  ], 
  [
   -118506.147, 
   463922.178
  ], 
  [
   -261392.374, 
   -87946.248
  ], 
  [
   50888.93, 
   677677.681
  ], 
  [
   210516.516, 
   95372.261
  ], 
  [
   -362403.556, 
   279898.347
  ], 
  [
   -562810.061, 
   -162292.173
  ], 
  [
   -455432.615, 
   -319926.467
  ], 
  [
   161308.063, 
   -460201.216
  ], 
  [
   616922.274, 
   824461.493
  ], 
  [
   -703274.189, 
   362464.031
  ], 
  [
   870042.391, 
   28757.915
  ], 
  [
   568765.962, 
   113037.102
  ], 
  [
   144712.708, 
   967370.893
  ], 
  [
   -366600.093, 
   -642338.065
  ], 
  [
   -280229.801, 
   -303787.023
  ], 
  [
   -927846.06, 
   600632.011
  ], 
  [
   804319.095, 
   -228181.476
  ], 
  [
   865947.698, 
   282026.137
  ], 
  [
   168266.76, 
   -423143.565
  ], 
  [
   -688996.943, 
   110852.388
  ], 
  [
   -751311.333, 
   -473204.281
  ], 
  [
   -22829.251, 
   966923.444
  ], 
  [
   -927641.033, 
   512008.711
  ], 
  [
   -36128.005, 
   7078.47
  ], 
  [
   532165.778, 
   704014.933
  ], 
  [
   -848611.827, 
   -164154.587
  ], 
  [
   -465561.323, 
   -374910.528
  ], 
  [
   415563.21, 
   648298.889
  ], 
  [
   -605557.023, 
   -466922.062
  ], 
  [
   588960.417, 
   496032.856
  ], 
  [
   -470520.537, 
   903342.948
  ], 
  [
   710577.741, 
   946547.871
  ], 
  [
   996188.337, 
   22019.683
  ], 
  [
   515236.065, 
   -908212.733
  ], 
  [
   -537388.823, 
   -391392.315
  ], 
  [
   698452.102, 
   -877427.678
  ], 
  [
   626416.453, 
   -953330.294
  ], 
  [
   -733896.559, 
   68873.108
  ], 
  [
   -17380.671, 
   -473992.999
  ], 
  [
   -141772.603, 
   -820569.078
  ], 
  [
   -911528.827, 
   -95777.725
  ], 
  [
   65256.421, 
   -51250.049
  ], 
  [
   603809.336, 
   -983308.425
  ], 
  [
   388270.571, 
   -242450.782
  ], 
  [
   587435.564, 
   116842.287
  ], 
  [
   -367116.881, 
   372013.999
  ], 
  [
   -942278.102, 
   21850.071
  ], 
  [
   493287.527, 
   479581.888
  ], 
  [
   -211572.901, 
   -733493.473
  ]
 ], 
 "PUV": [
  true, 
  true, 
  false, 
  false, 
  true, 
  true, 
  true, 
  false, 
  true, 
  false, 
  false, 
  false, 
  false, 
  false, 
  false
 ], 
 "LCM": {
  "11": [
   "ORR", 
   "NOTUSED", 
   "NOTUSED", 
   "NOTUSED", 
   "NOTUSED", 
   "ANDD", 
   "ANDD", 
   "ORR", 
   "ANDD", 
   "ANDD", 
   "ORR", 
   "ORR", 
   "NOTUSED", 
   "NOTUSED", 
   "ANDD"
  ], 
  "10": [
   "NOTUSED", 
   "ORR", 
   "ORR", 
   "NOTUSED", 
   "ANDD", 
   "NOTUSED", 
   "ORR", 
   "ORR", 
   "ANDD", 
   "NOTUSED", 
   "ANDD", 
   "ORR", 
   "NOTUSED", 
   "NOTUSED", 
   "ORR"
  ], 
  "13": [
   "NOTUSED", 
   "ANDD", 
   "ORR", 
   "NOTUSED", 
   "ORR", 
   "NOTUSED", 
   "NOTUSED", 
   "ORR", 
   "ORR", 
   "ORR", 
   "NOTUSED", 
   "NOTUSED", 
   "ORR", 
   "ANDD", 
   "NOTUSED"
  ], 
  "12": [
   "ORR", 
   "ORR", 
   "NOTUSED", 
   "ORR", 
   "ORR", 
   "ORR", 
   "NOTUSED", 
   "ORR", 
   "ANDD", 
   "ANDD", 
   "NOTUSED", 
   "NOTUSED", 
   "ORR", 
   "ORR", 
   "ORR"
  ], 
  "14": [
   "NOTUSED", 
   "ANDD", 
   "ORR", 
   "ANDD", 
   "NOTUSED", 
   "NOTUSED", 
   "ORR", 
   "ORR", 
   "ANDD", 
   "ORR", 
   "ORR", 
   "ANDD", 
   "ORR", 
   "NOTUSED", 
   "ANDD"
  ], 
  "1": [
   "NOTUSED", 
   "NOTUSED", 
   "ANDD", 
   "ORR", 
   "ANDD", 
   "NOTUSED", 
   "NOTUSED", 
   "ANDD", 
   "NOTUSED", 
   "NOTUSED", 
   "ORR", 
   "NOTUSED", 
   "ORR", 
   "ANDD", 
   "ANDD"
  ], 
  "0": [
   "ANDD", 
   "NOTUSED", 
   "ANDD", 
   "ANDD", 
   "ANDD", 
   "ANDD", 
   "NOTUSED", 
   "NOTUSED", 
   "NOTUSED", 
   "ANDD", 
   "NOTUSED", 
   "ORR", 
   "ORR", 
   "NOTUSED", 
   "NOTUSED"
  ], 
  "3": [
   "ANDD", 
   "ORR", 
   "NOTUSED", 
   "NOTUSED", 
   "ANDD", 
   "NOTUSED", 
   "ANDD", 
   "ANDD", 
   "ORR", 
   "ORR", 
   "NOTUSED", 
   "NOTUSED", 
   "ORR", 
   "NOTUSED", 
   "ANDD"
  ], 
  "2": [
   "ANDD", 
   "ANDD", 
   "ORR", 
   "NOTUSED", 
   "NOTUSED", 
   "ORR", 
   "NOTUSED", 
   "ORR", 
   "NOTUSED", 
   "ANDD", 
   "ORR", 
   "NOTUSED", 
   "NOTUSED", 
   "ORR", 
   "ORR"
  ], 
  "5": [
   "ANDD", 
   "NOTUSED", 
   "ORR", 
   "NOTUSED", 
   "NOTUSED", 
   "ORR", 
   "ORR", 
   "NOTUSED", 
   "NOTUSED", 
   "ANDD", 
   "NOTUSED", 
   "ANDD", 
   "ORR", 
   "NOTUSED", 
   "NOTUSED"
  ], 
  "4": [
   "ANDD", 
   "ANDD", 
   "NOTUSED", 
   "ANDD", 
   "ORR", 
   "NOTUSED", 
   "ORR", 
   "ANDD", 
   "ANDD", 
   "ORR", 
   "ANDD", 
   "NOTUSED", 
   "ORR", 
   "ORR", 
   "NOTUSED"
  ], 
  "7": [
   "NOTUSED", 
   "ANDD", 
   "ORR", 
   "ANDD", 
   "ANDD", 
   "NOTUSED", 
   "NOTUSED", 
   "NOTUSED", 
   "NOTUSED", 
   "ORR", 
   "ORR", 
   "ORR", 
   "ORR", 
   "ORR", 
   "ORR"
  ], 
  "6": [
   "NOTUSED", 
   "NOTUSED", 
   "NOTUSED", 
   "ANDD", 
   "ORR", 
   "ORR", 
   "NOTUSED", 
   "NOTUSED", 
   "ORR", 
   "ANDD", 
   "ORR", 
   "ANDD", 
   "NOTUSED", 
   "NOTUSED", 
   "ORR"
  ], 
  "9": [
   "ANDD", 
   "NOTUSED", 
   "ANDD", 
   "ORR", 
   "ORR", 
   "ANDD", 
   "ANDD", 
   "ORR", 
   "ORR", 
   "ANDD", 
   "NOTUSED", 
   "ANDD", 
   "ANDD", 
   "ORR", 
   "ORR"
  ], 
  "8": [
   "NOTUSED", 
   "NOTUSED", 
   "NOTUSED", 
   "ORR", 
   "ANDD", 
   "NOTUSED", 
   "ORR", 
   "NOTUSED", 
   "ORR", 
   "ORR", 
   "ANDD", 
   "ANDD", 
   "ANDD", 
   "ORR", 
   "ANDD"
  ]
 }
}