{
 "random_seed": 1204113900, 
 "PARAMETERS": {
  "RADIUS1": 4667.63, 
  "QUADS": 1, 
  "RADIUS2": 110322.626, 
  "DIST": 176013.149, 
  "F_PTS": 17, 
  "K_PTS": 30, 
  "EPSILON": 1.479, 
  "LENGTH1": 540579.066, 
  "G_PTS": 20, 
  "Q_PTS": 5, 
  "N_PTS": 38, 
  "C_PTS": 4, 
  "AREA2": 891634.589, 
  "LENGTH2": 628419.339, 
  "B_PTS": 20, 
  "D_PTS": 15, 
  "AREA1": 115592.053, 
  "A_PTS": 8, 
  "E_PTS": 18
 }, 
 "NUMPOINTS": 39, 
 "points": [
  [
   -419461.825, 
   431489.89
  ], 
  [
   557239.992, 
   -680415.351
  ], 
  [
   245512.458, 
   475356.529
  ], 
  [
   361887.45, 
   -56506.153
  ], 
  [
   -352889.969, 
   -258174.926
  ], 
  [
   -597124.632, 
   206133.16
  ], 
  [
   -356516.44, 
   -52703.638
  ], 
  [
   838863.546, 
   833931.131
  ], 
  [
   -27401.299, 
   634947.432
  ], 
  [
   992194.956, 
   -773739.343
  ], 
  [
   323914.136, 
   415813.188
  ], 
  [
   63316.907, 
   321083.666
  ], 
  [
   -7915.567, 
   578113.231
  ], 
  [
   -662283.006, 
   544604.637
  ], 
  [
   -692270.501, 
   -216980.442
  ], 
  [
   418609.026, 
   984905.705
  ], 
  [
   718452.432, 
   642960.351
  ], 
  [
   393494.431, 
   -58515.721
  ], 
  [
   -58009.568, 
   -241948.991
  ], 
  [
   -530945.767, 
   137353.767
  ], 
  [
   -134309.505, 
   -919054.089
  ], 
  [
   -248853.404, 
   -569773.688
  ], 
  [
   -370924.909, 
   599967.036
  ], 
  [
   828656.76, 
   503052.161
  ], 
  [
   -182884.741, 
   175545.853
  ], 
  [
   -587395.585, 
   524053.707
  ], 
  [
   -298648.598, 
   668730.156
  ], 
  [
   -435456.531, 
   901279.264
  ], 
  [
   -23688.356, 
   12505.942
  ], 
  [
   988381.661, 
   963084.347
  ], 
  [
   -273961.811, 
   892709.007
  ], 
  [
   290047.335, 
   -167266.536
  ], 
  [
   678398.302, 
   -557294.93
  ], 
  [
   -703780.512, 
   527795.514
  ], 
  [
   657829.397, 
   -708072.071
  ], 
  [
   -902077.759, 
   -117788.505
  ], 
  [
   -313403.83, 
   286199.869
  ], 
  [
   -496427.78, 
   633373.284
  ], 
  [
   596855.407, 
   985260.808
  ]
 ], 
 "PUV": [
  false, 
  true, 
  false, 
  false, 
  true, 
  false, 
  true, 
  true, 
  false, 
  true, 
  false, 
  true, 
  true, 
  true, 
  false
 ], 
 "LCM": {
  "11": [
   "ORR", 
   "ORR", 
   "NOTUSED", 
   "ANDD", 
   "NOTUSED", 
   "ANDD", 
   "ANDD", 
   "ANDD", 
   "ANDD", 
   "ORR", 
   "ANDD", 
   "NOTUSED", 
   "NOTUSED", 
   "NOTUSED", 
   "ANDD"
  ], 
  "10": [
   "ANDD", 
   "NOTUSED", 
   "ORR", 
   "ANDD", 
   "ORR", 
   "ORR", 
   "NOTUSED", 
   "ANDD", 
   "NOTUSED", 
   "ANDD", 
   "NOTUSED", 
   "ANDD", 
   "ORR", 
   "NOTUSED", 
   "ORR"
  ], 
  "13": [
   "NOTUSED", 
   "ANDD", 
   "ORR", 
   "ORR", 
   "ANDD", 
   "ANDD", 
   "NOTUSED", 
   "NOTUSED", 
   "ORR", 
   "ORR", 
   "NOTUSED", 
   "NOTUSED", 
   "NOTUSED", 
   "ORR", 
   "ORR"
  ], 
  "12": [
   "ANDD", 
   "ANDD", 
   "ORR", 
   "ORR", 
   "ORR", 
   "ANDD", 
   "ORR", 
   "ANDD", 
   "ANDD", 
   "ORR", 
   "ORR", 
   "NOTUSED", 
   "NOTUSED", 
   "NOTUSED", 
   "ANDD"
  ], 
  "14": [
   "ORR", 
   "ANDD", 
   "ORR", 
   "NOTUSED", 
   "ANDD", 
   "ANDD", 
   "ANDD", 
   "ORR", 
   "ORR", 
   "ANDD", 
   "ORR", 
   "ANDD", 
   "ANDD", 
   "ORR", 
   "ORR"
  ], 
  "1": [
   "ANDD", 
   "ORR", 
   "ORR", 
   "ANDD", 
   "NOTUSED", 
   "NOTUSED", 
   "ANDD", 
   "ANDD", 
   "NOTUSED", 
   "NOTUSED", 
   "NOTUSED", 
   "ORR", 
   "ANDD", 
   "ANDD", 
   "ANDD"
  ], 
  "0": [
   "NOTUSED", 
   "ANDD", 
   "NOTUSED", 
   "ORR", 
   "ANDD", 
   "ORR", 
   "ORR", 
   "ANDD", 
   "NOTUSED", 
   "ORR", 
   "ANDD", 
   "ORR", 
   "ANDD", 
   "NOTUSED", 
   "ORR"
  ], 
  "3": [
   "ORR", 
   "ANDD", 
   "NOTUSED", 
   "NOTUSED", 
   "ORR", 
   "NOTUSED", 
   "NOTUSED", 
   "NOTUSED", 
   "ANDD", 
   "ORR", 
   "ANDD", 
   "ANDD", 
   "ORR", 
   "ORR", 
   "NOTUSED"
  ], 
  "2": [
   "NOTUSED", 
   "ORR", 
   "NOTUSED", 
   "NOTUSED", 
   "NOTUSED", 
   "ANDD", 
   "ORR", 
   "ORR", 
   "ORR", 
   "NOTUSED", 
   "ORR", 
   "NOTUSED", 
   "ORR", 
   "ORR", 
   "ORR"
  ], 
  "5": [
   "ORR", 
   "NOTUSED", 
   "ANDD", 
   "NOTUSED", 
   "NOTUSED", 
   "NOTUSED", 
   "ORR", 
   "ANDD", 
   "NOTUSED", 
   "ANDD", 
   "ORR", 
   "ANDD", 
   "ANDD", 
   "ANDD", 
   "ANDD"
  ], 
  "4": [
   "ANDD", 
   "NOTUSED", 
   "NOTUSED", 
   "ORR", 
   "ORR", 
   "NOTUSED", 
   "ANDD", 
   "NOTUSED", 
   "ANDD", 
   "ANDD", 
   "ORR", 
   "NOTUSED", 
   "ORR", 
   "ANDD", 
   "ANDD"
  ], 
  "7": [
   "ANDD", 
   "ANDD", 
   "ORR", 
   "NOTUSED", 
   "NOTUSED", 
   "ANDD", 
   "ORR", 
   "NOTUSED", 
   "NOTUSED", 
   "NOTUSED", 
   "ANDD", 
   "ANDD", 
   "ANDD", 
   "NOTUSED", 
   "ORR"
  ], 
  "6": [
   "ORR", 
   "ANDD", 
   "ORR", 
   "NOTUSED", 
   "ANDD", 
   "ORR", 
   "ANDD", 
   "ORR", 
   "NOTUSED", 
   "ORR", 
   "NOTUSED", 
   "ANDD", 
   "ORR", 
   "NOTUSED", 
   "ANDD"
  ], 
  "9": [
   "ORR", 
   "NOTUSED", 
   "NOTUSED", 
   "ORR", 
   "ANDD", 
   "ANDD", 
   "ORR", 
   "NOTUSED", 
   "ORR", 
   "ANDD", 
   "ANDD", 
   "ORR", 
   "ORR", 
   "ORR", 
   "ANDD"
  ], 
  "8": [
   "NOTUSED", 
   "NOTUSED", 
   "ORR", 
   "ANDD", 
   "ANDD", 
   "NOTUSED", 
   "NOTUSED", 
   "NOTUSED", 
   "ORR", 
   "ORR", 
   "NOTUSED", 
   "ANDD", 
   "ANDD", 
   "ORR", 
   "ORR"
  ]
 }
}