{
 "random_seed": 2636808060, 
 "PARAMETERS": {
  "RADIUS1": 330745.023, 
  "QUADS": 3, 
  "RADIUS2": 45816.539, 
  "DIST": 484440.642, 
  "F_PTS": 25, 
  "K_PTS": 15, 
  "EPSILON": 2.476, 
  "LENGTH1": 492324.091, 
  "G_PTS": 6, 
  "Q_PTS": 11, 
  "N_PTS": 36, 
  "C_PTS": 4, 
  "AREA2": 211490.133, 
  "LENGTH2": 709359.212, 
  "B_PTS": 19, 
  "D_PTS": 23, 
  "AREA1": 296371.135, 
  "A_PTS": 13, 
  "E_PTS": 2
 }, 
 "NUMPOINTS": 38, 
 "points": [
  [
   -826783.805, 
   -557058.833
  ], 
  [
   105530.113, 
   11838.183
  ], 
  [
   818320.993, 
   44867.15
  ], 
  [
   -41022.077, 
   864071.677
  ], 
  [
   93807.221, 
   -293390.099
  ], 
  [
   -195825.127, 
   492933.473
  ], 
  [
   -259169.863, 
   52103.517
  ], 
  [
   575712.749, 
   -371876.308
  ], 
  [
   387236.938, 
   -223070.36
  ], 
  [
   322453.206, 
   -918131.458
  ], 
  [
   -165010.467, 
   76877.903
  ], 
  [
   980198.81, 
   -866583.162
  ], 
  [
   -839147.359, 
   -622400.268
  ], 
  [
   -395390.405, 
   -423687.058
  ], 
  [
   -45007.536, 
   -873437.996
  ], 
  [
   627644.164, 
   -499296.531
  ], 
  [
   842524.48, 
   -162402.323
  ], 
  [
   -890676.048, 
   -886914.357
  ], 
  [
   777386.365, 
   699209.011
  ], 
  [
   883252.9, 
   -483565.507
  ], 
  [
   -659939.476, 
   977738.286
  ], 
  [
   77532.658, 
   -952641.634
  ], 
  [
   -236435.301, 
   -766373.748
  ], 
  [
   -714959.712, 
   536522.159
  ], 
  [
   711084.69, 
   939404.056
  ], 
  [
   309681.009, 
   -816500.44
  ], 
  [
   732983.853, 
   751134.084
  ], 
  [
   450745.233, 
   400577.81
  ], 
  [
   446101.387, 
   -13756.925
  ], 
  [
   -242887.617, 
   476277.864
  ], 
  [
   379726.024, 
   888726.373
  ], 
  [
   -180028.212, 
   -342222.195
  ], 
  [
   45254.378, 
   997731.273
  ], 
  [
   -840564.299, 
   -474966.641
  ], 
  [
   -887464.53, 
   611270.986
  ], 
  [
   577988.624, 
   -703986.024
  ], 
  [
   -455602.39, 
   638020.518
  ], 
  [
   -415180.641, 
   -901386.398
  ]
 ], 
 "PUV": [
  false, 
  false, 
  true, 
  true, 
  false, 
  true, 
  true, 
  false, 
  true, 
  true, 
  false, 
  true, 
  true, 
  false, 
  false
 ], 
 "LCM": {
  "11": [
   "ORR", 
   "ORR", 
   "ANDD", 
   "ORR", 
   "ANDD", 
   "NOTUSED", 
   "NOTUSED", 
   "ANDD", 
   "NOTUSED", 
   "ORR", 
   "ORR", 
   "ORR", 
   "ORR", 
   "ANDD", 
   "NOTUSED"
  ], 
  "10": [
   "ORR", 
   "ANDD", 
   "ORR", 
   "ANDD", 
   "ANDD", 
   "NOTUSED", 
   "ORR", 
   "ORR", 
   "ORR", 
   "ORR", 
   "ANDD", 
   "ORR", 
   "ORR", 
   "NOTUSED", 
   "NOTUSED"
  ], 
  "13": [
   "NOTUSED", 
   "ORR", 
   "NOTUSED", 
   "ANDD", 
   "ORR", 
   "NOTUSED", 
   "NOTUSED", 
   "ANDD", 
   "ANDD", 
   "ANDD", 
   "NOTUSED", 
   "ANDD", 
   "NOTUSED", 
   "ANDD", 
   "ORR"
  ], 
  "12": [
   "ANDD", 
   "NOTUSED", 
   "ANDD", 
   "NOTUSED", 
   "NOTUSED", 
   "NOTUSED", 
   "ORR", 
   "ORR", 
   "ANDD", 
   "ANDD", 
   "ORR", 
   "ORR", 
   "ANDD", 
   "NOTUSED", 
   "ORR"
  ], 
  "14": [
   "ANDD", 
   "ORR", 
   "NOTUSED", 
   "NOTUSED", 
   "ANDD", 
   "NOTUSED", 
   "NOTUSED", 
   "ORR", 
   "NOTUSED", 
   "ORR", 
   "NOTUSED", 
   "NOTUSED", 
   "ORR", 
   "ORR", 
   "ORR"
  ], 
  "1": [
   "ORR", 
   "ORR", 
   "ORR", 
   "ORR", 
   "ANDD", 
   "NOTUSED", 
   "ORR", 
   "NOTUSED", 
   "ANDD", 
   "ANDD", 
   "ANDD", 
   "ORR", 
   "NOTUSED", 
   "ORR", 
   "ORR"
  ], 
  "0": [
   "ANDD", 
   "ORR", 
   "ORR", 
   "ANDD", 
   "ANDD", 
   "ORR", 
   "ANDD", 
   "NOTUSED", 
   "ORR", 
   "NOTUSED", 
   "ORR", 
   "ORR", 
   "ANDD", 
   "NOTUSED", 
   "ANDD"
  ], 
  "3": [
   "ANDD", 
   "ORR", 
   "NOTUSED", 
   "ORR", 
   "ANDD", 
   "ORR", 
   "ANDD", 
   "ANDD", 
   "ORR", 
   "ORR", 
   "ANDD", 
   "ORR", 
   "NOTUSED", 
   "ANDD", 
   "NOTUSED"
  ], 
  "2": [
   "ORR", 
   "ORR", 
   "ANDD", 
   "NOTUSED", 
   "ORR", 
   "ORR", 
   "ORR", 
   "ANDD", 
   "ORR", 
   "NOTUSED", 
   "ORR", 
   "ANDD", 
   "ANDD", 
   "NOTUSED", 
   "NOTUSED"
  ], 
  "5": [
   "ORR", 
   "NOTUSED", 
   "ORR", 
   "ORR", 
   "ORR", 
   "NOTUSED", 
   "ORR", 
   "NOTUSED", 
   "ANDD", 
   "ANDD", 
   "NOTUSED", 
   "NOTUSED", 
   "NOTUSED", 
   "NOTUSED", 
   "NOTUSED"
  ], 
  "4": [
   "ANDD", 
   "ANDD", 
   "ORR", 
   "ANDD", 
   "ANDD", 
   "ORR", 
   "ANDD", 
   "ORR", 
   "ORR", 
   "ANDD", 
   "ANDD", 
   "ANDD", 
   "NOTUSED", 
   "ORR", 
   "ANDD"
  ], 
  "7": [
   "NOTUSED", 
   "NOTUSED", 
   "ANDD", 
   "ANDD", 
   "ORR", 
   "NOTUSED", 
   "ORR", 
   "ORR", 
   "NOTUSED", 
   "ORR", 
   "ORR", 
   "ANDD", 
   "ORR", 
   "ANDD", 
   "ORR"
  ], 
  "6": [
   "ANDD", 
   "ORR", 
   "ORR", 
   "ANDD", 
   "ANDD", 
   "ORR", 
   "ORR", 
   "ORR", 
   "ORR", 
   "ANDD", 
   "ORR", 
   "NOTUSED", 
   "ORR", 
   "NOTUSED", 
   "NOTUSED"
  ], 
  "9": [
   "NOTUSED", 
   "ANDD", 
   "NOTUSED", 
   "ORR", 
   "ANDD", 
   "ANDD", 
   "ANDD", 
   "ORR", 
   "NOTUSED", 
   "NOTUSED", 
   "ORR", 
   "ORR", 
   "ANDD", 
   "ANDD", 
   "ORR"
  ], 
  "8": [
   "ORR", 
   "ANDD", 
   "ORR", 
   "ORR", 
   "ORR", 
   "ANDD", 
   "ORR", 
   "NOTUSED", 
   "ANDD", 
   "NOTUSED", 
   "ORR", 
   "NOTUSED", 
   "ANDD", 
   "ANDD", 
   "NOTUSED"
  ]
 }
}