{
 "random_seed": 3671565908, 
 "PARAMETERS": {
  "RADIUS1": 180870.133, 
  "QUADS": 1, 
  "RADIUS2": 442046.404, 
  "DIST": 345239.661, 
  "F_PTS": 4, 
  "K_PTS": 18, 
  "EPSILON": 1.729, 
  "LENGTH1": 971295.587, 
  "G_PTS": 25, 
  "Q_PTS": 30, 
  "N_PTS": 46, 
  "C_PTS": 18, 
  "AREA2": 197282.413, 
  "LENGTH2": 572651.722, 
  "B_PTS": 13, 
  "D_PTS": 14, 
  "AREA1": 857934.148, 
  "A_PTS": 25, 
  "E_PTS": 5
 }, 
 "NUMPOINTS": 55, 
 "points": [
  [
   9464.548, 
   733938.59
  ], 
  [
   -614247.168, 
   -47805.788
  ], 
  [
   -771754.17, 
   -168165.845
  ], 
  [
   -45015.3, 
   307413.422
  ], 
  [
   177392.103, 
   -368398.239
  ], 
  [
   -35744.584, 
   162718.74
  ], 
  [
   727920.405, 
   755661.054
  ], 
  [
   -721416.308, 
   -501678.154
  ], 
  [
   -894888.129, 
   628278.358
  ], 
  [
   -874675.374, 
   183865.884
  ], 
  [
   145543.13, 
   883191.498
  ], 
  [
   -692228.783, 
   -983863.374
  ], 
  [
   655447.969, 
   372690.196
  ], 
  [
   730496.262, 
   588438.719
  ], 
  [
   -126819.98, 
   269139.182
  ], 
  [
   -724568.142, 
   -503429.353
  ], 
  [
   -419702.16, 
   -944424.768
  ], 
  [
   166210.38, 
   187304.946
  ], 
  [
   123430.371, 
   315226.088
  ], 
  [
   -819541.906, 
   342895.617
  ], 
  [
   38011.995, 
   -857913.314
  ], 
  [
   825248.242, 
   610817.7
  ], 
  [
   -937631.255, 
   -924405.486
  ], 
  [
   29314.297, 
   -351665.015
  ], 
  [
   -206910.041, 
   -834461.627
  ], 
  [
   972713.616, 
   -300003.459
  ], 
  [
   258167.669, 
   227059.059
  ], 
  [
   404721.857, 
   136270.986
  ], 
  [
   522262.856, 
   511334.154
  ], 
  [
   88140.388, 
   933215.36
  ], 
  [
   807115.941, 
   21717.138
  ], 
  [
   589861.574, 
   994218.489
  ], 
  [
   383653.769, 
   -185676.127
  ], 
  [
   -47097.575, 
   -417625.395
  ], 
  [
   -876090.991, 
   -483244.119
  ], 
  [
   -744423.043, 
   546397.931
  ], 
  [
   -969543.207, 
   230585.436
  ], 
  [
   -425811.765, 
   -51684.854
  ], 
  [
   296348.029, 
   279486.666
  ], 
  [
   812542.398, 
   124243.311
  ], 
  [
   -809903.479, 
   -288510.937
  ], 
  [
   458730.85, 
   192912.963
  ], 
  [
   115480.276, 
   -714125.536
  ], 
  [
   -322056.726, 
   -654127.759
  ], 
  [
   -977329.837, 
   -292059.661
  ], 
  [
   -166786.438, 
   -133764.189
  ], 
  [
   359588.256, 
   -290834.322
  ], 
  [
   -225170.038, 
   -766988.961
  ], 
  [
   -697811.441, 
   -745731.629
  ], 
  [
   -826806.789, 
   262938.401
  ], 
  [
   732416.216, 
   -962018.401
  ], 
  [
   202285.648, 
   -890908.129
  ], 
  [
   855788.126, 
   -826208.41
  ], 
  [
   293770.378, 
   829723.543
  ], 
  [
   508429.709, 
   -568863.735
  ]
 ], 
 "PUV": [
  false, 
  true, 
  false, 
  false, 
  true, 
  true, 
  false, 
  false, 
  false, 
  false, 
  false, 
  true, 
  false, 
  true, 
  false
 ], 
 "LCM": {
  "11": [
   "ORR", 
   "ORR", 
   "ANDD", 
   "ANDD", 
   "NOTUSED", 
   "ANDD", 
   "NOTUSED", 
   "ANDD", 
   "ANDD", 
   "ANDD", 
   "ORR", 
   "ORR", 
   "NOTUSED", 
   "ANDD", 
   "NOTUSED"
  ], 
  "10": [
   "ORR", 
   "ORR", 
   "ANDD", 
   "NOTUSED", 
   "ORR", 
   "NOTUSED", 
   "NOTUSED", 
   "ANDD", 
   "ORR", 
   "ANDD", 
   "ORR", 
   "ORR", 
   "ANDD", 
   "NOTUSED", 
   "NOTUSED"
  ], 
  "13": [
   "ANDD", 
   "ANDD", 
   "ORR", 
   "NOTUSED", 
   "ORR", 
   "ORR", 
   "ANDD", 
   "ANDD", 
   "NOTUSED", 
   "NOTUSED", 
   "NOTUSED", 
   "ANDD", 
   "NOTUSED", 
   "ANDD", 
   "NOTUSED"
  ], 
  "12": [
   "ORR", 
   "ORR", 
   "ORR", 
   "ANDD", 
   "ANDD", 
   "ANDD", 
   "ANDD", 
   "NOTUSED", 
   "ANDD", 
   "ORR", 
   "ANDD", 
   "NOTUSED", 
   "ANDD", 
   "NOTUSED", 
   "ORR"
  ], 
  "14": [
   "ORR", 
   "ANDD", 
   "ANDD", 
   "NOTUSED", 
   "ANDD", 
   "ANDD", 
   "NOTUSED", 
   "ANDD", 
   "ORR", 
   "NOTUSED", 
   "NOTUSED", 
   "NOTUSED", 
   "ORR", 
   "NOTUSED", 
   "ANDD"
  ], 
  "1": [
   "NOTUSED", 
   "ANDD", 
   "NOTUSED", 
   "ANDD", 
   "NOTUSED", 
   "ORR", 
   "NOTUSED", 
   "NOTUSED", 
   "ORR", 
   "ORR", 
   "ORR", 
   "ORR", 
   "ORR", 
   "ANDD", 
   "ANDD"
  ], 
  "0": [
   "ANDD", 
   "NOTUSED", 
   "ANDD", 
   "NOTUSED", 
   "ANDD", 
   "ORR", 
   "ORR", 
   "ORR", 
   "ANDD", 
   "NOTUSED", 
   "ORR", 
   "ORR", 
   "ORR", 
   "ANDD", 
   "ORR"
  ], 
  "3": [
   "NOTUSED", 
   "ANDD", 
   "ANDD", 
   "ORR", 
   "ORR", 
   "ORR", 
   "ANDD", 
   "NOTUSED", 
   "NOTUSED", 
   "ANDD", 
   "NOTUSED", 
   "ANDD", 
   "ANDD", 
   "NOTUSED", 
   "NOTUSED"
  ], 
  "2": [
   "ANDD", 
   "NOTUSED", 
   "ORR", 
   "ANDD", 
   "NOTUSED", 
   "ANDD", 
   "ANDD", 
   "ORR", 
   "NOTUSED", 
   "NOTUSED", 
   "ANDD", 
   "ANDD", 
   "ORR", 
   "ORR", 
   "ANDD"
  ], 
  "5": [
   "ORR", 
   "ORR", 
   "ANDD", 
   "ORR", 
   "ORR", 
   "ORR", 
   "NOTUSED", 
   "ANDD", 
   "ORR", 
   "ORR", 
   "NOTUSED", 
   "ANDD", 
   "ANDD", 
   "ORR", 
   "ANDD"
  ], 
  "4": [
   "ANDD", 
   "NOTUSED", 
   "NOTUSED", 
   "ORR", 
   "NOTUSED", 
   "ORR", 
   "NOTUSED", 
   "ANDD", 
   "ORR", 
   "NOTUSED", 
   "ORR", 
   "NOTUSED", 
   "ANDD", 
   "ORR", 
   "ANDD"
  ], 
  "7": [
   "ORR", 
   "NOTUSED", 
   "ORR", 
   "NOTUSED", 
   "ANDD", 
   "ANDD", 
   "NOTUSED", 
   "NOTUSED", 
   "NOTUSED", 
   "NOTUSED", 
   "ANDD", 
   "ANDD", 
   "NOTUSED", 
   "ANDD", 
   "ANDD"
  ], 
  "6": [
   "ORR", 
   "NOTUSED", 
   "ANDD", 
   "ANDD", 
   "NOTUSED", 
   "NOTUSED", 
   "NOTUSED", 
   "NOTUSED", 
   "ANDD", 
   "NOTUSED", 
   "NOTUSED", 
   "NOTUSED", 
   "ANDD", 
   "ANDD", 
   "NOTUSED"
  ], 
  "9": [
   "NOTUSED", 
   "ORR", 
   "NOTUSED", 
   "ANDD", 
   "NOTUSED", 
   "ORR", 
   "NOTUSED", 
   "NOTUSED", 
   "ORR", 
   "ANDD", 
   "ANDD", 
   "ANDD", 
   "ORR", 
   "NOTUSED", 
   "NOTUSED"
  ], 
  "8": [
   "ANDD", 
   "ORR", 
   "NOTUSED", 
   "NOTUSED", 
   "ORR", 
   "ORR", 
   "ANDD", 
   "NOTUSED", 
   "NOTUSED", 
   "ORR", 
   "ORR", 
   "ANDD", 
   "ANDD", 
   "NOTUSED", 
   "ORR"
  ]
 }
}