{
 "random_seed": 1080034596, 
 "PARAMETERS": {
  "RADIUS1": 809223.613, 
  "QUADS": 2, 
  "RADIUS2": 724902.847, 
  "DIST": 386236.976, 
  "F_PTS": 8, 
  "K_PTS": 23, 
  "EPSILON": 0.007, 
  "LENGTH1": 992657.253, 
  "G_PTS": 12, 
  "Q_PTS": 74, 
  "N_PTS": 22, 
  "C_PTS": 53, 
  "AREA2": 982603.147, 
  "LENGTH2": 6071.35, 
  "B_PTS": 53, 
  "D_PTS": 20, 
  "AREA1": 282869.681, 
  "A_PTS": 13, 
  "E_PTS": 59
 }, 
 "NUMPOINTS": 77, 
 "points": [
  [
   -966658.042, 
   -277177.743
  ], 
  [
   -297656.873, 
   -384329.366
  ], 
  [
   -17466.324, 
   212863.217
  ], 
  [
   178192.85, 
   -820763.269
  ], 
  [
   948377.186, 
   615319.517
  ], 
  [
   -635959.087, 
   156749.471
  ], 
  [
   -733319.824, 
   -225432.026
  ], 
  [
   -799764.325, 
   -88020.765
  ], 
  [
   -665854.033, 
   -850070.884
  ], 
  [
   -980248.733, 
   386963.181
  ], 
  [
   -207828.042, 
   -371622.528
  ], 
  [
   894836.73, 
   340197.462
  ], 
  [
   855334.937, 
   -108655.664
  ], 
  [
   -576864.317, 
   -339140.907
  ], 
  [
   71140.926, 
   703736.742
  ], 
  [
   10547.871, 
   857437.922
  ], 
  [
   871375.351, 
   586684.647
  ], 
  [
   307286.635, 
   924404.282
  ], 
  [
   -508851.501, 
   659961.501
  ], 
  [
   -53225.103, 
   -833110.226
  ], 
  [
   282809.431, 
   416811.352
  ], 
  [
   146166.567, 
   -205668.262
  ], 
  [
   -283907.535, 
   -39461.127
  ], 
  [
   414454.946, 
   -193316.474
  ], 
  [
   780623.288, 
   743555.816
  ], 
  [
   883663.845, 
   931625.172
  ], 
  [
   -892902.46, 
   674769.041
  ], 
  [
   588369.759, 
   -272939.625
  ], 
  [
   598046.092, 
   991118.312
  ], 
  [
   15384.38, 
   811901.234
  ], 
  [
   -128451.189, 
   297391.793
  ], 
  [
   63677.742, 
   -530379.209
  ], 
  [
   -824142.402, 
   -966839.866
  ], 
  [
   409801.417, 
   -888276.87
  ], 
  [
   402762.964, 
   -58838.977
  ], 
  [
   -994536.732, 
   205402.488
  ], 
  [
   -734034.689, 
   -746886.558
  ], 
  [
   -767362.065, 
   -457642.422
  ], 
  [
   -507376.212, 
   -104941.626
  ], 
  [
   -714385.332, 
   553483.877
  ], 
  [
   962153.782, 
   -357234.773
  ], 
  [
   -350246.473, 
   -532979.614
  ], 
  [
   777105.129, 
   794747.136
  ], 
  [
   31128.958, 
   -635704.198
  ], 
  [
   586801.123, 
   -182765.257
  ], 
  [
   538888.489, 
   218648.836
  ], 
  [
   -249193.083, 
   -449062.048
  ], 
  [
   -542168.1, 
   -201045.243
  ], 
  [
   450235.643, 
   735555.781
  ], 
  [
   516283.306, 
   -733209.986
  ], 
  [
   521474.222, 
   -534727.26
  ], 
  [
   -858202.56, 
   924799.181
  ], 
  [
   -980985.905, 
   -744936.327
  ], 
  [
   120518.829, 
   213697.002
  ], 
  [
   -690512.685, 
   -875417.978
  ], 
  [
   -216898.859, 
   -397906.748
  ], 
  [
   473996.796, 
   716148.058
  ], 
  [
   -98157.468, 
   -478161.077
  ], 
  [
   -836257.383, 
   -491658.797
  ], 
  [
   405888.715, 
   -437679.734
  ], 
  [
   572632.141, 
   146501.568
  ], 
  [
   982842.227, 
   418724.484
  ], 
  [
   423722.028, 
   -501265.247
  ], 
  [
   171134.416, 
   -386959.297
  ], 
  [
   174881.096, 
   -492222.11
  ], 
  [
   -643470.88, 
   809469.801
  ], 
  [
   474550.898, 
   -960262.42
  ], 
  [
   649996.543, 
   457643.891
  ], 
  [
   -298954.065, 
   -311056.833
  ], 
  [
   -545184.171, 
   -991723.84
  ], 
  [
   339383.811, 
   -305994.068
  ], 
  [
   -580013.243, 
   549171.783
  ], 
  [
   -442822.023, 
   406253.362
  ], 
  [
   14560.962, 
   -775237.172
  ], 
  [
   -171805.251, 
   499686.41
  ], 
  [
   -992711.191, 
   -469138.017
  ], 
  [
   468457.85, 
   -601460.375
  ]
 ], 
 "PUV": [
  true, 
  false, 
  true, 
  false, 
  true, 
  true, 
  true, 
  true, 
  true, 
  true, 
  false, 
  true, 
  false, 
  false, 
  false
 ], 
 "LCM": {
  "11": [
   "ORR", 
   "ANDD", 
   "ANDD", 
   "ANDD", 
   "ANDD", 
   "NOTUSED", 
   "NOTUSED", 
   "ORR", 
   "ANDD", 
   "ANDD", 
   "ANDD", 
   "NOTUSED", 
   "ORR", 
   "NOTUSED", 
   "NOTUSED"
  ], 
  "10": [
   "NOTUSED", 
   "ANDD", 
   "NOTUSED", 
   "ANDD", 
   "NOTUSED", 
   "NOTUSED", 
   "NOTUSED", 
   "NOTUSED", 
   "ANDD", 
   "NOTUSED", 
   "NOTUSED", 
   "ANDD", 
   "ORR", 
   "ANDD", 
   "ORR"
  ], 
  "13": [
   "ORR", 
   "ANDD", 
   "ORR", 
   "NOTUSED", 
   "ANDD", 
   "ORR", 
   "NOTUSED", 
   "ANDD", 
   "ANDD", 
   "ANDD", 
   "ANDD", 
   "NOTUSED", 
   "ORR", 
   "NOTUSED", 
   "NOTUSED"
  ], 
  "12": [
   "ANDD", 
   "ORR", 
   "NOTUSED", 
   "NOTUSED", 
   "ANDD", 
   "ORR", 
   "ORR", 
   "ORR", 
   "ORR", 
   "ANDD", 
   "ORR", 
   "ORR", 
   "NOTUSED", 
   "ORR", 
   "ORR"
  ], 
  "14": [
   "ORR", 
   "ANDD", 
   "ORR", 
   "ORR", 
   "NOTUSED", 
   "NOTUSED", 
   "NOTUSED", 
   "ANDD", 
   "ANDD", 
   "ORR", 
   "ORR", 
   "NOTUSED", 
   "ORR", 
   "NOTUSED", 
   "NOTUSED"
  ], 
  "1": [
   "NOTUSED", 
   "NOTUSED", 
   "ANDD", 
   "ORR", 
   "NOTUSED", 
   "ORR", 
   "NOTUSED", 
   "ANDD", 
   "NOTUSED", 
   "ORR", 
   "ANDD", 
   "ANDD", 
   "ORR", 
   "ANDD", 
   "ANDD"
  ], 
  "0": [
   "ANDD", 
   "NOTUSED", 
   "NOTUSED", 
   "ORR", 
   "ORR", 
   "ORR", 
   "NOTUSED", 
   "NOTUSED", 
   "NOTUSED", 
   "ORR", 
   "NOTUSED", 
   "ORR", 
   "ANDD", 
   "ORR", 
   "ORR"
  ], 
  "3": [
   "ORR", 
   "ORR", 
   "NOTUSED", 
   "ORR", 
   "NOTUSED", 
   "NOTUSED", 
   "NOTUSED", 
   "ANDD", 
   "NOTUSED", 
   "ORR", 
   "ANDD", 
   "ANDD", 
   "NOTUSED", 
   "NOTUSED", 
   "ORR"
  ], 
  "2": [
   "NOTUSED", 
   "ANDD", 
   "ORR", 
   "NOTUSED", 
   "ORR", 
   "ORR", 
   "ORR", 
   "ORR", 
   "NOTUSED", 
   "ANDD", 
   "NOTUSED", 
   "ANDD", 
   "NOTUSED", 
   "ORR", 
   "ORR"
  ], 
  "5": [
   "ORR", 
   "ORR", 
   "ORR", 
   "NOTUSED", 
   "ORR", 
   "ANDD", 
   "ORR", 
   "ORR", 
   "NOTUSED", 
   "ANDD", 
   "NOTUSED", 
   "NOTUSED", 
   "ORR", 
   "ORR", 
   "NOTUSED"
  ], 
  "4": [
   "ORR", 
   "NOTUSED", 
   "ORR", 
   "NOTUSED", 
   "NOTUSED", 
   "ORR", 
   "ANDD", 
   "ANDD", 
   "ORR", 
   "ANDD", 
   "NOTUSED", 
   "ANDD", 
   "ANDD", 
   "ANDD", 
   "NOTUSED"
  ], 
  "7": [
   "NOTUSED", 
   "ANDD", 
   "ORR", 
   "ANDD", 
   "ANDD", 
   "ORR", 
   "ANDD", 
   "ORR", 
   "NOTUSED", 
   "ORR", 
   "NOTUSED", 
   "ORR", 
   "ORR", 
   "ANDD", 
   "ANDD"
  ], 
  "6": [
   "NOTUSED", 
   "NOTUSED", 
   "ORR", 
   "NOTUSED", 
   "ANDD", 
   "ORR", 
   "NOTUSED", 
   "ANDD", 
   "NOTUSED", 
   "NOTUSED", 
   "NOTUSED", 
   "NOTUSED", 
   "ORR", 
   "NOTUSED", 
   "NOTUSED"
  ], 
  "9": [
   "ORR", 
   "ORR", 
   "ANDD", 
   "ORR", 
   "ANDD", 
   "ANDD", 
   "NOTUSED", 
   "ORR", 
   "ANDD", 
   "ANDD", 
   "NOTUSED", 
   "ANDD", 
   "ANDD", 
   "ANDD", 
   "ORR"
  ], 
  "8": [
   "NOTUSED", 
   "NOTUSED", 
   "NOTUSED", 
   "NOTUSED", 
   "ORR", 
   "NOTUSED", 
   "NOTUSED", 
   "NOTUSED", 
   "NOTUSED", 
   "ANDD", 
   "ANDD", 
   "ANDD", 
   "ORR", 
   "ANDD", 
   "ANDD"
  ]
 }
}