{
 "random_seed": 1532045708, 
 "PARAMETERS": {
  "RADIUS1": 119788.322, 
  "QUADS": 1, 
  "RADIUS2": 371557.821, 
  "DIST": 618600.005, 
  "F_PTS": 22, 
  "K_PTS": 5, 
  "EPSILON": 2.576, 
  "LENGTH1": 186593.434, 
  "G_PTS": 23, 
  "Q_PTS": 11, 
  "N_PTS": 19, 
  "C_PTS": 27, 
  "AREA2": 993750.356, 
  "LENGTH2": 780643.424, 
  "B_PTS": 10, 
  "D_PTS": 2, 
  "AREA1": 496909.127, 
  "A_PTS": 18, 
  "E_PTS": 9
 }, 
 "NUMPOINTS": 60, 
 "points": [
  [
   -813161.053, 
   138271.284
  ], 
  [
   -15661.265, 
   918183.407
  ], 
  [
   558879.358, 
   -963785.795
  ], 
  [
   -818163.163, 
   183009.377
  ], 
  [
   556239.065, 
   -41371.671
  ], 
  [
   635680.425, 
   330134.282
  ], 
  [
   241314.094, 
   -397641.656
  ], 
  [
   779293.326, 
   576705.589
  ], 
  [
   957146.275, 
   204451.224
  ], 
  [
   -117024.059, 
   -784506.163
  ], 
  [
   661204.207, 
   -227925.598
  ], 
  [
   204092.332, 
   -755679.383
  ], 
  [
   -324276.677, 
   -33008.565
  ], 
  [
   -611644.283, 
   408721.032
  ], 
  [
   -537198.375, 
   232102.176
  ], 
  [
   -102375.096, 
   256371.501
  ], 
  [
   -899701.949, 
   -404749.379
  ], 
  [
   -85294.465, 
   716358.932
  ], 
  [
   -645555.294, 
   324195.942
  ], 
  [
   376143.818, 
   -378231.862
  ], 
  [
   -838495.201, 
   943583.526
  ], 
  [
   -320515.374, 
   -974580.83
  ], 
  [
   -298722.993, 
   -401420.078
  ], 
  [
   -26057.029, 
   108741.003
  ], 
  [
   856978.785, 
   -895305.201
  ], 
  [
   77064.671, 
   -694003.736
  ], 
  [
   -134554.272, 
   -597259.871
  ], 
  [
   847352.908, 
   457216.253
  ], 
  [
   -249153.909, 
   911569.202
  ], 
  [
   98424.439, 
   498612.96
  ], 
  [
   -877886.64, 
   -62003.084
  ], 
  [
   288886.766, 
   -406734.937
  ], 
  [
   -827557.356, 
   347990.765
  ], 
  [
   -160464.319, 
   659803.712
  ], 
  [
   586592.75, 
   -933090.19
  ], 
  [
   837607.277, 
   -526911.23
  ], 
  [
   -757230.292, 
   308953.766
  ], 
  [
   720717.56, 
   20170.077
  ], 
  [
   -701875.078, 
   249943.181
  ], 
  [
   -376168.267, 
   648582.609
  ], 
  [
   99636.262, 
   -100064.833
  ], 
  [
   -929549.404, 
   -306516.744
  ], 
  [
   466088.254, 
   155305.979
  ], 
  [
   -726084.914, 
   394409.159
  ], 
  [
   -26691.299, 
   23053.415
  ], 
  [
   -165767.438, 
   796601.206
  ], 
  [
   317623.11, 
   -558449.119
  ], 
  [
   -838369.143, 
   -746723.768
  ], 
  [
   -896289.018, 
   426103.995
  ], 
  [
   -680.308, 
   -310463.175
  ], 
  [
   -518620.6, 
   -336668.826
  ], 
  [
   -341724.688, 
   -699522.1
  ], 
  [
   942478.74, 
   200179.243
  ], 
  [
   -981487.644, 
   107458.487
  ], 
  [
   -900899.169, 
   -454186.921
  ], 
  [
   972372.654, 
   628663.083
  ], 
  [
   -553262.509, 
   865547.304
  ], 
  [
   174729.248, 
   -904182.657
  ], 
  [
   377404.878, 
   -930340.95
  ], 
  [
   -362291.151, 
   -606891.846
  ]
 ], 
 "PUV": [
  true, 
  true, 
  true, 
  false, 
  true, 
  false, 
  true, 
  true, 
  true, 
  false, 
  true, 
  false, 
  true, 
  false, 
  true
 ], 
 "LCM": {
  "11": [
   "ORR", 
   "ANDD", 
   "ANDD", 
   "ANDD", 
   "ANDD", 
   "ORR", 
   "NOTUSED", 
   "ANDD", 
   "ANDD", 
   "ANDD", 
   "ORR", 
   "ORR", 
   "ANDD", 
   "ORR", 
   "NOTUSED"
  ], 
  "10": [
   "ORR", 
   "ANDD", 
   "ORR", 
   "ORR", 
   "ORR", 
   "ANDD", 
   "ORR", 
   "ANDD", 
   "ANDD", 
   "ORR", 
   "ORR", 
   "ORR", 
   "ORR", 
   "ORR", 
   "ORR"
  ], 
  "13": [
   "NOTUSED", 
   "ORR", 
   "ORR", 
   "ORR", 
   "ANDD", 
   "ORR", 
   "NOTUSED", 
   "ANDD", 
   "NOTUSED", 
   "NOTUSED", 
   "ORR", 
   "ORR", 
   "ORR", 
   "NOTUSED", 
   "ANDD"
  ], 
  "12": [
   "ORR", 
   "NOTUSED", 
   "ORR", 
   "NOTUSED", 
   "ANDD", 
   "ORR", 
   "NOTUSED", 
   "ANDD", 
   "NOTUSED", 
   "ORR", 
   "ORR", 
   "ANDD", 
   "ANDD", 
   "ORR", 
   "ORR"
  ], 
  "14": [
   "NOTUSED", 
   "NOTUSED", 
   "ORR", 
   "ANDD", 
   "ORR", 
   "ORR", 
   "ORR", 
   "ANDD", 
   "ANDD", 
   "NOTUSED", 
   "ORR", 
   "NOTUSED", 
   "ORR", 
   "ANDD", 
   "ANDD"
  ], 
  "1": [
   "NOTUSED", 
   "ORR", 
   "ANDD", 
   "ANDD", 
   "ANDD", 
   "NOTUSED", 
   "ORR", 
   "ORR", 
   "NOTUSED", 
   "ANDD", 
   "ANDD", 
   "ANDD", 
   "NOTUSED", 
   "ORR", 
   "NOTUSED"
  ], 
  "0": [
   "NOTUSED", 
   "NOTUSED", 
   "NOTUSED", 
   "ORR", 
   "ANDD", 
   "ORR", 
   "NOTUSED", 
   "ANDD", 
   "ANDD", 
   "ORR", 
   "ORR", 
   "ORR", 
   "ORR", 
   "NOTUSED", 
   "NOTUSED"
  ], 
  "3": [
   "ORR", 
   "ANDD", 
   "ANDD", 
   "ORR", 
   "ORR", 
   "ANDD", 
   "NOTUSED", 
   "ORR", 
   "ORR", 
   "NOTUSED", 
   "ORR", 
   "ANDD", 
   "NOTUSED", 
   "ORR", 
   "ANDD"
  ], 
  "2": [
   "NOTUSED", 
   "ANDD", 
   "ORR", 
   "ANDD", 
   "ANDD", 
   "NOTUSED", 
   "NOTUSED", 
   "NOTUSED", 
   "NOTUSED", 
   "NOTUSED", 
   "ORR", 
   "ANDD", 
   "ORR", 
   "ORR", 
   "ORR"
  ], 
  "5": [
   "ORR", 
   "NOTUSED", 
   "NOTUSED", 
   "ANDD", 
   "ORR", 
   "ANDD", 
   "ANDD", 
   "ANDD", 
   "ORR", 
   "NOTUSED", 
   "ANDD", 
   "ORR", 
   "ORR", 
   "ORR", 
   "ORR"
  ], 
  "4": [
   "ANDD", 
   "ANDD", 
   "ANDD", 
   "ORR", 
   "NOTUSED", 
   "ORR", 
   "ANDD", 
   "NOTUSED", 
   "ANDD", 
   "ANDD", 
   "ORR", 
   "ANDD", 
   "ANDD", 
   "ANDD", 
   "ORR"
  ], 
  "7": [
   "ANDD", 
   "ORR", 
   "NOTUSED", 
   "ORR", 
   "NOTUSED", 
   "ANDD", 
   "ORR", 
   "NOTUSED", 
   "ANDD", 
   "ORR", 
   "ANDD", 
   "ANDD", 
   "ANDD", 
   "ANDD", 
   "ANDD"
  ], 
  "6": [
   "NOTUSED", 
   "ORR", 
   "NOTUSED", 
   "NOTUSED", 
   "ANDD", 
   "ANDD", 
   "ORR", 
   "ORR", 
   "NOTUSED", 
   "ORR", 
   "ORR", 
   "NOTUSED", 
   "NOTUSED", 
   "NOTUSED", 
   "ORR"
  ], 
  "9": [
   "ORR", 
   "ANDD", 
   "NOTUSED", 
   "NOTUSED", 
   "ANDD", 
   "NOTUSED", 
   "ORR", 
   "ORR", 
   "ANDD", 
   "ORR", 
   "ORR", 
   "ANDD", 
   "ORR", 
   "NOTUSED", 
   "NOTUSED"
  ], 
  "8": [
   "ANDD", 
   "NOTUSED", 
   "NOTUSED", 
   "ORR", 
   "ANDD", 
   "ORR", 
   "NOTUSED", 
   "ANDD", 
   "ANDD", 
   "ANDD", 
   "ANDD", 
   "ANDD", 
   "NOTUSED", 
   "NOTUSED", 
   "ANDD"
  ]
 }
}