{
 "random_seed": 3187648464, 
 "PARAMETERS": {
  "RADIUS1": 88133.07, 
  "QUADS": 2, 
  "RADIUS2": 529975.353, 
  "DIST": 181522.423, 
  "F_PTS": 9, 
  "K_PTS": 1, 
  "EPSILON": 2.878, 
  "LENGTH1": 883188.952, 
  "G_PTS": 50, 
  "Q_PTS": 17, 
  "N_PTS": 10, 
  "C_PTS": 13, 
  "AREA2": 916773.669, 
  "LENGTH2": 53070.416, 
  "B_PTS": 7, 
  "D_PTS": 8, 
  "AREA1": 168519.504, 
  "A_PTS": 28, 
  "E_PTS": 14
 }, 
 "NUMPOINTS": 52, 
 "points": [
  [
   -358664.791, 
   -670580.215
  ], 
  [
   350939.566, 
   529231.29
  ], 
  [
   285930.146, 
   -128793.618
  ], 
  [
   -758278.883, 
   -976101.17
  ], 
  [
   130905.754, 
   320537.467
  ], 
  [
   52966.056, 
   432166.342
  ], 
  [
   -928443.742, 
   693367.775
  ], 
  [
   474168.923, 
   -196658.004
  ], 
  [
   -50729.435, 
   -407818.703
  ], 
  [
   813231.223, 
   -889321.225
  ], 
  [
   68741.386, 
   -389777.821
  ], 
  [
   -714131.127, 
   -568918.887
  ], 
  [
   139522.057, 
   600056.079
  ], 
  [
   861696.771, 
   -969259.257
  ], 
  [
   807485.767, 
   -645833.978
  ], 
  [
   973665.623, 
   920586.281
  ], 
  [
   -20330.806, 
   807111.279
  ], 
  [
   -586391.624, 
   -164664.585
  ], 
  [
   -715383.034, 
   979708.164
  ], 
  [
   -972353.883, 
   -78387.567
  ], 
  [
   -9699.154, 
   -540979.827
  ], 
  [
   -616636.728, 
   -352907.104
  ], 
  [
   -825008.682, 
   643278.588
  ], 
  [
   -842256.857, 
   -470934.483
  ], 
  [
   471576.703, 
   80820.133
  ], 
  [
   -993250.4, 
   -725325.528
  ], 
  [
   -431042.597, 
   -306770.224
  ], 
  [
   -549184.21, 
   -693443.213
  ], 
  [
   -975349.45, 
   -931592.047
  ], 
  [
   122511.165, 
   -324337.607
  ], 
  [
   -264296.679, 
   -85210.965
  ], 
  [
   -422269.68, 
   776774.427
  ], 
  [
   355519.736, 
   -169638.306
  ], 
  [
   21778.349, 
   -320267.342
  ], 
  [
   -301915.084, 
   388813.859
  ], 
  [
   459201.592, 
   -236384.367
  ], 
  [
   -585742.883, 
   324547.177
  ], 
  [
   314664.338, 
   -369393.768
  ], 
  [
   -288129.507, 
   339967.098
  ], 
  [
   -745784.598, 
   -684717.835
  ], 
  [
   805691.189, 
   405283.677
  ], 
  [
   334614.395, 
   -137897.427
  ], 
  [
   341896.25, 
   -195701.71
  ], 
  [
   721857.166, 
   49179.861
  ], 
  [
   -656928.206, 
   -348344.471
  ], 
  [
   316991.604, 
   -262426.553
  ], 
  [
   -667300.119, 
   799445.809
  ], 
  [
   -535193.843, 
   658140.004
  ], 
  [
   -134589.29, 
   879936.762
  ], 
  [
   -420433.004, 
   -254751.846
  ], 
  [
   607049.004, 
   -242467.953
  ], 
  [
   725685.309, 
   -390946.384
  ]
 ], 
 "PUV": [
  true, 
  true, 
  true, 
  false, 
  true, 
  true, 
  true, 
  true, 
  true, 
  false, 
  false, 
  true, 
  true, 
  false, 
  true
 ], 
 "LCM": {
  "11": [
   "ANDD", 
   "ANDD", 
   "ANDD", 
   "ORR", 
   "ORR", 
   "NOTUSED", 
   "ANDD", 
   "ANDD", 
   "NOTUSED", 
   "NOTUSED", 
   "NOTUSED", 
   "ORR", 
   "ORR", 
   "NOTUSED", 
   "ORR"
  ], 
  "10": [
   "NOTUSED", 
   "NOTUSED", 
   "NOTUSED", 
   "ORR", 
   "ANDD", 
   "ANDD", 
   "NOTUSED", 
   "ANDD", 
   "ANDD", 
   "ANDD", 
   "NOTUSED", 
   "NOTUSED", 
   "ANDD", 
   "ORR", 
   "ANDD"
  ], 
  "13": [
   "ORR", 
   "NOTUSED", 
   "NOTUSED", 
   "ANDD", 
   "ANDD", 
   "ORR", 
   "ANDD", 
   "NOTUSED", 
   "ORR", 
   "NOTUSED", 
   "ORR", 
   "NOTUSED", 
   "ANDD", 
   "ORR", 
   "ORR"
  ], 
  "12": [
   "NOTUSED", 
   "NOTUSED", 
   "ANDD", 
   "NOTUSED", 
   "ANDD", 
   "ANDD", 
   "ANDD", 
   "ANDD", 
   "ORR", 
   "ANDD", 
   "ANDD", 
   "ORR", 
   "NOTUSED", 
   "ANDD", 
   "NOTUSED"
  ], 
  "14": [
   "ANDD", 
   "ANDD", 
   "ANDD", 
   "ANDD", 
   "ANDD", 
   "NOTUSED", 
   "ANDD", 
   "ORR", 
   "NOTUSED", 
   "ORR", 
   "ANDD", 
   "ORR", 
   "NOTUSED", 
   "ORR", 
   "ORR"
  ], 
  "1": [
   "ORR", 
   "ORR", 
   "NOTUSED", 
   "NOTUSED", 
   "ANDD", 
   "ORR", 
   "ANDD", 
   "NOTUSED", 
   "ANDD", 
   "ANDD", 
   "NOTUSED", 
   "ANDD", 
   "NOTUSED", 
   "NOTUSED", 
   "ANDD"
  ], 
  "0": [
   "NOTUSED", 
   "ORR", 
   "ORR", 
   "NOTUSED", 
   "ANDD", 
   "ANDD", 
   "NOTUSED", 
   "ANDD", 
   "ANDD", 
   "ORR", 
   "NOTUSED", 
   "ANDD", 
   "NOTUSED", 
   "ORR", 
   "ANDD"
  ], 
  "3": [
   "NOTUSED", 
   "NOTUSED", 
   "ORR", 
   "ORR", 
   "NOTUSED", 
   "ANDD", 
   "ANDD", 
   "NOTUSED", 
   "ORR", 
   "ORR", 
   "ORR", 
   "ORR", 
   "NOTUSED", 
   "ANDD", 
   "ANDD"
  ], 
  "2": [
   "ORR", 
   "NOTUSED", 
   "ANDD", 
   "ORR", 
   "NOTUSED", 
   "ANDD", 
   "ANDD", 
   "ORR", 
   "NOTUSED", 
   "NOTUSED", 
   "NOTUSED", 
   "ANDD", 
   "ANDD", 
   "NOTUSED", 
   "ANDD"
  ], 
  "5": [
   "ANDD", 
   "ORR", 
   "ANDD", 
   "ANDD", 
   "NOTUSED", 
   "ANDD", 
   "NOTUSED", 
   "ANDD", 
   "ORR", 
   "NOTUSED", 
   "ANDD", 
   "NOTUSED", 
   "ANDD", 
   "ORR", 
   "NOTUSED"
  ], 
  "4": [
   "ANDD", 
   "ANDD", 
   "NOTUSED", 
   "NOTUSED", 
   "ANDD", 
   "NOTUSED", 
   "ANDD", 
   "NOTUSED", 
   "ORR", 
   "ORR", 
   "ANDD", 
   "ORR", 
   "ANDD", 
   "ANDD", 
   "ANDD"
  ], 
  "7": [
   "ANDD", 
   "NOTUSED", 
   "ORR", 
   "NOTUSED", 
   "NOTUSED", 
   "ANDD", 
   "NOTUSED", 
   "ANDD", 
   "ORR", 
   "ORR", 
   "ANDD", 
   "ANDD", 
   "ANDD", 
   "NOTUSED", 
   "ORR"
  ], 
  "6": [
   "NOTUSED", 
   "ANDD", 
   "ANDD", 
   "ANDD", 
   "ANDD", 
   "NOTUSED", 
   "NOTUSED", 
   "NOTUSED", 
   "ANDD", 
   "ORR", 
   "NOTUSED", 
   "ANDD", 
   "ANDD", 
   "ANDD", 
   "ANDD"
  ], 
  "9": [
   "ORR", 
   "ANDD", 
   "NOTUSED", 
   "ORR", 
   "ORR", 
   "NOTUSED", 
   "ORR", 
   "ORR", 
   "ORR", 
   "ORR", 
   "ANDD", 
   "NOTUSED", 
   "ANDD", 
   "NOTUSED", 
   "ORR"
  ], 
  "8": [
   "ANDD", 
   "ANDD", 
   "NOTUSED", 
   "ORR", 
   "ORR", 
   "ORR", 
   "ANDD", 
   "ORR", 
   "ORR", 
   "ORR", 
   "ANDD", 
   "NOTUSED", 
   "ORR", 
   "ORR", 
   "NOTUSED"
  ]
 }
}