{
 "random_seed": 1977847584, 
 "PARAMETERS": {
  "RADIUS1": 112593.535, 
  "QUADS": 1, 
  "RADIUS2": 833650.627, 
  "DIST": 884106.279, 
  "F_PTS": 5, 
  "K_PTS": 24, 
  "EPSILON": 0.284, 
  "LENGTH1": 775467.024, 
  "G_PTS": 46, 
  "Q_PTS": 65, 
  "N_PTS": 25, 
  "C_PTS": 5, 
  "AREA2": 408292.437, 
  "LENGTH2": 157669.049, 
  "B_PTS": 13, 
  "D_PTS": 26, 
  "AREA1": 576329.466, 
  "A_PTS": 8, 
  "E_PTS": 37
 }, 
 "NUMPOINTS": 81, 
 "points": [
  [
   888765.991, 
   -11376.63
  ], 
  [
   949377.977, 
   444335.456
  ], 
  [
   836442.391, 
   -880654.089
  ], 
  [
   -104289.145, 
   57237.412
  ], 
  [
   -909911.451, 
   861686.329
  ], 
  [
   914736.829, 
   671459.517
  ], 
  [
   -842753.356, 
   -399576.614
  ], 
  [
   -747724.119, 
   -461622.671
  ], 
  [
   -761737.429, 
   -300978.03
  ], 
  [
   -848634.029, 
   739761.968
  ], 
  [
   584498.454, 
   760554.632
  ], 
  [
   415773.132, 
   705874.149
  ], 
  [
   -994437.924, 
   377477.255
  ], 
  [
   431642.295, 
   94323.18
  ], 
  [
   -836391.655, 
   -965894.226
  ], 
  [
   714719.548, 
   -254042.551
  ], 
  [
   -904505.998, 
   549167.583
  ], 
  [
   597389.839, 
   516662.799
  ], 
  [
   -966347.095, 
   911782.36
  ], 
  [
   -718807.431, 
   528721.019
  ], 
  [
   -180153.935, 
   -919262.356
  ], 
  [
   845273.48, 
   63654.802
  ], 
  [
   741445.975, 
   -135131.628
  ], 
  [
   -523217.351, 
   706141.655
  ], 
  [
   528972.295, 
   322495.219
  ], 
  [
   421793.78, 
   226559.01
  ], 
  [
   18773.862, 
   -434576.433
  ], 
  [
   -828741.71, 
   -963306.083
  ], 
  [
   -109903.777, 
   -480507.039
  ], 
  [
   -830172.262, 
   -613662.732
  ], 
  [
   -166372.589, 
   -72634.222
  ], 
  [
   -527156.803, 
   -613430.826
  ], 
  [
   -637802.829, 
   -209462.725
  ], 
  [
   325380.391, 
   738378.436
  ], 
  [
   842187.635, 
   860555.602
  ], 
  [
   -87761.201, 
   674553.538
  ], 
  [
   -884414.181, 
   -38997.654
  ], 
  [
   689689.24, 
   710333.154
  ], 
  [
   958838.718, 
   421392.526
  ], 
  [
   228713.796, 
   975039.18
  ], 
  [
   -736958.741, 
   -420137.933
  ], 
  [
   852845.652, 
   -467600.643
  ], 
  [
   -792289.484, 
   513169.922
  ], 
  [
   -892782.102, 
   627798.216
  ], 
  [
   175376.765, 
   855148.037
  ], 
  [
   -504733.28, 
   -575773.287
  ], 
  [
   855627.092, 
   306485.174
  ], 
  [
   -420435.91, 
   413956.714
  ], 
  [
   -868613.756, 
   -674738.135
  ], 
  [
   928214.277, 
   641131.704
  ], 
  [
   997402.423, 
   520095.42
  ], 
  [
   270489.349, 
   948013.034
  ], 
  [
   -687824.062, 
   82576.679
  ], 
  [
   109399.091, 
   -900008.276
  ], 
  [
   704417.368, 
   -695285.205
  ], 
  [
   -935207.94, 
   -966145.985
  ], 
  [
   199183.815, 
   -8815.659
  ], 
  [
   -787197.227, 
   103925.726
  ], 
  [
   484663.494, 
   172183.497
  ], 
  [
   65923.499, 
   583020.23
  ], 
  [
   138057.559, 
   -102070.574
  ], 
  [
   -21057.072, 
   491401.621
  ], 
  [
   -252884.001, 
   281421.571
  ], 
  [
   -605622.912, 
   347097.13
  ], 
  [
   -908968.643, 
   -365199.018
  ], 
  [
   11801.819, 
   -739797.206
  ], 
  [
   195816.918, 
   -991866.965
  ], 
  [
   957868.542, 
   -332552.83
  ], 
  [
   598603.581, 
   -558901.278
  ], 
  [
   563034.804, 
   744391.111
  ], 
  [
   914262.796, 
   787153.795
  ], 
  [
   713.441, 
   -302702.638
  ], 
  [
   -167467.659, 
   950883.273
  ], 
  [
   858064.722, 
   -897912.293
  ], 
  [
   27503.521, 
   163865.766
  ], 
  [
   947261.222, 
   748984.461
  ], 
  [
   -290584.42, 
   649126.234
  ], 
  [
   -597738.906, 
   404278.102
  ], 
  [
   -35006.97, 
   725278.817
  ], 
  [
   703108.828, 
   477369.198
  ], 
  [
   -31701.241, 
   -250990.656
  ]
 ], 
 "PUV": [
  true, 
  false, 
  true, 
  false, 
  false, 
  false, 
  true, 
  false, 
  false, 
  false, 
  true, 
  true, 
  true, 
  false, 
  false
 ], 
 "LCM": {
  "11": [
   "ORR", 
   "ANDD", 
   "NOTUSED", 
   "ORR", 
   "NOTUSED", 
   "NOTUSED", 
   "ANDD", 
   "ANDD", 
   "ANDD", 
   "ANDD", 
   "ANDD", 
   "NOTUSED", 
   "NOTUSED", 
   "ANDD", 
   "ANDD"
  ], 
  "10": [
   "ORR", 
   "ANDD", 
   "ORR", 
   "ANDD", 
   "ANDD", 
   "ORR", 
   "ORR", 
   "ORR", 
   "ANDD", 
   "ORR", 
   "NOTUSED", 
   "ANDD", 
   "ANDD", 
   "ANDD", 
   "ANDD"
  ], 
  "13": [
   "ANDD", 
   "ANDD", 
   "ORR", 
   "ANDD", 
   "ORR", 
   "NOTUSED", 
   "ANDD", 
   "ORR", 
   "NOTUSED", 
   "ANDD", 
   "ANDD", 
   "ANDD", 
   "ANDD", 
   "ANDD", 
   "ANDD"
  ], 
  "12": [
   "ANDD", 
   "ANDD", 
   "NOTUSED", 
   "ANDD", 
   "ORR", 
   "ANDD", 
   "NOTUSED", 
   "NOTUSED", 
   "ORR", 
   "ORR", 
   "ANDD", 
   "NOTUSED", 
   "ANDD", 
   "ANDD", 
   "NOTUSED"
  ], 
  "14": [
   "ANDD", 
   "ANDD", 
   "NOTUSED", 
   "ANDD", 
   "NOTUSED", 
   "ORR", 
   "NOTUSED", 
   "ANDD", 
   "ANDD", 
   "NOTUSED", 
   "ANDD", 
   "ANDD", 
   "NOTUSED", 
   "ANDD", 
   "ORR"
  ], 
  "1": [
   "NOTUSED", 
   "ORR", 
   "ANDD", 
   "ANDD", 
   "ORR", 
   "NOTUSED", 
   "ORR", 
   "ANDD", 
   "NOTUSED", 
   "NOTUSED", 
   "ANDD", 
   "ANDD", 
   "ANDD", 
   "ANDD", 
   "ANDD"
  ], 
  "0": [
   "NOTUSED", 
   "NOTUSED", 
   "ORR", 
   "ANDD", 
   "NOTUSED", 
   "ORR", 
   "ANDD", 
   "ANDD", 
   "NOTUSED", 
   "ANDD", 
   "ORR", 
   "ORR", 
   "ANDD", 
   "ANDD", 
   "ANDD"
  ], 
  "3": [
   "ANDD", 
   "ANDD", 
   "NOTUSED", 
   "ORR", 
   "NOTUSED", 
   "ORR", 
   "ANDD", 
   "NOTUSED", 
   "ANDD", 
   "ORR", 
   "ANDD", 
   "ORR", 
   "ANDD", 
   "ANDD", 
   "ANDD"
  ], 
  "2": [
   "ORR", 
   "ANDD", 
   "ANDD", 
   "NOTUSED", 
   "ANDD", 
   "ORR", 
   "ANDD", 
   "NOTUSED", 
   "ANDD", 
   "ANDD", 
   "ORR", 
   "NOTUSED", 
   "NOTUSED", 
   "ORR", 
   "NOTUSED"
  ], 
  "5": [
   "ORR", 
   "NOTUSED", 
   "ORR", 
   "ORR", 
   "ORR", 
   "ANDD", 
   "NOTUSED", 
   "ORR", 
   "NOTUSED", 
   "ANDD", 
   "ORR", 
   "NOTUSED", 
   "ANDD", 
   "NOTUSED", 
   "ORR"
  ], 
  "4": [
   "NOTUSED", 
   "ORR", 
   "ANDD", 
   "NOTUSED", 
   "ANDD", 
   "ORR", 
   "ORR", 
   "ORR", 
   "ORR", 
   "ANDD", 
   "ANDD", 
   "NOTUSED", 
   "ORR", 
   "ORR", 
   "NOTUSED"
  ], 
  "7": [
   "ANDD", 
   "ANDD", 
   "NOTUSED", 
   "NOTUSED", 
   "ORR", 
   "ORR", 
   "ANDD", 
   "ORR", 
   "ORR", 
   "NOTUSED", 
   "ORR", 
   "ANDD", 
   "NOTUSED", 
   "ORR", 
   "ANDD"
  ], 
  "6": [
   "ANDD", 
   "ORR", 
   "ANDD", 
   "ANDD", 
   "ORR", 
   "NOTUSED", 
   "NOTUSED", 
   "ANDD", 
   "ANDD", 
   "NOTUSED", 
   "ORR", 
   "ANDD", 
   "NOTUSED", 
   "ANDD", 
   "NOTUSED"
  ], 
  "9": [
   "ANDD", 
   "NOTUSED", 
   "ANDD", 
   "ORR", 
   "ANDD", 
   "ANDD", 
   "NOTUSED", 
   "NOTUSED", 
   "ANDD", 
   "ORR", 
   "ORR", 
   "ANDD", 
   "ORR", 
   "ANDD", 
   "NOTUSED"
  ], 
  "8": [
   "NOTUSED", 
   "NOTUSED", 
   "ANDD", 
   "ANDD", 
   "ORR", 
   "NOTUSED", 
   "ANDD", 
   "ORR", 
   "ORR", 
   "ANDD", 
   "ANDD", 
   "ANDD", 
   "ORR", 
   "NOTUSED", 
   "ANDD"
  ]
 }
}