{
 "random_seed": 513248344, 
 "PARAMETERS": {
  "RADIUS1": 27194.338, 
  "QUADS": 3, 
  "RADIUS2": 587385.49, 
  "DIST": 244332.411, 
  "F_PTS": 25, 
  "K_PTS": 37, 
  "EPSILON": 2.01, 
  "LENGTH1": 718828.379, 
  "G_PTS": 65, 
  "Q_PTS": 6, 
  "N_PTS": 97, 
  "C_PTS": 4, 
  "AREA2": 771296.281, 
  "LENGTH2": 763040.631, 
  "B_PTS": 14, 
  "D_PTS": 67, 
  "AREA1": 134997.607, 
  "A_PTS": 5, 
  "E_PTS": 38
 }, 
 "NUMPOINTS": 99, 
 "points": [
  [
   -283206.77, 
   274912.771
  ], 
  [
   -382763.381, 
   315088.635
  ], 
  [
   888236.403, 
   410363.874
  ], 
  [
   506686.429, 
   -823767.913
  ], 
  [
   -290160.02, 
   -640822.218
  ], 
  [
   283812.14, 
   622588.561
  ], 
  [
   -403951.254, 
   -696058.228
  ], 
  [
   373516.001, 
   588157.054
  ], 
  [
   337884.237, 
   -391749.786
  ], 
  [
   863517.415, 
   -517366.653
  ], 
  [
   760548.811, 
   535586.244
  ], 
  [
   361639.806, 
   970635.384
  ], 
  [
   -729875.93, 
   -216124.309
  ], 
  [
   11286.163, 
   -799012.646
  ], 
  [
   70582.7, 
   298067.16
  ], 
  [
   246663.623, 
   -141480.208
  ], 
  [
   133459.036, 
   -89095.155
  ], 
  [
   -313648.995, 
   197915.116
  ], 
  [
   -449072.547, 
   580619.51
  ], 
  [
   -746802.72, 
   -969437.42
  ], 
  [
   -634030.712, 
   41259.395
  ], 
  [
   -4360.983, 
   763987.234
  ], 
  [
   -208438.886, 
   -753841.13
  ], 
  [
   73293.136, 
   440437.011
  ], 
  [
   -385685.934, 
   -601767.721
  ], 
  [
   964814.372, 
   -657017.315
  ], 
  [
   610318.999, 
   488565.267
  ], 
  [
   959611.874, 
   -837295.243
  ], 
  [
   591006.178, 
   -778651.393
  ], 
  [
   702553.873, 
   -924303.269
  ], 
  [
   187678.045, 
   239943.593
  ], 
  [
   901831.629, 
   -231884.99
  ], 
  [
   466888.982, 
   642267.465
  ], 
  [
   -663232.81, 
   -80374.793
  ], 
  [
   180368.881, 
   -822753.7
  ], 
  [
   394024.251, 
   -614828.195
  ], 
  [
   162811.536, 
   512894.286
  ], 
  [
   248577.978, 
   229472.672
  ], 
  [
   -252998.965, 
   -645977.836
  ], 
  [
   -190717.926, 
   244809.318
  ], 
  [
   -447786.75, 
   -724668.151
  ], 
  [
   -53007.795, 
   -636400.867
  ], 
  [
   108724.226, 
   -259032.672
  ], 
  [
   669199.093, 
   -172397.51
  ], 
  [
   955413.334, 
   -537157.306
  ], 
  [
   772367.831, 
   867313.228
  ], 
  [
   592271.407, 
   6512.265
  ], 
  [
   -380639.078, 
   389881.554
  ], 
  [
   113363.558, 
   -555783.884
  ], 
  [
   -776209.758, 
   -30785.255
  ], 
  [
   423813.433, 
   -294417.485
  ], 
  [
   934497.07, 
   348989.531
  ], 
  [
   253558.017, 
   149405.594
  ], 
  [
   314550.807, 
   286123.183
  ], 
  [
   144077.724, 
   376296.018
  ], 
  [
   200034.664, 
   -380439.279
  ], 
  [
   -9751.855, 
   -118769.002
  ], 
  [
   909912.887, 
   -627350.136
  ], 
  [
   257460.561, 
   616808.736
  ], 
  [
   -39566.524, 
   706799.379
  ], 
  [
   -673079.155, 
   93566.355
  ], 
  [
   856013.33, 
   -479370.749
  ], 
  [
   -884360.963, 
   -175632.792
  ], 
  [
   299279.617, 
   -52579.054
  ], 
  [
   459998.115, 
   -968893.042
  ], 
  [
   46613.522, 
   350449.448
  ], 
  [
   290104.987, 
   -506051.098
  ], 
  [
   852702.734, 
   -321793.499
  ], 
  [
   -370277.459, 
   -232886.257
  ], 
  [
   -370709.947, 
   28163.551
  ], 
  [
   782039.021, 
   -479393.309
  ], 
  [
   281551.956, 
   -893830.789
  ], 
  [
   76196.562, 
   -775776.079
  ], 
  [
   -342249.071, 
   491378.048
  ], 
  [
   87033.479, 
   -897758.885
  ], 
  [
   41462.375, 
   338939.605
  ], 
  [
   291807.945, 
   927882.775
  ], 
  [
   754875.155, 
   -716818.718
  ], 
  [
   -527224.602, 
   -299283.876
  ], 
  [
   -550502.534, 
   153595.713
  ], 
  [
   -934581.564, 
   -174001.48
  ], 
  [
   784778.128, 
   849858.288
  ], 
  [
   466134.633, 
   -684161.068
  ], 
  [
   553792.315, 
   -905573.981
  ], 
  [
   -402977.348, 
   92283.952
  ], 
  [
   -740902.309, 
   -561282.623
  ], 
  [
   517583.503, 
   359627.947
  ], 
  [
   -104457.316, 
   -883839.911
  ], 
  [
   -323134.771, 
   225033.416
  ], 
  [
   453315.841, 
   -286938.651
  ], 
  [
   489127.458, 
   -423863.676
  ], 
  [
   -17565.498, 
   451814.122
  ], 
  [
   -841042.99, 
   605962.144
  ], 
  [
   -251836.15, 
   424984.672
  ], 
  [
   90335.43, 
   -451805.413
  ], 
  [
   -257178.202, 
   750705.007
  ], 
  [
   -60685.524, 
   477343.335
  ], 
  [
   -707705.785, 
   -378737.473
  ], 
  [
   -843414.186, 
   -756185.279
  ]
 ], 
 "PUV": [
  false, 
  true, 
  true, 
  true, 
  true, 
  true, 
  true, 
  false, 
  true, 
  false, 
  false, 
  false, 
  false, 
  true, 
  false
 ], 
 "LCM": {
  "11": [
   "ANDD", 
   "ANDD", 
   "ORR", 
   "ORR", 
   "NOTUSED", 
   "ANDD", 
   "NOTUSED", 
   "ANDD", 
   "ANDD", 
   "ANDD", 
   "ANDD", 
   "ANDD", 
   "ORR", 
   "ANDD", 
   "NOTUSED"
  ], 
  "10": [
   "ORR", 
   "NOTUSED", 
   "ANDD", 
   "ANDD", 
   "ORR", 
   "NOTUSED", 
   "NOTUSED", 
   "NOTUSED", 
   "ORR", 
   "ANDD", 
   "ANDD", 
   "ANDD", 
   "ANDD", 
   "NOTUSED", 
   "ANDD"
  ], 
  "13": [
   "ORR", 
   "NOTUSED", 
   "NOTUSED", 
   "ANDD", 
   "NOTUSED", 
   "NOTUSED", 
   "ORR", 
   "ORR", 
   "NOTUSED", 
   "ORR", 
   "NOTUSED", 
   "ANDD", 
   "NOTUSED", 
   "NOTUSED", 
   "NOTUSED"
  ], 
  "12": [
   "ANDD", 
   "ANDD", 
   "NOTUSED", 
   "ORR", 
   "ORR", 
   "NOTUSED", 
   "ORR", 
   "NOTUSED", 
   "NOTUSED", 
   "NOTUSED", 
   "ANDD", 
   "ORR", 
   "ORR", 
   "NOTUSED", 
   "ORR"
  ], 
  "14": [
   "ORR", 
   "ANDD", 
   "ORR", 
   "NOTUSED", 
   "NOTUSED", 
   "NOTUSED", 
   "NOTUSED", 
   "NOTUSED", 
   "ANDD", 
   "ANDD", 
   "ANDD", 
   "NOTUSED", 
   "ORR", 
   "NOTUSED", 
   "ANDD"
  ], 
  "1": [
   "NOTUSED", 
   "ORR", 
   "ORR", 
   "ORR", 
   "ANDD", 
   "ANDD", 
   "ANDD", 
   "ANDD", 
   "ANDD", 
   "ORR", 
   "NOTUSED", 
   "ANDD", 
   "ANDD", 
   "NOTUSED", 
   "ANDD"
  ], 
  "0": [
   "NOTUSED", 
   "NOTUSED", 
   "ANDD", 
   "ANDD", 
   "ANDD", 
   "NOTUSED", 
   "NOTUSED", 
   "ANDD", 
   "ANDD", 
   "ORR", 
   "ORR", 
   "ANDD", 
   "ANDD", 
   "ORR", 
   "ORR"
  ], 
  "3": [
   "ANDD", 
   "ORR", 
   "ANDD", 
   "ORR", 
   "ANDD", 
   "ANDD", 
   "ORR", 
   "ANDD", 
   "NOTUSED", 
   "ANDD", 
   "ANDD", 
   "ORR", 
   "ORR", 
   "ANDD", 
   "NOTUSED"
  ], 
  "2": [
   "ANDD", 
   "ORR", 
   "NOTUSED", 
   "ANDD", 
   "ORR", 
   "NOTUSED", 
   "NOTUSED", 
   "ORR", 
   "NOTUSED", 
   "NOTUSED", 
   "ANDD", 
   "ORR", 
   "NOTUSED", 
   "NOTUSED", 
   "ORR"
  ], 
  "5": [
   "NOTUSED", 
   "ANDD", 
   "NOTUSED", 
   "ANDD", 
   "ANDD", 
   "ORR", 
   "NOTUSED", 
   "ANDD", 
   "NOTUSED", 
   "ORR", 
   "NOTUSED", 
   "ANDD", 
   "NOTUSED", 
   "NOTUSED", 
   "NOTUSED"
  ], 
  "4": [
   "ANDD", 
   "ANDD", 
   "ORR", 
   "ANDD", 
   "NOTUSED", 
   "ANDD", 
   "ORR", 
   "ORR", 
   "ORR", 
   "ANDD", 
   "ORR", 
   "NOTUSED", 
   "ORR", 
   "NOTUSED", 
   "NOTUSED"
  ], 
  "7": [
   "ANDD", 
   "ANDD", 
   "ORR", 
   "ANDD", 
   "ORR", 
   "ANDD", 
   "NOTUSED", 
   "NOTUSED", 
   "NOTUSED", 
   "ORR", 
   "NOTUSED", 
   "ANDD", 
   "NOTUSED", 
   "ORR", 
   "NOTUSED"
  ], 
  "6": [
   "NOTUSED", 
   "ANDD", 
   "NOTUSED", 
   "ORR", 
   "ORR", 
   "NOTUSED", 
   "ANDD", 
   "NOTUSED", 
   "NOTUSED", 
   "ORR", 
   "NOTUSED", 
   "NOTUSED", 
   "ORR", 
   "ORR", 
   "NOTUSED"
  ], 
  "9": [
   "ORR", 
   "ORR", 
   "NOTUSED", 
   "ANDD", 
   "ANDD", 
   "ORR", 
   "ORR", 
   "ORR", 
   "ORR", 
   "ANDD", 
   "ANDD", 
   "ANDD", 
   "NOTUSED", 
   "ORR", 
   "ANDD"
  ], 
  "8": [
   "ANDD", 
   "ANDD", 
   "NOTUSED", 
   "NOTUSED", 
   "ORR", 
   "NOTUSED", 
   "NOTUSED", 
   "NOTUSED", 
   "ORR", 
   "ORR", 
   "ORR", 
   "ANDD", 
   "NOTUSED", 
   "NOTUSED", 
   "ANDD"
  ]
 }
}