{
 "random_seed": 3410540850, 
 "PARAMETERS": {
  "RADIUS1": 494818.939, 
  "QUADS": 1, 
  "RADIUS2": 489881.406, 
  "DIST": 826669.866, 
  "F_PTS": 36, 
  "K_PTS": 37, 
  "EPSILON": 2.665, 
  "LENGTH1": 675556.486, 
  "G_PTS": 29, 
  "Q_PTS": 59, 
  "N_PTS": 3, 
  "C_PTS": 44, 
  "AREA2": 121022.592, 
  "LENGTH2": 231191.979, 
  "B_PTS": 9, 
  "D_PTS": 10, 
  "AREA1": 226182.39, 
  "A_PTS": 4, 
  "E_PTS": 9
 }, 
 "NUMPOINTS": 61, 
 "points": [
  [
   797677.927, 
   848933.248
  ], 
  [
   905617.786, 
   662602.386
  ], 
  [
   540652.334, 
   329897.257
  ], 
  [
   926482.667, 
   23357.456
  ], 
  [
   828730.37, 
   594698.946
  ], 
  [
   -277551.344, 
   -936685.276
  ], 
  [
   198117.094, 
   209892.773
  ], 
  [
   -846367.399, 
   -86526.535
  ], 
  [
   653037.885, 
   -157377.129
  ], 
  [
   338415.728, 
   284819.768
  ], 
  [
   -990323.384, 
   -888716.119
  ], 
  [
   874083.017, 
   651630.403
  ], 
  [
   -105402.82, 
   248924.199
  ], 
  [
   108138.671, 
   -633789.671
  ], 
  [
   496506.341, 
   -285548.846
  ], 
  [
   71130.783, 
   296635.381
  ], 
  [
   -527324.647, 
   -373114.798
  ], 
  [
   -52604.337, 
   138286.597
  ], 
  [
   515140.302, 
   -487390.218
  ], 
  [
   69011.755, 
   871819.571
  ], 
  [
   -655951.974, 
   -697506.908
  ], 
  [
   931726.414, 
   212483.355
  ], 
  [
   -958342.636, 
   897520.96
  ], 
  [
   -709826.672, 
   -356856.71
  ], 
  [
   -294467.549, 
   385311.026
  ], 
  [
   -958797.446, 
   102530.073
  ], 
  [
   853050.94, 
   -844975.32
  ], 
  [
   -912607.024, 
   -190096.416
  ], 
  [
   463457.829, 
   -414435.755
  ], 
  [
   272110.786, 
   -603644.109
  ], 
  [
   -948886.227, 
   971361.627
  ], 
  [
   421037.115, 
   676984.01
  ], 
  [
   -802745.87, 
   845502.191
  ], 
  [
   -887268.432, 
   414398.868
  ], 
  [
   645225.961, 
   364625.065
  ], 
  [
   396252.797, 
   -135083.456
  ], 
  [
   -246795.313, 
   -25430.949
  ], 
  [
   190816.485, 
   484289.922
  ], 
  [
   -126355.536, 
   958116.736
  ], 
  [
   -26060.716, 
   -619916.747
  ], 
  [
   146941.859, 
   -404686.779
  ], 
  [
   -827343.057, 
   342484.872
  ], 
  [
   -877459.115, 
   -133680.82
  ], 
  [
   445444.382, 
   930565.024
  ], 
  [
   -941485.159, 
   -98503.859
  ], 
  [
   931328.488, 
   252061.031
  ], 
  [
   -180274.628, 
   -894932.13
  ], 
  [
   -465885.924, 
   865446.159
  ], 
  [
   758994.604, 
   195893.349
  ], 
  [
   453931.92, 
   -922251.831
  ], 
  [
   -640386.601, 
   950544.87
  ], 
  [
   559013.041, 
   -331237.401
  ], 
  [
   -294941.865, 
   915748.173
  ], 
  [
   418937.553, 
   -303795.489
  ], 
  [
   485856.662, 
   170922.513
  ], 
  [
   -546606.101, 
   871500.623
  ], 
  [
   -612068.821, 
   -518527.87
  ], 
  [
   -262443.74, 
   448102.174
  ], 
  [
   -173911.166, 
   -526271.303
  ], 
  [
   -256484.975, 
   837589.338
  ], 
  [
   -194130.77, 
   781084.735
  ]
 ], 
 "PUV": [
  true, 
  false, 
  true, 
  false, 
  true, 
  true, 
  false, 
  false, 
  false, 
  true, 
  true, 
  true, 
  false, 
  false, 
  true
 ], 
 "LCM": {
  "11": [
   "ANDD", 
   "ORR", 
   "ANDD", 
   "NOTUSED", 
   "ORR", 
   "ANDD", 
   "ANDD", 
   "ORR", 
   "ORR", 
   "NOTUSED", 
   "ANDD", 
   "NOTUSED", 
   "ANDD", 
   "ORR", 
   "NOTUSED"
  ], 
  "10": [
   "ANDD", 
   "ANDD", 
   "ORR", 
   "NOTUSED", 
   "NOTUSED", 
   "ANDD", 
   "ANDD", 
   "NOTUSED", 
   "ORR", 
   "ANDD", 
   "ANDD", 
   "ANDD", 
   "ORR", 
   "ANDD", 
   "NOTUSED"
  ], 
  "13": [
   "ORR", 
   "NOTUSED", 
   "ANDD", 
   "ORR", 
   "NOTUSED", 
   "ANDD", 
   "NOTUSED", 
   "ANDD", 
   "ANDD", 
   "ANDD", 
   "ANDD", 
   "ORR", 
   "NOTUSED", 
   "ANDD", 
   "NOTUSED"
  ], 
  "12": [
   "ANDD", 
   "NOTUSED", 
   "NOTUSED", 
   "NOTUSED", 
   "NOTUSED", 
   "NOTUSED", 
   "ORR", 
   "ANDD", 
   "NOTUSED", 
   "ORR", 
   "ORR", 
   "ANDD", 
   "NOTUSED", 
   "NOTUSED", 
   "ANDD"
  ], 
  "14": [
   "NOTUSED", 
   "NOTUSED", 
   "ORR", 
   "ORR", 
   "NOTUSED", 
   "ANDD", 
   "NOTUSED", 
   "NOTUSED", 
   "NOTUSED", 
   "ANDD", 
   "NOTUSED", 
   "NOTUSED", 
   "ANDD", 
   "NOTUSED", 
   "ORR"
  ], 
  "1": [
   "ANDD", 
   "ANDD", 
   "NOTUSED", 
   "NOTUSED", 
   "ANDD", 
   "ORR", 
   "ANDD", 
   "ANDD", 
   "NOTUSED", 
   "NOTUSED", 
   "ANDD", 
   "ORR", 
   "NOTUSED", 
   "NOTUSED", 
   "NOTUSED"
  ], 
  "0": [
   "NOTUSED", 
   "ANDD", 
   "ANDD", 
   "ORR", 
   "ORR", 
   "NOTUSED", 
   "ANDD", 
   "NOTUSED", 
   "ORR", 
   "ANDD", 
   "ANDD", 
   "ANDD", 
   "ANDD", 
   "ORR", 
   "NOTUSED"
  ], 
  "3": [
   "ORR", 
   "NOTUSED", 
   "NOTUSED", 
   "ORR", 
   "ORR", 
   "NOTUSED", 
   "ORR", 
   "NOTUSED", 
   "NOTUSED", 
   "ORR", 
   "NOTUSED", 
   "NOTUSED", 
   "NOTUSED", 
   "ORR", 
   "ORR"
  ], 
  "2": [
   "ANDD", 
   "NOTUSED", 
   "ANDD", 
   "NOTUSED", 
   "NOTUSED", 
   "NOTUSED", 
   "NOTUSED", 
   "ANDD", 
   "ORR", 
   "ANDD", 
   "ORR", 
   "ANDD", 
   "NOTUSED", 
   "ANDD", 
   "ORR"
  ], 
  "5": [
   "NOTUSED", 
   "ORR", 
   "NOTUSED", 
   "NOTUSED", 
   "ANDD", 
   "ANDD", 
   "ANDD", 
   "ANDD", 
   "NOTUSED", 
   "NOTUSED", 
   "ANDD", 
   "ANDD", 
   "NOTUSED", 
   "ANDD", 
   "ANDD"
  ], 
  "4": [
   "ORR", 
   "ANDD", 
   "NOTUSED", 
   "ORR", 
   "ANDD", 
   "ANDD", 
   "ANDD", 
   "ORR", 
   "ORR", 
   "NOTUSED", 
   "NOTUSED", 
   "ORR", 
   "NOTUSED", 
   "NOTUSED", 
   "NOTUSED"
  ], 
  "7": [
   "NOTUSED", 
   "ANDD", 
   "ANDD", 
   "NOTUSED", 
   "ORR", 
   "ANDD", 
   "ANDD", 
   "NOTUSED", 
   "ORR", 
   "ANDD", 
   "NOTUSED", 
   "ORR", 
   "ANDD", 
   "ANDD", 
   "NOTUSED"
  ], 
  "6": [
   "ANDD", 
   "ANDD", 
   "NOTUSED", 
   "ORR", 
   "ANDD", 
   "ANDD", 
   "ANDD", 
   "ANDD", 
   "ORR", 
   "ANDD", 
   "ANDD", 
   "ANDD", 
   "ORR", 
   "NOTUSED", 
   "NOTUSED"
  ], 
  "9": [
   "ANDD", 
   "NOTUSED", 
   "ANDD", 
   "ORR", 
   "NOTUSED", 
   "NOTUSED", 
   "ANDD", 
   "ANDD", 
   "NOTUSED", 
   "ORR", 
   "ANDD", 
   "NOTUSED", 
   "ORR", 
   "ANDD", 
   "ANDD"
  ], 
  "8": [
   "ORR", 
   "NOTUSED", 
   "ORR", 
   "NOTUSED", 
   "ORR", 
   "NOTUSED", 
   "ORR", 
   "ORR", 
   "ANDD", 
   "NOTUSED", 
   "ORR", 
   "ORR", 
   "NOTUSED", 
   "ANDD", 
   "NOTUSED"
  ]
 }
}