{
 "random_seed": 1236019352, 
 "PARAMETERS": {
  "RADIUS1": 123602.593, 
  "QUADS": 3, 
  "RADIUS2": 404195.145, 
  "DIST": 404624.237, 
  "F_PTS": 6, 
  "K_PTS": 13, 
  "EPSILON": 0.753, 
  "LENGTH1": 663897.712, 
  "G_PTS": 7, 
  "Q_PTS": 15, 
  "N_PTS": 12, 
  "C_PTS": 4, 
  "AREA2": 863272.818, 
  "LENGTH2": 207938.962, 
  "B_PTS": 35, 
  "D_PTS": 17, 
  "AREA1": 359062.273, 
  "A_PTS": 1, 
  "E_PTS": 16
 }, 
 "NUMPOINTS": 39, 
 "points": [
  [
   741828.551, 
   -592942.479
  ], 
  [
   -298209.793, 
   789432.702
  ], 
  [
   -820669.609, 
   781079.024
  ], 
  [
   -648622.6, 
   604204.502
  ], 
  [
   572156.23, 
   -7567.209
  ], 
  [
   177954.361, 
   851573.229
  ], 
  [
   196435.24, 
   -792899.946
  ], 
  [
   72383.948, 
   647718.998
  ], 
  [
   -915612.072, 
   874558.522
  ], 
  [
   830623.407, 
   -41548.103
  ], 
  [
   -112827.089, 
   -213117.283
  ], 
  [
   -355989.361, 
   -711362.675
  ], 
  [
   -766511.301, 
   -377368.614
  ], 
  [
   729805.477, 
   98637.386
  ], 
  [
   100682.584, 
   222941.936
  ], 
  [
   919249.217, 
   651195.3
  ], 
  [
   -620941.866, 
   977654.974
  ], 
  [
   851416.5, 
   -84093.751
  ], 
  [
   21326.468, 
   -102031.632
  ], 
  [
   937859.181, 
   597730.053
  ], 
  [
   -125411.118, 
   -295245.91
  ], 
  [
   -9444.207, 
   293632.258
  ], 
  [
   225648.794, 
   349880.353
  ], 
  [
   445767.544, 
   339585.684
  ], 
  [
   -868732.22, 
   965400.57
  ], 
  [
   -303381.474, 
   -199485.057
  ], 
  [
   -854114.644, 
   14745.893
  ], 
  [
   -870375.906, 
   -630634.228
  ], 
  [
   240029.079, 
   -796381.367
  ], 
  [
   442786.781, 
   108979.707
  ], 
  [
   259293.661, 
   616526.536
  ], 
  [
   -859177.016, 
   36590.142
  ], 
  [
   181188.227, 
   416019.86
  ], 
  [
   -482692.903, 
   474415.236
  ], 
  [
   284024.283, 
   -759606.168
  ], 
  [
   -837377.079, 
   -900575.567
  ], 
  [
   -886689.546, 
   -632042.291
  ], 
  [
   662073.631, 
   955310.744
  ], 
  [
   -17075.492, 
   881596.12
  ]
 ], 
 "PUV": [
  false, 
  false, 
  false, 
  true, 
  false, 
  false, 
  false, 
  true, 
  false, 
  false, 
  true, 
  true, 
  false, 
  true, 
  true
 ], 
 "LCM": {
  "11": [
   "ANDD", 
   "ORR", 
   "ORR", 
   "ANDD", 
   "NOTUSED", 
   "ANDD", 
   "NOTUSED", 
   "NOTUSED", 
   "ORR", 
   "ORR", 
   "NOTUSED", 
   "ORR", 
   "NOTUSED", 
   "ANDD", 
   "NOTUSED"
  ], 
  "10": [
   "ORR", 
   "ORR", 
   "ORR", 
   "NOTUSED", 
   "NOTUSED", 
   "ANDD", 
   "NOTUSED", 
   "ORR", 
   "ANDD", 
   "ANDD", 
   "ORR", 
   "NOTUSED", 
   "ORR", 
   "ANDD", 
   "ANDD"
  ], 
  "13": [
   "NOTUSED", 
   "ORR", 
   "ORR", 
   "NOTUSED", 
   "NOTUSED", 
   "ORR", 
   "ORR", 
   "NOTUSED", 
   "NOTUSED", 
   "ORR", 
   "ANDD", 
   "ANDD", 
   "ANDD", 
   "ORR", 
   "ANDD"
  ], 
  "12": [
   "NOTUSED", 
   "ORR", 
   "NOTUSED", 
   "NOTUSED", 
   "ORR", 
   "ORR", 
   "ANDD", 
   "ORR", 
   "NOTUSED", 
   "ORR", 
   "ORR", 
   "NOTUSED", 
   "ANDD", 
   "ANDD", 
   "ORR"
  ], 
  "14": [
   "NOTUSED", 
   "ANDD", 
   "NOTUSED", 
   "ANDD", 
   "ORR", 
   "ANDD", 
   "ORR", 
   "ORR", 
   "ORR", 
   "ANDD", 
   "ANDD", 
   "NOTUSED", 
   "ORR", 
   "ANDD", 
   "ANDD"
  ], 
  "1": [
   "ANDD", 
   "ORR", 
   "ORR", 
   "ANDD", 
   "ORR", 
   "ANDD", 
   "ORR", 
   "NOTUSED", 
   "NOTUSED", 
   "ORR", 
   "ORR", 
   "ORR", 
   "ORR", 
   "ORR", 
   "ANDD"
  ], 
  "0": [
   "ORR", 
   "ANDD", 
   "ANDD", 
   "ORR", 
   "NOTUSED", 
   "ANDD", 
   "ANDD", 
   "ORR", 
   "ANDD", 
   "NOTUSED", 
   "ORR", 
   "ANDD", 
   "NOTUSED", 
   "NOTUSED", 
   "NOTUSED"
  ], 
  "3": [
   "ORR", 
   "ANDD", 
   "ORR", 
   "NOTUSED", 
   "ORR", 
   "ORR", 
   "NOTUSED", 
   "ORR", 
   "ANDD", 
   "ANDD", 
   "NOTUSED", 
   "ANDD", 
   "NOTUSED", 
   "NOTUSED", 
   "ANDD"
  ], 
  "2": [
   "ANDD", 
   "ORR", 
   "ORR", 
   "ORR", 
   "NOTUSED", 
   "ANDD", 
   "ANDD", 
   "NOTUSED", 
   "ANDD", 
   "ORR", 
   "ORR", 
   "ORR", 
   "NOTUSED", 
   "ORR", 
   "NOTUSED"
  ], 
  "5": [
   "ANDD", 
   "ANDD", 
   "ANDD", 
   "ORR", 
   "ANDD", 
   "ORR", 
   "ORR", 
   "NOTUSED", 
   "ORR", 
   "ORR", 
   "ANDD", 
   "ANDD", 
   "ORR", 
   "ORR", 
   "ANDD"
  ], 
  "4": [
   "NOTUSED", 
   "ORR", 
   "NOTUSED", 
   "ORR", 
   "ORR", 
   "ANDD", 
   "NOTUSED", 
   "ORR", 
   "ORR", 
   "ANDD", 
   "NOTUSED", 
   "NOTUSED", 
   "ORR", 
   "NOTUSED", 
   "ORR"
  ], 
  "7": [
   "ORR", 
   "NOTUSED", 
   "NOTUSED", 
   "ORR", 
   "ORR", 
   "NOTUSED", 
   "NOTUSED", 
   "ORR", 
   "NOTUSED", 
   "NOTUSED", 
   "ORR", 
   "NOTUSED", 
   "ORR", 
   "NOTUSED", 
   "ORR"
  ], 
  "6": [
   "ANDD", 
   "ORR", 
   "ANDD", 
   "NOTUSED", 
   "NOTUSED", 
   "ORR", 
   "ORR", 
   "NOTUSED", 
   "ORR", 
   "ORR", 
   "NOTUSED", 
   "NOTUSED", 
   "ANDD", 
   "ORR", 
   "ORR"
  ], 
  "9": [
   "NOTUSED", 
   "ORR", 
   "ORR", 
   "ANDD", 
   "ANDD", 
   "ORR", 
   "ORR", 
   "NOTUSED", 
   "NOTUSED", 
   "ANDD", 
   "ANDD", 
   "ORR", 
   "ORR", 
   "ORR", 
   "ANDD"
  ], 
  "8": [
   "ANDD", 
   "NOTUSED", 
   "ANDD", 
   "ANDD", 
   "ORR", 
   "ORR", 
   "ORR", 
   "NOTUSED", 
   "ORR", 
   "NOTUSED", 
   "ANDD", 
   "ORR", 
   "NOTUSED", 
   "NOTUSED", 
   "ORR"
  ]
 }
}