{
 "random_seed": 2152890434, 
 "PARAMETERS": {
  "RADIUS1": 31296.453, 
  "QUADS": 3, 
  "RADIUS2": 272972.555, 
  "DIST": 700426.765, 
  "F_PTS": 35, 
  "K_PTS": 9, 
  "EPSILON": 2.235, 
  "LENGTH1": 802216.589, 
  "G_PTS": 83, 
  "Q_PTS": 88, 
  "N_PTS": 42, 
  "C_PTS": 20, 
  "AREA2": 886105.865, 
  "LENGTH2": 170197.476, 
  "B_PTS": 21, 
  "D_PTS": 61, 
  "AREA1": 19372.513, 
  "A_PTS": 47, 
  "E_PTS": 43
 }, 
 "NUMPOINTS": 94, 
 "points": [
  [
   -86249.903, 
   -573761.136
  ], 
  [
   -778553.253, 
   -790693.17
  ], 
  [
   -821890.875, 
   104175.165
  ], 
  [
   808502.882, 
   994027.736
  ], 
  [
   -746028.098, 
   897988.5
  ], 
  [
   657643.465, 
   655156.846
  ], 
  [
   246603.589, 
   -555222.739
  ], 
  [
   903227.0, 
   -705771.595
  ], 
  [
   799681.925, 
   -560351.058
  ], 
  [
   -459328.409, 
   931889.836
  ], 
  [
   -917374.227, 
   772497.578
  ], 
  [
   345138.865, 
   -191461.83
  ], 
  [
   -928254.789, 
   864394.432
  ], 
  [
   -371583.511, 
   -99087.416
  ], 
  [
   -545194.242, 
   258280.38
  ], 
  [
   -714461.99, 
   175193.931
  ], 
  [
   696289.926, 
   -372699.408
  ], 
  [
   -127496.234, 
   -298227.796
  ], 
  [
   -903927.668, 
   -929148.19
  ], 
  [
   12424.926, 
   855367.474
  ], 
  [
   747958.311, 
   156051.789
  ], 
  [
   891665.572, 
   246273.899
  ], 
  [
   -262743.822, 
   -798324.161
  ], 
  [
   417163.339, 
   241830.664
  ], 
  [
   362226.132, 
   -976810.993
  ], 
  [
   352800.253, 
   -662350.933
  ], 
  [
   -242779.072, 
   -73032.567
  ], 
  [
   369784.263, 
   833850.456
  ], 
  [
   -405332.332, 
   504887.292
  ], 
  [
   -213273.918, 
   616586.177
  ], 
  [
   -689822.369, 
   -527908.579
  ], 
  [
   611899.783, 
   393265.958
  ], 
  [
   -653024.304, 
   -47178.494
  ], 
  [
   -625180.602, 
   -356750.46
  ], 
  [
   210202.713, 
   -732997.682
  ], 
  [
   -569003.023, 
   260255.464
  ], 
  [
   919867.987, 
   -129867.882
  ], 
  [
   856668.546, 
   652086.262
  ], 
  [
   500415.174, 
   287764.092
  ], 
  [
   -889160.203, 
   303644.42
  ], 
  [
   303983.919, 
   324574.848
  ], 
  [
   711663.153, 
   646700.35
  ], 
  [
   693466.542, 
   -601365.165
  ], 
  [
   841320.868, 
   339111.26
  ], 
  [
   883769.114, 
   102847.078
  ], 
  [
   571251.657, 
   601924.108
  ], 
  [
   107374.691, 
   -587548.662
  ], 
  [
   -993613.36, 
   293271.228
  ], 
  [
   135045.318, 
   -448689.936
  ], 
  [
   689113.717, 
   -402278.236
  ], 
  [
   345423.437, 
   288659.898
  ], 
  [
   -559485.057, 
   132053.848
  ], 
  [
   -796651.512, 
   370985.381
  ], 
  [
   232213.178, 
   -424953.261
  ], 
  [
   277112.545, 
   749911.609
  ], 
  [
   -668105.846, 
   -928014.015
  ], 
  [
   252510.321, 
   -258761.772
  ], 
  [
   975602.876, 
   80037.803
  ], 
  [
   424914.676, 
   -834755.97
  ], 
  [
   150194.707, 
   679752.129
  ], 
  [
   -318256.485, 
   586963.03
  ], 
  [
   -54508.325, 
   839707.613
  ], 
  [
   982389.039, 
   -935020.91
  ], 
  [
   555643.182, 
   -52045.779
  ], 
  [
   538283.877, 
   75073.299
  ], 
  [
   850704.552, 
   -315615.442
  ], 
  [
   -624129.392, 
   472225.907
  ], 
  [
   -51233.645, 
   -60709.141
  ], 
  [
   308723.069, 
   352358.35
  ], 
  [
   460703.595, 
   -229775.2
  ], 
  [
   -914351.521, 
   -926240.347
  ], 
  [
   543144.592, 
   -449364.988
  ], 
  [
   955220.556, 
   -74910.046
  ], 
  [
   -407114.636, 
   -116543.955
  ], 
  [
   788628.339, 
   -258082.936
  ], 
  [
   224192.057, 
   -100145.975
  ], 
  [
   -933775.196, 
   120153.187
  ], 
  [
   -577592.069, 
   783217.334
  ], 
  [
   -762111.882, 
   -82972.304
  ], 
  [
   -652721.144, 
   -457555.753
  ], 
  [
   365340.815, 
   495930.606
  ], 
  [
   -939387.821, 
   -55196.68
  ], 
  [
   -332127.256, 
   503800.339
  ], 
  [
   805738.173, 
   -106186.668
  ], 
  [
   366146.632, 
   690700.53
  ], 
  [
   314362.979, 
   449118.301
  ], 
  [
   -740403.931, 
   492157.18
  ], 
  [
   -979343.593, 
   -81542.867
  ], 
  [
   786395.249, 
   -903124.388
  ], 
  [
   -857347.977, 
   -15838.342
  ], 
  [
   -700505.239, 
   -479090.795
  ], 
  [
   -72864.924, 
   -496655.576
  ], 
  [
   -191918.404, 
   -167738.594
  ], 
  [
   -356967.06, 
   -225433.136
  ]
 ], 
 "PUV": [
  true, 
  false, 
  true, 
  false, 
  true, 
  true, 
  false, 
  false, 
  false, 
  true, 
  true, 
  true, 
  false, 
  true, 
  false
 ], 
 "LCM": {
  "11": [
   "ANDD", 
   "NOTUSED", 
   "ORR", 
   "NOTUSED", 
   "NOTUSED", 
   "ORR", 
   "NOTUSED", 
   "NOTUSED", 
   "ANDD", 
   "ANDD", 
   "NOTUSED", 
   "NOTUSED", 
   "ORR", 
   "NOTUSED", 
   "NOTUSED"
  ], 
  "10": [
   "ANDD", 
   "ANDD", 
   "ANDD", 
   "NOTUSED", 
   "NOTUSED", 
   "ORR", 
   "ORR", 
   "NOTUSED", 
   "ANDD", 
   "ORR", 
   "ORR", 
   "NOTUSED", 
   "NOTUSED", 
   "ORR", 
   "ANDD"
  ], 
  "13": [
   "ORR", 
   "NOTUSED", 
   "ANDD", 
   "ANDD", 
   "ANDD", 
   "NOTUSED", 
   "NOTUSED", 
   "NOTUSED", 
   "ORR", 
   "NOTUSED", 
   "ORR", 
   "NOTUSED", 
   "ANDD", 
   "ANDD", 
   "ORR"
  ], 
  "12": [
   "ORR", 
   "NOTUSED", 
   "NOTUSED", 
   "NOTUSED", 
   "ANDD", 
   "ORR", 
   "ORR", 
   "ANDD", 
   "NOTUSED", 
   "ANDD", 
   "NOTUSED", 
   "ORR", 
   "ANDD", 
   "ANDD", 
   "ANDD"
  ], 
  "14": [
   "ANDD", 
   "NOTUSED", 
   "ANDD", 
   "NOTUSED", 
   "ORR", 
   "NOTUSED", 
   "ANDD", 
   "ANDD", 
   "ORR", 
   "ORR", 
   "ANDD", 
   "NOTUSED", 
   "ANDD", 
   "ORR", 
   "NOTUSED"
  ], 
  "1": [
   "ORR", 
   "ORR", 
   "ANDD", 
   "ANDD", 
   "ANDD", 
   "NOTUSED", 
   "ORR", 
   "NOTUSED", 
   "NOTUSED", 
   "NOTUSED", 
   "ANDD", 
   "NOTUSED", 
   "NOTUSED", 
   "NOTUSED", 
   "NOTUSED"
  ], 
  "0": [
   "ORR", 
   "ORR", 
   "NOTUSED", 
   "ORR", 
   "ANDD", 
   "ANDD", 
   "NOTUSED", 
   "NOTUSED", 
   "ORR", 
   "ANDD", 
   "ANDD", 
   "ANDD", 
   "ORR", 
   "ORR", 
   "ANDD"
  ], 
  "3": [
   "ORR", 
   "ANDD", 
   "NOTUSED", 
   "ANDD", 
   "ANDD", 
   "NOTUSED", 
   "ANDD", 
   "ANDD", 
   "ANDD", 
   "ANDD", 
   "NOTUSED", 
   "NOTUSED", 
   "NOTUSED", 
   "ANDD", 
   "NOTUSED"
  ], 
  "2": [
   "NOTUSED", 
   "ANDD", 
   "ANDD", 
   "NOTUSED", 
   "ORR", 
   "ORR", 
   "NOTUSED", 
   "ANDD", 
   "NOTUSED", 
   "ORR", 
   "ANDD", 
   "ORR", 
   "NOTUSED", 
   "ANDD", 
   "ANDD"
  ], 
  "5": [
   "ANDD", 
   "NOTUSED", 
   "ORR", 
   "NOTUSED", 
   "ANDD", 
   "ANDD", 
   "NOTUSED", 
   "ORR", 
   "NOTUSED", 
   "ANDD", 
   "ORR", 
   "ORR", 
   "ORR", 
   "NOTUSED", 
   "NOTUSED"
  ], 
  "4": [
   "ANDD", 
   "ANDD", 
   "ORR", 
   "ANDD", 
   "ANDD", 
   "ANDD", 
   "ORR", 
   "ANDD", 
   "ORR", 
   "ORR", 
   "NOTUSED", 
   "NOTUSED", 
   "ANDD", 
   "ANDD", 
   "ORR"
  ], 
  "7": [
   "NOTUSED", 
   "NOTUSED", 
   "ANDD", 
   "ANDD", 
   "ANDD", 
   "ORR", 
   "NOTUSED", 
   "ORR", 
   "NOTUSED", 
   "NOTUSED", 
   "NOTUSED", 
   "NOTUSED", 
   "ANDD", 
   "NOTUSED", 
   "ANDD"
  ], 
  "6": [
   "NOTUSED", 
   "ORR", 
   "NOTUSED", 
   "ANDD", 
   "ORR", 
   "NOTUSED", 
   "ANDD", 
   "NOTUSED", 
   "ORR", 
   "NOTUSED", 
   "ORR", 
   "NOTUSED", 
   "ORR", 
   "NOTUSED", 
   "ANDD"
  ], 
  "9": [
   "ANDD", 
   "NOTUSED", 
   "ORR", 
   "ANDD", 
   "ORR", 
   "ANDD", 
   "NOTUSED", 
   "NOTUSED", 
   "ANDD", 
   "NOTUSED", 
   "ORR", 
   "ANDD", 
   "ANDD", 
   "NOTUSED", 
   "ORR"
  ], 
  "8": [
   "ORR", 
   "NOTUSED", 
   "NOTUSED", 
   "ANDD", 
   "ORR", 
   "NOTUSED", 
   "ORR", 
   "NOTUSED", 
   "ANDD", 
   "ANDD", 
   "ANDD", 
   "ANDD", 
   "NOTUSED", 
   "ORR", 
   "ORR"
  ]
 }
}