{
 "random_seed": 1379175562, 
 "PARAMETERS": {
  "RADIUS1": 135021.394, 
  "QUADS": 1, 
  "RADIUS2": 927986.003, 
  "DIST": 594464.322, 
  "F_PTS": 22, 
  "K_PTS": 46, 
  "EPSILON": 2.908, 
  "LENGTH1": 436210.35, 
  "G_PTS": 37, 
  "Q_PTS": 64, 
  "N_PTS": 20, 
  "C_PTS": 19, 
  "AREA2": 767397.645, 
  "LENGTH2": 150679.072, 
  "B_PTS": 38, 
  "D_PTS": 24, 
  "AREA1": 306829.056, 
  "A_PTS": 17, 
  "E_PTS": 14
 }, 
 "NUMPOINTS": 76, 
 "points": [
  [
   -889744.726, 
   -460170.781
  ], 
  [
   -389947.245, 
   117055.891
  ], 
  [
   252602.506, 
   -429732.638
  ], 
  [
   135372.533, 
   55597.662
  ], 
  [
   -582405.952, 
   -277182.631
  ], 
  [
   660710.972, 
   999117.027
  ], 
  [
   -672958.121, 
   -496986.019
  ], 
  [
   -224803.398, 
   333774.582
  ], 
  [
   -113155.765, 
   -960093.58
  ], 
  [
   -787191.626, 
   128315.446
  ], 
  [
   -17105.047, 
   18450.282
  ], 
  [
   -82786.696, 
   222356.393
  ], 
  [
   450468.656, 
   -381603.13
  ], 
  [
   59314.55, 
   479807.999
  ], 
  [
   740046.199, 
   470717.898
  ], 
  [
   62556.55, 
   813650.641
  ], 
  [
   -113519.965, 
   -228710.097
  ], 
  [
   -16038.501, 
   182726.619
  ], 
  [
   -684007.812, 
   -840560.734
  ], 
  [
   10879.499, 
   824618.666
  ], 
  [
   735657.856, 
   969361.924
  ], 
  [
   -356221.807, 
   943841.799
  ], 
  [
   297223.055, 
   -581495.971
  ], 
  [
   216967.7, 
   -179527.686
  ], 
  [
   569201.097, 
   -878005.059
  ], 
  [
   -513861.781, 
   -939739.569
  ], 
  [
   543314.91, 
   -114109.194
  ], 
  [
   813569.901, 
   126339.979
  ], 
  [
   664967.213, 
   254869.622
  ], 
  [
   346922.51, 
   -525663.369
  ], 
  [
   915059.641, 
   141395.082
  ], 
  [
   651463.968, 
   544659.708
  ], 
  [
   449637.975, 
   -840196.671
  ], 
  [
   -10164.247, 
   367671.882
  ], 
  [
   789580.518, 
   -341580.467
  ], 
  [
   -538408.388, 
   -594941.199
  ], 
  [
   951535.577, 
   173952.346
  ], 
  [
   -804119.384, 
   -529057.342
  ], 
  [
   690170.503, 
   -511565.78
  ], 
  [
   367958.965, 
   374137.205
  ], 
  [
   656982.877, 
   -653701.326
  ], 
  [
   165920.528, 
   287964.465
  ], 
  [
   968776.269, 
   -312350.249
  ], 
  [
   -860656.645, 
   -843276.502
  ], 
  [
   -687863.84, 
   -273757.285
  ], 
  [
   594174.053, 
   596145.43
  ], 
  [
   807156.575, 
   -705376.1
  ], 
  [
   348128.056, 
   -353545.292
  ], 
  [
   958012.027, 
   227052.326
  ], 
  [
   -142058.869, 
   -637752.477
  ], 
  [
   -152966.282, 
   -601964.861
  ], 
  [
   -465002.291, 
   -392362.671
  ], 
  [
   -38076.798, 
   -381412.67
  ], 
  [
   121956.976, 
   556796.857
  ], 
  [
   -51186.291, 
   887654.223
  ], 
  [
   -800928.236, 
   -881962.647
  ], 
  [
   -124136.428, 
   -630718.005
  ], 
  [
   827642.275, 
   -190554.645
  ], 
  [
   957050.026, 
   -637776.923
  ], 
  [
   -273698.514, 
   183369.258
  ], 
  [
   678418.099, 
   -504224.871
  ], 
  [
   -200387.451, 
   -503553.007
  ], 
  [
   -111854.892, 
   -599941.229
  ], 
  [
   -496609.905, 
   948917.004
  ], 
  [
   -246207.068, 
   -885191.982
  ], 
  [
   -936670.201, 
   -290278.91
  ], 
  [
   -347542.1, 
   -427646.676
  ], 
  [
   982518.594, 
   267619.374
  ], 
  [
   -69470.853, 
   -21777.738
  ], 
  [
   990116.276, 
   -516210.507
  ], 
  [
   -790201.234, 
   -528099.832
  ], 
  [
   -99380.5, 
   -430404.504
  ], 
  [
   964573.621, 
   -738373.533
  ], 
  [
   -796684.253, 
   158921.978
  ], 
  [
   704384.164, 
   -929657.579
  ], 
  [
   173273.803, 
   -209813.978
  ]
 ], 
 "PUV": [
  false, 
  false, 
  false, 
  true, 
  true, 
  false, 
  false, 
  true, 
  true, 
  false, 
  false, 
  false, 
  false, 
  false, 
  true
 ], 
 "LCM": {
  "11": [
   "ORR", 
   "NOTUSED", 
   "ORR", 
   "NOTUSED", 
   "NOTUSED", 
   "NOTUSED", 
   "ANDD", 
   "ANDD", 
   "ANDD", 
   "NOTUSED", 
   "ORR", 
   "ORR", 
   "ANDD", 
   "ORR", 
   "NOTUSED"
  ], 
  "10": [
   "NOTUSED", 
   "NOTUSED", 
   "NOTUSED", 
   "NOTUSED", 
   "NOTUSED", 
   "NOTUSED", 
   "ANDD", 
   "ANDD", 
   "NOTUSED", 
   "ORR", 
   "ANDD", 
   "ORR", 
   "NOTUSED", 
   "NOTUSED", 
   "ORR"
  ], 
  "13": [
   "ORR", 
   "ANDD", 
   "ANDD", 
   "ORR", 
   "ANDD", 
   "ANDD", 
   "NOTUSED", 
   "ORR", 
   "ANDD", 
   "ANDD", 
   "NOTUSED", 
   "ORR", 
   "ORR", 
   "NOTUSED", 
   "ORR"
  ], 
  "12": [
   "ANDD", 
   "ORR", 
   "ORR", 
   "NOTUSED", 
   "NOTUSED", 
   "ORR", 
   "NOTUSED", 
   "NOTUSED", 
   "NOTUSED", 
   "NOTUSED", 
   "NOTUSED", 
   "ANDD", 
   "ANDD", 
   "ORR", 
   "ORR"
  ], 
  "14": [
   "NOTUSED", 
   "ANDD", 
   "ANDD", 
   "NOTUSED", 
   "NOTUSED", 
   "ANDD", 
   "ORR", 
   "ORR", 
   "NOTUSED", 
   "ORR", 
   "ORR", 
   "NOTUSED", 
   "ORR", 
   "ORR", 
   "NOTUSED"
  ], 
  "1": [
   "NOTUSED", 
   "NOTUSED", 
   "ORR", 
   "ORR", 
   "NOTUSED", 
   "NOTUSED", 
   "ORR", 
   "ANDD", 
   "ORR", 
   "ANDD", 
   "NOTUSED", 
   "NOTUSED", 
   "ORR", 
   "ANDD", 
   "ANDD"
  ], 
  "0": [
   "NOTUSED", 
   "NOTUSED", 
   "NOTUSED", 
   "ORR", 
   "ANDD", 
   "ORR", 
   "ORR", 
   "ORR", 
   "ANDD", 
   "NOTUSED", 
   "NOTUSED", 
   "ORR", 
   "ANDD", 
   "ORR", 
   "NOTUSED"
  ], 
  "3": [
   "ORR", 
   "ORR", 
   "ANDD", 
   "ORR", 
   "ORR", 
   "NOTUSED", 
   "NOTUSED", 
   "ANDD", 
   "ANDD", 
   "NOTUSED", 
   "NOTUSED", 
   "NOTUSED", 
   "NOTUSED", 
   "ORR", 
   "NOTUSED"
  ], 
  "2": [
   "NOTUSED", 
   "ORR", 
   "NOTUSED", 
   "ANDD", 
   "ORR", 
   "ORR", 
   "ANDD", 
   "ANDD", 
   "ORR", 
   "NOTUSED", 
   "NOTUSED", 
   "ORR", 
   "ORR", 
   "ANDD", 
   "ANDD"
  ], 
  "5": [
   "ORR", 
   "NOTUSED", 
   "ORR", 
   "NOTUSED", 
   "ORR", 
   "ANDD", 
   "NOTUSED", 
   "NOTUSED", 
   "ANDD", 
   "ORR", 
   "NOTUSED", 
   "NOTUSED", 
   "ORR", 
   "ANDD", 
   "ANDD"
  ], 
  "4": [
   "ANDD", 
   "NOTUSED", 
   "ORR", 
   "ORR", 
   "ORR", 
   "ORR", 
   "NOTUSED", 
   "NOTUSED", 
   "ANDD", 
   "ORR", 
   "NOTUSED", 
   "NOTUSED", 
   "NOTUSED", 
   "ANDD", 
   "NOTUSED"
  ], 
  "7": [
   "ORR", 
   "ANDD", 
   "ANDD", 
   "ANDD", 
   "NOTUSED", 
   "NOTUSED", 
   "ORR", 
   "ANDD", 
   "ORR", 
   "ORR", 
   "ANDD", 
   "ANDD", 
   "NOTUSED", 
   "ORR", 
   "ORR"
  ], 
  "6": [
   "ORR", 
   "ORR", 
   "ANDD", 
   "NOTUSED", 
   "NOTUSED", 
   "NOTUSED", 
   "ORR", 
   "ORR", 
   "ANDD", 
   "NOTUSED", 
   "ANDD", 
   "ANDD", 
   "NOTUSED", 
   "NOTUSED", 
   "ORR"
  ], 
  "9": [
   "NOTUSED", 
   "ANDD", 
   "NOTUSED", 
   "NOTUSED", 
   "ORR", 
   "ORR", 
   "NOTUSED", 
   "ORR", 
   "ORR", 
   "ANDD", 
   "ORR", 
   "NOTUSED", 
   "NOTUSED", 
   "ANDD", 
   "ORR"
  ], 
  "8": [
   "ANDD", 
   "ORR", 
   "ORR", 
   "ANDD", 
   "ANDD", 
   "ANDD", 
   "ANDD", 
   "ORR", 
   "ORR", 
   "ORR", 
   "NOTUSED", 
   "ANDD", 
   "NOTUSED", 
   "ANDD", 
   "NOTUSED"
  ]
 }
}