{
 "random_seed": 2980700216, 
 "PARAMETERS": {
  "RADIUS1": 86945.649, 
  "QUADS": 1, 
  "RADIUS2": 835637.602, 
  "DIST": 508295.118, 
  "F_PTS": 48, 
  "K_PTS": 48, 
  "EPSILON": 0.203, 
  "LENGTH1": 363238.689, 
  "G_PTS": 7, 
  "Q_PTS": 10, 
  "N_PTS": 5, 
  "C_PTS": 7, 
  "AREA2": 436599.359, 
  "LENGTH2": 546967.466, 
  "B_PTS": 14, 
  "D_PTS": 27, 
  "AREA1": 734856.109, 
  "A_PTS": 2, 
  "E_PTS": 14
 }, 
 "NUMPOINTS": 66, 
 "points": [
  [
   759332.053, 
   -19804.564
  ], 
  [
   -649998.895, 
   289462.286
  ], 
  [
   859833.925, 
   -43984.04
  ], 
  [
   -55730.734, 
   -389315.803
  ], 
  [
   820827.501, 
   -962190.143
  ], 
  [
   -793895.009, 
   510309.54
  ], 
  [
   389370.871, 
   917978.921
  ], 
  [
   541391.451, 
   -587181.87
  ], 
  [
   -88464.793, 
   -581160.07
  ], 
  [
   85214.052, 
   -430480.616
  ], 
  [
   -84993.436, 
   -434077.015
  ], 
  [
   778579.088, 
   511774.283
  ], 
  [
   376345.125, 
   -430904.283
  ], 
  [
   -538895.642, 
   -767002.093
  ], 
  [
   -899975.956, 
   -400676.576
  ], 
  [
   -306595.702, 
   -900760.829
  ], 
  [
   974005.886, 
   568970.946
  ], 
  [
   -788685.108, 
   -864332.329
  ], 
  [
   -146924.784, 
   165141.504
  ], 
  [
   -788312.906, 
   -970609.125
  ], 
  [
   215883.624, 
   367966.227
  ], 
  [
   759791.271, 
   -654991.887
  ], 
  [
   -816913.882, 
   215090.581
  ], 
  [
   -641822.415, 
   131584.006
  ], 
  [
   -987741.845, 
   68974.222
  ], 
  [
   777885.782, 
   -685991.08
  ], 
  [
   840949.62, 
   -186144.865
  ], 
  [
   -104089.003, 
   -872200.016
  ], 
  [
   492604.122, 
   -347734.974
  ], 
  [
   40399.772, 
   846090.965
  ], 
  [
   -80186.347, 
   357733.565
  ], 
  [
   -913731.942, 
   -863510.486
  ], 
  [
   -274787.06, 
   745543.195
  ], 
  [
   233870.461, 
   891267.924
  ], 
  [
   -449184.582, 
   208597.836
  ], 
  [
   167723.742, 
   105056.925
  ], 
  [
   496315.007, 
   -718120.857
  ], 
  [
   85127.77, 
   -2603.418
  ], 
  [
   373491.203, 
   901421.681
  ], 
  [
   459316.675, 
   172265.327
  ], 
  [
   310857.7, 
   780617.146
  ], 
  [
   388619.806, 
   -968558.74
  ], 
  [
   -826354.347, 
   -470298.146
  ], 
  [
   417411.249, 
   -736195.326
  ], 
  [
   -201644.515, 
   -595480.21
  ], 
  [
   123753.13, 
   831482.243
  ], 
  [
   -154099.384, 
   199974.232
  ], 
  [
   -555382.881, 
   423532.621
  ], 
  [
   -276021.561, 
   -601565.019
  ], 
  [
   131370.084, 
   525387.753
  ], 
  [
   -290125.453, 
   -739181.842
  ], 
  [
   818937.969, 
   -369742.871
  ], 
  [
   -348251.244, 
   500957.931
  ], 
  [
   513977.794, 
   -284356.452
  ], 
  [
   -91765.052, 
   -434475.01
  ], 
  [
   -700729.097, 
   229283.842
  ], 
  [
   438008.07, 
   928542.66
  ], 
  [
   -147280.29, 
   195397.163
  ], 
  [
   -39265.906, 
   -372884.315
  ], 
  [
   164188.106, 
   -174321.802
  ], 
  [
   173199.527, 
   392401.065
  ], 
  [
   109618.949, 
   -27776.938
  ], 
  [
   -893505.687, 
   716730.61
  ], 
  [
   -511902.374, 
   -627311.186
  ], 
  [
   -953505.625, 
   -744708.559
  ], 
  [
   382699.142, 
   -343318.88
  ]
 ], 
 "PUV": [
  false, 
  true, 
  true, 
  false, 
  false, 
  true, 
  false, 
  false, 
  false, 
  false, 
  true, 
  true, 
  true, 
  true, 
  true
 ], 
 "LCM": {
  "11": [
   "ORR", 
   "ORR", 
   "ORR", 
   "ORR", 
   "ANDD", 
   "NOTUSED", 
   "ANDD", 
   "NOTUSED", 
   "ORR", 
   "ORR", 
   "ANDD", 
   "NOTUSED", 
   "ANDD", 
   "ANDD", 
   "ANDD"
  ], 
  "10": [
   "NOTUSED", 
   "ORR", 
   "ANDD", 
   "ANDD", 
   "NOTUSED", 
   "ANDD", 
   "ORR", 
   "NOTUSED", 
   "ORR", 
   "ORR", 
   "ORR", 
   "ANDD", 
   "ORR", 
   "ANDD", 
   "ANDD"
  ], 
  "13": [
   "NOTUSED", 
   "ANDD", 
   "ANDD", 
   "ANDD", 
   "NOTUSED", 
   "ANDD", 
   "ANDD", 
   "ANDD", 
   "ORR", 
   "ANDD", 
   "ANDD", 
   "ANDD", 
   "ORR", 
   "NOTUSED", 
   "ORR"
  ], 
  "12": [
   "ANDD", 
   "ANDD", 
   "NOTUSED", 
   "NOTUSED", 
   "ORR", 
   "ANDD", 
   "ANDD", 
   "ORR", 
   "NOTUSED", 
   "NOTUSED", 
   "ORR", 
   "ANDD", 
   "NOTUSED", 
   "ORR", 
   "ORR"
  ], 
  "14": [
   "ANDD", 
   "NOTUSED", 
   "ANDD", 
   "ANDD", 
   "ANDD", 
   "ORR", 
   "NOTUSED", 
   "NOTUSED", 
   "ANDD", 
   "ANDD", 
   "ANDD", 
   "ANDD", 
   "ORR", 
   "ORR", 
   "ORR"
  ], 
  "1": [
   "NOTUSED", 
   "ANDD", 
   "NOTUSED", 
   "ANDD", 
   "ORR", 
   "NOTUSED", 
   "ORR", 
   "NOTUSED", 
   "ANDD", 
   "ORR", 
   "ORR", 
   "ORR", 
   "ANDD", 
   "ANDD", 
   "NOTUSED"
  ], 
  "0": [
   "NOTUSED", 
   "NOTUSED", 
   "ANDD", 
   "NOTUSED", 
   "ORR", 
   "NOTUSED", 
   "NOTUSED", 
   "ORR", 
   "ANDD", 
   "ORR", 
   "NOTUSED", 
   "ORR", 
   "ANDD", 
   "NOTUSED", 
   "ANDD"
  ], 
  "3": [
   "NOTUSED", 
   "ANDD", 
   "ANDD", 
   "NOTUSED", 
   "ANDD", 
   "ANDD", 
   "ANDD", 
   "NOTUSED", 
   "NOTUSED", 
   "ORR", 
   "ANDD", 
   "ORR", 
   "NOTUSED", 
   "ANDD", 
   "ANDD"
  ], 
  "2": [
   "ANDD", 
   "NOTUSED", 
   "ORR", 
   "ANDD", 
   "ANDD", 
   "NOTUSED", 
   "NOTUSED", 
   "NOTUSED", 
   "ANDD", 
   "NOTUSED", 
   "ANDD", 
   "ORR", 
   "NOTUSED", 
   "ANDD", 
   "ANDD"
  ], 
  "5": [
   "NOTUSED", 
   "NOTUSED", 
   "NOTUSED", 
   "ANDD", 
   "ORR", 
   "ANDD", 
   "ANDD", 
   "NOTUSED", 
   "ANDD", 
   "NOTUSED", 
   "ANDD", 
   "NOTUSED", 
   "ANDD", 
   "ANDD", 
   "ORR"
  ], 
  "4": [
   "ORR", 
   "ORR", 
   "ANDD", 
   "ANDD", 
   "ORR", 
   "ORR", 
   "NOTUSED", 
   "ANDD", 
   "ORR", 
   "ANDD", 
   "NOTUSED", 
   "ANDD", 
   "ORR", 
   "NOTUSED", 
   "ANDD"
  ], 
  "7": [
   "ORR", 
   "NOTUSED", 
   "NOTUSED", 
   "NOTUSED", 
   "ANDD", 
   "NOTUSED", 
   "ANDD", 
   "ANDD", 
   "ANDD", 
   "ORR", 
   "NOTUSED", 
   "NOTUSED", 
   "ORR", 
   "ANDD", 
   "NOTUSED"
  ], 
  "6": [
   "NOTUSED", 
   "ORR", 
   "NOTUSED", 
   "ANDD", 
   "NOTUSED", 
   "ANDD", 
   "NOTUSED", 
   "ANDD", 
   "ANDD", 
   "ORR", 
   "ORR", 
   "ANDD", 
   "ANDD", 
   "ANDD", 
   "NOTUSED"
  ], 
  "9": [
   "ORR", 
   "ORR", 
   "NOTUSED", 
   "ORR", 
   "ANDD", 
   "NOTUSED", 
   "ORR", 
   "ORR", 
   "ORR", 
   "NOTUSED", 
   "ORR", 
   "ORR", 
   "NOTUSED", 
   "ANDD", 
   "ANDD"
  ], 
  "8": [
   "ANDD", 
   "ANDD", 
   "ANDD", 
   "NOTUSED", 
   "ORR", 
   "ANDD", 
   "ANDD", 
   "ANDD", 
   "ANDD", 
   "ORR", 
   "ORR", 
   "ORR", 
   "NOTUSED", 
   "ORR", 
   "ANDD"
  ]
 }
}