{
 "random_seed": 478246568, 
 "PARAMETERS": {
  "RADIUS1": 530842.03, 
  "QUADS": 1, 
  "RADIUS2": 978159.881, 
  "DIST": 970311.863, 
  "F_PTS": 22, 
  "K_PTS": 73, 
  "EPSILON": 2.955, 
  "LENGTH1": 331100.954, 
  "G_PTS": 7, 
  "Q_PTS": 43, 
  "N_PTS": 6, 
  "C_PTS": 21, 
  "AREA2": 859102.004, 
  "LENGTH2": 897770.386, 
  "B_PTS": 18, 
  "D_PTS": 19, 
  "AREA1": 387886.047, 
  "A_PTS": 27, 
  "E_PTS": 11
 }, 
 "NUMPOINTS": 80, 
 "points": [
  [
   746425.653, 
   -432569.449
  ], 
  [
   45049.934, 
   -983739.204
  ], 
  [
   -638032.558, 
   633421.016
  ], 
  [
   -38621.426, 
   -918881.145
  ], 
  [
   -213637.701, 
   -655748.536
  ], 
  [
   -705126.502, 
   -725800.576
  ], 
  [
   -122794.216, 
   883267.967
  ], 
  [
   -299822.213, 
   -544643.181
  ], 
  [
   -417158.25, 
   -830486.951
  ], 
  [
   762505.232, 
   -672255.424
  ], 
  [
   -640326.778, 
   -226404.741
  ], 
  [
   -733310.372, 
   412956.506
  ], 
  [
   -599584.928, 
   753196.302
  ], 
  [
   -857608.686, 
   -788885.395
  ], 
  [
   -543138.891, 
   -795085.083
  ], 
  [
   -169534.149, 
   502383.083
  ], 
  [
   922168.011, 
   -475646.806
  ], 
  [
   -356260.676, 
   -807447.203
  ], 
  [
   -681819.465, 
   253933.698
  ], 
  [
   621190.473, 
   411966.451
  ], 
  [
   -924907.218, 
   -670911.027
  ], 
  [
   985199.7, 
   -334992.913
  ], 
  [
   275965.495, 
   -656309.701
  ], 
  [
   904141.637, 
   -989546.377
  ], 
  [
   774476.8, 
   858276.12
  ], 
  [
   905974.313, 
   -132028.065
  ], 
  [
   607117.607, 
   406620.844
  ], 
  [
   -25997.609, 
   -915455.039
  ], 
  [
   -617121.612, 
   -55846.304
  ], 
  [
   274638.362, 
   -559154.83
  ], 
  [
   935554.119, 
   661339.446
  ], 
  [
   945048.594, 
   73241.594
  ], 
  [
   653157.653, 
   323650.976
  ], 
  [
   -125492.707, 
   950605.162
  ], 
  [
   485618.367, 
   -595482.762
  ], 
  [
   104874.436, 
   -923592.243
  ], 
  [
   418130.737, 
   -930324.693
  ], 
  [
   -942004.039, 
   140543.575
  ], 
  [
   684681.901, 
   176480.454
  ], 
  [
   703882.27, 
   627334.974
  ], 
  [
   441333.912, 
   593175.001
  ], 
  [
   -48202.357, 
   401760.297
  ], 
  [
   602108.92, 
   -851522.89
  ], 
  [
   988848.071, 
   -730117.489
  ], 
  [
   911601.606, 
   258223.257
  ], 
  [
   292604.986, 
   779614.649
  ], 
  [
   -986008.48, 
   -817906.067
  ], 
  [
   -84474.196, 
   453454.364
  ], 
  [
   -646874.214, 
   -434799.166
  ], 
  [
   -316993.772, 
   157903.392
  ], 
  [
   -360591.382, 
   -712128.81
  ], 
  [
   249676.647, 
   -64036.348
  ], 
  [
   -189605.885, 
   -713911.345
  ], 
  [
   713144.206, 
   -75648.05
  ], 
  [
   -904877.311, 
   536543.207
  ], 
  [
   -264457.856, 
   878654.42
  ], 
  [
   926372.019, 
   245945.02
  ], 
  [
   139642.481, 
   -47963.488
  ], 
  [
   -276490.374, 
   448243.031
  ], 
  [
   175112.073, 
   -136071.995
  ], 
  [
   -842981.415, 
   122355.062
  ], 
  [
   -203710.1, 
   738652.888
  ], 
  [
   -209022.613, 
   -538801.868
  ], 
  [
   176118.222, 
   -49893.695
  ], 
  [
   -400718.541, 
   936552.533
  ], 
  [
   604064.148, 
   142538.313
  ], 
  [
   353635.244, 
   507611.887
  ], 
  [
   -290537.011, 
   -472324.005
  ], 
  [
   862803.988, 
   -1068.492
  ], 
  [
   619916.108, 
   -185197.593
  ], 
  [
   -914676.669, 
   -914643.164
  ], 
  [
   -621612.102, 
   880484.848
  ], 
  [
   -647209.59, 
   -222300.36
  ], 
  [
   -223287.92, 
   -891833.066
  ], 
  [
   71013.341, 
   -362441.546
  ], 
  [
   327226.327, 
   730896.032
  ], 
  [
   194646.561, 
   951834.133
  ], 
  [
   -335466.84, 
   -67373.486
  ], 
  [
   -677800.568, 
   621329.288
  ], 
  [
   -11670.371, 
   293368.612
  ]
 ], 
 "PUV": [
  false, 
  false, 
  true, 
  true, 
  false, 
  false, 
  false, 
  false, 
  true, 
  false, 
  true, 
  false, 
  false, 
  true, 
  true
 ], 
 "LCM": {
  "11": [
   "ORR", 
   "ANDD", 
   "ORR", 
   "NOTUSED", 
   "ANDD", 
   "ANDD", 
   "ORR", 
   "NOTUSED", 
   "NOTUSED", 
   "ANDD", 
   "NOTUSED", 
   "ANDD", 
   "ORR", 
   "ORR", 
   "ORR"
  ], 
  "10": [
   "NOTUSED", 
   "NOTUSED", 
   "ANDD", 
   "ORR", 
   "ANDD", 
   "ANDD", 
   "ANDD", 
   "NOTUSED", 
   "ANDD", 
   "NOTUSED", 
   "ORR", 
   "NOTUSED", 
   "ANDD", 
   "NOTUSED", 
   "ANDD"
  ], 
  "13": [
   "ANDD", 
   "NOTUSED", 
   "ORR", 
   "ANDD", 
   "NOTUSED", 
   "NOTUSED", 
   "ANDD", 
   "ORR", 
   "NOTUSED", 
   "NOTUSED", 
   "NOTUSED", 
   "ORR", 
   "ANDD", 
   "NOTUSED", 
   "ORR"
  ], 
  "12": [
   "ANDD", 
   "ANDD", 
   "NOTUSED", 
   "ORR", 
   "NOTUSED", 
   "NOTUSED", 
   "ORR", 
   "ANDD", 
   "NOTUSED", 
   "ORR", 
   "ANDD", 
   "ORR", 
   "ORR", 
   "ANDD", 
   "NOTUSED"
  ], 
  "14": [
   "ORR", 
   "ORR", 
   "ORR", 
   "ORR", 
   "ANDD", 
   "NOTUSED", 
   "NOTUSED", 
   "NOTUSED", 
   "ORR", 
   "ORR", 
   "ANDD", 
   "ORR", 
   "NOTUSED", 
   "ORR", 
   "NOTUSED"
  ], 
  "1": [
   "NOTUSED", 
   "NOTUSED", 
   "NOTUSED", 
   "NOTUSED", 
   "ANDD", 
   "ORR", 
   "ANDD", 
   "ORR", 
   "ANDD", 
   "NOTUSED", 
   "NOTUSED", 
   "ANDD", 
   "ANDD", 
   "NOTUSED", 
   "ORR"
  ], 
  "0": [
   "ORR", 
   "NOTUSED", 
   "ANDD", 
   "ORR", 
   "NOTUSED", 
   "ORR", 
   "ORR", 
   "NOTUSED", 
   "ANDD", 
   "ORR", 
   "NOTUSED", 
   "ORR", 
   "ANDD", 
   "ANDD", 
   "ORR"
  ], 
  "3": [
   "ORR", 
   "NOTUSED", 
   "ANDD", 
   "NOTUSED", 
   "ORR", 
   "ORR", 
   "NOTUSED", 
   "NOTUSED", 
   "ORR", 
   "ANDD", 
   "ORR", 
   "NOTUSED", 
   "ORR", 
   "ANDD", 
   "ORR"
  ], 
  "2": [
   "ANDD", 
   "NOTUSED", 
   "ORR", 
   "ANDD", 
   "NOTUSED", 
   "ORR", 
   "ANDD", 
   "ORR", 
   "ORR", 
   "ORR", 
   "ANDD", 
   "ORR", 
   "NOTUSED", 
   "ORR", 
   "ORR"
  ], 
  "5": [
   "ORR", 
   "ORR", 
   "ORR", 
   "ORR", 
   "ANDD", 
   "ORR", 
   "NOTUSED", 
   "NOTUSED", 
   "NOTUSED", 
   "ANDD", 
   "ANDD", 
   "ANDD", 
   "NOTUSED", 
   "NOTUSED", 
   "NOTUSED"
  ], 
  "4": [
   "NOTUSED", 
   "ANDD", 
   "NOTUSED", 
   "ORR", 
   "ORR", 
   "ANDD", 
   "ANDD", 
   "ANDD", 
   "ANDD", 
   "ORR", 
   "ANDD", 
   "ANDD", 
   "NOTUSED", 
   "NOTUSED", 
   "ANDD"
  ], 
  "7": [
   "NOTUSED", 
   "ORR", 
   "ORR", 
   "NOTUSED", 
   "ANDD", 
   "NOTUSED", 
   "NOTUSED", 
   "ANDD", 
   "ORR", 
   "NOTUSED", 
   "NOTUSED", 
   "NOTUSED", 
   "ANDD", 
   "ORR", 
   "NOTUSED"
  ], 
  "6": [
   "ORR", 
   "ANDD", 
   "ANDD", 
   "NOTUSED", 
   "ANDD", 
   "NOTUSED", 
   "ANDD", 
   "NOTUSED", 
   "ANDD", 
   "ANDD", 
   "ANDD", 
   "ORR", 
   "ORR", 
   "ANDD", 
   "NOTUSED"
  ], 
  "9": [
   "ORR", 
   "NOTUSED", 
   "ORR", 
   "ANDD", 
   "ORR", 
   "ANDD", 
   "ANDD", 
   "NOTUSED", 
   "NOTUSED", 
   "ORR", 
   "NOTUSED", 
   "ANDD", 
   "ORR", 
   "NOTUSED", 
   "ORR"
  ], 
  "8": [
   "ANDD", 
   "ANDD", 
   "ORR", 
   "ORR", 
   "ANDD", 
   "NOTUSED", 
   "ANDD", 
   "ORR", 
   "ORR", 
   "NOTUSED", 
   "ANDD", 
   "NOTUSED", 
   "NOTUSED", 
   "NOTUSED", 
   "ORR"
  ]
 }
}