{
 "random_seed": 1894979748, 
 "PARAMETERS": {
  "RADIUS1": 735081.147, 
  "QUADS": 1, 
  "RADIUS2": 846124.273, 
  "DIST": 284107.409, 
  "F_PTS": 31, 
  "K_PTS": 32, 
  "EPSILON": 2.038, 
  "LENGTH1": 202121.083, 
  "G_PTS": 21, 
  "Q_PTS": 37, 
  "N_PTS": 37, 
  "C_PTS": 3, 
  "AREA2": 207919.559, 
  "LENGTH2": 321804.77, 
  "B_PTS": 5, 
  "D_PTS": 10, 
  "AREA1": 248678.028, 
  "A_PTS": 12, 
  "E_PTS": 2
 }, 
 "NUMPOINTS": 51, 
 "points": [
  [
   306083.948, 
   854108.567
  ], 
  [
   -288869.991, 
   992150.035
  ], 
  [
   -423154.15, 
   -691311.748
  ], 
  [
   -477221.658, 
   -632893.946
  ], 
  [
   679218.942, 
   279455.836
  ], 
  [
   -797477.528, 
   148465.623
  ], 
  [
   -316507.567, 
   -190627.493
  ], 
  [
   294647.597, 
   -431642.927
  ], 
  [
   -381222.816, 
   682047.433
  ], 
  [
   465295.347, 
   -486044.479
  ], 
  [
   882329.04, 
   63011.638
  ], 
  [
   542443.995, 
   -20549.04
  ], 
  [
   653507.971, 
   -630632.888
  ], 
  [
   90755.107, 
   -144407.48
  ], 
  [
   -662561.766, 
   -782706.169
  ], 
  [
   -340118.387, 
   835226.698
  ], 
  [
   -885839.042, 
   -939612.234
  ], 
  [
   202882.385, 
   899092.053
  ], 
  [
   889929.117, 
   -671371.38
  ], 
  [
   852450.545, 
   784342.509
  ], 
  [
   269754.211, 
   -659137.664
  ], 
  [
   187725.82, 
   436802.037
  ], 
  [
   864084.779, 
   -515078.77
  ], 
  [
   -928434.832, 
   -211672.391
  ], 
  [
   783895.63, 
   -135576.765
  ], 
  [
   -540240.521, 
   43279.758
  ], 
  [
   -964911.055, 
   -394690.118
  ], 
  [
   -255151.744, 
   -695924.305
  ], 
  [
   951508.013, 
   7189.893
  ], 
  [
   812229.389, 
   827459.187
  ], 
  [
   -125507.929, 
   -790184.829
  ], 
  [
   -998300.17, 
   -659729.739
  ], 
  [
   80601.452, 
   -697682.656
  ], 
  [
   -215545.705, 
   713374.062
  ], 
  [
   922945.619, 
   -127090.52
  ], 
  [
   -339224.63, 
   23435.356
  ], 
  [
   927350.594, 
   599893.158
  ], 
  [
   721213.15, 
   97969.048
  ], 
  [
   856928.07, 
   75496.304
  ], 
  [
   549624.439, 
   -366063.724
  ], 
  [
   162236.19, 
   -535183.881
  ], 
  [
   97435.858, 
   797363.071
  ], 
  [
   23955.818, 
   933624.67
  ], 
  [
   629744.339, 
   -208711.386
  ], 
  [
   732626.89, 
   -433273.076
  ], 
  [
   709503.967, 
   685830.15
  ], 
  [
   -43216.186, 
   -743212.915
  ], 
  [
   -608222.845, 
   -842416.869
  ], 
  [
   942804.657, 
   -335719.163
  ], 
  [
   888172.455, 
   -307331.122
  ], 
  [
   473173.283, 
   -201341.094
  ]
 ], 
 "PUV": [
  false, 
  false, 
  true, 
  false, 
  true, 
  false, 
  true, 
  true, 
  false, 
  false, 
  false, 
  false, 
  false, 
  true, 
  true
 ], 
 "LCM": {
  "11": [
   "NOTUSED", 
   "NOTUSED", 
   "ORR", 
   "ORR", 
   "ANDD", 
   "NOTUSED", 
   "ANDD", 
   "ANDD", 
   "NOTUSED", 
   "ORR", 
   "ANDD", 
   "ANDD", 
   "ORR", 
   "NOTUSED", 
   "ANDD"
  ], 
  "10": [
   "ORR", 
   "ANDD", 
   "ORR", 
   "ANDD", 
   "ORR", 
   "ORR", 
   "ANDD", 
   "ANDD", 
   "NOTUSED", 
   "NOTUSED", 
   "ORR", 
   "ANDD", 
   "NOTUSED", 
   "ANDD", 
   "NOTUSED"
  ], 
  "13": [
   "ORR", 
   "ORR", 
   "ANDD", 
   "ORR", 
   "ORR", 
   "ANDD", 
   "NOTUSED", 
   "NOTUSED", 
   "NOTUSED", 
   "NOTUSED", 
   "ANDD", 
   "NOTUSED", 
   "ORR", 
   "ORR", 
   "NOTUSED"
  ], 
  "12": [
   "ANDD", 
   "ANDD", 
   "NOTUSED", 
   "ORR", 
   "NOTUSED", 
   "NOTUSED", 
   "ORR", 
   "NOTUSED", 
   "ORR", 
   "ANDD", 
   "NOTUSED", 
   "ORR", 
   "NOTUSED", 
   "ORR", 
   "ORR"
  ], 
  "14": [
   "NOTUSED", 
   "ANDD", 
   "ANDD", 
   "ORR", 
   "ANDD", 
   "ORR", 
   "ORR", 
   "ORR", 
   "ORR", 
   "ANDD", 
   "NOTUSED", 
   "ANDD", 
   "ORR", 
   "NOTUSED", 
   "NOTUSED"
  ], 
  "1": [
   "NOTUSED", 
   "ORR", 
   "ANDD", 
   "ANDD", 
   "NOTUSED", 
   "ORR", 
   "ORR", 
   "ANDD", 
   "NOTUSED", 
   "ANDD", 
   "ANDD", 
   "NOTUSED", 
   "ANDD", 
   "ORR", 
   "ANDD"
  ], 
  "0": [
   "ORR", 
   "NOTUSED", 
   "ANDD", 
   "ORR", 
   "ANDD", 
   "ORR", 
   "NOTUSED", 
   "ORR", 
   "ANDD", 
   "NOTUSED", 
   "ORR", 
   "NOTUSED", 
   "ANDD", 
   "ORR", 
   "NOTUSED"
  ], 
  "3": [
   "ORR", 
   "ANDD", 
   "ORR", 
   "ORR", 
   "ORR", 
   "ORR", 
   "NOTUSED", 
   "NOTUSED", 
   "NOTUSED", 
   "ANDD", 
   "ANDD", 
   "ORR", 
   "ORR", 
   "ORR", 
   "ORR"
  ], 
  "2": [
   "ANDD", 
   "ANDD", 
   "ORR", 
   "ORR", 
   "ORR", 
   "ANDD", 
   "ORR", 
   "NOTUSED", 
   "ORR", 
   "ORR", 
   "ORR", 
   "ORR", 
   "NOTUSED", 
   "ANDD", 
   "ANDD"
  ], 
  "5": [
   "ORR", 
   "ORR", 
   "ANDD", 
   "ORR", 
   "NOTUSED", 
   "NOTUSED", 
   "NOTUSED", 
   "ORR", 
   "ANDD", 
   "ANDD", 
   "ORR", 
   "NOTUSED", 
   "NOTUSED", 
   "ANDD", 
   "ORR"
  ], 
  "4": [
   "ANDD", 
   "NOTUSED", 
   "ORR", 
   "ORR", 
   "ANDD", 
   "NOTUSED", 
   "NOTUSED", 
   "ANDD", 
   "NOTUSED", 
   "ORR", 
   "ORR", 
   "ANDD", 
   "NOTUSED", 
   "ORR", 
   "ANDD"
  ], 
  "7": [
   "ORR", 
   "ANDD", 
   "NOTUSED", 
   "NOTUSED", 
   "ANDD", 
   "ORR", 
   "NOTUSED", 
   "ORR", 
   "NOTUSED", 
   "NOTUSED", 
   "ANDD", 
   "ANDD", 
   "NOTUSED", 
   "NOTUSED", 
   "ORR"
  ], 
  "6": [
   "NOTUSED", 
   "ORR", 
   "ORR", 
   "NOTUSED", 
   "NOTUSED", 
   "NOTUSED", 
   "NOTUSED", 
   "NOTUSED", 
   "ORR", 
   "ORR", 
   "ANDD", 
   "ANDD", 
   "ORR", 
   "NOTUSED", 
   "ORR"
  ], 
  "9": [
   "NOTUSED", 
   "ANDD", 
   "ORR", 
   "ANDD", 
   "ORR", 
   "ANDD", 
   "ORR", 
   "NOTUSED", 
   "ANDD", 
   "NOTUSED", 
   "NOTUSED", 
   "ORR", 
   "ANDD", 
   "NOTUSED", 
   "ANDD"
  ], 
  "8": [
   "ANDD", 
   "NOTUSED", 
   "ORR", 
   "NOTUSED", 
   "NOTUSED", 
   "ANDD", 
   "ORR", 
   "NOTUSED", 
   "ORR", 
   "ANDD", 
   "NOTUSED", 
   "NOTUSED", 
   "ORR", 
   "NOTUSED", 
   "ORR"
  ]
 }
}