{
 "random_seed": 430399000, 
 "PARAMETERS": {
  "RADIUS1": 171277.332, 
  "QUADS": 2, 
  "RADIUS2": 517931.526, 
  "DIST": 806872.966, 
  "F_PTS": 5, 
  "K_PTS": 29, 
  "EPSILON": 2.807, 
  "LENGTH1": 540884.509, 
  "G_PTS": 6, 
  "Q_PTS": 11, 
  "N_PTS": 5, 
  "C_PTS": 12, 
  "AREA2": 311867.772, 
  "LENGTH2": 984569.13, 
  "B_PTS": 4, 
  "D_PTS": 9, 
  "AREA1": 867381.286, 
  "A_PTS": 11, 
  "E_PTS": 19
 }, 
 "NUMPOINTS": 40, 
 "points": [
  [
   -171074.249, 
   -632791.105
  ], 
  [
   -903698.605, 
   -344513.797
  ], 
  [
   -995587.867, 
   -396120.593
  ], 
  [
   949150.82, 
   -65194.729
  ], 
  [
   859963.09, 
   -822648.15
  ], 
  [
   503600.717, 
   -182366.721
  ], 
  [
   774425.715, 
   876107.563
  ], 
  [
   66433.877, 
   683692.424
  ], 
  [
   -120536.192, 
   -913584.065
  ], 
  [
   492004.079, 
   1802.272
  ], 
  [
   342801.034, 
   -518448.728
  ], 
  [
   749976.158, 
   739590.354
  ], 
  [
   80964.171, 
   67551.412
  ], 
  [
   785983.991, 
   -85994.969
  ], 
  [
   548016.526, 
   252883.594
  ], 
  [
   -502186.909, 
   623968.148
  ], 
  [
   -367120.338, 
   483967.453
  ], 
  [
   -119545.369, 
   143583.892
  ], 
  [
   692413.388, 
   -362876.125
  ], 
  [
   618798.139, 
   -874832.01
  ], 
  [
   885866.637, 
   -605305.718
  ], 
  [
   -677167.744, 
   293765.498
  ], 
  [
   -551320.256, 
   -424053.541
  ], 
  [
   940296.54, 
   756708.325
  ], 
  [
   -15139.27, 
   -258143.735
  ], 
  [
   -51474.907, 
   261208.022
  ], 
  [
   96813.172, 
   -927054.174
  ], 
  [
   332454.265, 
   959742.549
  ], 
  [
   -684819.285, 
   -236821.705
  ], 
  [
   691081.683, 
   232155.958
  ], 
  [
   140229.649, 
   72625.833
  ], 
  [
   291127.16, 
   -242051.233
  ], 
  [
   877116.22, 
   -572918.315
  ], 
  [
   134523.254, 
   81050.452
  ], 
  [
   -105220.972, 
   -109209.425
  ], 
  [
   -897419.153, 
   426946.066
  ], 
  [
   635737.678, 
   51123.937
  ], 
  [
   975960.633, 
   923629.761
  ], 
  [
   -778267.053, 
   -264578.941
  ], 
  [
   901678.625, 
   229447.025
  ]
 ], 
 "PUV": [
  false, 
  true, 
  false, 
  false, 
  true, 
  false, 
  false, 
  false, 
  false, 
  false, 
  true, 
  true, 
  false, 
  true, 
  true
 ], 
 "LCM": {
  "11": [
   "ORR", 
   "ANDD", 
   "ORR", 
   "NOTUSED", 
   "ANDD", 
   "ORR", 
   "ANDD", 
   "ORR", 
   "ORR", 
   "NOTUSED", 
   "ANDD", 
   "ANDD", 
   "ORR", 
   "ANDD", 
   "ORR"
  ], 
  "10": [
   "NOTUSED", 
   "ORR", 
   "ORR", 
   "ANDD", 
   "ORR", 
   "ANDD", 
   "NOTUSED", 
   "ANDD", 
   "ORR", 
   "ANDD", 
   "ANDD", 
   "ANDD", 
   "ORR", 
   "ANDD", 
   "ORR"
  ], 
  "13": [
   "NOTUSED", 
   "NOTUSED", 
   "ORR", 
   "NOTUSED", 
   "ORR", 
   "NOTUSED", 
   "ANDD", 
   "ANDD", 
   "NOTUSED", 
   "ANDD", 
   "ANDD", 
   "ANDD", 
   "ORR", 
   "ANDD", 
   "ORR"
  ], 
  "12": [
   "NOTUSED", 
   "ORR", 
   "NOTUSED", 
   "NOTUSED", 
   "NOTUSED", 
   "ANDD", 
   "ANDD", 
   "ANDD", 
   "ANDD", 
   "ORR", 
   "ORR", 
   "ORR", 
   "ORR", 
   "ORR", 
   "ANDD"
  ], 
  "14": [
   "ORR", 
   "ORR", 
   "NOTUSED", 
   "ANDD", 
   "NOTUSED", 
   "ANDD", 
   "ANDD", 
   "ANDD", 
   "ANDD", 
   "NOTUSED", 
   "ORR", 
   "ORR", 
   "ANDD", 
   "ORR", 
   "ANDD"
  ], 
  "1": [
   "ORR", 
   "NOTUSED", 
   "NOTUSED", 
   "ORR", 
   "NOTUSED", 
   "NOTUSED", 
   "ANDD", 
   "NOTUSED", 
   "ORR", 
   "ORR", 
   "ORR", 
   "ANDD", 
   "ORR", 
   "NOTUSED", 
   "ORR"
  ], 
  "0": [
   "NOTUSED", 
   "ORR", 
   "ANDD", 
   "ANDD", 
   "NOTUSED", 
   "NOTUSED", 
   "ORR", 
   "NOTUSED", 
   "NOTUSED", 
   "ANDD", 
   "NOTUSED", 
   "ORR", 
   "NOTUSED", 
   "NOTUSED", 
   "ORR"
  ], 
  "3": [
   "ANDD", 
   "ORR", 
   "ORR", 
   "NOTUSED", 
   "NOTUSED", 
   "ANDD", 
   "ORR", 
   "ANDD", 
   "ANDD", 
   "ORR", 
   "ANDD", 
   "NOTUSED", 
   "NOTUSED", 
   "NOTUSED", 
   "ANDD"
  ], 
  "2": [
   "ANDD", 
   "NOTUSED", 
   "NOTUSED", 
   "ORR", 
   "NOTUSED", 
   "ORR", 
   "ORR", 
   "ORR", 
   "NOTUSED", 
   "NOTUSED", 
   "ORR", 
   "ORR", 
   "NOTUSED", 
   "ORR", 
   "NOTUSED"
  ], 
  "5": [
   "NOTUSED", 
   "NOTUSED", 
   "ORR", 
   "ANDD", 
   "ORR", 
   "ORR", 
   "ANDD", 
   "ORR", 
   "ANDD", 
   "ANDD", 
   "ANDD", 
   "ORR", 
   "ANDD", 
   "NOTUSED", 
   "ANDD"
  ], 
  "4": [
   "NOTUSED", 
   "NOTUSED", 
   "NOTUSED", 
   "NOTUSED", 
   "ANDD", 
   "ORR", 
   "NOTUSED", 
   "ORR", 
   "ANDD", 
   "ORR", 
   "ORR", 
   "ANDD", 
   "NOTUSED", 
   "ORR", 
   "NOTUSED"
  ], 
  "7": [
   "NOTUSED", 
   "NOTUSED", 
   "ORR", 
   "ANDD", 
   "ORR", 
   "ORR", 
   "ANDD", 
   "NOTUSED", 
   "ORR", 
   "ORR", 
   "ANDD", 
   "ORR", 
   "ANDD", 
   "ANDD", 
   "ANDD"
  ], 
  "6": [
   "ORR", 
   "ANDD", 
   "ORR", 
   "ORR", 
   "NOTUSED", 
   "ANDD", 
   "ORR", 
   "ANDD", 
   "NOTUSED", 
   "ANDD", 
   "NOTUSED", 
   "ANDD", 
   "ANDD", 
   "ANDD", 
   "ANDD"
  ], 
  "9": [
   "ANDD", 
   "ORR", 
   "NOTUSED", 
   "ORR", 
   "ORR", 
   "ANDD", 
   "ANDD", 
   "ORR", 
   "ANDD", 
   "ANDD", 
   "ANDD", 
   "NOTUSED", 
   "ORR", 
   "ANDD", 
   "NOTUSED"
  ], 
  "8": [
   "NOTUSED", 
   "ORR", 
   "NOTUSED", 
   "ANDD", 
   "ANDD", 
   "ANDD", 
   "NOTUSED", 
   "ORR", 
   "ORR", 
   "ANDD", 
   "ORR", 
   "ORR", 
   "ANDD", 
   "NOTUSED", 
   "ANDD"
  ]
 }
}