{
 "random_seed": 10274704, 
 "PARAMETERS": {
  "RADIUS1": 317528.108, 
  "QUADS": 3, 
  "RADIUS2": 475393.696, 
  "DIST": 279610.389, 
  "F_PTS": 6, 
  "K_PTS": 21, 
  "EPSILON": 1.31, 
  "LENGTH1": 278251.773, 
  "G_PTS": 44, 
  "Q_PTS": 47, 
  "N_PTS": 39, 
  "C_PTS": 4, 
  "AREA2": 322495.947, 
  "LENGTH2": 191713.39, 
  "B_PTS": 36, 
  "D_PTS": 40, 
  "AREA1": 163075.138, 
  "A_PTS": 15, 
  "E_PTS": 42
 }, 
 "NUMPOINTS": 68, 
 "points": [
  [
   716265.527, 
   -803482.845
  ], 
  [
   489546.429, 
   678297.697
  ], 
  [
   396756.612, 
   -765032.173
  ], 
  [
   811752.548, 
   16682.115
  ], 
  [
   -372673.84, 
   -40361.922
  ], 
  [
   -310677.034, 
   196410.449
  ], 
  [
   969093.07, 
   -736375.938
  ], 
  [
   536244.446, 
   757752.381
  ], 
  [
   317362.118, 
   -534429.394
  ], 
  [
   411753.409, 
   -124979.333
  ], 
  [
   670332.509, 
   -699204.921
  ], 
  [
   -778047.191, 
   434403.625
  ], 
  [
   -742912.948, 
   570243.603
  ], 
  [
   -192566.88, 
   -940897.033
  ], 
  [
   -156365.524, 
   -44238.249
  ], 
  [
   -751968.695, 
   797113.739
  ], 
  [
   270446.734, 
   -161530.263
  ], 
  [
   -712539.773, 
   780308.651
  ], 
  [
   -866830.083, 
   834304.556
  ], 
  [
   -411199.772, 
   933018.468
  ], 
  [
   -783925.236, 
   363258.769
  ], 
  [
   144714.326, 
   -606932.57
  ], 
  [
   -434741.344, 
   773755.358
  ], 
  [
   -349904.671, 
   51740.316
  ], 
  [
   -808755.855, 
   354251.355
  ], 
  [
   124304.47, 
   878123.741
  ], 
  [
   610422.083, 
   429506.33
  ], 
  [
   384446.5, 
   182827.999
  ], 
  [
   -884712.468, 
   -392223.527
  ], 
  [
   668248.63, 
   -788919.431
  ], 
  [
   -652338.154, 
   -382370.493
  ], 
  [
   -710977.211, 
   -467607.056
  ], 
  [
   -274147.365, 
   -81440.11
  ], 
  [
   77214.821, 
   -593813.957
  ], 
  [
   -87104.127, 
   200879.352
  ], 
  [
   -283303.223, 
   -575295.305
  ], 
  [
   -800021.571, 
   -953720.359
  ], 
  [
   552132.357, 
   -40045.518
  ], 
  [
   -130706.111, 
   -773397.323
  ], 
  [
   -232768.938, 
   729396.647
  ], 
  [
   -612067.433, 
   -293065.116
  ], 
  [
   793157.375, 
   -186625.943
  ], 
  [
   911782.227, 
   544874.639
  ], 
  [
   -993206.574, 
   66142.84
  ], 
  [
   447138.488, 
   -366383.919
  ], 
  [
   210764.67, 
   -382530.188
  ], 
  [
   -597711.789, 
   -464014.369
  ], 
  [
   94873.747, 
   -377745.346
  ], 
  [
   59378.975, 
   412351.045
  ], 
  [
   -855950.889, 
   866318.565
  ], 
  [
   794389.974, 
   821929.55
  ], 
  [
   393662.0, 
   105480.774
  ], 
  [
   -552202.598, 
   -100330.08
  ], 
  [
   -234411.733, 
   129142.375
  ], 
  [
   786521.962, 
   -586698.822
  ], 
  [
   -184074.836, 
   442920.701
  ], 
  [
   -225235.834, 
   -170346.738
  ], 
  [
   31275.719, 
   -948388.312
  ], 
  [
   892817.137, 
   -287684.412
  ], 
  [
   249150.551, 
   -841660.648
  ], 
  [
   565501.616, 
   -817291.469
  ], 
  [
   -649817.387, 
   -481084.706
  ], 
  [
   -202268.349, 
   -987447.755
  ], 
  [
   -613355.773, 
   86096.731
  ], 
  [
   753636.162, 
   -399009.729
  ], 
  [
   -755640.905, 
   -320179.381
  ], 
  [
   893260.725, 
   475219.226
  ], 
  [
   813712.04, 
   358315.838
  ]
 ], 
 "PUV": [
  true, 
  true, 
  false, 
  false, 
  false, 
  false, 
  true, 
  true, 
  true, 
  false, 
  false, 
  false, 
  true, 
  true, 
  false
 ], 
 "LCM": {
  "11": [
   "ANDD", 
   "NOTUSED", 
   "NOTUSED", 
   "NOTUSED", 
   "NOTUSED", 
   "NOTUSED", 
   "ANDD", 
   "ANDD", 
   "NOTUSED", 
   "ORR", 
   "ANDD", 
   "ORR", 
   "ORR", 
   "NOTUSED", 
   "ANDD"
  ], 
  "10": [
   "ORR", 
   "ANDD", 
   "ANDD", 
   "ORR", 
   "ANDD", 
   "ORR", 
   "NOTUSED", 
   "NOTUSED", 
   "NOTUSED", 
   "ORR", 
   "ORR", 
   "ANDD", 
   "ANDD", 
   "NOTUSED", 
   "ANDD"
  ], 
  "13": [
   "ORR", 
   "ANDD", 
   "NOTUSED", 
   "ORR", 
   "ORR", 
   "ANDD", 
   "ANDD", 
   "ANDD", 
   "ORR", 
   "ORR", 
   "NOTUSED", 
   "NOTUSED", 
   "ANDD", 
   "NOTUSED", 
   "ORR"
  ], 
  "12": [
   "ORR", 
   "ANDD", 
   "NOTUSED", 
   "ANDD", 
   "ORR", 
   "ORR", 
   "ANDD", 
   "ORR", 
   "ANDD", 
   "ORR", 
   "ANDD", 
   "ORR", 
   "ORR", 
   "ANDD", 
   "ORR"
  ], 
  "14": [
   "ANDD", 
   "NOTUSED", 
   "ORR", 
   "ORR", 
   "ANDD", 
   "ORR", 
   "NOTUSED", 
   "NOTUSED", 
   "NOTUSED", 
   "NOTUSED", 
   "ANDD", 
   "ANDD", 
   "ORR", 
   "ORR", 
   "ORR"
  ], 
  "1": [
   "NOTUSED", 
   "NOTUSED", 
   "NOTUSED", 
   "ANDD", 
   "NOTUSED", 
   "NOTUSED", 
   "ORR", 
   "ANDD", 
   "ANDD", 
   "ORR", 
   "ANDD", 
   "NOTUSED", 
   "ANDD", 
   "ANDD", 
   "NOTUSED"
  ], 
  "0": [
   "ANDD", 
   "NOTUSED", 
   "ORR", 
   "NOTUSED", 
   "ORR", 
   "ANDD", 
   "ORR", 
   "ORR", 
   "NOTUSED", 
   "ORR", 
   "ORR", 
   "ANDD", 
   "ORR", 
   "ORR", 
   "ANDD"
  ], 
  "3": [
   "NOTUSED", 
   "ANDD", 
   "ANDD", 
   "NOTUSED", 
   "ANDD", 
   "ANDD", 
   "ORR", 
   "ORR", 
   "ORR", 
   "ANDD", 
   "ORR", 
   "NOTUSED", 
   "ANDD", 
   "ORR", 
   "ORR"
  ], 
  "2": [
   "ORR", 
   "NOTUSED", 
   "NOTUSED", 
   "ANDD", 
   "ORR", 
   "ORR", 
   "ANDD", 
   "ORR", 
   "ANDD", 
   "NOTUSED", 
   "ANDD", 
   "NOTUSED", 
   "NOTUSED", 
   "NOTUSED", 
   "ORR"
  ], 
  "5": [
   "ANDD", 
   "NOTUSED", 
   "ORR", 
   "ANDD", 
   "ANDD", 
   "ORR", 
   "ORR", 
   "NOTUSED", 
   "NOTUSED", 
   "ANDD", 
   "ORR", 
   "NOTUSED", 
   "ORR", 
   "ANDD", 
   "ORR"
  ], 
  "4": [
   "ORR", 
   "NOTUSED", 
   "ORR", 
   "ANDD", 
   "NOTUSED", 
   "ANDD", 
   "ANDD", 
   "NOTUSED", 
   "NOTUSED", 
   "ORR", 
   "ANDD", 
   "NOTUSED", 
   "ORR", 
   "ORR", 
   "ANDD"
  ], 
  "7": [
   "ORR", 
   "ANDD", 
   "ORR", 
   "ORR", 
   "NOTUSED", 
   "NOTUSED", 
   "ANDD", 
   "NOTUSED", 
   "ORR", 
   "NOTUSED", 
   "NOTUSED", 
   "ANDD", 
   "ORR", 
   "ANDD", 
   "NOTUSED"
  ], 
  "6": [
   "ORR", 
   "ORR", 
   "ANDD", 
   "ORR", 
   "ANDD", 
   "ORR", 
   "NOTUSED", 
   "ANDD", 
   "ORR", 
   "NOTUSED", 
   "NOTUSED", 
   "ANDD", 
   "ANDD", 
   "ANDD", 
   "NOTUSED"
  ], 
  "9": [
   "ORR", 
   "ORR", 
   "NOTUSED", 
   "ANDD", 
   "ORR", 
   "ANDD", 
   "NOTUSED", 
   "NOTUSED", 
   "ANDD", 
   "ORR", 
   "ORR", 
   "ORR", 
   "ORR", 
   "ORR", 
   "NOTUSED"
  ], 
  "8": [
   "NOTUSED", 
   "ANDD", 
   "ANDD", 
   "ORR", 
   "NOTUSED", 
   "NOTUSED", 
   "ORR", 
   "ORR", 
   "NOTUSED", 
   "ANDD", 
   "NOTUSED", 
   "NOTUSED", 
   "ANDD", 
   "ORR", 
   "NOTUSED"
  ]
 }
}