{
 "random_seed": 978107840, 
 "PARAMETERS": {
  "RADIUS1": 190615.766, 
  "QUADS": 3, 
  "RADIUS2": 457038.075, 
  "DIST": 881505.076, 
  "F_PTS": 14, 
  "K_PTS": 36, 
  "EPSILON": 0.237, 
  "LENGTH1": 85841.457, 
  "G_PTS": 38, 
  "Q_PTS": 23, 
  "N_PTS": 6, 
  "C_PTS": 27, 
  "AREA2": 655560.555, 
  "LENGTH2": 399477.547, 
  "B_PTS": 18, 
  "D_PTS": 38, 
  "AREA1": 292455.122, 
  "A_PTS": 7, 
  "E_PTS": 51
 }, 
 "NUMPOINTS": 69, 
 "points": [
  [
   -285223.177, 
   846861.891
  ], 
  [
   -492067.695, 
   378466.572
  ], 
  [
   472611.037, 
   182511.387
  ], 
  [
   -776013.296, 
   902811.284
  ], 
  [
   999786.38, 
   -214734.118
  ], 
  [
   -830929.099, 
   -498210.703
  ], 
  [
   800084.096, 
   182841.874
  ], 
  [
   403303.314, 
   358776.972
  ], 
  [
   721082.312, 
   -654610.489
  ], 
  [
   -132306.424, 
   -553610.071
  ], 
  [
   -358361.794, 
   669424.708
  ], 
  [
   -668013.879, 
   -616272.136
  ], 
  [
   -649417.219, 
   289460.289
  ], 
  [
   -629104.057, 
   -907747.603
  ], 
  [
   -657412.322, 
   578371.265
  ], 
  [
   148525.369, 
   239389.216
  ], 
  [
   819724.786, 
   352077.106
  ], 
  [
   -982865.838, 
   -382817.236
  ], 
  [
   586996.183, 
   887415.698
  ], 
  [
   -653203.093, 
   -239130.871
  ], 
  [
   -743800.14, 
   410145.258
  ], 
  [
   457851.134, 
   -684336.56
  ], 
  [
   108445.12, 
   559949.674
  ], 
  [
   -257187.123, 
   -579054.148
  ], 
  [
   -74011.841, 
   531108.013
  ], 
  [
   981110.511, 
   -179924.055
  ], 
  [
   -8398.639, 
   -839946.83
  ], 
  [
   -20520.572, 
   555150.244
  ], 
  [
   -330562.537, 
   -862127.634
  ], 
  [
   627662.638, 
   -117994.136
  ], 
  [
   618570.438, 
   -125238.94
  ], 
  [
   409962.73, 
   -750492.117
  ], 
  [
   798151.259, 
   -436404.765
  ], 
  [
   -637408.433, 
   705458.21
  ], 
  [
   909262.925, 
   702283.928
  ], 
  [
   -818710.836, 
   490380.728
  ], 
  [
   226820.811, 
   -967428.456
  ], 
  [
   659171.073, 
   -863861.523
  ], 
  [
   785560.489, 
   -73270.758
  ], 
  [
   -158956.603, 
   638455.872
  ], 
  [
   168373.388, 
   -505478.213
  ], 
  [
   258994.923, 
   -623893.332
  ], 
  [
   -104042.851, 
   -458832.311
  ], 
  [
   771981.387, 
   928386.379
  ], 
  [
   342239.427, 
   785599.528
  ], 
  [
   -174400.635, 
   -997675.344
  ], 
  [
   -292429.18, 
   759548.205
  ], 
  [
   -464093.238, 
   463838.702
  ], 
  [
   93439.858, 
   921388.883
  ], 
  [
   -696196.451, 
   -394788.837
  ], 
  [
   -893874.606, 
   -716357.727
  ], 
  [
   855436.935, 
   -250621.458
  ], 
  [
   -870576.011, 
   -153590.753
  ], 
  [
   -64843.99, 
   128955.424
  ], 
  [
   -380686.291, 
   -26740.755
  ], 
  [
   839677.658, 
   996510.486
  ], 
  [
   -303207.186, 
   531020.801
  ], 
  [
   -374506.026, 
   545618.733
  ], 
  [
   762019.681, 
   -850606.37
  ], 
  [
   -390486.809, 
   670255.235
  ], 
  [
   -350581.549, 
   222109.137
  ], 
  [
   230265.246, 
   907539.761
  ], 
  [
   -201624.653, 
   971582.437
  ], 
  [
   -850892.975, 
   -501998.066
  ], 
  [
   -105302.593, 
   -13865.976
  ], 
  [
   -177587.218, 
   -891612.121
  ], 
  [
   731540.21, 
   519190.384
  ], 
  [
   239302.679, 
   -908169.291
  ], 
  [
   -845171.003, 
   912724.652
  ]
 ], 
 "PUV": [
  false, 
  false, 
  true, 
  true, 
  false, 
  false, 
  false, 
  false, 
  false, 
  true, 
  true, 
  true, 
  false, 
  false, 
  true
 ], 
 "LCM": {
  "11": [
   "NOTUSED", 
   "ORR", 
   "NOTUSED", 
   "ORR", 
   "NOTUSED", 
   "NOTUSED", 
   "ANDD", 
   "ANDD", 
   "ANDD", 
   "ORR", 
   "NOTUSED", 
   "NOTUSED", 
   "ANDD", 
   "NOTUSED", 
   "ORR"
  ], 
  "10": [
   "NOTUSED", 
   "ORR", 
   "NOTUSED", 
   "NOTUSED", 
   "ORR", 
   "ANDD", 
   "ORR", 
   "ORR", 
   "ANDD", 
   "ANDD", 
   "ANDD", 
   "NOTUSED", 
   "ORR", 
   "ORR", 
   "ORR"
  ], 
  "13": [
   "ORR", 
   "ANDD", 
   "ORR", 
   "ANDD", 
   "NOTUSED", 
   "ORR", 
   "ANDD", 
   "ANDD", 
   "NOTUSED", 
   "NOTUSED", 
   "ORR", 
   "NOTUSED", 
   "NOTUSED", 
   "ORR", 
   "NOTUSED"
  ], 
  "12": [
   "ANDD", 
   "NOTUSED", 
   "ORR", 
   "ORR", 
   "ORR", 
   "NOTUSED", 
   "ANDD", 
   "ORR", 
   "NOTUSED", 
   "ANDD", 
   "ORR", 
   "ANDD", 
   "ANDD", 
   "NOTUSED", 
   "NOTUSED"
  ], 
  "14": [
   "NOTUSED", 
   "NOTUSED", 
   "ANDD", 
   "ANDD", 
   "NOTUSED", 
   "NOTUSED", 
   "NOTUSED", 
   "ORR", 
   "ANDD", 
   "NOTUSED", 
   "ORR", 
   "ORR", 
   "NOTUSED", 
   "NOTUSED", 
   "ORR"
  ], 
  "1": [
   "ORR", 
   "NOTUSED", 
   "ANDD", 
   "NOTUSED", 
   "ORR", 
   "ANDD", 
   "ORR", 
   "NOTUSED", 
   "ANDD", 
   "NOTUSED", 
   "ORR", 
   "ORR", 
   "NOTUSED", 
   "ANDD", 
   "NOTUSED"
  ], 
  "0": [
   "ORR", 
   "ORR", 
   "ANDD", 
   "NOTUSED", 
   "ANDD", 
   "NOTUSED", 
   "ORR", 
   "ORR", 
   "NOTUSED", 
   "ANDD", 
   "NOTUSED", 
   "NOTUSED", 
   "ANDD", 
   "ORR", 
   "NOTUSED"
  ], 
  "3": [
   "NOTUSED", 
   "NOTUSED", 
   "NOTUSED", 
   "NOTUSED", 
   "ORR", 
   "ANDD", 
   "ORR", 
   "ANDD", 
   "ORR", 
   "ORR", 
   "NOTUSED", 
   "ORR", 
   "ORR", 
   "ANDD", 
   "ANDD"
  ], 
  "2": [
   "ANDD", 
   "ANDD", 
   "ANDD", 
   "NOTUSED", 
   "ANDD", 
   "NOTUSED", 
   "ORR", 
   "ORR", 
   "ANDD", 
   "ANDD", 
   "NOTUSED", 
   "NOTUSED", 
   "ORR", 
   "ORR", 
   "ANDD"
  ], 
  "5": [
   "NOTUSED", 
   "ANDD", 
   "NOTUSED", 
   "ANDD", 
   "NOTUSED", 
   "ANDD", 
   "ANDD", 
   "ANDD", 
   "ANDD", 
   "ANDD", 
   "ANDD", 
   "NOTUSED", 
   "NOTUSED", 
   "ORR", 
   "NOTUSED"
  ], 
  "4": [
   "ANDD", 
   "ORR", 
   "ANDD", 
   "ORR", 
   "ANDD", 
   "NOTUSED", 
   "NOTUSED", 
   "ANDD", 
   "ANDD", 
   "ORR", 
   "ORR", 
   "NOTUSED", 
   "ORR", 
   "NOTUSED", 
   "NOTUSED"
  ], 
  "7": [
   "ORR", 
   "NOTUSED", 
   "ORR", 
   "ANDD", 
   "ANDD", 
   "ANDD", 
   "ANDD", 
   "ANDD", 
   "NOTUSED", 
   "NOTUSED", 
   "ORR", 
   "ANDD", 
   "ORR", 
   "ANDD", 
   "ORR"
  ], 
  "6": [
   "ORR", 
   "ORR", 
   "ORR", 
   "ORR", 
   "NOTUSED", 
   "ANDD", 
   "ANDD", 
   "ANDD", 
   "ANDD", 
   "ORR", 
   "ORR", 
   "ANDD", 
   "ANDD", 
   "ANDD", 
   "NOTUSED"
  ], 
  "9": [
   "ANDD", 
   "NOTUSED", 
   "ANDD", 
   "ORR", 
   "ORR", 
   "ANDD", 
   "ORR", 
   "NOTUSED", 
   "ORR", 
   "ORR", 
   "ANDD", 
   "ORR", 
   "ANDD", 
   "NOTUSED", 
   "NOTUSED"
  ], 
  "8": [
   "NOTUSED", 
   "ANDD", 
   "ANDD", 
   "ORR", 
   "ANDD", 
   "ANDD", 
   "ANDD", 
   "NOTUSED", 
   "ANDD", 
   "ORR", 
   "ANDD", 
   "ANDD", 
   "NOTUSED", 
   "NOTUSED", 
   "ANDD"
  ]
 }
}