{
 "random_seed": 2289834816, 
 "PARAMETERS": {
  "RADIUS1": 278067.101, 
  "QUADS": 1, 
  "RADIUS2": 468876.88, 
  "DIST": 764959.314, 
  "F_PTS": 24, 
  "K_PTS": 7, 
  "EPSILON": 2.058, 
  "LENGTH1": 918259.891, 
  "G_PTS": 8, 
  "Q_PTS": 9, 
  "N_PTS": 14, 
  "C_PTS": 12, 
  "AREA2": 395171.267, 
  "LENGTH2": 730846.294, 
  "B_PTS": 2, 
  "D_PTS": 1, 
  "AREA1": 722520.441, 
  "A_PTS": 23, 
  "E_PTS": 6
 }, 
 "NUMPOINTS": 40, 
 "points": [
  [
   690312.519, 
   -834841.422
  ], 
  [
   869248.037, 
   -604143.929
  ], 
  [
   -583361.415, 
   -100372.986
  ], 
  [
   145625.154, 
   -159382.539
  ], 
  [
   534159.831, 
   489814.942
  ], 
  [
   -130713.32, 
   -237597.598
  ], 
  [
   953978.169, 
   137651.332
  ], 
  [
   913828.147, 
   -551275.03
  ], 
  [
   727821.103, 
   -271437.574
  ], 
  [
   -145438.11, 
   -508945.08
  ], 
  [
   68674.337, 
   603154.96
  ], 
  [
   -160168.147, 
   802172.5
  ], 
  [
   -675014.22, 
   370851.28
  ], 
  [
   -22982.683, 
   -373600.607
  ], 
  [
   766798.207, 
   -657706.066
  ], 
  [
   -673552.143, 
   -639094.987
  ], 
  [
   970967.434, 
   -791956.868
  ], 
  [
   -394783.999, 
   -431422.617
  ], 
  [
   824873.264, 
   -537292.544
  ], 
  [
   274978.375, 
   -222078.717
  ], 
  [
   -208525.914, 
   614538.936
  ], 
  [
   765386.158, 
   -422386.939
  ], 
  [
   372478.008, 
   -436298.527
  ], 
  [
   57184.551, 
   541386.105
  ], 
  [
   430458.386, 
   411787.135
  ], 
  [
   -775048.303, 
   321285.553
  ], 
  [
   747917.641, 
   910264.504
  ], 
  [
   -837303.196, 
   -501214.55
  ], 
  [
   904997.849, 
   507580.821
  ], 
  [
   157147.558, 
   334407.485
  ], 
  [
   822548.274, 
   200933.603
  ], 
  [
   140624.99, 
   375725.711
  ], 
  [
   -718224.489, 
   701869.431
  ], 
  [
   248511.363, 
   220111.507
  ], 
  [
   -617562.613, 
   613545.678
  ], 
  [
   447628.396, 
   573534.81
  ], 
  [
   -108862.546, 
   -52732.285
  ], 
  [
   -544377.153, 
   103909.192
  ], 
  [
   -772748.205, 
   304134.426
  ], 
  [
   -312581.967, 
   72133.546
  ]
 ], 
 "PUV": [
  true, 
  true, 
  false, 
  false, 
  true, 
  true, 
  true, 
  false, 
  true, 
  true, 
  true, 
  true, 
  true, 
  false, 
  false
 ], 
 "LCM": {
  "11": [
   "ANDD", 
   "ORR", 
   "ORR", 
   "ANDD", 
   "NOTUSED", 
   "NOTUSED", 
   "ORR", 
   "ANDD", 
   "ORR", 
   "NOTUSED", 
   "NOTUSED", 
   "ANDD", 
   "ANDD", 
   "ORR", 
   "ANDD"
  ], 
  "10": [
   "NOTUSED", 
   "NOTUSED", 
   "ANDD", 
   "ORR", 
   "ANDD", 
   "ORR", 
   "NOTUSED", 
   "ANDD", 
   "ORR", 
   "ORR", 
   "ANDD", 
   "NOTUSED", 
   "ORR", 
   "ORR", 
   "ORR"
  ], 
  "13": [
   "ORR", 
   "ANDD", 
   "NOTUSED", 
   "ORR", 
   "ANDD", 
   "ANDD", 
   "ORR", 
   "ANDD", 
   "NOTUSED", 
   "NOTUSED", 
   "ORR", 
   "ORR", 
   "ORR", 
   "ORR", 
   "ANDD"
  ], 
  "12": [
   "ANDD", 
   "ORR", 
   "ANDD", 
   "ORR", 
   "ANDD", 
   "ORR", 
   "ORR", 
   "ORR", 
   "ANDD", 
   "ANDD", 
   "ORR", 
   "ANDD", 
   "NOTUSED", 
   "ORR", 
   "ORR"
  ], 
  "14": [
   "NOTUSED", 
   "ANDD", 
   "NOTUSED", 
   "ORR", 
   "ORR", 
   "ORR", 
   "ANDD", 
   "NOTUSED", 
   "ORR", 
   "NOTUSED", 
   "ORR", 
   "ANDD", 
   "ORR", 
   "ANDD", 
   "NOTUSED"
  ], 
  "1": [
   "NOTUSED", 
   "NOTUSED", 
   "ANDD", 
   "NOTUSED", 
   "NOTUSED", 
   "ORR", 
   "ANDD", 
   "ANDD", 
   "ANDD", 
   "NOTUSED", 
   "NOTUSED", 
   "ORR", 
   "ORR", 
   "ANDD", 
   "ANDD"
  ], 
  "0": [
   "ANDD", 
   "NOTUSED", 
   "ANDD", 
   "ORR", 
   "ORR", 
   "ORR", 
   "ANDD", 
   "ANDD", 
   "ANDD", 
   "ORR", 
   "NOTUSED", 
   "ANDD", 
   "ANDD", 
   "ORR", 
   "NOTUSED"
  ], 
  "3": [
   "ORR", 
   "NOTUSED", 
   "ORR", 
   "ORR", 
   "ORR", 
   "ORR", 
   "NOTUSED", 
   "ANDD", 
   "NOTUSED", 
   "ANDD", 
   "ORR", 
   "ANDD", 
   "ORR", 
   "ORR", 
   "ORR"
  ], 
  "2": [
   "ANDD", 
   "ANDD", 
   "ANDD", 
   "ORR", 
   "NOTUSED", 
   "ANDD", 
   "ORR", 
   "ANDD", 
   "NOTUSED", 
   "ANDD", 
   "ANDD", 
   "ORR", 
   "ANDD", 
   "NOTUSED", 
   "NOTUSED"
  ], 
  "5": [
   "ORR", 
   "ORR", 
   "ANDD", 
   "ORR", 
   "NOTUSED", 
   "NOTUSED", 
   "ANDD", 
   "ORR", 
   "ORR", 
   "ANDD", 
   "ORR", 
   "NOTUSED", 
   "ORR", 
   "ANDD", 
   "ORR"
  ], 
  "4": [
   "ORR", 
   "NOTUSED", 
   "NOTUSED", 
   "ORR", 
   "ORR", 
   "NOTUSED", 
   "NOTUSED", 
   "NOTUSED", 
   "ORR", 
   "ANDD", 
   "ANDD", 
   "NOTUSED", 
   "ANDD", 
   "ANDD", 
   "ORR"
  ], 
  "7": [
   "ANDD", 
   "ANDD", 
   "ANDD", 
   "ANDD", 
   "NOTUSED", 
   "ORR", 
   "NOTUSED", 
   "NOTUSED", 
   "ORR", 
   "ANDD", 
   "ANDD", 
   "ANDD", 
   "ORR", 
   "ANDD", 
   "NOTUSED"
  ], 
  "6": [
   "ANDD", 
   "ANDD", 
   "ORR", 
   "NOTUSED", 
   "NOTUSED", 
   "ANDD", 
   "NOTUSED", 
   "NOTUSED", 
   "ORR", 
   "ANDD", 
   "NOTUSED", 
   "ORR", 
   "ORR", 
   "ORR", 
   "ANDD"
  ], 
  "9": [
   "ORR", 
   "NOTUSED", 
   "ANDD", 
   "ANDD", 
   "ANDD", 
   "ANDD", 
   "ANDD", 
   "ANDD", 
   "ORR", 
   "NOTUSED", 
   "ORR", 
   "NOTUSED", 
   "ANDD", 
   "NOTUSED", 
   "NOTUSED"
  ], 
  "8": [
   "ANDD", 
   "ANDD", 
   "NOTUSED", 
   "NOTUSED", 
   "ORR", 
   "ORR", 
   "ORR", 
   "ORR", 
   "NOTUSED", 
   "ORR", 
   "ORR", 
   "ORR", 
   "ANDD", 
   "NOTUSED", 
   "ORR"
  ]
 }
}