{
 "random_seed": 2668712598, 
 "PARAMETERS": {
  "RADIUS1": 584560.126, 
  "QUADS": 2, 
  "RADIUS2": 916503.42, 
  "DIST": 769779.798, 
  "F_PTS": 11, 
  "K_PTS": 21, 
  "EPSILON": 1.153, 
  "LENGTH1": 835117.308, 
  "G_PTS": 34, 
  "Q_PTS": 30, 
  "N_PTS": 39, 
  "C_PTS": 4, 
  "AREA2": 23227.998, 
  "LENGTH2": 932816.609, 
  "B_PTS": 11, 
  "D_PTS": 14, 
  "AREA1": 781772.873, 
  "A_PTS": 34, 
  "E_PTS": 11
 }, 
 "NUMPOINTS": 51, 
 "points": [
  [
   -70383.943, 
   140792.334
  ], 
  [
   900818.438, 
   -669804.948
  ], 
  [
   -241553.534, 
   -4680.862
  ], 
  [
   -74410.676, 
   416036.424
  ], 
  [
   336945.586, 
   653607.22
  ], 
  [
   -346471.065, 
   164849.401
  ], 
  [
   842776.523, 
   -414222.636
  ], 
  [
   863140.537, 
   -817569.983
  ], 
  [
   -503109.616, 
   -894087.053
  ], 
  [
   -185165.797, 
   -506288.818
  ], 
  [
   -823654.182, 
   -515665.404
  ], 
  [
   263467.032, 
   -616587.065
  ], 
  [
   -675714.17, 
   -755326.176
  ], 
  [
   348117.78, 
   183479.913
  ], 
  [
   767601.734, 
   -257565.904
  ], 
  [
   -562831.723, 
   -165712.468
  ], 
  [
   -139506.701, 
   -753062.743
  ], 
  [
   -51567.417, 
   -86173.672
  ], 
  [
   85080.438, 
   98428.258
  ], 
  [
   766494.015, 
   -501622.774
  ], 
  [
   779648.599, 
   106567.649
  ], 
  [
   -141338.495, 
   -465696.244
  ], 
  [
   712536.989, 
   212970.459
  ], 
  [
   -372643.918, 
   69010.409
  ], 
  [
   670907.393, 
   -875793.694
  ], 
  [
   228387.49, 
   297196.865
  ], 
  [
   456398.137, 
   989238.147
  ], 
  [
   50115.847, 
   -607716.839
  ], 
  [
   619434.465, 
   628500.271
  ], 
  [
   -634627.76, 
   -299351.403
  ], 
  [
   297673.335, 
   -133552.607
  ], 
  [
   838187.144, 
   -709014.381
  ], 
  [
   -312627.435, 
   427899.91
  ], 
  [
   -908730.992, 
   574846.748
  ], 
  [
   -130340.225, 
   -368217.791
  ], 
  [
   535560.504, 
   462000.841
  ], 
  [
   -637302.089, 
   -597355.757
  ], 
  [
   254537.47, 
   986057.982
  ], 
  [
   611048.412, 
   -516206.821
  ], 
  [
   -608579.995, 
   561124.767
  ], 
  [
   -390573.522, 
   -332100.424
  ], 
  [
   -227656.925, 
   -796631.061
  ], 
  [
   667409.175, 
   694275.838
  ], 
  [
   -670638.379, 
   -869949.368
  ], 
  [
   509896.051, 
   800208.292
  ], 
  [
   -589632.831, 
   -488568.589
  ], 
  [
   -70648.724, 
   272930.788
  ], 
  [
   368587.643, 
   -180300.713
  ], 
  [
   -39965.813, 
   993811.063
  ], 
  [
   -553456.374, 
   786496.779
  ], 
  [
   -662028.565, 
   -128418.168
  ]
 ], 
 "PUV": [
  false, 
  true, 
  true, 
  false, 
  false, 
  true, 
  true, 
  true, 
  true, 
  false, 
  false, 
  true, 
  true, 
  true, 
  false
 ], 
 "LCM": {
  "11": [
   "NOTUSED", 
   "ORR", 
   "NOTUSED", 
   "NOTUSED", 
   "NOTUSED", 
   "NOTUSED", 
   "ORR", 
   "ORR", 
   "NOTUSED", 
   "ORR", 
   "ANDD", 
   "ORR", 
   "NOTUSED", 
   "ANDD", 
   "ORR"
  ], 
  "10": [
   "ANDD", 
   "NOTUSED", 
   "ORR", 
   "ORR", 
   "NOTUSED", 
   "ORR", 
   "ANDD", 
   "ANDD", 
   "NOTUSED", 
   "NOTUSED", 
   "NOTUSED", 
   "ANDD", 
   "ORR", 
   "ORR", 
   "ANDD"
  ], 
  "13": [
   "ANDD", 
   "ANDD", 
   "ANDD", 
   "NOTUSED", 
   "NOTUSED", 
   "ORR", 
   "ORR", 
   "NOTUSED", 
   "NOTUSED", 
   "ORR", 
   "ORR", 
   "ANDD", 
   "NOTUSED", 
   "ORR", 
   "ANDD"
  ], 
  "12": [
   "ANDD", 
   "NOTUSED", 
   "ORR", 
   "NOTUSED", 
   "ANDD", 
   "NOTUSED", 
   "ANDD", 
   "ANDD", 
   "NOTUSED", 
   "NOTUSED", 
   "ORR", 
   "NOTUSED", 
   "NOTUSED", 
   "NOTUSED", 
   "NOTUSED"
  ], 
  "14": [
   "ANDD", 
   "NOTUSED", 
   "ANDD", 
   "ANDD", 
   "ORR", 
   "NOTUSED", 
   "ANDD", 
   "ORR", 
   "NOTUSED", 
   "ORR", 
   "ANDD", 
   "ORR", 
   "NOTUSED", 
   "ANDD", 
   "NOTUSED"
  ], 
  "1": [
   "ANDD", 
   "NOTUSED", 
   "ORR", 
   "ANDD", 
   "NOTUSED", 
   "ORR", 
   "ORR", 
   "ANDD", 
   "ORR", 
   "NOTUSED", 
   "NOTUSED", 
   "ORR", 
   "NOTUSED", 
   "ANDD", 
   "NOTUSED"
  ], 
  "0": [
   "ORR", 
   "ANDD", 
   "ORR", 
   "ANDD", 
   "ORR", 
   "ANDD", 
   "NOTUSED", 
   "ORR", 
   "ANDD", 
   "ANDD", 
   "ANDD", 
   "NOTUSED", 
   "ANDD", 
   "ANDD", 
   "ANDD"
  ], 
  "3": [
   "ANDD", 
   "ANDD", 
   "ANDD", 
   "ORR", 
   "ANDD", 
   "NOTUSED", 
   "ORR", 
   "ANDD", 
   "NOTUSED", 
   "NOTUSED", 
   "ORR", 
   "NOTUSED", 
   "NOTUSED", 
   "NOTUSED", 
   "ANDD"
  ], 
  "2": [
   "ORR", 
   "ORR", 
   "ORR", 
   "ANDD", 
   "NOTUSED", 
   "NOTUSED", 
   "ORR", 
   "NOTUSED", 
   "ANDD", 
   "ORR", 
   "ORR", 
   "NOTUSED", 
   "ORR", 
   "ANDD", 
   "ANDD"
  ], 
  "5": [
   "ANDD", 
   "ORR", 
   "NOTUSED", 
   "NOTUSED", 
   "ORR", 
   "ANDD", 
   "NOTUSED", 
   "ANDD", 
   "NOTUSED", 
   "ANDD", 
   "ORR", 
   "NOTUSED", 
   "NOTUSED", 
   "ORR", 
   "NOTUSED"
  ], 
  "4": [
   "ORR", 
   "NOTUSED", 
   "NOTUSED", 
   "ANDD", 
   "ORR", 
   "ORR", 
   "NOTUSED", 
   "ORR", 
   "ANDD", 
   "ANDD", 
   "NOTUSED", 
   "NOTUSED", 
   "ANDD", 
   "NOTUSED", 
   "ORR"
  ], 
  "7": [
   "ORR", 
   "ANDD", 
   "NOTUSED", 
   "ANDD", 
   "ORR", 
   "ANDD", 
   "ORR", 
   "ANDD", 
   "ANDD", 
   "NOTUSED", 
   "ANDD", 
   "ORR", 
   "ANDD", 
   "NOTUSED", 
   "ORR"
  ], 
  "6": [
   "NOTUSED", 
   "ORR", 
   "ORR", 
   "ORR", 
   "NOTUSED", 
   "NOTUSED", 
   "NOTUSED", 
   "ORR", 
   "NOTUSED", 
   "NOTUSED", 
   "ANDD", 
   "ORR", 
   "ANDD", 
   "ORR", 
   "ANDD"
  ], 
  "9": [
   "ANDD", 
   "NOTUSED", 
   "ORR", 
   "NOTUSED", 
   "ANDD", 
   "ANDD", 
   "NOTUSED", 
   "NOTUSED", 
   "NOTUSED", 
   "ORR", 
   "NOTUSED", 
   "ORR", 
   "NOTUSED", 
   "ORR", 
   "ORR"
  ], 
  "8": [
   "ANDD", 
   "ORR", 
   "ANDD", 
   "NOTUSED", 
   "ANDD", 
   "NOTUSED", 
   "NOTUSED", 
   "ANDD", 
   "NOTUSED", 
   "NOTUSED", 
   "NOTUSED", 
   "NOTUSED", 
   "NOTUSED", 
   "NOTUSED", 
   "NOTUSED"
  ]
 }
}