{
 "random_seed": 3961365376, 
 "PARAMETERS": {
  "RADIUS1": 938985.9, 
  "QUADS": 3, 
  "RADIUS2": 355650.787, 
  "DIST": 631107.94, 
  "F_PTS": 72, 
  "K_PTS": 15, 
  "EPSILON": 1.481, 
  "LENGTH1": 385265.873, 
  "G_PTS": 19, 
  "Q_PTS": 77, 
  "N_PTS": 78, 
  "C_PTS": 15, 
  "AREA2": 934168.965, 
  "LENGTH2": 607687.236, 
  "B_PTS": 27, 
  "D_PTS": 17, 
  "AREA1": 425910.698, 
  "A_PTS": 38, 
  "E_PTS": 3
 }, 
 "NUMPOINTS": 89, 
 "points": [
  [
   933891.644, 
   -177864.952
  ], 
  [
   577442.757, 
   464001.44
  ], 
  [
   878748.682, 
   -797033.556
  ], 
  [
   849726.81, 
   -700779.485
  ], 
  [
   44641.523, 
   255045.224
  ], 
  [
   -678275.859, 
   235572.276
  ], 
  [
   124001.821, 
   365490.168
  ], 
  [
   -55399.099, 
   944593.234
  ], 
  [
   -459076.525, 
   -466862.411
  ], 
  [
   -498835.942, 
   -163810.696
  ], 
  [
   -116156.951, 
   -758395.896
  ], 
  [
   -795816.443, 
   -614081.13
  ], 
  [
   -374175.958, 
   131694.014
  ], 
  [
   -243371.918, 
   -55768.029
  ], 
  [
   -983027.377, 
   -684309.878
  ], 
  [
   980500.823, 
   -525295.845
  ], 
  [
   774083.235, 
   478440.961
  ], 
  [
   103473.991, 
   -379636.67
  ], 
  [
   354894.353, 
   -640007.16
  ], 
  [
   -392040.629, 
   566433.433
  ], 
  [
   -217968.162, 
   260529.482
  ], 
  [
   -946589.575, 
   916254.536
  ], 
  [
   -589775.344, 
   -939522.358
  ], 
  [
   -35285.182, 
   193606.551
  ], 
  [
   -658053.594, 
   225156.617
  ], 
  [
   582147.144, 
   139473.298
  ], 
  [
   -294142.578, 
   -48583.64
  ], 
  [
   -930851.467, 
   369774.744
  ], 
  [
   -634429.724, 
   -728854.741
  ], 
  [
   -356811.475, 
   -480573.35
  ], 
  [
   461416.299, 
   698038.207
  ], 
  [
   -519077.238, 
   -502061.186
  ], 
  [
   -509950.06, 
   38098.216
  ], 
  [
   634215.302, 
   -186089.81
  ], 
  [
   834119.84, 
   935546.144
  ], 
  [
   -204787.129, 
   -55548.002
  ], 
  [
   -931953.324, 
   562067.511
  ], 
  [
   139923.33, 
   -650928.124
  ], 
  [
   521464.358, 
   -19976.198
  ], 
  [
   772047.185, 
   305436.526
  ], 
  [
   -276945.449, 
   898540.185
  ], 
  [
   -842281.805, 
   426905.952
  ], 
  [
   298284.522, 
   -324888.598
  ], 
  [
   251791.721, 
   934768.359
  ], 
  [
   792237.328, 
   -7111.797
  ], 
  [
   322693.036, 
   995518.349
  ], 
  [
   164819.19, 
   -945636.407
  ], 
  [
   791629.301, 
   -304000.785
  ], 
  [
   -996467.559, 
   -17458.878
  ], 
  [
   944953.792, 
   -673277.012
  ], 
  [
   693797.102, 
   839296.825
  ], 
  [
   -498570.869, 
   -712496.525
  ], 
  [
   -388549.696, 
   -727718.088
  ], 
  [
   346106.15, 
   -318102.883
  ], 
  [
   674521.151, 
   869022.033
  ], 
  [
   -903282.736, 
   -519417.619
  ], 
  [
   -93205.533, 
   75048.909
  ], 
  [
   -849068.689, 
   525644.148
  ], 
  [
   472658.774, 
   -347591.255
  ], 
  [
   335194.389, 
   -778323.292
  ], 
  [
   96339.941, 
   915384.246
  ], 
  [
   -124023.678, 
   -829222.97
  ], 
  [
   -799921.525, 
   959934.878
  ], 
  [
   364135.127, 
   -822937.822
  ], 
  [
   -39565.18, 
   136738.141
  ], 
  [
   117012.181, 
   99724.597
  ], 
  [
   -581603.606, 
   -359270.264
  ], 
  [
   296964.036, 
   182129.166
  ], 
  [
   138658.244, 
   -795205.647
  ], 
  [
   -514247.303, 
   299261.993
  ], 
  [
   -574325.879, 
   210550.476
  ], 
  [
   -819486.01, 
   196119.164
  ], 
  [
   360143.011, 
   -349188.992
  ], 
  [
   -689916.152, 
   -757692.702
  ], 
  [
   -151930.933, 
   409185.066
  ], 
  [
   -834241.567, 
   501461.399
  ], 
  [
   722107.742, 
   -905777.816
  ], 
  [
   438702.934, 
   81093.86
  ], 
  [
   201866.838, 
   -514434.743
  ], 
  [
   688738.135, 
   108371.715
  ], 
  [
   -471932.737, 
   -405317.145
  ], 
  [
   -765804.129, 
   120962.603
  ], 
  [
   -449125.608, 
   -301714.932
  ], 
  [
   -852708.81, 
   -922164.257
  ], 
  [
   -977662.834, 
   -159763.171
  ], 
  [
   311118.074, 
   799537.603
  ], 
  [
   -592143.266, 
   -859328.301
  ], 
  [
   -712291.625, 
   438843.778
  ], 
  [
   -954538.779, 
   -317473.277
  ]
 ], 
 "PUV": [
  false, 
  false, 
  false, 
  false, 
  false, 
  true, 
  false, 
  false, 
  false, 
  true, 
  true, 
  false, 
  true, 
  true, 
  true
 ], 
 "LCM": {
  "11": [
   "ORR", 
   "ANDD", 
   "ORR", 
   "NOTUSED", 
   "ANDD", 
   "ORR", 
   "ORR", 
   "ORR", 
   "ANDD", 
   "ANDD", 
   "ORR", 
   "NOTUSED", 
   "ORR", 
   "ORR", 
   "ANDD"
  ], 
  "10": [
   "ANDD", 
   "NOTUSED", 
   "ANDD", 
   "ORR", 
   "NOTUSED", 
   "NOTUSED", 
   "NOTUSED", 
   "NOTUSED", 
   "ORR", 
   "ANDD", 
   "NOTUSED", 
   "ORR", 
   "ORR", 
   "NOTUSED", 
   "ANDD"
  ], 
  "13": [
   "NOTUSED", 
   "ANDD", 
   "ANDD", 
   "NOTUSED", 
   "ORR", 
   "NOTUSED", 
   "ANDD", 
   "ORR", 
   "NOTUSED", 
   "NOTUSED", 
   "NOTUSED", 
   "ORR", 
   "NOTUSED", 
   "NOTUSED", 
   "ORR"
  ], 
  "12": [
   "ANDD", 
   "NOTUSED", 
   "ORR", 
   "NOTUSED", 
   "ORR", 
   "ANDD", 
   "ANDD", 
   "ANDD", 
   "ANDD", 
   "ANDD", 
   "ORR", 
   "ORR", 
   "NOTUSED", 
   "NOTUSED", 
   "NOTUSED"
  ], 
  "14": [
   "ANDD", 
   "ORR", 
   "ANDD", 
   "NOTUSED", 
   "NOTUSED", 
   "ORR", 
   "ORR", 
   "NOTUSED", 
   "ORR", 
   "ANDD", 
   "ANDD", 
   "ANDD", 
   "NOTUSED", 
   "ORR", 
   "ORR"
  ], 
  "1": [
   "NOTUSED", 
   "NOTUSED", 
   "ORR", 
   "ANDD", 
   "ANDD", 
   "ORR", 
   "ANDD", 
   "ANDD", 
   "ANDD", 
   "ANDD", 
   "NOTUSED", 
   "ANDD", 
   "NOTUSED", 
   "ANDD", 
   "ORR"
  ], 
  "0": [
   "ORR", 
   "NOTUSED", 
   "NOTUSED", 
   "ORR", 
   "ANDD", 
   "NOTUSED", 
   "ANDD", 
   "ORR", 
   "ORR", 
   "NOTUSED", 
   "ANDD", 
   "ORR", 
   "ANDD", 
   "NOTUSED", 
   "ANDD"
  ], 
  "3": [
   "ORR", 
   "ANDD", 
   "ORR", 
   "ORR", 
   "ORR", 
   "NOTUSED", 
   "NOTUSED", 
   "ANDD", 
   "ANDD", 
   "NOTUSED", 
   "ORR", 
   "NOTUSED", 
   "NOTUSED", 
   "NOTUSED", 
   "NOTUSED"
  ], 
  "2": [
   "NOTUSED", 
   "ORR", 
   "ANDD", 
   "ORR", 
   "ORR", 
   "ANDD", 
   "NOTUSED", 
   "ANDD", 
   "ORR", 
   "NOTUSED", 
   "ANDD", 
   "ORR", 
   "ORR", 
   "ANDD", 
   "ANDD"
  ], 
  "5": [
   "NOTUSED", 
   "ORR", 
   "ANDD", 
   "NOTUSED", 
   "ORR", 
   "NOTUSED", 
   "ORR", 
   "ORR", 
   "NOTUSED", 
   "ANDD", 
   "NOTUSED", 
   "ORR", 
   "ANDD", 
   "NOTUSED", 
   "ORR"
  ], 
  "4": [
   "ANDD", 
   "ANDD", 
   "ORR", 
   "ORR", 
   "ORR", 
   "ORR", 
   "ORR", 
   "ANDD", 
   "NOTUSED", 
   "ORR", 
   "NOTUSED", 
   "ANDD", 
   "ORR", 
   "ORR", 
   "NOTUSED"
  ], 
  "7": [
   "ORR", 
   "ANDD", 
   "ANDD", 
   "ANDD", 
   "ANDD", 
   "ORR", 
   "ORR", 
   "ORR", 
   "ANDD", 
   "ORR", 
   "NOTUSED", 
   "ORR", 
   "ANDD", 
   "ORR", 
   "NOTUSED"
  ], 
  "6": [
   "ANDD", 
   "ANDD", 
   "NOTUSED", 
   "NOTUSED", 
   "ORR", 
   "ORR", 
   "NOTUSED", 
   "ORR", 
   "ORR", 
   "NOTUSED", 
   "NOTUSED", 
   "ORR", 
   "ANDD", 
   "ANDD", 
   "ORR"
  ], 
  "9": [
   "NOTUSED", 
   "ANDD", 
   "NOTUSED", 
   "NOTUSED", 
   "ORR", 
   "ANDD", 
   "NOTUSED", 
   "ORR", 
   "ORR", 
   "ORR", 
   "ANDD", 
   "ANDD", 
   "ANDD", 
   "NOTUSED", 
   "ANDD"
  ], 
  "8": [
   "ORR", 
   "ANDD", 
   "ORR", 
   "ANDD", 
   "NOTUSED", 
   "NOTUSED", 
   "ORR", 
   "ANDD", 
   "NOTUSED", 
   "ORR", 
   "ORR", 
   "ANDD", 
   "ANDD", 
   "NOTUSED", 
   "ORR"
  ]
 }
}