{
 "random_seed": 3531524340, 
 "PARAMETERS": {
  "RADIUS1": 940652.048, 
  "QUADS": 2, 
  "RADIUS2": 165549.903, 
  "DIST": 78152.687, 
  "F_PTS": 22, 
  "K_PTS": 30, 
  "EPSILON": 2.498, 
  "LENGTH1": 791236.619, 
  "G_PTS": 39, 
  "Q_PTS": 34, 
  "N_PTS": 25, 
  "C_PTS": 29, 
  "AREA2": 165639.752, 
  "LENGTH2": 138316.272, 
  "B_PTS": 14, 
  "D_PTS": 1, 
  "AREA1": 734673.034, 
  "A_PTS": 30, 
  "E_PTS": 5
 }, 
 "NUMPOINTS": 48, 
 "points": [
  [
   -926790.587, 
   780242.798
  ], 
  [
   -735487.601, 
   -736215.503
  ], 
  [
   -804498.958, 
   180783.325
  ], 
  [
   146549.088, 
   -948879.157
  ], 
  [
   -792426.202, 
   22226.023
  ], 
  [
   694486.928, 
   780802.046
  ], 
  [
   699260.629, 
   -133903.116
  ], 
  [
   -672562.688, 
   -607141.653
  ], 
  [
   96676.842, 
   -983.899
  ], 
  [
   -198798.375, 
   803025.134
  ], 
  [
   -12641.513, 
   702884.297
  ], 
  [
   286407.661, 
   -355025.326
  ], 
  [
   954674.224, 
   32287.791
  ], 
  [
   -499204.864, 
   881986.135
  ], 
  [
   -378119.059, 
   451159.269
  ], 
  [
   440577.518, 
   344002.319
  ], 
  [
   -758004.274, 
   250706.416
  ], 
  [
   551127.059, 
   -760907.908
  ], 
  [
   405970.195, 
   -121799.009
  ], 
  [
   125988.405, 
   -161393.495
  ], 
  [
   -510734.243, 
   -830466.616
  ], 
  [
   -232884.959, 
   38233.471
  ], 
  [
   321264.475, 
   -621124.279
  ], 
  [
   171905.044, 
   112194.309
  ], 
  [
   426963.356, 
   -704615.036
  ], 
  [
   -536891.597, 
   -244235.708
  ], 
  [
   153937.818, 
   878712.365
  ], 
  [
   -164192.407, 
   802991.783
  ], 
  [
   587825.434, 
   -977358.577
  ], 
  [
   463944.946, 
   -811908.655
  ], 
  [
   -733471.795, 
   819402.715
  ], 
  [
   282257.794, 
   938230.202
  ], 
  [
   -879898.215, 
   155261.286
  ], 
  [
   -126103.202, 
   -466593.119
  ], 
  [
   -332766.696, 
   196232.093
  ], 
  [
   -957200.688, 
   -670799.333
  ], 
  [
   -483271.011, 
   -911190.279
  ], 
  [
   -389529.978, 
   -905399.638
  ], 
  [
   1262.316, 
   -233623.264
  ], 
  [
   -575675.713, 
   778113.688
  ], 
  [
   -283450.919, 
   -830207.038
  ], 
  [
   581229.564, 
   -557950.172
  ], 
  [
   -724594.616, 
   921778.685
  ], 
  [
   973855.424, 
   -86778.067
  ], 
  [
   296504.881, 
   230050.829
  ], 
  [
   546285.845, 
   -245888.015
  ], 
  [
   990367.985, 
   -913367.968
  ], 
  [
   681270.427, 
   179960.308
  ]
 ], 
 "PUV": [
  true, 
  true, 
  false, 
  false, 
  true, 
  false, 
  false, 
  true, 
  false, 
  true, 
  true, 
  true, 
  true, 
  true, 
  true
 ], 
 "LCM": {
  "11": [
   "ANDD", 
   "ANDD", 
   "NOTUSED", 
   "NOTUSED", 
   "ANDD", 
   "ORR", 
   "ANDD", 
   "ANDD", 
   "NOTUSED", 
   "NOTUSED", 
   "ANDD", 
   "ANDD", 
   "NOTUSED", 
   "ANDD", 
   "ANDD"
  ], 
  "10": [
   "ANDD", 
   "NOTUSED", 
   "ORR", 
   "NOTUSED", 
   "ANDD", 
   "ORR", 
   "NOTUSED", 
   "ORR", 
   "ORR", 
   "ANDD", 
   "ORR", 
   "ANDD", 
   "ANDD", 
   "ANDD", 
   "NOTUSED"
  ], 
  "13": [
   "ANDD", 
   "NOTUSED", 
   "ORR", 
   "ORR", 
   "ORR", 
   "ANDD", 
   "ORR", 
   "ANDD", 
   "ANDD", 
   "ORR", 
   "ANDD", 
   "ANDD", 
   "NOTUSED", 
   "ANDD", 
   "NOTUSED"
  ], 
  "12": [
   "ANDD", 
   "ORR", 
   "NOTUSED", 
   "ANDD", 
   "NOTUSED", 
   "ORR", 
   "ORR", 
   "ANDD", 
   "ANDD", 
   "NOTUSED", 
   "ANDD", 
   "NOTUSED", 
   "ORR", 
   "NOTUSED", 
   "NOTUSED"
  ], 
  "14": [
   "ORR", 
   "NOTUSED", 
   "ORR", 
   "ORR", 
   "NOTUSED", 
   "ANDD", 
   "ORR", 
   "ANDD", 
   "NOTUSED", 
   "ORR", 
   "NOTUSED", 
   "ANDD", 
   "NOTUSED", 
   "NOTUSED", 
   "ORR"
  ], 
  "1": [
   "ORR", 
   "NOTUSED", 
   "ORR", 
   "ANDD", 
   "ANDD", 
   "ANDD", 
   "ORR", 
   "ANDD", 
   "ANDD", 
   "NOTUSED", 
   "NOTUSED", 
   "ANDD", 
   "ORR", 
   "NOTUSED", 
   "NOTUSED"
  ], 
  "0": [
   "ANDD", 
   "ORR", 
   "ANDD", 
   "ANDD", 
   "ORR", 
   "NOTUSED", 
   "NOTUSED", 
   "NOTUSED", 
   "ORR", 
   "ORR", 
   "ANDD", 
   "ANDD", 
   "ANDD", 
   "ANDD", 
   "ORR"
  ], 
  "3": [
   "ANDD", 
   "ANDD", 
   "ANDD", 
   "ANDD", 
   "NOTUSED", 
   "ANDD", 
   "NOTUSED", 
   "NOTUSED", 
   "ANDD", 
   "NOTUSED", 
   "NOTUSED", 
   "NOTUSED", 
   "ANDD", 
   "ORR", 
   "ORR"
  ], 
  "2": [
   "ANDD", 
   "ORR", 
   "ORR", 
   "ANDD", 
   "ORR", 
   "ORR", 
   "ORR", 
   "ORR", 
   "NOTUSED", 
   "ANDD", 
   "ORR", 
   "NOTUSED", 
   "NOTUSED", 
   "ORR", 
   "ORR"
  ], 
  "5": [
   "NOTUSED", 
   "ANDD", 
   "ORR", 
   "ANDD", 
   "ORR", 
   "ORR", 
   "NOTUSED", 
   "ANDD", 
   "ORR", 
   "ANDD", 
   "ORR", 
   "ORR", 
   "ORR", 
   "ANDD", 
   "ANDD"
  ], 
  "4": [
   "ORR", 
   "ANDD", 
   "ORR", 
   "NOTUSED", 
   "NOTUSED", 
   "ORR", 
   "NOTUSED", 
   "ANDD", 
   "NOTUSED", 
   "ORR", 
   "ANDD", 
   "ANDD", 
   "NOTUSED", 
   "ORR", 
   "NOTUSED"
  ], 
  "7": [
   "NOTUSED", 
   "ANDD", 
   "ORR", 
   "NOTUSED", 
   "ANDD", 
   "ANDD", 
   "ORR", 
   "NOTUSED", 
   "NOTUSED", 
   "ANDD", 
   "ORR", 
   "ANDD", 
   "ANDD", 
   "ANDD", 
   "ANDD"
  ], 
  "6": [
   "NOTUSED", 
   "ORR", 
   "ORR", 
   "NOTUSED", 
   "NOTUSED", 
   "NOTUSED", 
   "ORR", 
   "ORR", 
   "ANDD", 
   "ORR", 
   "NOTUSED", 
   "ANDD", 
   "ORR", 
   "ORR", 
   "ORR"
  ], 
  "9": [
   "ORR", 
   "NOTUSED", 
   "ANDD", 
   "NOTUSED", 
   "ORR", 
   "ANDD", 
   "ORR", 
   "ANDD", 
   "ANDD", 
   "ANDD", 
   "ANDD", 
   "NOTUSED", 
   "NOTUSED", 
   "ORR", 
   "ORR"
  ], 
  "8": [
   "ORR", 
   "ANDD", 
   "NOTUSED", 
   "ANDD", 
   "NOTUSED", 
   "ORR", 
   "ANDD", 
   "NOTUSED", 
   "ANDD", 
   "ANDD", 
   "ORR", 
   "NOTUSED", 
   "ANDD", 
   "ANDD", 
   "NOTUSED"
  ]
 }
}