{
 "random_seed": 618288064, 
 "PARAMETERS": {
  "RADIUS1": 29252.736, 
  "QUADS": 1, 
  "RADIUS2": 407415.19, 
  "DIST": 481320.166, 
  "F_PTS": 1, 
  "K_PTS": 22, 
  "EPSILON": 1.774, 
  "LENGTH1": 116570.387, 
  "G_PTS": 14, 
  "Q_PTS": 20, 
  "N_PTS": 16, 
  "C_PTS": 28, 
  "AREA2": 790780.799, 
  "LENGTH2": 199241.515, 
  "B_PTS": 18, 
  "D_PTS": 6, 
  "AREA1": 272227.492, 
  "A_PTS": 10, 
  "E_PTS": 39
 }, 
 "NUMPOINTS": 44, 
 "points": [
  [
   233157.42, 
   851713.344
  ], 
  [
   15007.14, 
   -771102.409
  ], 
  [
   -879482.984, 
   -988476.708
  ], 
  [
   -6604.762, 
   625435.572
  ], 
  [
   706708.68, 
   -574658.111
  ], 
  [
   -807388.97, 
   390549.936
  ], 
  [
   928428.366, 
   744775.931
  ], 
  [
   419911.773, 
   -294678.268
  ], 
  [
   164808.711, 
   -104725.304
  ], 
  [
   -205341.043, 
   -441451.043
  ], 
  [
   -7037.583, 
   -889845.983
  ], 
  [
   904307.002, 
   -703313.417
  ], 
  [
   823916.658, 
   797789.14
  ], 
  [
   90272.785, 
   402903.673
  ], 
  [
   891620.669, 
   -575948.338
  ], 
  [
   -173274.336, 
   146103.917
  ], 
  [
   508337.655, 
   1526.156
  ], 
  [
   -965817.751, 
   -381892.046
  ], 
  [
   585671.355, 
   -423972.261
  ], 
  [
   -201859.538, 
   -653905.213
  ], 
  [
   -104154.252, 
   53020.432
  ], 
  [
   364197.804, 
   -496912.416
  ], 
  [
   47093.605, 
   57528.119
  ], 
  [
   -113919.63, 
   36534.306
  ], 
  [
   665988.492, 
   -556871.737
  ], 
  [
   -128407.195, 
   -444019.819
  ], 
  [
   -387691.651, 
   630896.297
  ], 
  [
   -115145.024, 
   113698.787
  ], 
  [
   952765.4, 
   45456.946
  ], 
  [
   995281.589, 
   -412449.106
  ], 
  [
   -44335.966, 
   -343507.043
  ], 
  [
   -30254.898, 
   69415.988
  ], 
  [
   869484.4, 
   819437.578
  ], 
  [
   -63961.01, 
   509610.753
  ], 
  [
   -522428.746, 
   -678351.432
  ], 
  [
   -745317.551, 
   472549.596
  ], 
  [
   -815089.713, 
   -980457.601
  ], 
  [
   -974187.707, 
   -1692.649
  ], 
  [
   11711.141, 
   -337437.529
  ], 
  [
   -680382.655, 
   810054.999
  ], 
  [
   -866624.774, 
   426327.434
  ], 
  [
   870679.243, 
   -315457.289
  ], 
  [
   -831838.005, 
   413544.081
  ], 
  [
   -201087.382, 
   129092.547
  ]
 ], 
 "PUV": [
  true, 
  true, 
  false, 
  true, 
  false, 
  false, 
  true, 
  false, 
  false, 
  false, 
  true, 
  true, 
  true, 
  true, 
  true
 ], 
 "LCM": {
  "11": [
   "ORR", 
   "NOTUSED", 
   "ORR", 
   "NOTUSED", 
   "ANDD", 
   "ANDD", 
   "NOTUSED", 
   "ORR", 
   "ORR", 
   "ANDD", 
   "ORR", 
   "ANDD", 
   "NOTUSED", 
   "ANDD", 
   "NOTUSED"
  ], 
  "10": [
   "ANDD", 
   "ANDD", 
   "ANDD", 
   "ANDD", 
   "ORR", 
   "NOTUSED", 
   "ANDD", 
   "NOTUSED", 
   "ORR", 
   "ANDD", 
   "ORR", 
   "ORR", 
   "ORR", 
   "ORR", 
   "ANDD"
  ], 
  "13": [
   "ANDD", 
   "ANDD", 
   "NOTUSED", 
   "ORR", 
   "ANDD", 
   "ORR", 
   "ANDD", 
   "ORR", 
   "ORR", 
   "ORR", 
   "ORR", 
   "ANDD", 
   "ANDD", 
   "ANDD", 
   "ORR"
  ], 
  "12": [
   "ANDD", 
   "NOTUSED", 
   "ANDD", 
   "ANDD", 
   "ORR", 
   "ANDD", 
   "NOTUSED", 
   "NOTUSED", 
   "ANDD", 
   "ORR", 
   "ORR", 
   "NOTUSED", 
   "ORR", 
   "ANDD", 
   "NOTUSED"
  ], 
  "14": [
   "ORR", 
   "ORR", 
   "ANDD", 
   "ANDD", 
   "ORR", 
   "ANDD", 
   "NOTUSED", 
   "ORR", 
   "ORR", 
   "ORR", 
   "ANDD", 
   "NOTUSED", 
   "NOTUSED", 
   "ORR", 
   "NOTUSED"
  ], 
  "1": [
   "ORR", 
   "ANDD", 
   "NOTUSED", 
   "NOTUSED", 
   "NOTUSED", 
   "NOTUSED", 
   "NOTUSED", 
   "ORR", 
   "NOTUSED", 
   "ORR", 
   "ANDD", 
   "NOTUSED", 
   "NOTUSED", 
   "ANDD", 
   "ORR"
  ], 
  "0": [
   "NOTUSED", 
   "ORR", 
   "ORR", 
   "ORR", 
   "ORR", 
   "NOTUSED", 
   "ANDD", 
   "ORR", 
   "NOTUSED", 
   "ANDD", 
   "ANDD", 
   "ORR", 
   "ANDD", 
   "ANDD", 
   "ORR"
  ], 
  "3": [
   "ORR", 
   "NOTUSED", 
   "NOTUSED", 
   "ANDD", 
   "NOTUSED", 
   "NOTUSED", 
   "ORR", 
   "ORR", 
   "NOTUSED", 
   "NOTUSED", 
   "ANDD", 
   "NOTUSED", 
   "ANDD", 
   "ORR", 
   "ANDD"
  ], 
  "2": [
   "ORR", 
   "NOTUSED", 
   "ORR", 
   "NOTUSED", 
   "ANDD", 
   "ORR", 
   "ORR", 
   "NOTUSED", 
   "ORR", 
   "NOTUSED", 
   "ANDD", 
   "ORR", 
   "ANDD", 
   "NOTUSED", 
   "ANDD"
  ], 
  "5": [
   "NOTUSED", 
   "NOTUSED", 
   "ORR", 
   "NOTUSED", 
   "ANDD", 
   "ORR", 
   "ANDD", 
   "NOTUSED", 
   "ANDD", 
   "ORR", 
   "NOTUSED", 
   "ANDD", 
   "ANDD", 
   "ORR", 
   "ANDD"
  ], 
  "4": [
   "ORR", 
   "NOTUSED", 
   "ANDD", 
   "NOTUSED", 
   "ANDD", 
   "ANDD", 
   "ANDD", 
   "ORR", 
   "NOTUSED", 
   "ANDD", 
   "ORR", 
   "ANDD", 
   "ORR", 
   "ANDD", 
   "ORR"
  ], 
  "7": [
   "ORR", 
   "ORR", 
   "NOTUSED", 
   "ORR", 
   "ORR", 
   "NOTUSED", 
   "ORR", 
   "NOTUSED", 
   "NOTUSED", 
   "ANDD", 
   "NOTUSED", 
   "ORR", 
   "NOTUSED", 
   "ORR", 
   "ORR"
  ], 
  "6": [
   "ANDD", 
   "NOTUSED", 
   "ORR", 
   "ORR", 
   "ANDD", 
   "ANDD", 
   "NOTUSED", 
   "ORR", 
   "NOTUSED", 
   "ORR", 
   "ANDD", 
   "NOTUSED", 
   "NOTUSED", 
   "ANDD", 
   "NOTUSED"
  ], 
  "9": [
   "ANDD", 
   "ORR", 
   "NOTUSED", 
   "NOTUSED", 
   "ANDD", 
   "ORR", 
   "ORR", 
   "ANDD", 
   "ORR", 
   "ANDD", 
   "ANDD", 
   "ANDD", 
   "ORR", 
   "ORR", 
   "ORR"
  ], 
  "8": [
   "NOTUSED", 
   "NOTUSED", 
   "ORR", 
   "NOTUSED", 
   "NOTUSED", 
   "ANDD", 
   "NOTUSED", 
   "NOTUSED", 
   "ORR", 
   "ORR", 
   "ORR", 
   "ORR", 
   "ANDD", 
   "ORR", 
   "ORR"
  ]
 }
}