{
 "random_seed": 2222911588, 
 "PARAMETERS": {
  "RADIUS1": 526886.193, 
  "QUADS": 1, 
  "RADIUS2": 690665.718, 
  "DIST": 800631.289, 
  "F_PTS": 3, 
  "K_PTS": 10, 
  "EPSILON": 2.145, 
  "LENGTH1": 651673.056, 
  "G_PTS": 28, 
  "Q_PTS": 26, 
  "N_PTS": 19, 
  "C_PTS": 1, 
  "AREA2": 932597.462, 
  "LENGTH2": 468431.303, 
  "B_PTS": 20, 
  "D_PTS": 9, 
  "AREA1": 280978.489, 
  "A_PTS": 1, 
  "E_PTS": 11
 }, 
 "NUMPOINTS": 37, 
 "points": [
  [
   908966.757, 
   884412.063
  ], 
  [
   14678.56, 
   862741.222
  ], 
  [
   -606629.286, 
   343140.534
  ], 
  [
   877569.324, 
   -620984.311
  ], 
  [
   191170.026, 
   585950.968
  ], 
  [
   190819.147, 
   -618799.586
  ], 
  [
   238260.251, 
   -859212.301
  ], 
  [
   681914.951, 
   782989.01
  ], 
  [
   -182843.256, 
   -711881.18
  ], 
  [
   -568599.985, 
   -218081.26
  ], 
  [
   651827.897, 
   975196.216
  ], 
  [
   -605182.487, 
   860859.59
  ], 
  [
   -15795.425, 
   -655044.049
  ], 
  [
   440244.733, 
   780646.142
  ], 
  [
   158614.838, 
   -28516.672
  ], 
  [
   519844.807, 
   -3307.388
  ], 
  [
   -102975.869, 
   -611913.463
  ], 
  [
   -922743.93, 
   -383756.06
  ], 
  [
   -234236.702, 
   -252603.298
  ], 
  [
   177510.165, 
   -382508.96
  ], 
  [
   668177.031, 
   -498646.996
  ], 
  [
   614770.8, 
   30499.263
  ], 
  [
   605188.577, 
   -778591.732
  ], 
  [
   324104.614, 
   -913792.563
  ], 
  [
   724686.098, 
   -710301.892
  ], 
  [
   480974.532, 
   531303.355
  ], 
  [
   -412162.379, 
   342695.028
  ], 
  [
   -896957.365, 
   958802.083
  ], 
  [
   -965656.261, 
   197004.894
  ], 
  [
   885691.478, 
   -162393.294
  ], 
  [
   -890700.462, 
   -96315.764
  ], 
  [
   -788568.658, 
   -60890.623
  ], 
  [
   -199387.145, 
   211030.339
  ], 
  [
   549550.501, 
   -358591.896
  ], 
  [
   568024.171, 
   -415752.721
  ], 
  [
   -673659.453, 
   932394.061
  ], 
  [
   846136.691, 
   581676.925
  ]
 ], 
 "PUV": [
  true, 
  false, 
  false, 
  false, 
  true, 
  true, 
  true, 
  true, 
  true, 
  true, 
  true, 
  false, 
  false, 
  false, 
  false
 ], 
 "LCM": {
  "11": [
   "ANDD", 
   "NOTUSED", 
   "ANDD", 
   "ORR", 
   "ANDD", 
   "ORR", 
   "NOTUSED", 
   "ANDD", 
   "ORR", 
   "NOTUSED", 
   "ORR", 
   "ANDD", 
   "ANDD", 
   "ORR", 
   "ORR"
  ], 
  "10": [
   "NOTUSED", 
   "ORR", 
   "NOTUSED", 
   "NOTUSED", 
   "ORR", 
   "ANDD", 
   "NOTUSED", 
   "NOTUSED", 
   "ANDD", 
   "ANDD", 
   "ORR", 
   "ORR", 
   "ORR", 
   "ORR", 
   "ORR"
  ], 
  "13": [
   "ORR", 
   "ORR", 
   "ANDD", 
   "NOTUSED", 
   "ANDD", 
   "NOTUSED", 
   "ANDD", 
   "NOTUSED", 
   "NOTUSED", 
   "ORR", 
   "ORR", 
   "ORR", 
   "ANDD", 
   "NOTUSED", 
   "NOTUSED"
  ], 
  "12": [
   "ORR", 
   "ANDD", 
   "ORR", 
   "ORR", 
   "ANDD", 
   "ORR", 
   "ANDD", 
   "ANDD", 
   "ANDD", 
   "NOTUSED", 
   "ORR", 
   "ANDD", 
   "NOTUSED", 
   "ANDD", 
   "ANDD"
  ], 
  "14": [
   "NOTUSED", 
   "ANDD", 
   "ANDD", 
   "ANDD", 
   "ANDD", 
   "ANDD", 
   "ORR", 
   "ANDD", 
   "NOTUSED", 
   "ORR", 
   "ORR", 
   "ORR", 
   "ANDD", 
   "NOTUSED", 
   "ANDD"
  ], 
  "1": [
   "NOTUSED", 
   "NOTUSED", 
   "NOTUSED", 
   "NOTUSED", 
   "NOTUSED", 
   "ORR", 
   "ANDD", 
   "ORR", 
   "NOTUSED", 
   "NOTUSED", 
   "ORR", 
   "NOTUSED", 
   "ANDD", 
   "ORR", 
   "ANDD"
  ], 
  "0": [
   "ORR", 
   "NOTUSED", 
   "NOTUSED", 
   "ORR", 
   "ORR", 
   "NOTUSED", 
   "NOTUSED", 
   "NOTUSED", 
   "ORR", 
   "ORR", 
   "NOTUSED", 
   "ANDD", 
   "ORR", 
   "ORR", 
   "NOTUSED"
  ], 
  "3": [
   "ORR", 
   "NOTUSED", 
   "ANDD", 
   "ANDD", 
   "ANDD", 
   "ORR", 
   "ANDD", 
   "ORR", 
   "ANDD", 
   "NOTUSED", 
   "NOTUSED", 
   "ORR", 
   "ORR", 
   "NOTUSED", 
   "ANDD"
  ], 
  "2": [
   "NOTUSED", 
   "NOTUSED", 
   "ANDD", 
   "ANDD", 
   "ANDD", 
   "ORR", 
   "NOTUSED", 
   "NOTUSED", 
   "NOTUSED", 
   "ORR", 
   "NOTUSED", 
   "ANDD", 
   "ORR", 
   "ANDD", 
   "ANDD"
  ], 
  "5": [
   "NOTUSED", 
   "ORR", 
   "ORR", 
   "ORR", 
   "ORR", 
   "NOTUSED", 
   "NOTUSED", 
   "ORR", 
   "NOTUSED", 
   "ORR", 
   "ANDD", 
   "ORR", 
   "ORR", 
   "NOTUSED", 
   "ANDD"
  ], 
  "4": [
   "ORR", 
   "NOTUSED", 
   "ANDD", 
   "ANDD", 
   "ANDD", 
   "ORR", 
   "ORR", 
   "ORR", 
   "ORR", 
   "ORR", 
   "ORR", 
   "ANDD", 
   "ANDD", 
   "ANDD", 
   "ANDD"
  ], 
  "7": [
   "NOTUSED", 
   "ORR", 
   "NOTUSED", 
   "ORR", 
   "ORR", 
   "ORR", 
   "ANDD", 
   "NOTUSED", 
   "ANDD", 
   "ANDD", 
   "NOTUSED", 
   "ANDD", 
   "ANDD", 
   "NOTUSED", 
   "ANDD"
  ], 
  "6": [
   "NOTUSED", 
   "ANDD", 
   "NOTUSED", 
   "ANDD", 
   "ORR", 
   "NOTUSED", 
   "ANDD", 
   "ANDD", 
   "ANDD", 
   "ORR", 
   "NOTUSED", 
   "NOTUSED", 
   "ANDD", 
   "ANDD", 
   "ORR"
  ], 
  "9": [
   "ORR", 
   "NOTUSED", 
   "ORR", 
   "NOTUSED", 
   "ORR", 
   "ORR", 
   "ORR", 
   "ANDD", 
   "ANDD", 
   "NOTUSED", 
   "ANDD", 
   "NOTUSED", 
   "NOTUSED", 
   "ORR", 
   "ORR"
  ], 
  "8": [
   "ORR", 
   "NOTUSED", 
   "NOTUSED", 
   "ANDD", 
   "ORR", 
   "NOTUSED", 
   "ANDD", 
   "ANDD", 
   "ORR", 
   "ANDD", 
   "ANDD", 
   "ORR", 
   "ANDD", 
   "NOTUSED", 
   "NOTUSED"
  ]
 }
}