{
 "random_seed": 1481083276, 
 "PARAMETERS": {
  "RADIUS1": 531538.789, 
  "QUADS": 2, 
  "RADIUS2": 644291.172, 
  "DIST": 621682.626, 
  "F_PTS": 28, 
  "K_PTS": 11, 
  "EPSILON": 1.311, 
  "LENGTH1": 312542.884, 
  "G_PTS": 16, 
  "Q_PTS": 43, 
  "N_PTS": 65, 
  "C_PTS": 40, 
  "AREA2": 420353.314, 
  "LENGTH2": 655961.989, 
  "B_PTS": 48, 
  "D_PTS": 16, 
  "AREA1": 862238.206, 
  "A_PTS": 15, 
  "E_PTS": 8
 }, 
 "NUMPOINTS": 81, 
 "points": [
  [
   6715.805, 
   245884.993
  ], 
  [
   318644.946, 
   184100.344
  ], 
  [
   -784417.292, 
   -885723.255
  ], 
  [
   -874642.213, 
   -324422.906
  ], 
  [
   -348745.219, 
   -300562.905
  ], 
  [
   -796120.924, 
   -675238.286
  ], 
  [
   -401072.606, 
   -183762.495
  ], 
  [
   -693253.56, 
   224134.601
  ], 
  [
   -462644.069, 
   258100.736
  ], 
  [
   525981.377, 
   747484.296
  ], 
  [
   -857321.112, 
   -492288.128
  ], 
  [
   942947.899, 
   -224773.111
  ], 
  [
   251565.861, 
   407639.028
  ], 
  [
   541096.365, 
   -639472.167
  ], 
  [
   -884151.47, 
   188151.39
  ], 
  [
   172350.087, 
   245553.378
  ], 
  [
   604531.798, 
   986203.98
  ], 
  [
   820903.556, 
   -556664.507
  ], 
  [
   17701.093, 
   711369.227
  ], 
  [
   -338039.011, 
   317608.936
  ], 
  [
   776739.752, 
   758181.061
  ], 
  [
   -264662.257, 
   325003.031
  ], 
  [
   619358.716, 
   318643.263
  ], 
  [
   -605978.823, 
   -174506.39
  ], 
  [
   -921981.69, 
   -20867.319
  ], 
  [
   -188272.393, 
   -527221.417
  ], 
  [
   -223061.081, 
   326978.813
  ], 
  [
   974918.414, 
   -229551.37
  ], 
  [
   21330.751, 
   942766.634
  ], 
  [
   -51175.409, 
   -949953.132
  ], 
  [
   897814.922, 
   846462.557
  ], 
  [
   383662.343, 
   673178.916
  ], 
  [
   51509.965, 
   929088.416
  ], 
  [
   546441.601, 
   173487.397
  ], 
  [
   352806.572, 
   -520239.78
  ], 
  [
   557404.897, 
   -646411.636
  ], 
  [
   978746.608, 
   -877453.204
  ], 
  [
   -485984.078, 
   -586786.721
  ], 
  [
   -621189.689, 
   81830.438
  ], 
  [
   78540.659, 
   397495.871
  ], 
  [
   -615643.497, 
   548277.948
  ], 
  [
   -604487.243, 
   124898.627
  ], 
  [
   -720812.451, 
   775489.889
  ], 
  [
   -358723.004, 
   -615813.553
  ], 
  [
   -32667.759, 
   -526087.788
  ], 
  [
   684187.375, 
   -401483.004
  ], 
  [
   -266344.955, 
   -823066.224
  ], 
  [
   345181.736, 
   -511323.721
  ], 
  [
   89225.935, 
   399940.074
  ], 
  [
   -503322.264, 
   -695946.852
  ], 
  [
   -53835.268, 
   -42201.098
  ], 
  [
   539636.141, 
   897423.844
  ], 
  [
   -749694.57, 
   147846.708
  ], 
  [
   412006.967, 
   -356662.368
  ], 
  [
   -778619.829, 
   -376101.989
  ], 
  [
   -974373.134, 
   -481240.85
  ], 
  [
   -131931.568, 
   -35073.429
  ], 
  [
   -10223.436, 
   955758.278
  ], 
  [
   865998.91, 
   -751448.923
  ], 
  [
   -640559.048, 
   -510915.05
  ], 
  [
   967321.578, 
   -924796.997
  ], 
  [
   835521.275, 
   -444939.528
  ], 
  [
   -187870.444, 
   735599.985
  ], 
  [
   -977385.094, 
   -598283.933
  ], 
  [
   -764974.612, 
   338887.635
  ], 
  [
   385973.661, 
   -444798.578
  ], 
  [
   981119.838, 
   964908.588
  ], 
  [
   931059.28, 
   652948.459
  ], 
  [
   -458453.578, 
   -986544.768
  ], 
  [
   545680.647, 
   950548.415
  ], 
  [
   -936292.972, 
   -379464.649
  ], 
  [
   -183998.547, 
   342599.567
  ], 
  [
   368298.788, 
   423379.751
  ], 
  [
   -137685.504, 
   743387.847
  ], 
  [
   -597922.881, 
   531136.666
  ], 
  [
   -813684.586, 
   -853606.919
  ], 
  [
   946747.005, 
   853868.121
  ], 
  [
   23930.504, 
   -270957.353
  ], 
  [
   -235749.254, 
   -167784.709
  ], 
  [
   914859.323, 
   -418924.614
  ], 
  [
   -290703.388, 
   -328799.783
  ]
 ], 
 "PUV": [
  true, 
  true, 
  false, 
  false, 
  true, 
  false, 
  true, 
  true, 
  false, 
  false, 
  true, 
  false, 
  false, 
  true, 
  false
 ], 
 "LCM": {
  "11": [
   "ANDD", 
   "ORR", 
   "ORR", 
   "ANDD", 
   "ANDD", 
   "NOTUSED", 
   "ANDD", 
   "NOTUSED", 
   "ORR", 
   "ANDD", 
   "ANDD", 
   "NOTUSED", 
   "NOTUSED", 
   "ORR", 
   "ANDD"
  ], 
  "10": [
   "ANDD", 
   "ORR", 
   "ORR", 
   "ORR", 
   "NOTUSED", 
   "ORR", 
   "ANDD", 
   "ANDD", 
   "ANDD", 
   "ANDD", 
   "ORR", 
   "ANDD", 
   "NOTUSED", 
   "ORR", 
   "ORR"
  ], 
  "13": [
   "NOTUSED", 
   "NOTUSED", 
   "ORR", 
   "ANDD", 
   "ORR", 
   "ORR", 
   "ANDD", 
   "NOTUSED", 
   "ORR", 
   "ANDD", 
   "ORR", 
   "ORR", 
   "ORR", 
   "ANDD", 
   "NOTUSED"
  ], 
  "12": [
   "ANDD", 
   "ANDD", 
   "NOTUSED", 
   "ORR", 
   "ORR", 
   "ANDD", 
   "ORR", 
   "ORR", 
   "ANDD", 
   "ANDD", 
   "NOTUSED", 
   "NOTUSED", 
   "ORR", 
   "ORR", 
   "ANDD"
  ], 
  "14": [
   "ORR", 
   "ORR", 
   "ANDD", 
   "ORR", 
   "ORR", 
   "NOTUSED", 
   "ANDD", 
   "NOTUSED", 
   "NOTUSED", 
   "ANDD", 
   "ORR", 
   "ANDD", 
   "ANDD", 
   "NOTUSED", 
   "ORR"
  ], 
  "1": [
   "NOTUSED", 
   "ANDD", 
   "ANDD", 
   "ORR", 
   "ANDD", 
   "ANDD", 
   "ANDD", 
   "ORR", 
   "ANDD", 
   "NOTUSED", 
   "ORR", 
   "ORR", 
   "ANDD", 
   "NOTUSED", 
   "ORR"
  ], 
  "0": [
   "ANDD", 
   "NOTUSED", 
   "ANDD", 
   "NOTUSED", 
   "NOTUSED", 
   "ORR", 
   "ANDD", 
   "ORR", 
   "ORR", 
   "ORR", 
   "ANDD", 
   "ANDD", 
   "ANDD", 
   "NOTUSED", 
   "ORR"
  ], 
  "3": [
   "NOTUSED", 
   "ORR", 
   "ORR", 
   "ORR", 
   "ORR", 
   "ANDD", 
   "ANDD", 
   "NOTUSED", 
   "NOTUSED", 
   "ANDD", 
   "ORR", 
   "ANDD", 
   "ORR", 
   "ANDD", 
   "ORR"
  ], 
  "2": [
   "ANDD", 
   "ANDD", 
   "ANDD", 
   "ORR", 
   "ANDD", 
   "ANDD", 
   "ORR", 
   "NOTUSED", 
   "ANDD", 
   "ANDD", 
   "ORR", 
   "ORR", 
   "NOTUSED", 
   "ORR", 
   "ANDD"
  ], 
  "5": [
   "ORR", 
   "ANDD", 
   "ANDD", 
   "ANDD", 
   "ORR", 
   "ANDD", 
   "NOTUSED", 
   "ORR", 
   "ORR", 
   "NOTUSED", 
   "ORR", 
   "NOTUSED", 
   "ANDD", 
   "ORR", 
   "NOTUSED"
  ], 
  "4": [
   "NOTUSED", 
   "ANDD", 
   "ANDD", 
   "ORR", 
   "ORR", 
   "ORR", 
   "ANDD", 
   "NOTUSED", 
   "NOTUSED", 
   "ANDD", 
   "NOTUSED", 
   "ANDD", 
   "ORR", 
   "ORR", 
   "ORR"
  ], 
  "7": [
   "ORR", 
   "ORR", 
   "NOTUSED", 
   "NOTUSED", 
   "NOTUSED", 
   "ORR", 
   "NOTUSED", 
   "ORR", 
   "NOTUSED", 
   "NOTUSED", 
   "ANDD", 
   "NOTUSED", 
   "ORR", 
   "NOTUSED", 
   "NOTUSED"
  ], 
  "6": [
   "ANDD", 
   "ANDD", 
   "ORR", 
   "ANDD", 
   "ANDD", 
   "NOTUSED", 
   "ANDD", 
   "NOTUSED", 
   "NOTUSED", 
   "ORR", 
   "ANDD", 
   "ANDD", 
   "ORR", 
   "ANDD", 
   "ANDD"
  ], 
  "9": [
   "ORR", 
   "NOTUSED", 
   "ANDD", 
   "ANDD", 
   "ANDD", 
   "NOTUSED", 
   "ORR", 
   "NOTUSED", 
   "ORR", 
   "ORR", 
   "ANDD", 
   "ANDD", 
   "ANDD", 
   "ANDD", 
   "ANDD"
  ], 
  "8": [
   "ORR", 
   "ANDD", 
   "ANDD", 
   "NOTUSED", 
   "NOTUSED", 
   "ORR", 
   "NOTUSED", 
   "NOTUSED", 
   "ORR", 
   "ORR", 
   "ANDD", 
   "ORR", 
   "ANDD", 
   "ORR", 
   "NOTUSED"
  ]
 }
}