{
 "random_seed": 806178312, 
 "PARAMETERS": {
  "RADIUS1": 448223.3, 
  "QUADS": 3, 
  "RADIUS2": 657488.666, 
  "DIST": 386293.861, 
  "F_PTS": 58, 
  "K_PTS": 79, 
  "EPSILON": 1.7, 
  "LENGTH1": 44155.571, 
  "G_PTS": 7, 
  "Q_PTS": 10, 
  "N_PTS": 64, 
  "C_PTS": 1, 
  "AREA2": 716781.457, 
  "LENGTH2": 530534.567, 
  "B_PTS": 72, 
  "D_PTS": 78, 
  "AREA1": 548779.655, 
  "A_PTS": 2, 
  "E_PTS": 5
 }, 
 "NUMPOINTS": 87, 
 "points": [
  [
   351209.185, 
   5105.108
  ], 
  [
   501150.486, 
   184462.364
  ], 
  [
   -934986.291, 
   -420158.696
  ], 
  [
   -78471.882, 
   -37499.514
  ], 
  [
   868266.005, 
   57651.31
  ], 
  [
   -389965.783, 
   52657.314
  ], 
  [
   30088.977, 
   -779484.761
  ], 
  [
   213528.547, 
   -443030.28
  ], 
  [
   -259781.035, 
   918554.888
  ], 
  [
   -635170.06, 
   740852.607
  ], 
  [
   257442.952, 
   -584950.955
  ], 
  [
   -629764.408, 
   231699.007
  ], 
  [
   -438212.198, 
   -596430.591
  ], 
  [
   747502.656, 
   -877628.573
  ], 
  [
   650756.627, 
   -846943.816
  ], 
  [
   766823.898, 
   534630.224
  ], 
  [
   62531.143, 
   257920.504
  ], 
  [
   556754.938, 
   -448385.189
  ], 
  [
   30707.573, 
   969125.964
  ], 
  [
   -52355.627, 
   958046.271
  ], 
  [
   851656.011, 
   955242.376
  ], 
  [
   -293780.968, 
   797684.121
  ], 
  [
   355394.774, 
   615306.286
  ], 
  [
   770105.667, 
   -367220.072
  ], 
  [
   67144.176, 
   -327573.427
  ], 
  [
   615534.44, 
   -776821.778
  ], 
  [
   944027.891, 
   -372379.251
  ], 
  [
   -523230.842, 
   228476.835
  ], 
  [
   297842.365, 
   410152.091
  ], 
  [
   -913332.238, 
   -942405.411
  ], 
  [
   -83197.42, 
   -566152.514
  ], 
  [
   -609519.028, 
   838806.633
  ], 
  [
   -364535.688, 
   826829.609
  ], 
  [
   -767514.289, 
   597099.673
  ], 
  [
   -140728.499, 
   -171020.75
  ], 
  [
   418345.319, 
   882009.224
  ], 
  [
   -514378.102, 
   -345424.626
  ], 
  [
   519372.7, 
   300244.708
  ], 
  [
   62515.764, 
   661102.328
  ], 
  [
   -832539.9, 
   971138.26
  ], 
  [
   243356.501, 
   -17736.841
  ], 
  [
   304249.574, 
   364985.67
  ], 
  [
   69999.416, 
   839187.586
  ], 
  [
   -51778.667, 
   -14599.63
  ], 
  [
   791698.765, 
   435446.017
  ], 
  [
   -803902.263, 
   -319163.829
  ], 
  [
   611493.813, 
   -596057.985
  ], 
  [
   801974.234, 
   179640.245
  ], 
  [
   -160960.079, 
   931460.524
  ], 
  [
   308746.934, 
   -511206.565
  ], 
  [
   404937.731, 
   269210.66
  ], 
  [
   50690.285, 
   780218.152
  ], 
  [
   442167.146, 
   767637.95
  ], 
  [
   -558114.33, 
   677844.729
  ], 
  [
   -348903.934, 
   696765.769
  ], 
  [
   -433080.872, 
   958219.015
  ], 
  [
   215250.878, 
   -672967.91
  ], 
  [
   489200.957, 
   357334.523
  ], 
  [
   479228.16, 
   -573600.533
  ], 
  [
   341200.242, 
   -804452.734
  ], 
  [
   -113849.191, 
   366766.304
  ], 
  [
   802236.71, 
   -418646.432
  ], 
  [
   -148429.864, 
   -467228.205
  ], 
  [
   81615.559, 
   -580048.761
  ], 
  [
   -588886.059, 
   269827.821
  ], 
  [
   14262.073, 
   908625.509
  ], 
  [
   473574.191, 
   -9999.951
  ], 
  [
   524471.941, 
   -607427.316
  ], 
  [
   851504.973, 
   -673256.998
  ], 
  [
   287583.735, 
   426713.231
  ], 
  [
   -542362.023, 
   163417.008
  ], 
  [
   -469633.069, 
   938646.909
  ], 
  [
   -707753.839, 
   652366.132
  ], 
  [
   568439.126, 
   16373.6
  ], 
  [
   -998845.68, 
   235939.778
  ], 
  [
   171760.666, 
   473296.902
  ], 
  [
   -763600.798, 
   746093.432
  ], 
  [
   -434822.212, 
   -23097.826
  ], 
  [
   944380.994, 
   356780.081
  ], 
  [
   -427131.561, 
   502657.435
  ], 
  [
   -432074.707, 
   -554504.782
  ], 
  [
   837290.409, 
   -999264.616
  ], 
  [
   946621.341, 
   14023.94
  ], 
  [
   771685.249, 
   -55558.07
  ], 
  [
   -439426.786, 
   -235630.307
  ], 
  [
   346791.653, 
   431866.349
  ], 
  [
   222077.848, 
   -237771.177
  ]
 ], 
 "PUV": [
  true, 
  true, 
  false, 
  true, 
  true, 
  true, 
  false, 
  true, 
  true, 
  false, 
  true, 
  true, 
  false, 
  false, 
  true
 ], 
 "LCM": {
  "11": [
   "ORR", 
   "NOTUSED", 
   "ORR", 
   "NOTUSED", 
   "ORR", 
   "NOTUSED", 
   "ORR", 
   "ANDD", 
   "ORR", 
   "ORR", 
   "NOTUSED", 
   "NOTUSED", 
   "ANDD", 
   "NOTUSED", 
   "ORR"
  ], 
  "10": [
   "ORR", 
   "NOTUSED", 
   "ORR", 
   "ORR", 
   "NOTUSED", 
   "ANDD", 
   "ORR", 
   "ANDD", 
   "NOTUSED", 
   "NOTUSED", 
   "NOTUSED", 
   "NOTUSED", 
   "NOTUSED", 
   "NOTUSED", 
   "NOTUSED"
  ], 
  "13": [
   "NOTUSED", 
   "NOTUSED", 
   "ANDD", 
   "ORR", 
   "ORR", 
   "NOTUSED", 
   "ANDD", 
   "NOTUSED", 
   "ANDD", 
   "ANDD", 
   "NOTUSED", 
   "NOTUSED", 
   "ANDD", 
   "NOTUSED", 
   "NOTUSED"
  ], 
  "12": [
   "ORR", 
   "NOTUSED", 
   "ORR", 
   "ORR", 
   "ANDD", 
   "ANDD", 
   "NOTUSED", 
   "NOTUSED", 
   "NOTUSED", 
   "ORR", 
   "NOTUSED", 
   "ANDD", 
   "ORR", 
   "ANDD", 
   "NOTUSED"
  ], 
  "14": [
   "NOTUSED", 
   "NOTUSED", 
   "ORR", 
   "ORR", 
   "ANDD", 
   "NOTUSED", 
   "ORR", 
   "ORR", 
   "ANDD", 
   "ANDD", 
   "NOTUSED", 
   "ORR", 
   "NOTUSED", 
   "NOTUSED", 
   "ANDD"
  ], 
  "1": [
   "ANDD", 
   "ORR", 
   "ANDD", 
   "NOTUSED", 
   "ORR", 
   "NOTUSED", 
   "NOTUSED", 
   "ANDD", 
   "ORR", 
   "NOTUSED", 
   "NOTUSED", 
   "NOTUSED", 
   "NOTUSED", 
   "NOTUSED", 
   "NOTUSED"
  ], 
  "0": [
   "NOTUSED", 
   "ANDD", 
   "NOTUSED", 
   "ORR", 
   "ORR", 
   "NOTUSED", 
   "ANDD", 
   "ORR", 
   "ANDD", 
   "NOTUSED", 
   "ORR", 
   "ORR", 
   "ORR", 
   "NOTUSED", 
   "NOTUSED"
  ], 
  "3": [
   "ORR", 
   "NOTUSED", 
   "NOTUSED", 
   "NOTUSED", 
   "ANDD", 
   "NOTUSED", 
   "NOTUSED", 
   "ANDD", 
   "ANDD", 
   "ORR", 
   "ORR", 
   "NOTUSED", 
   "ORR", 
   "ORR", 
   "ORR"
  ], 
  "2": [
   "NOTUSED", 
   "ANDD", 
   "ORR", 
   "NOTUSED", 
   "NOTUSED", 
   "ANDD", 
   "ORR", 
   "ORR", 
   "NOTUSED", 
   "NOTUSED", 
   "ORR", 
   "ORR", 
   "ORR", 
   "ANDD", 
   "ORR"
  ], 
  "5": [
   "NOTUSED", 
   "NOTUSED", 
   "ANDD", 
   "NOTUSED", 
   "ANDD", 
   "ORR", 
   "ORR", 
   "ORR", 
   "ANDD", 
   "ORR", 
   "ANDD", 
   "NOTUSED", 
   "ANDD", 
   "NOTUSED", 
   "NOTUSED"
  ], 
  "4": [
   "ORR", 
   "ORR", 
   "NOTUSED", 
   "ANDD", 
   "NOTUSED", 
   "ANDD", 
   "NOTUSED", 
   "NOTUSED", 
   "NOTUSED", 
   "ANDD", 
   "NOTUSED", 
   "ORR", 
   "ANDD", 
   "ORR", 
   "ANDD"
  ], 
  "7": [
   "ORR", 
   "ANDD", 
   "ORR", 
   "ANDD", 
   "NOTUSED", 
   "ORR", 
   "NOTUSED", 
   "ANDD", 
   "ORR", 
   "ANDD", 
   "ANDD", 
   "ANDD", 
   "NOTUSED", 
   "NOTUSED", 
   "ORR"
  ], 
  "6": [
   "ANDD", 
   "NOTUSED", 
   "ORR", 
   "NOTUSED", 
   "NOTUSED", 
   "ORR", 
   "ORR", 
   "NOTUSED", 
   "ANDD", 
   "ORR", 
   "ORR", 
   "ORR", 
   "NOTUSED", 
   "ANDD", 
   "ORR"
  ], 
  "9": [
   "NOTUSED", 
   "NOTUSED", 
   "NOTUSED", 
   "ORR", 
   "ANDD", 
   "ORR", 
   "ORR", 
   "ANDD", 
   "NOTUSED", 
   "NOTUSED", 
   "NOTUSED", 
   "ORR", 
   "ORR", 
   "ANDD", 
   "ANDD"
  ], 
  "8": [
   "ANDD", 
   "ORR", 
   "NOTUSED", 
   "ANDD", 
   "NOTUSED", 
   "ANDD", 
   "ANDD", 
   "ORR", 
   "ORR", 
   "NOTUSED", 
   "NOTUSED", 
   "ORR", 
   "NOTUSED", 
   "ANDD", 
   "ANDD"
  ]
 }
}