{
 "random_seed": 4104521606, 
 "PARAMETERS": {
  "RADIUS1": 421919.236, 
  "QUADS": 3, 
  "RADIUS2": 671054.171, 
  "DIST": 335999.542, 
  "F_PTS": 23, 
  "K_PTS": 32, 
  "EPSILON": 1.177, 
  "LENGTH1": 561127.229, 
  "G_PTS": 52, 
  "Q_PTS": 15, 
  "N_PTS": 50, 
  "C_PTS": 17, 
  "AREA2": 672445.638, 
  "LENGTH2": 456522.714, 
  "B_PTS": 23, 
  "D_PTS": 6, 
  "AREA1": 269740.67, 
  "A_PTS": 6, 
  "E_PTS": 35
 }, 
 "NUMPOINTS": 65, 
 "points": [
  [
   -326636.628, 
   -443768.277
  ], 
  [
   -985516.06, 
   -462082.628
  ], 
  [
   931939.702, 
   85641.052
  ], 
  [
   -92905.2, 
   715215.98
  ], 
  [
   604225.646, 
   684055.796
  ], 
  [
   -264946.36, 
   447815.232
  ], 
  [
   -930179.763, 
   226360.263
  ], 
  [
   813328.345, 
   -338952.5
  ], 
  [
   -986678.12, 
   768201.299
  ], 
  [
   -332422.001, 
   -333439.251
  ], 
  [
   267610.054, 
   646892.135
  ], 
  [
   651977.668, 
   -642928.807
  ], 
  [
   600988.077, 
   637403.717
  ], 
  [
   -195277.567, 
   670534.476
  ], 
  [
   96907.454, 
   -21500.553
  ], 
  [
   383204.197, 
   -627249.59
  ], 
  [
   748578.021, 
   -521585.229
  ], 
  [
   938824.971, 
   950623.703
  ], 
  [
   -60553.555, 
   453640.803
  ], 
  [
   810418.485, 
   415570.036
  ], 
  [
   -609900.053, 
   -926987.456
  ], 
  [
   102864.765, 
   -823817.625
  ], 
  [
   406337.713, 
   198190.604
  ], 
  [
   -772232.967, 
   -591923.932
  ], 
  [
   397997.13, 
   492243.457
  ], 
  [
   131483.272, 
   71720.147
  ], 
  [
   611346.594, 
   -332459.541
  ], 
  [
   416399.433, 
   -48871.238
  ], 
  [
   -239372.922, 
   -651058.855
  ], 
  [
   138172.201, 
   947724.031
  ], 
  [
   -198321.158, 
   787291.185
  ], 
  [
   718159.983, 
   -180750.409
  ], 
  [
   954047.852, 
   700940.017
  ], 
  [
   -413320.724, 
   9992.186
  ], 
  [
   218070.614, 
   -873595.714
  ], 
  [
   605327.346, 
   270989.438
  ], 
  [
   -2564.018, 
   536055.263
  ], 
  [
   -372192.661, 
   -749894.621
  ], 
  [
   -283813.044, 
   16300.402
  ], 
  [
   -845063.666, 
   705236.066
  ], 
  [
   715519.027, 
   31104.647
  ], 
  [
   580873.354, 
   -781387.699
  ], 
  [
   -599769.959, 
   -48519.867
  ], 
  [
   217077.163, 
   702136.909
  ], 
  [
   604125.944, 
   -821194.307
  ], 
  [
   -331803.237, 
   -424209.618
  ], 
  [
   332695.975, 
   210254.806
  ], 
  [
   487432.611, 
   119632.879
  ], 
  [
   960810.773, 
   -553884.947
  ], 
  [
   702298.201, 
   -785930.34
  ], 
  [
   -878960.182, 
   -21412.017
  ], 
  [
   -200097.086, 
   65279.53
  ], 
  [
   554975.974, 
   47363.802
  ], 
  [
   -143698.316, 
   -256370.009
  ], 
  [
   382518.888, 
   317352.992
  ], 
  [
   -470300.782, 
   -626557.482
  ], 
  [
   401058.389, 
   875459.034
  ], 
  [
   445585.81, 
   -419998.736
  ], 
  [
   718674.145, 
   289220.211
  ], 
  [
   -985158.935, 
   -513431.563
  ], 
  [
   416414.121, 
   -357929.484
  ], 
  [
   563624.487, 
   192359.363
  ], 
  [
   296964.228, 
   768878.233
  ], 
  [
   -985825.621, 
   -660738.637
  ], 
  [
   834142.624, 
   867033.028
  ]
 ], 
 "PUV": [
  true, 
  false, 
  true, 
  true, 
  true, 
  false, 
  true, 
  true, 
  true, 
  false, 
  false, 
  false, 
  true, 
  true, 
  true
 ], 
 "LCM": {
  "11": [
   "ORR", 
   "ANDD", 
   "ORR", 
   "ANDD", 
   "NOTUSED", 
   "ANDD", 
   "ORR", 
   "NOTUSED", 
   "NOTUSED", 
   "ANDD", 
   "ANDD", 
   "NOTUSED", 
   "ANDD", 
   "ANDD", 
   "ANDD"
  ], 
  "10": [
   "NOTUSED", 
   "ANDD", 
   "ANDD", 
   "NOTUSED", 
   "ORR", 
   "NOTUSED", 
   "ORR", 
   "ORR", 
   "ORR", 
   "ORR", 
   "ORR", 
   "ANDD", 
   "ORR", 
   "NOTUSED", 
   "ORR"
  ], 
  "13": [
   "ANDD", 
   "ANDD", 
   "ORR", 
   "ANDD", 
   "ANDD", 
   "NOTUSED", 
   "ANDD", 
   "ANDD", 
   "ANDD", 
   "ANDD", 
   "NOTUSED", 
   "ANDD", 
   "ORR", 
   "ORR", 
   "ORR"
  ], 
  "12": [
   "NOTUSED", 
   "NOTUSED", 
   "ANDD", 
   "ANDD", 
   "NOTUSED", 
   "ORR", 
   "NOTUSED", 
   "ANDD", 
   "NOTUSED", 
   "ORR", 
   "ORR", 
   "ANDD", 
   "ANDD", 
   "ORR", 
   "ANDD"
  ], 
  "14": [
   "ANDD", 
   "ORR", 
   "ORR", 
   "NOTUSED", 
   "NOTUSED", 
   "ORR", 
   "NOTUSED", 
   "NOTUSED", 
   "NOTUSED", 
   "NOTUSED", 
   "ORR", 
   "ANDD", 
   "ANDD", 
   "ORR", 
   "ORR"
  ], 
  "1": [
   "ORR", 
   "ORR", 
   "ANDD", 
   "ANDD", 
   "NOTUSED", 
   "NOTUSED", 
   "ORR", 
   "ANDD", 
   "ORR", 
   "ORR", 
   "ANDD", 
   "ANDD", 
   "NOTUSED", 
   "ANDD", 
   "ORR"
  ], 
  "0": [
   "ORR", 
   "ORR", 
   "ANDD", 
   "ORR", 
   "ANDD", 
   "NOTUSED", 
   "ORR", 
   "ANDD", 
   "ANDD", 
   "ORR", 
   "NOTUSED", 
   "ORR", 
   "NOTUSED", 
   "ANDD", 
   "ANDD"
  ], 
  "3": [
   "ORR", 
   "ANDD", 
   "NOTUSED", 
   "NOTUSED", 
   "ANDD", 
   "ORR", 
   "NOTUSED", 
   "ORR", 
   "ORR", 
   "NOTUSED", 
   "NOTUSED", 
   "ANDD", 
   "ANDD", 
   "ANDD", 
   "NOTUSED"
  ], 
  "2": [
   "ANDD", 
   "ANDD", 
   "ANDD", 
   "NOTUSED", 
   "NOTUSED", 
   "ANDD", 
   "ANDD", 
   "ANDD", 
   "ANDD", 
   "ORR", 
   "ANDD", 
   "ORR", 
   "ANDD", 
   "ORR", 
   "ORR"
  ], 
  "5": [
   "NOTUSED", 
   "NOTUSED", 
   "ANDD", 
   "ORR", 
   "NOTUSED", 
   "ANDD", 
   "ANDD", 
   "ORR", 
   "ANDD", 
   "NOTUSED", 
   "NOTUSED", 
   "ANDD", 
   "ORR", 
   "NOTUSED", 
   "ORR"
  ], 
  "4": [
   "ANDD", 
   "NOTUSED", 
   "NOTUSED", 
   "ANDD", 
   "NOTUSED", 
   "NOTUSED", 
   "ANDD", 
   "ANDD", 
   "NOTUSED", 
   "ORR", 
   "ORR", 
   "NOTUSED", 
   "NOTUSED", 
   "ANDD", 
   "NOTUSED"
  ], 
  "7": [
   "ANDD", 
   "ANDD", 
   "ANDD", 
   "ORR", 
   "ANDD", 
   "ORR", 
   "ANDD", 
   "ANDD", 
   "ANDD", 
   "ORR", 
   "ORR", 
   "NOTUSED", 
   "ANDD", 
   "ANDD", 
   "NOTUSED"
  ], 
  "6": [
   "ORR", 
   "ORR", 
   "ANDD", 
   "NOTUSED", 
   "ANDD", 
   "ANDD", 
   "ANDD", 
   "ANDD", 
   "NOTUSED", 
   "ORR", 
   "ORR", 
   "ORR", 
   "NOTUSED", 
   "ANDD", 
   "NOTUSED"
  ], 
  "9": [
   "ORR", 
   "ORR", 
   "ORR", 
   "NOTUSED", 
   "ORR", 
   "NOTUSED", 
   "ORR", 
   "ORR", 
   "ORR", 
   "NOTUSED", 
   "ORR", 
   "ANDD", 
   "ORR", 
   "ANDD", 
   "NOTUSED"
  ], 
  "8": [
   "ANDD", 
   "ORR", 
   "ANDD", 
   "ORR", 
   "NOTUSED", 
   "ANDD", 
   "NOTUSED", 
   "ANDD", 
   "ANDD", 
   "ORR", 
   "ORR", 
   "NOTUSED", 
   "NOTUSED", 
   "ANDD", 
   "NOTUSED"
  ]
 }
}