{
 "random_seed": 2426762748, 
 "PARAMETERS": {
  "RADIUS1": 232194.66, 
  "QUADS": 3, 
  "RADIUS2": 262820.839, 
  "DIST": 675577.699, 
  "F_PTS": 45, 
  "K_PTS": 25, 
  "EPSILON": 0.012, 
  "LENGTH1": 925153.201, 
  "G_PTS": 51, 
  "Q_PTS": 75, 
  "N_PTS": 52, 
  "C_PTS": 71, 
  "AREA2": 246927.714, 
  "LENGTH2": 571085.844, 
  "B_PTS": 27, 
  "D_PTS": 13, 
  "AREA1": 664658.343, 
  "A_PTS": 16, 
  "E_PTS": 24
 }, 
 "NUMPOINTS": 88, 
 "points": [
  [
   -576449.84, 
   550849.359
  ], 
  [
   5011.689, 
   -233093.54
  ], 
  [
   -300022.524, 
   28473.772
  ], 
  [
   938380.392, 
   -652356.323
  ], 
  [
   270496.424, 
   -858625.873
  ], 
  [
   -236176.435, 
   -978574.638
  ], 
  [
   -827640.389, 
   436625.603
  ], 
  [
   -445627.314, 
   644789.364
  ], 
  [
   361308.962, 
   -134698.268
  ], 
  [
   841599.951, 
   499403.984
  ], 
  [
   857653.912, 
   70730.882
  ], 
  [
   -971468.124, 
   -158258.341
  ], 
  [
   -147734.89, 
   243880.907
  ], 
  [
   -368973.878, 
   705622.13
  ], 
  [
   817844.963, 
   -604184.969
  ], 
  [
   -935248.045, 
   -317970.41
  ], 
  [
   -811005.739, 
   -551994.803
  ], 
  [
   -932513.716, 
   -113968.079
  ], 
  [
   -127041.292, 
   863276.784
  ], 
  [
   983918.712, 
   -332128.667
  ], 
  [
   123113.424, 
   -968714.246
  ], 
  [
   36468.971, 
   -466054.958
  ], 
  [
   149762.32, 
   -107563.469
  ], 
  [
   489625.593, 
   269891.657
  ], 
  [
   -615985.047, 
   961819.99
  ], 
  [
   463.973, 
   -874562.845
  ], 
  [
   584706.942, 
   -518197.774
  ], 
  [
   398348.93, 
   269930.952
  ], 
  [
   -596437.562, 
   758204.118
  ], 
  [
   634283.058, 
   -260737.557
  ], 
  [
   964049.469, 
   746764.768
  ], 
  [
   856765.369, 
   -82978.767
  ], 
  [
   612599.275, 
   18538.727
  ], 
  [
   -83745.916, 
   -353286.139
  ], 
  [
   -231839.305, 
   -277022.652
  ], 
  [
   -745188.483, 
   -153270.105
  ], 
  [
   -134220.738, 
   960505.945
  ], 
  [
   -584209.841, 
   169058.018
  ], 
  [
   -120489.001, 
   850988.983
  ], 
  [
   -449672.61, 
   128025.223
  ], 
  [
   354590.457, 
   -398100.113
  ], 
  [
   -238565.914, 
   618477.508
  ], 
  [
   495038.187, 
   -983064.931
  ], 
  [
   -949609.134, 
   -439229.558
  ], 
  [
   666652.625, 
   581946.061
  ], 
  [
   446524.49, 
   -743691.997
  ], 
  [
   76910.893, 
   -342136.598
  ], 
  [
   468985.679, 
   -581037.24
  ], 
  [
   -828466.264, 
   -411291.414
  ], 
  [
   279882.62, 
   -688621.952
  ], 
  [
   -794513.693, 
   -751349.102
  ], 
  [
   498377.94, 
   -18105.439
  ], 
  [
   86137.186, 
   -900333.363
  ], 
  [
   121650.465, 
   -50243.398
  ], 
  [
   -117621.806, 
   -757154.198
  ], 
  [
   843984.848, 
   498683.59
  ], 
  [
   710226.734, 
   -112273.041
  ], 
  [
   -31103.347, 
   -104737.075
  ], 
  [
   540865.105, 
   -313345.02
  ], 
  [
   -562038.237, 
   572105.56
  ], 
  [
   -111289.693, 
   -183932.353
  ], 
  [
   78881.22, 
   896505.018
  ], 
  [
   266983.893, 
   161242.115
  ], 
  [
   996834.634, 
   335461.617
  ], 
  [
   -450170.955, 
   489535.083
  ], 
  [
   -56793.72, 
   185825.979
  ], 
  [
   -374779.54, 
   449577.059
  ], 
  [
   252789.186, 
   335290.447
  ], 
  [
   -332977.147, 
   -678913.452
  ], 
  [
   -190743.93, 
   -457635.748
  ], 
  [
   631.607, 
   111978.863
  ], 
  [
   -586888.061, 
   430543.851
  ], 
  [
   180458.258, 
   544880.054
  ], 
  [
   125835.872, 
   -78342.922
  ], 
  [
   583097.701, 
   -4103.957
  ], 
  [
   -416266.796, 
   686906.519
  ], 
  [
   461022.769, 
   481161.952
  ], 
  [
   -104742.857, 
   432992.108
  ], 
  [
   588701.475, 
   -723069.268
  ], 
  [
   -944392.382, 
   -412194.613
  ], 
  [
   574790.121, 
   -728462.893
  ], 
  [
   508488.177, 
   115707.765
  ], 
  [
   -899041.811, 
   -495726.297
  ], 
  [
   -179951.855, 
   -683422.004
  ], 
  [
   19226.433, 
   412671.913
  ], 
  [
   608129.063, 
   -91534.011
  ], 
  [
   27887.611, 
   -171102.257
  ], 
  [
   969861.741, 
   -127157.487
  ]
 ], 
 "PUV": [
  false, 
  false, 
  false, 
  false, 
  true, 
  true, 
  true, 
  true, 
  false, 
  false, 
  false, 
  false, 
  false, 
  true, 
  true
 ], 
 "LCM": {
  "11": [
   "ORR", 
   "ANDD", 
   "ANDD", 
   "ANDD", 
   "ORR", 
   "ANDD", 
   "ANDD", 
   "NOTUSED", 
   "ORR", 
   "ANDD", 
   "ORR", 
   "ORR", 
   "ANDD", 
   "ORR", 
   "ORR"
  ], 
  "10": [
   "NOTUSED", 
   "NOTUSED", 
   "NOTUSED", 
   "ANDD", 
   "NOTUSED", 
   "ANDD", 
   "NOTUSED", 
   "ORR", 
   "ANDD", 
   "ANDD", 
   "ORR", 
   "ORR", 
   "NOTUSED", 
   "ANDD", 
   "ORR"
  ], 
  "13": [
   "NOTUSED", 
   "ANDD", 
   "ORR", 
   "ORR", 
   "ANDD", 
   "ORR", 
   "NOTUSED", 
   "NOTUSED", 
   "ORR", 
   "ANDD", 
   "ANDD", 
   "ORR", 
   "ANDD", 
   "ANDD", 
   "ORR"
  ], 
  "12": [
   "NOTUSED", 
   "NOTUSED", 
   "ANDD", 
   "ORR", 
   "NOTUSED", 
   "ANDD", 
   "NOTUSED", 
   "ANDD", 
   "ANDD", 
   "ORR", 
   "NOTUSED", 
   "ANDD", 
   "ANDD", 
   "ANDD", 
   "ORR"
  ], 
  "14": [
   "NOTUSED", 
   "ORR", 
   "ANDD", 
   "NOTUSED", 
   "ANDD", 
   "ANDD", 
   "ANDD", 
   "ORR", 
   "ORR", 
   "NOTUSED", 
   "ORR", 
   "ORR", 
   "ORR", 
   "ORR", 
   "NOTUSED"
  ], 
  "1": [
   "ORR", 
   "ANDD", 
   "NOTUSED", 
   "NOTUSED", 
   "ANDD", 
   "ORR", 
   "ANDD", 
   "ANDD", 
   "ANDD", 
   "ANDD", 
   "NOTUSED", 
   "ANDD", 
   "NOTUSED", 
   "ANDD", 
   "ORR"
  ], 
  "0": [
   "ORR", 
   "ORR", 
   "ANDD", 
   "NOTUSED", 
   "NOTUSED", 
   "ORR", 
   "NOTUSED", 
   "ORR", 
   "NOTUSED", 
   "ANDD", 
   "NOTUSED", 
   "ORR", 
   "NOTUSED", 
   "NOTUSED", 
   "NOTUSED"
  ], 
  "3": [
   "NOTUSED", 
   "NOTUSED", 
   "ANDD", 
   "NOTUSED", 
   "NOTUSED", 
   "NOTUSED", 
   "ORR", 
   "ANDD", 
   "NOTUSED", 
   "ANDD", 
   "ANDD", 
   "ANDD", 
   "ORR", 
   "ORR", 
   "NOTUSED"
  ], 
  "2": [
   "ANDD", 
   "NOTUSED", 
   "NOTUSED", 
   "ANDD", 
   "ORR", 
   "ORR", 
   "ANDD", 
   "NOTUSED", 
   "NOTUSED", 
   "ANDD", 
   "NOTUSED", 
   "ANDD", 
   "ANDD", 
   "ORR", 
   "ANDD"
  ], 
  "5": [
   "ORR", 
   "ORR", 
   "ORR", 
   "NOTUSED", 
   "ORR", 
   "ORR", 
   "ORR", 
   "ANDD", 
   "NOTUSED", 
   "ORR", 
   "ANDD", 
   "ANDD", 
   "ANDD", 
   "ORR", 
   "ANDD"
  ], 
  "4": [
   "NOTUSED", 
   "ANDD", 
   "ORR", 
   "NOTUSED", 
   "NOTUSED", 
   "ORR", 
   "ANDD", 
   "ANDD", 
   "ORR", 
   "ORR", 
   "NOTUSED", 
   "ORR", 
   "NOTUSED", 
   "ANDD", 
   "ANDD"
  ], 
  "7": [
   "ORR", 
   "ANDD", 
   "NOTUSED", 
   "ANDD", 
   "ANDD", 
   "ANDD", 
   "ORR", 
   "ANDD", 
   "ANDD", 
   "ANDD", 
   "ORR", 
   "NOTUSED", 
   "ANDD", 
   "NOTUSED", 
   "ORR"
  ], 
  "6": [
   "NOTUSED", 
   "ANDD", 
   "ANDD", 
   "ORR", 
   "ANDD", 
   "ORR", 
   "ANDD", 
   "ORR", 
   "ORR", 
   "ANDD", 
   "NOTUSED", 
   "ANDD", 
   "NOTUSED", 
   "NOTUSED", 
   "ANDD"
  ], 
  "9": [
   "ANDD", 
   "ANDD", 
   "ANDD", 
   "ANDD", 
   "ORR", 
   "ORR", 
   "ANDD", 
   "ANDD", 
   "ANDD", 
   "ORR", 
   "ANDD", 
   "ANDD", 
   "ORR", 
   "ANDD", 
   "NOTUSED"
  ], 
  "8": [
   "NOTUSED", 
   "ANDD", 
   "NOTUSED", 
   "NOTUSED", 
   "ORR", 
   "NOTUSED", 
   "ORR", 
   "ANDD", 
   "NOTUSED", 
   "ANDD", 
   "ANDD", 
   "ORR", 
   "ANDD", 
   "ORR", 
   "ORR"
  ]
 }
}