{
 "random_seed": 1723050484, 
 "PARAMETERS": {
  "RADIUS1": 274219.891, 
  "QUADS": 2, 
  "RADIUS2": 764477.664, 
  "DIST": 265561.908, 
  "F_PTS": 43, 
  "K_PTS": 49, 
  "EPSILON": 0.422, 
  "LENGTH1": 525481.776, 
  "G_PTS": 48, 
  "Q_PTS": 67, 
  "N_PTS": 3, 
  "C_PTS": 25, 
  "AREA2": 547808.278, 
  "LENGTH2": 168116.383, 
  "B_PTS": 6, 
  "D_PTS": 36, 
  "AREA1": 723822.851, 
  "A_PTS": 7, 
  "E_PTS": 31
 }, 
 "NUMPOINTS": 84, 
 "points": [
  [
   -55114.329, 
   -272619.508
  ], 
  [
   -368737.554, 
   -656086.823
  ], 
  [
   975003.097, 
   522919.637
  ], 
  [
   941839.451, 
   616381.772
  ], 
  [
   -310204.399, 
   -556417.165
  ], 
  [
   513247.267, 
   -287634.287
  ], 
  [
   794245.86, 
   882803.696
  ], 
  [
   480559.996, 
   727237.71
  ], 
  [
   -340598.765, 
   645547.48
  ], 
  [
   -933389.358, 
   378255.709
  ], 
  [
   201006.337, 
   723072.117
  ], 
  [
   -991821.141, 
   -877361.881
  ], 
  [
   -217006.3, 
   -458457.303
  ], 
  [
   -854195.898, 
   -207842.807
  ], 
  [
   151538.967, 
   -484127.833
  ], 
  [
   355560.636, 
   224195.727
  ], 
  [
   771816.483, 
   -464319.02
  ], 
  [
   -832309.482, 
   -403372.705
  ], 
  [
   -649442.672, 
   -120291.728
  ], 
  [
   -865841.996, 
   755378.417
  ], 
  [
   -886374.07, 
   791877.424
  ], 
  [
   -940038.887, 
   -854326.525
  ], 
  [
   521026.249, 
   -478075.409
  ], 
  [
   490263.367, 
   30177.174
  ], 
  [
   6777.014, 
   622835.864
  ], 
  [
   -624447.236, 
   -376838.011
  ], 
  [
   -754318.052, 
   55012.697
  ], 
  [
   589774.316, 
   135233.754
  ], 
  [
   -741091.999, 
   -222657.171
  ], 
  [
   417681.783, 
   48682.847
  ], 
  [
   337878.537, 
   274170.138
  ], 
  [
   542895.504, 
   -793820.258
  ], 
  [
   233500.891, 
   418017.391
  ], 
  [
   201926.307, 
   886340.351
  ], 
  [
   -392624.037, 
   -895375.2
  ], 
  [
   647898.252, 
   766665.104
  ], 
  [
   192776.485, 
   -237105.961
  ], 
  [
   -512053.323, 
   619252.174
  ], 
  [
   436608.013, 
   678951.877
  ], 
  [
   933596.156, 
   796253.178
  ], 
  [
   427212.581, 
   261551.478
  ], 
  [
   -138872.795, 
   640188.353
  ], 
  [
   831844.643, 
   -154030.05
  ], 
  [
   -688361.677, 
   -315220.844
  ], 
  [
   343101.25, 
   173324.969
  ], 
  [
   -674628.141, 
   -864303.636
  ], 
  [
   594261.646, 
   -729108.838
  ], 
  [
   834384.922, 
   69931.861
  ], 
  [
   121804.355, 
   579807.792
  ], 
  [
   -168892.284, 
   -103073.153
  ], 
  [
   176804.814, 
   325157.556
  ], 
  [
   -322040.942, 
   237561.306
  ], 
  [
   -701753.269, 
   -534060.838
  ], 
  [
   -230422.508, 
   260634.232
  ], 
  [
   374399.562, 
   -148466.549
  ], 
  [
   -347694.246, 
   -226252.0
  ], 
  [
   593140.921, 
   583105.723
  ], 
  [
   92374.88, 
   -932582.012
  ], 
  [
   -269588.735, 
   164457.827
  ], 
  [
   -986324.272, 
   -658286.821
  ], 
  [
   -244654.288, 
   -272467.487
  ], 
  [
   935571.036, 
   -765582.748
  ], 
  [
   147230.909, 
   -248916.686
  ], 
  [
   160796.641, 
   328843.836
  ], 
  [
   262308.59, 
   -543495.572
  ], 
  [
   -123241.491, 
   627881.442
  ], 
  [
   -107911.257, 
   -167830.538
  ], 
  [
   -737949.952, 
   -898436.119
  ], 
  [
   -543236.152, 
   483485.448
  ], 
  [
   -820896.23, 
   -553613.153
  ], 
  [
   365669.858, 
   927972.453
  ], 
  [
   749378.854, 
   417121.828
  ], 
  [
   -120294.443, 
   -298152.964
  ], 
  [
   524738.76, 
   47496.403
  ], 
  [
   783456.839, 
   79495.134
  ], 
  [
   227797.133, 
   368286.345
  ], 
  [
   -715537.438, 
   616554.395
  ], 
  [
   914287.952, 
   177531.186
  ], 
  [
   -32235.876, 
   619537.502
  ], 
  [
   -865368.703, 
   809772.947
  ], 
  [
   865973.601, 
   -748040.129
  ], 
  [
   521807.516, 
   -762446.46
  ], 
  [
   470422.735, 
   -883989.125
  ], 
  [
   -98966.2, 
   -731522.81
  ]
 ], 
 "PUV": [
  false, 
  true, 
  true, 
  true, 
  false, 
  false, 
  false, 
  true, 
  true, 
  false, 
  false, 
  false, 
  true, 
  false, 
  false
 ], 
 "LCM": {
  "11": [
   "ORR", 
   "ANDD", 
   "ORR", 
   "ORR", 
   "NOTUSED", 
   "NOTUSED", 
   "ORR", 
   "ORR", 
   "NOTUSED", 
   "ORR", 
   "ORR", 
   "ORR", 
   "NOTUSED", 
   "ORR", 
   "ORR"
  ], 
  "10": [
   "ORR", 
   "ANDD", 
   "ANDD", 
   "ANDD", 
   "ANDD", 
   "ORR", 
   "ANDD", 
   "ORR", 
   "ANDD", 
   "NOTUSED", 
   "ORR", 
   "ORR", 
   "ANDD", 
   "ANDD", 
   "ORR"
  ], 
  "13": [
   "NOTUSED", 
   "NOTUSED", 
   "NOTUSED", 
   "ANDD", 
   "NOTUSED", 
   "ANDD", 
   "ORR", 
   "ORR", 
   "ORR", 
   "NOTUSED", 
   "ANDD", 
   "ORR", 
   "ANDD", 
   "ORR", 
   "ANDD"
  ], 
  "12": [
   "ORR", 
   "NOTUSED", 
   "ORR", 
   "ORR", 
   "ANDD", 
   "ORR", 
   "ORR", 
   "ANDD", 
   "ORR", 
   "ANDD", 
   "ANDD", 
   "NOTUSED", 
   "ANDD", 
   "ANDD", 
   "NOTUSED"
  ], 
  "14": [
   "NOTUSED", 
   "ORR", 
   "ANDD", 
   "NOTUSED", 
   "ORR", 
   "NOTUSED", 
   "NOTUSED", 
   "NOTUSED", 
   "ORR", 
   "ANDD", 
   "ORR", 
   "ORR", 
   "NOTUSED", 
   "ANDD", 
   "ANDD"
  ], 
  "1": [
   "ORR", 
   "ANDD", 
   "ORR", 
   "NOTUSED", 
   "NOTUSED", 
   "NOTUSED", 
   "ORR", 
   "NOTUSED", 
   "NOTUSED", 
   "ANDD", 
   "ANDD", 
   "ANDD", 
   "NOTUSED", 
   "NOTUSED", 
   "ORR"
  ], 
  "0": [
   "ORR", 
   "ORR", 
   "ORR", 
   "ORR", 
   "NOTUSED", 
   "ORR", 
   "NOTUSED", 
   "NOTUSED", 
   "ORR", 
   "ORR", 
   "ORR", 
   "ORR", 
   "ORR", 
   "NOTUSED", 
   "NOTUSED"
  ], 
  "3": [
   "ORR", 
   "NOTUSED", 
   "ANDD", 
   "NOTUSED", 
   "ANDD", 
   "ANDD", 
   "ORR", 
   "ANDD", 
   "NOTUSED", 
   "NOTUSED", 
   "ANDD", 
   "ORR", 
   "ORR", 
   "ANDD", 
   "NOTUSED"
  ], 
  "2": [
   "ORR", 
   "ORR", 
   "ANDD", 
   "ANDD", 
   "NOTUSED", 
   "ANDD", 
   "NOTUSED", 
   "ORR", 
   "ORR", 
   "ORR", 
   "ANDD", 
   "ORR", 
   "ORR", 
   "NOTUSED", 
   "ANDD"
  ], 
  "5": [
   "ORR", 
   "NOTUSED", 
   "ANDD", 
   "ANDD", 
   "ORR", 
   "NOTUSED", 
   "NOTUSED", 
   "ANDD", 
   "ANDD", 
   "ORR", 
   "ORR", 
   "NOTUSED", 
   "ORR", 
   "ANDD", 
   "NOTUSED"
  ], 
  "4": [
   "NOTUSED", 
   "NOTUSED", 
   "NOTUSED", 
   "ANDD", 
   "ANDD", 
   "ORR", 
   "ANDD", 
   "ORR", 
   "ORR", 
   "ANDD", 
   "ANDD", 
   "NOTUSED", 
   "ANDD", 
   "NOTUSED", 
   "ORR"
  ], 
  "7": [
   "NOTUSED", 
   "NOTUSED", 
   "ORR", 
   "ANDD", 
   "ORR", 
   "ANDD", 
   "NOTUSED", 
   "NOTUSED", 
   "NOTUSED", 
   "ANDD", 
   "ORR", 
   "ORR", 
   "ANDD", 
   "ORR", 
   "NOTUSED"
  ], 
  "6": [
   "NOTUSED", 
   "ORR", 
   "NOTUSED", 
   "ORR", 
   "ANDD", 
   "NOTUSED", 
   "ORR", 
   "NOTUSED", 
   "ANDD", 
   "ANDD", 
   "ANDD", 
   "ORR", 
   "ORR", 
   "ORR", 
   "NOTUSED"
  ], 
  "9": [
   "ORR", 
   "ANDD", 
   "ORR", 
   "NOTUSED", 
   "ANDD", 
   "ORR", 
   "ANDD", 
   "ANDD", 
   "NOTUSED", 
   "NOTUSED", 
   "NOTUSED", 
   "ORR", 
   "ANDD", 
   "NOTUSED", 
   "ANDD"
  ], 
  "8": [
   "ORR", 
   "NOTUSED", 
   "ORR", 
   "NOTUSED", 
   "ORR", 
   "ANDD", 
   "ANDD", 
   "NOTUSED", 
   "ANDD", 
   "NOTUSED", 
   "ANDD", 
   "NOTUSED", 
   "ORR", 
   "ORR", 
   "ORR"
  ]
 }
}