{
 "random_seed": 1392004348, 
 "PARAMETERS": {
  "RADIUS1": 436758.524, 
  "QUADS": 3, 
  "RADIUS2": 734637.65, 
  "DIST": 844011.454, 
  "F_PTS": 19, 
  "K_PTS": 21, 
  "EPSILON": 1.225, 
  "LENGTH1": 971297.461, 
  "G_PTS": 18, 
  "Q_PTS": 31, 
  "N_PTS": 29, 
  "C_PTS": 5, 
  "AREA2": 313180.571, 
  "LENGTH2": 457819.133, 
  "B_PTS": 3, 
  "D_PTS": 35, 
  "AREA1": 357530.528, 
  "A_PTS": 21, 
  "E_PTS": 12
 }, 
 "NUMPOINTS": 43, 
 "points": [
  [
   -588418.185, 
   944510.297
  ], 
  [
   -376068.448, 
   -892290.504
  ], 
  [
   913540.157, 
   110611.851
  ], 
  [
   136647.113, 
   -201624.887
  ], 
  [
   -970783.367, 
   -787938.212
  ], 
  [
   963580.85, 
   61451.176
  ], 
  [
   -983699.979, 
   541669.924
  ], 
  [
   178586.046, 
   331607.966
  ], 
  [
   -211729.599, 
   -942395.465
  ], 
  [
   629963.037, 
   171587.716
  ], 
  [
   -628983.071, 
   871180.458
  ], 
  [
   41323.312, 
   -290597.837
  ], 
  [
   1538.68, 
   -124865.017
  ], 
  [
   923.378, 
   561775.171
  ], 
  [
   -774786.998, 
   -250536.906
  ], 
  [
   927416.806, 
   63201.384
  ], 
  [
   146058.992, 
   -824522.853
  ], 
  [
   344580.305, 
   -54858.401
  ], 
  [
   377404.074, 
   -148563.14
  ], 
  [
   -401848.7, 
   187392.148
  ], 
  [
   899230.534, 
   143671.412
  ], 
  [
   216395.23, 
   -848175.732
  ], 
  [
   -997839.46, 
   42328.365
  ], 
  [
   -744355.148, 
   -62466.611
  ], 
  [
   -131437.063, 
   975191.437
  ], 
  [
   -144869.122, 
   -211700.222
  ], 
  [
   -638753.151, 
   -635678.068
  ], 
  [
   795978.745, 
   -703088.757
  ], 
  [
   -626697.384, 
   899061.68
  ], 
  [
   -316998.57, 
   -9480.318
  ], 
  [
   599350.941, 
   299690.538
  ], 
  [
   679748.673, 
   -880809.78
  ], 
  [
   124584.478, 
   -488268.44
  ], 
  [
   887929.679, 
   -360720.757
  ], 
  [
   527027.749, 
   -87216.418
  ], 
  [
   615160.862, 
   687485.429
  ], 
  [
   -79852.568, 
   670338.099
  ], 
  [
   -458485.68, 
   -389148.171
  ], 
  [
   344119.977, 
   -578416.522
  ], 
  [
   263509.93, 
   -508155.218
  ], 
  [
   678714.064, 
   504554.589
  ], 
  [
   -353210.083, 
   11281.656
  ], 
  [
   265091.314, 
   450951.091
  ]
 ], 
 "PUV": [
  true, 
  true, 
  true, 
  false, 
  false, 
  false, 
  true, 
  false, 
  true, 
  false, 
  false, 
  true, 
  true, 
  true, 
  true
 ], 
 "LCM": {
  "11": [
   "ORR", 
   "ANDD", 
   "ANDD", 
   "ORR", 
   "ANDD", 
   "NOTUSED", 
   "ANDD", 
   "NOTUSED", 
   "ORR", 
   "ORR", 
   "NOTUSED", 
   "ANDD", 
   "ORR", 
   "ORR", 
   "ORR"
  ], 
  "10": [
   "NOTUSED", 
   "ANDD", 
   "ORR", 
   "ANDD", 
   "ANDD", 
   "ORR", 
   "NOTUSED", 
   "ANDD", 
   "ORR", 
   "ANDD", 
   "ANDD", 
   "NOTUSED", 
   "ORR", 
   "ANDD", 
   "NOTUSED"
  ], 
  "13": [
   "ORR", 
   "NOTUSED", 
   "ANDD", 
   "NOTUSED", 
   "ORR", 
   "ANDD", 
   "ORR", 
   "ANDD", 
   "NOTUSED", 
   "ANDD", 
   "ANDD", 
   "ORR", 
   "ORR", 
   "ANDD", 
   "ANDD"
  ], 
  "12": [
   "ORR", 
   "ORR", 
   "NOTUSED", 
   "ORR", 
   "ANDD", 
   "NOTUSED", 
   "ORR", 
   "ORR", 
   "NOTUSED", 
   "NOTUSED", 
   "ORR", 
   "ORR", 
   "ORR", 
   "ORR", 
   "NOTUSED"
  ], 
  "14": [
   "NOTUSED", 
   "ANDD", 
   "ANDD", 
   "ORR", 
   "NOTUSED", 
   "NOTUSED", 
   "NOTUSED", 
   "ORR", 
   "ANDD", 
   "ORR", 
   "NOTUSED", 
   "ORR", 
   "NOTUSED", 
   "ANDD", 
   "ORR"
  ], 
  "1": [
   "ANDD", 
   "ANDD", 
   "ORR", 
   "ORR", 
   "ANDD", 
   "ANDD", 
   "ORR", 
   "ANDD", 
   "NOTUSED", 
   "NOTUSED", 
   "ANDD", 
   "ANDD", 
   "ORR", 
   "NOTUSED", 
   "ANDD"
  ], 
  "0": [
   "ANDD", 
   "ANDD", 
   "ORR", 
   "NOTUSED", 
   "ORR", 
   "ANDD", 
   "NOTUSED", 
   "ANDD", 
   "ANDD", 
   "NOTUSED", 
   "NOTUSED", 
   "ORR", 
   "ORR", 
   "ORR", 
   "NOTUSED"
  ], 
  "3": [
   "NOTUSED", 
   "ORR", 
   "ANDD", 
   "NOTUSED", 
   "ORR", 
   "NOTUSED", 
   "ORR", 
   "ANDD", 
   "ORR", 
   "ORR", 
   "ANDD", 
   "ORR", 
   "ORR", 
   "NOTUSED", 
   "ORR"
  ], 
  "2": [
   "ORR", 
   "ORR", 
   "NOTUSED", 
   "ANDD", 
   "ORR", 
   "ORR", 
   "NOTUSED", 
   "ORR", 
   "NOTUSED", 
   "ANDD", 
   "ORR", 
   "ANDD", 
   "NOTUSED", 
   "ANDD", 
   "ANDD"
  ], 
  "5": [
   "ANDD", 
   "ANDD", 
   "ORR", 
   "NOTUSED", 
   "ANDD", 
   "ORR", 
   "NOTUSED", 
   "ANDD", 
   "ANDD", 
   "ANDD", 
   "ORR", 
   "NOTUSED", 
   "NOTUSED", 
   "ANDD", 
   "NOTUSED"
  ], 
  "4": [
   "ORR", 
   "ANDD", 
   "ORR", 
   "ORR", 
   "NOTUSED", 
   "ANDD", 
   "ORR", 
   "NOTUSED", 
   "ANDD", 
   "NOTUSED", 
   "ANDD", 
   "ANDD", 
   "ANDD", 
   "ORR", 
   "NOTUSED"
  ], 
  "7": [
   "ANDD", 
   "ANDD", 
   "ORR", 
   "ANDD", 
   "NOTUSED", 
   "ANDD", 
   "NOTUSED", 
   "ANDD", 
   "ANDD", 
   "NOTUSED", 
   "ANDD", 
   "NOTUSED", 
   "ORR", 
   "ANDD", 
   "ORR"
  ], 
  "6": [
   "NOTUSED", 
   "ORR", 
   "NOTUSED", 
   "ORR", 
   "ORR", 
   "NOTUSED", 
   "ORR", 
   "NOTUSED", 
   "ANDD", 
   "ORR", 
   "NOTUSED", 
   "ANDD", 
   "ORR", 
   "ORR", 
   "NOTUSED"
  ], 
  "9": [
   "NOTUSED", 
   "NOTUSED", 
   "ANDD", 
   "ORR", 
   "NOTUSED", 
   "ANDD", 
   "ORR", 
   "NOTUSED", 
   "NOTUSED", 
   "NOTUSED", 
   "ANDD", 
   "ORR", 
   "NOTUSED", 
   "ANDD", 
   "ORR"
  ], 
  "8": [
   "ANDD", 
   "NOTUSED", 
   "NOTUSED", 
   "ORR", 
   "ANDD", 
   "ANDD", 
   "ANDD", 
   "ANDD", 
   "NOTUSED", 
   "NOTUSED", 
   "ORR", 
   "ORR", 
   "NOTUSED", 
   "NOTUSED", 
   "ANDD"
  ]
 }
}