{
 "random_seed": 1150054544, 
 "PARAMETERS": {
  "RADIUS1": 749111.197, 
  "QUADS": 2, 
  "RADIUS2": 184359.625, 
  "DIST": 775635.293, 
  "F_PTS": 25, 
  "K_PTS": 11, 
  "EPSILON": 2.035, 
  "LENGTH1": 381055.496, 
  "G_PTS": 34, 
  "Q_PTS": 8, 
  "N_PTS": 16, 
  "C_PTS": 25, 
  "AREA2": 412339.924, 
  "LENGTH2": 970005.137, 
  "B_PTS": 15, 
  "D_PTS": 9, 
  "AREA1": 198805.566, 
  "A_PTS": 13, 
  "E_PTS": 3
 }, 
 "NUMPOINTS": 37, 
 "points": [
  [
   -137369.972, 
   -236691.876
  ], 
  [
   -596432.747, 
   -836700.556
  ], 
  [
   -870749.594, 
   896290.082
  ], 
  [
   -89786.77, 
   413194.043
  ], 
  [
   -416136.007, 
   -48992.423
  ], 
  [
   967430.243, 
   648442.453
  ], 
  [
   537255.198, 
   344420.264
  ], 
  [
   339284.929, 
   505662.204
  ], 
  [
   -349572.622, 
   -142812.478
  ], 
  [
   -297051.9, 
   625861.042
  ], 
  [
   768388.013, 
   54416.114
  ], 
  [
   -23399.358, 
   796111.774
  ], 
  [
   902324.676, 
   -136407.31
  ], 
  [
   -595887.31, 
   95608.271
  ], 
  [
   906575.283, 
   171071.833
  ], 
  [
   791403.171, 
   -112029.446
  ], 
  [
   -838907.259, 
   -689490.622
  ], 
  [
   446640.542, 
   -674454.304
  ], 
  [
   992436.311, 
   677355.902
  ], 
  [
   -398089.254, 
   864341.278
  ], 
  [
   755906.017, 
   524802.258
  ], 
  [
   685873.573, 
   768840.422
  ], 
  [
   -819989.687, 
   365451.357
  ], 
  [
   762264.354, 
   -221357.014
  ], 
  [
   -281060.206, 
   -342584.931
  ], 
  [
   573991.397, 
   491227.505
  ], 
  [
   -337216.526, 
   576016.46
  ], 
  [
   131387.3, 
   847705.528
  ], 
  [
   223338.786, 
   -188382.074
  ], 
  [
   -105447.992, 
   825466.294
  ], 
  [
   985895.361, 
   -516598.044
  ], 
  [
   89579.051, 
   -77440.09
  ], 
  [
   460368.418, 
   -355984.928
  ], 
  [
   62428.476, 
   195730.248
  ], 
  [
   -490598.03, 
   -77506.281
  ], 
  [
   -67306.357, 
   715632.582
  ], 
  [
   665693.323, 
   718081.544
  ]
 ], 
 "PUV": [
  false, 
  false, 
  true, 
  false, 
  false, 
  false, 
  false, 
  false, 
  true, 
  true, 
  true, 
  false, 
  false, 
  true, 
  true
 ], 
 "LCM": {
  "11": [
   "ANDD", 
   "ORR", 
   "ORR", 
   "ORR", 
   "NOTUSED", 
   "NOTUSED", 
   "NOTUSED", 
   "ORR", 
   "NOTUSED", 
   "ANDD", 
   "ANDD", 
   "ORR", 
   "ANDD", 
   "ORR", 
   "ORR"
  ], 
  "10": [
   "ANDD", 
   "ANDD", 
   "NOTUSED", 
   "NOTUSED", 
   "ORR", 
   "NOTUSED", 
   "ANDD", 
   "ANDD", 
   "ANDD", 
   "NOTUSED", 
   "ANDD", 
   "ANDD", 
   "NOTUSED", 
   "ORR", 
   "ANDD"
  ], 
  "13": [
   "ANDD", 
   "ORR", 
   "NOTUSED", 
   "NOTUSED", 
   "ORR", 
   "ORR", 
   "ANDD", 
   "NOTUSED", 
   "ORR", 
   "ORR", 
   "ORR", 
   "ORR", 
   "NOTUSED", 
   "ORR", 
   "NOTUSED"
  ], 
  "12": [
   "NOTUSED", 
   "ANDD", 
   "ORR", 
   "ORR", 
   "NOTUSED", 
   "ORR", 
   "ORR", 
   "ORR", 
   "ORR", 
   "ORR", 
   "NOTUSED", 
   "ANDD", 
   "ORR", 
   "NOTUSED", 
   "ANDD"
  ], 
  "14": [
   "NOTUSED", 
   "ANDD", 
   "ANDD", 
   "ORR", 
   "NOTUSED", 
   "ORR", 
   "ANDD", 
   "ANDD", 
   "ANDD", 
   "ORR", 
   "ANDD", 
   "ORR", 
   "ANDD", 
   "NOTUSED", 
   "ANDD"
  ], 
  "1": [
   "NOTUSED", 
   "ORR", 
   "NOTUSED", 
   "ORR", 
   "ORR", 
   "ORR", 
   "ORR", 
   "NOTUSED", 
   "ANDD", 
   "ANDD", 
   "ANDD", 
   "ORR", 
   "ANDD", 
   "ORR", 
   "ANDD"
  ], 
  "0": [
   "ANDD", 
   "NOTUSED", 
   "ORR", 
   "ORR", 
   "NOTUSED", 
   "NOTUSED", 
   "NOTUSED", 
   "ANDD", 
   "NOTUSED", 
   "NOTUSED", 
   "ANDD", 
   "ANDD", 
   "NOTUSED", 
   "ANDD", 
   "NOTUSED"
  ], 
  "3": [
   "ORR", 
   "ORR", 
   "NOTUSED", 
   "ORR", 
   "ANDD", 
   "ORR", 
   "ANDD", 
   "NOTUSED", 
   "ANDD", 
   "ORR", 
   "NOTUSED", 
   "ORR", 
   "ORR", 
   "NOTUSED", 
   "ORR"
  ], 
  "2": [
   "ORR", 
   "NOTUSED", 
   "ANDD", 
   "NOTUSED", 
   "ORR", 
   "ORR", 
   "ORR", 
   "ORR", 
   "ORR", 
   "ANDD", 
   "NOTUSED", 
   "ORR", 
   "ORR", 
   "NOTUSED", 
   "ANDD"
  ], 
  "5": [
   "NOTUSED", 
   "ORR", 
   "ORR", 
   "ORR", 
   "ORR", 
   "ANDD", 
   "NOTUSED", 
   "ORR", 
   "ORR", 
   "ORR", 
   "NOTUSED", 
   "NOTUSED", 
   "ORR", 
   "ORR", 
   "ORR"
  ], 
  "4": [
   "NOTUSED", 
   "ORR", 
   "ORR", 
   "ANDD", 
   "ANDD", 
   "ORR", 
   "ORR", 
   "ANDD", 
   "NOTUSED", 
   "ORR", 
   "ORR", 
   "NOTUSED", 
   "NOTUSED", 
   "ORR", 
   "NOTUSED"
  ], 
  "7": [
   "ANDD", 
   "NOTUSED", 
   "ORR", 
   "NOTUSED", 
   "ANDD", 
   "ORR", 
   "ORR", 
   "NOTUSED", 
   "ORR", 
   "ORR", 
   "ANDD", 
   "ORR", 
   "ORR", 
   "NOTUSED", 
   "ANDD"
  ], 
  "6": [
   "NOTUSED", 
   "ORR", 
   "ORR", 
   "ANDD", 
   "ORR", 
   "NOTUSED", 
   "NOTUSED", 
   "ORR", 
   "NOTUSED", 
   "ORR", 
   "ANDD", 
   "NOTUSED", 
   "ORR", 
   "ANDD", 
   "ANDD"
  ], 
  "9": [
   "NOTUSED", 
   "ANDD", 
   "ANDD", 
   "ORR", 
   "ORR", 
   "ORR", 
   "ORR", 
   "ORR", 
   "ANDD", 
   "NOTUSED", 
   "NOTUSED", 
   "ANDD", 
   "ORR", 
   "ORR", 
   "ORR"
  ], 
  "8": [
   "NOTUSED", 
   "ANDD", 
   "ORR", 
   "ANDD", 
   "NOTUSED", 
   "ORR", 
   "NOTUSED", 
   "ORR", 
   "NOTUSED", 
   "ANDD", 
   "ANDD", 
   "NOTUSED", 
   "ORR", 
   "ORR", 
   "ANDD"
  ]
 }
}