{
 "random_seed": 1458930000, 
 "PARAMETERS": {
  "RADIUS1": 494401.668, 
  "QUADS": 2, 
  "RADIUS2": 466507.112, 
  "DIST": 469628.608, 
  "F_PTS": 7, 
  "K_PTS": 50, 
  "EPSILON": 1.751, 
  "LENGTH1": 780162.607, 
  "G_PTS": 17, 
  "Q_PTS": 40, 
  "N_PTS": 69, 
  "C_PTS": 49, 
  "AREA2": 197967.77, 
  "LENGTH2": 370082.575, 
  "B_PTS": 68, 
  "D_PTS": 30, 
  "AREA1": 214761.187, 
  "A_PTS": 20, 
  "E_PTS": 73
 }, 
 "NUMPOINTS": 91, 
 "points": [
  [
   979830.648, 
   861618.293
  ], 
  [
   626527.636, 
   -298046.544
  ], 
  [
   -700584.138, 
   -46866.88
  ], 
  [
   -452823.091, 
   177171.879
  ], 
  [
   421488.773, 
   -925852.671
  ], 
  [
   673035.374, 
   -637041.657
  ], 
  [
   666725.228, 
   -876061.967
  ], 
  [
   667543.338, 
   -828808.426
  ], 
  [
   207983.66, 
   -950032.015
  ], 
  [
   388600.319, 
   751166.16
  ], 
  [
   -917067.837, 
   680777.893
  ], 
  [
   256057.974, 
   -695755.753
  ], 
  [
   940495.092, 
   -904783.35
  ], 
  [
   965779.918, 
   -407219.887
  ], 
  [
   23139.628, 
   -118658.599
  ], 
  [
   -179771.006, 
   999700.588
  ], 
  [
   -953782.659, 
   526615.707
  ], 
  [
   966561.132, 
   75159.73
  ], 
  [
   392489.065, 
   -706225.74
  ], 
  [
   -208757.998, 
   -947538.152
  ], 
  [
   -24446.431, 
   323547.392
  ], 
  [
   845267.724, 
   677101.585
  ], 
  [
   825901.437, 
   -216773.616
  ], 
  [
   386680.281, 
   263604.494
  ], 
  [
   594544.303, 
   -237875.347
  ], 
  [
   -416875.249, 
   -921344.242
  ], 
  [
   -519962.849, 
   857459.605
  ], 
  [
   696747.655, 
   -590177.842
  ], 
  [
   661940.516, 
   740892.801
  ], 
  [
   -474552.857, 
   287983.263
  ], 
  [
   948907.475, 
   -807948.846
  ], 
  [
   106523.315, 
   738830.524
  ], 
  [
   74294.848, 
   929294.297
  ], 
  [
   -663561.1, 
   -166458.308
  ], 
  [
   -713371.64, 
   609417.065
  ], 
  [
   659222.879, 
   559512.673
  ], 
  [
   -678543.687, 
   -669825.998
  ], 
  [
   -798756.532, 
   908097.979
  ], 
  [
   711981.858, 
   -218338.457
  ], 
  [
   -351624.942, 
   -291814.879
  ], 
  [
   -470207.582, 
   863082.385
  ], 
  [
   -375112.355, 
   33111.441
  ], 
  [
   355692.105, 
   402726.239
  ], 
  [
   -240376.035, 
   -677439.601
  ], 
  [
   420974.124, 
   394784.727
  ], 
  [
   400965.074, 
   -960812.39
  ], 
  [
   -159211.309, 
   -274962.144
  ], 
  [
   947452.505, 
   -565502.99
  ], 
  [
   -597291.959, 
   -91669.31
  ], 
  [
   929979.81, 
   -251852.038
  ], 
  [
   832524.733, 
   -268693.77
  ], 
  [
   -651357.511, 
   -855692.453
  ], 
  [
   -358513.748, 
   -217412.173
  ], 
  [
   179905.778, 
   -453074.036
  ], 
  [
   -553180.282, 
   708063.392
  ], 
  [
   122497.727, 
   -552434.431
  ], 
  [
   426830.099, 
   726794.137
  ], 
  [
   921485.061, 
   -802776.665
  ], 
  [
   76368.636, 
   -353833.031
  ], 
  [
   -349846.474, 
   -373538.811
  ], 
  [
   -821275.369, 
   284943.296
  ], 
  [
   755369.507, 
   -454592.186
  ], 
  [
   -298373.001, 
   -729084.435
  ], 
  [
   150990.727, 
   -494496.396
  ], 
  [
   -897402.491, 
   -855107.546
  ], 
  [
   -577859.599, 
   -619495.005
  ], 
  [
   322179.176, 
   -369142.202
  ], 
  [
   -414646.086, 
   937185.211
  ], 
  [
   -458829.506, 
   61377.285
  ], 
  [
   -808845.849, 
   -198514.641
  ], 
  [
   -756336.342, 
   488400.271
  ], 
  [
   -444439.062, 
   -80139.979
  ], 
  [
   -266602.065, 
   924724.857
  ], 
  [
   392940.6, 
   -186278.872
  ], 
  [
   -182241.635, 
   -188297.836
  ], 
  [
   607047.483, 
   -573181.222
  ], 
  [
   -737608.324, 
   726595.834
  ], 
  [
   948832.504, 
   569834.785
  ], 
  [
   382976.95, 
   327874.069
  ], 
  [
   -295133.34, 
   -384716.693
  ], 
  [
   675214.929, 
   -852290.681
  ], 
  [
   499756.297, 
   -818093.534
  ], 
  [
   204765.831, 
   -723836.858
  ], 
  [
   675995.584, 
   694278.771
  ], 
  [
   -763850.362, 
   227596.135
  ], 
  [
   694493.978, 
   -364686.357
  ], 
  [
   199278.837, 
   373520.988
  ], 
  [
   245154.293, 
   962391.643
  ], 
  [
   -398824.351, 
   802319.56
  ], 
  [
   -545597.589, 
   342342.776
  ], 
  [
   -980147.916, 
   -965001.336
  ]
 ], 
 "PUV": [
  false, 
  true, 
  false, 
  true, 
  false, 
  false, 
  true, 
  false, 
  true, 
  true, 
  true, 
  true, 
  false, 
  false, 
  false
 ], 
 "LCM": {
  "11": [
   "ANDD", 
   "ANDD", 
   "ORR", 
   "ORR", 
   "ORR", 
   "NOTUSED", 
   "NOTUSED", 
   "ORR", 
   "ANDD", 
   "NOTUSED", 
   "NOTUSED", 
   "ANDD", 
   "ANDD", 
   "ANDD", 
   "ANDD"
  ], 
  "10": [
   "ORR", 
   "NOTUSED", 
   "NOTUSED", 
   "NOTUSED", 
   "NOTUSED", 
   "ANDD", 
   "ORR", 
   "ORR", 
   "NOTUSED", 
   "ANDD", 
   "NOTUSED", 
   "NOTUSED", 
   "NOTUSED", 
   "ORR", 
   "ORR"
  ], 
  "13": [
   "ANDD", 
   "ANDD", 
   "ANDD", 
   "NOTUSED", 
   "ORR", 
   "NOTUSED", 
   "ANDD", 
   "NOTUSED", 
   "NOTUSED", 
   "ANDD", 
   "ORR", 
   "ANDD", 
   "NOTUSED", 
   "ANDD", 
   "ANDD"
  ], 
  "12": [
   "ORR", 
   "ORR", 
   "ORR", 
   "ANDD", 
   "ORR", 
   "ORR", 
   "ORR", 
   "ANDD", 
   "NOTUSED", 
   "ORR", 
   "NOTUSED", 
   "ANDD", 
   "ORR", 
   "NOTUSED", 
   "ORR"
  ], 
  "14": [
   "NOTUSED", 
   "ANDD", 
   "ANDD", 
   "ANDD", 
   "ORR", 
   "ORR", 
   "NOTUSED", 
   "ORR", 
   "ANDD", 
   "NOTUSED", 
   "ORR", 
   "ANDD", 
   "ORR", 
   "ANDD", 
   "NOTUSED"
  ], 
  "1": [
   "ORR", 
   "NOTUSED", 
   "ANDD", 
   "ORR", 
   "ANDD", 
   "NOTUSED", 
   "ORR", 
   "NOTUSED", 
   "ANDD", 
   "NOTUSED", 
   "NOTUSED", 
   "ANDD", 
   "ORR", 
   "ANDD", 
   "ANDD"
  ], 
  "0": [
   "ANDD", 
   "ORR", 
   "NOTUSED", 
   "ANDD", 
   "ANDD", 
   "NOTUSED", 
   "ORR", 
   "ORR", 
   "ANDD", 
   "ORR", 
   "ORR", 
   "ANDD", 
   "ORR", 
   "ANDD", 
   "NOTUSED"
  ], 
  "3": [
   "ANDD", 
   "ORR", 
   "ANDD", 
   "NOTUSED", 
   "ANDD", 
   "ORR", 
   "ANDD", 
   "ORR", 
   "NOTUSED", 
   "ORR", 
   "NOTUSED", 
   "ORR", 
   "ANDD", 
   "NOTUSED", 
   "ANDD"
  ], 
  "2": [
   "NOTUSED", 
   "ANDD", 
   "ANDD", 
   "ANDD", 
   "NOTUSED", 
   "ORR", 
   "ANDD", 
   "NOTUSED", 
   "NOTUSED", 
   "ANDD", 
   "NOTUSED", 
   "ORR", 
   "ORR", 
   "ANDD", 
   "ANDD"
  ], 
  "5": [
   "NOTUSED", 
   "NOTUSED", 
   "ORR", 
   "ORR", 
   "ANDD", 
   "ORR", 
   "ORR", 
   "NOTUSED", 
   "ANDD", 
   "ORR", 
   "ANDD", 
   "NOTUSED", 
   "ORR", 
   "NOTUSED", 
   "ORR"
  ], 
  "4": [
   "ANDD", 
   "ANDD", 
   "NOTUSED", 
   "ANDD", 
   "ANDD", 
   "ANDD", 
   "ANDD", 
   "ANDD", 
   "ORR", 
   "NOTUSED", 
   "NOTUSED", 
   "ORR", 
   "ORR", 
   "ORR", 
   "ORR"
  ], 
  "7": [
   "ORR", 
   "NOTUSED", 
   "NOTUSED", 
   "ORR", 
   "ANDD", 
   "NOTUSED", 
   "ORR", 
   "NOTUSED", 
   "ORR", 
   "ANDD", 
   "ORR", 
   "ORR", 
   "ANDD", 
   "NOTUSED", 
   "ORR"
  ], 
  "6": [
   "ORR", 
   "ORR", 
   "ANDD", 
   "ANDD", 
   "ANDD", 
   "ORR", 
   "ORR", 
   "ORR", 
   "ORR", 
   "ORR", 
   "ORR", 
   "NOTUSED", 
   "ORR", 
   "ANDD", 
   "NOTUSED"
  ], 
  "9": [
   "ORR", 
   "NOTUSED", 
   "ANDD", 
   "ORR", 
   "NOTUSED", 
   "ORR", 
   "ORR", 
   "ANDD", 
   "NOTUSED", 
   "ANDD", 
   "ANDD", 
   "NOTUSED", 
   "ORR", 
   "ANDD", 
   "NOTUSED"
  ], 
  "8": [
   "ANDD", 
   "ANDD", 
   "NOTUSED", 
   "NOTUSED", 
   "ORR", 
   "ANDD", 
   "ORR", 
   "ORR", 
   "NOTUSED", 
   "NOTUSED", 
   "NOTUSED", 
   "ANDD", 
   "NOTUSED", 
   "NOTUSED", 
   "ANDD"
  ]
 }
}