{
 "random_seed": 4187370896, 
 "PARAMETERS": {
  "RADIUS1": 349302.111, 
  "QUADS": 3, 
  "RADIUS2": 641371.323, 
  "DIST": 481147.279, 
  "F_PTS": 11, 
  "K_PTS": 11, 
  "EPSILON": 0.844, 
  "LENGTH1": 574739.186, 
  "G_PTS": 58, 
  "Q_PTS": 28, 
  "N_PTS": 13, 
  "C_PTS": 53, 
  "AREA2": 853511.384, 
  "LENGTH2": 5465.731, 
  "B_PTS": 17, 
  "D_PTS": 10, 
  "AREA1": 968845.444, 
  "A_PTS": 46, 
  "E_PTS": 21
 }, 
 "NUMPOINTS": 67, 
 "points": [
  [
   -619968.21, 
   -929143.203
  ], 
  [
   -997293.876, 
   957167.982
  ], 
  [
   383994.815, 
   50945.773
  ], 
  [
   886337.826, 
   -200625.619
  ], 
  [
   140220.984, 
   -686116.198
  ], 
  [
   -316541.765, 
   731520.253
  ], 
  [
   152715.661, 
   384050.434
  ], 
  [
   -527053.424, 
   -23951.679
  ], 
  [
   -689133.058, 
   139351.758
  ], 
  [
   942512.747, 
   -441054.999
  ], 
  [
   -35320.793, 
   878912.21
  ], 
  [
   975980.734, 
   132249.332
  ], 
  [
   -970098.788, 
   711647.891
  ], 
  [
   879269.388, 
   689562.929
  ], 
  [
   -500687.605, 
   545623.771
  ], 
  [
   958400.678, 
   -519263.757
  ], 
  [
   870187.248, 
   -171524.642
  ], 
  [
   405484.693, 
   -194401.775
  ], 
  [
   536376.034, 
   230879.23
  ], 
  [
   -319382.912, 
   251976.955
  ], 
  [
   -955298.347, 
   -308243.533
  ], 
  [
   243939.45, 
   944794.711
  ], 
  [
   -222566.159, 
   -252968.337
  ], 
  [
   -764088.256, 
   -827064.45
  ], 
  [
   -291477.875, 
   -924918.614
  ], 
  [
   -505945.084, 
   834646.337
  ], 
  [
   -151501.198, 
   -160853.237
  ], 
  [
   -681696.758, 
   -678487.684
  ], 
  [
   650638.799, 
   -842922.982
  ], 
  [
   849927.98, 
   529105.49
  ], 
  [
   -18094.996, 
   -41213.333
  ], 
  [
   345346.145, 
   661697.711
  ], 
  [
   416340.006, 
   -136712.073
  ], 
  [
   720461.218, 
   -280013.806
  ], 
  [
   -233825.081, 
   -22462.593
  ], 
  [
   260883.188, 
   -969373.73
  ], 
  [
   -993819.899, 
   281098.947
  ], 
  [
   -449458.732, 
   -119567.666
  ], 
  [
   -794830.778, 
   639653.529
  ], 
  [
   -698697.272, 
   693576.533
  ], 
  [
   545925.816, 
   350831.189
  ], 
  [
   -399365.859, 
   503548.521
  ], 
  [
   314373.201, 
   879629.973
  ], 
  [
   -490544.271, 
   217116.07
  ], 
  [
   -194655.631, 
   -581024.948
  ], 
  [
   -545867.422, 
   52320.633
  ], 
  [
   -70224.72, 
   -649776.909
  ], 
  [
   -219416.43, 
   353930.817
  ], 
  [
   341395.436, 
   -3358.641
  ], 
  [
   -564198.447, 
   938150.485
  ], 
  [
   -811077.408, 
   444637.472
  ], 
  [
   -478250.569, 
   -294759.234
  ], 
  [
   -577116.161, 
   372803.299
  ], 
  [
   987655.588, 
   62302.804
  ], 
  [
   -39128.883, 
   346462.994
  ], 
  [
   574399.202, 
   -106662.228
  ], 
  [
   236905.635, 
   579882.678
  ], 
  [
   -464809.429, 
   846594.794
  ], 
  [
   999945.348, 
   -5109.871
  ], 
  [
   -376767.883, 
   393893.333
  ], 
  [
   143500.399, 
   778208.689
  ], 
  [
   451488.74, 
   -997464.386
  ], 
  [
   43598.837, 
   -238247.993
  ], 
  [
   822347.698, 
   934859.683
  ], 
  [
   942344.5, 
   -692385.963
  ], 
  [
   -992088.412, 
   -920319.86
  ], 
  [
   -229118.346, 
   805198.141
  ]
 ], 
 "PUV": [
  false, 
  false, 
  false, 
  true, 
  false, 
  true, 
  true, 
  false, 
  true, 
  true, 
  false, 
  false, 
  true, 
  false, 
  false
 ], 
 "LCM": {
  "11": [
   "NOTUSED", 
   "NOTUSED", 
   "NOTUSED", 
   "NOTUSED", 
   "NOTUSED", 
   "ANDD", 
   "ANDD", 
   "ORR", 
   "NOTUSED", 
   "ORR", 
   "ANDD", 
   "ORR", 
   "ORR", 
   "ORR", 
   "ORR"
  ], 
  "10": [
   "ANDD", 
   "ANDD", 
   "NOTUSED", 
   "NOTUSED", 
   "ORR", 
   "ORR", 
   "NOTUSED", 
   "ANDD", 
   "ANDD", 
   "ANDD", 
   "ORR", 
   "ANDD", 
   "ORR", 
   "ANDD", 
   "ANDD"
  ], 
  "13": [
   "NOTUSED", 
   "NOTUSED", 
   "ANDD", 
   "NOTUSED", 
   "NOTUSED", 
   "ORR", 
   "ANDD", 
   "ORR", 
   "NOTUSED", 
   "ANDD", 
   "ANDD", 
   "ORR", 
   "ANDD", 
   "NOTUSED", 
   "NOTUSED"
  ], 
  "12": [
   "ORR", 
   "ORR", 
   "NOTUSED", 
   "NOTUSED", 
   "ANDD", 
   "ANDD", 
   "ANDD", 
   "NOTUSED", 
   "ORR", 
   "ORR", 
   "ORR", 
   "ORR", 
   "ORR", 
   "ANDD", 
   "ANDD"
  ], 
  "14": [
   "ANDD", 
   "ANDD", 
   "ORR", 
   "ANDD", 
   "ORR", 
   "ORR", 
   "ANDD", 
   "NOTUSED", 
   "ANDD", 
   "ANDD", 
   "ANDD", 
   "ORR", 
   "ANDD", 
   "NOTUSED", 
   "ORR"
  ], 
  "1": [
   "ORR", 
   "ORR", 
   "NOTUSED", 
   "NOTUSED", 
   "NOTUSED", 
   "ORR", 
   "NOTUSED", 
   "NOTUSED", 
   "NOTUSED", 
   "NOTUSED", 
   "ANDD", 
   "NOTUSED", 
   "ORR", 
   "NOTUSED", 
   "ANDD"
  ], 
  "0": [
   "ANDD", 
   "ORR", 
   "NOTUSED", 
   "ORR", 
   "NOTUSED", 
   "ORR", 
   "ORR", 
   "ORR", 
   "ANDD", 
   "NOTUSED", 
   "ANDD", 
   "NOTUSED", 
   "ORR", 
   "NOTUSED", 
   "ANDD"
  ], 
  "3": [
   "ORR", 
   "NOTUSED", 
   "NOTUSED", 
   "NOTUSED", 
   "ORR", 
   "ANDD", 
   "ANDD", 
   "ORR", 
   "ANDD", 
   "ORR", 
   "NOTUSED", 
   "NOTUSED", 
   "NOTUSED", 
   "NOTUSED", 
   "ANDD"
  ], 
  "2": [
   "NOTUSED", 
   "NOTUSED", 
   "NOTUSED", 
   "NOTUSED", 
   "ANDD", 
   "NOTUSED", 
   "ORR", 
   "ORR", 
   "ORR", 
   "NOTUSED", 
   "NOTUSED", 
   "NOTUSED", 
   "NOTUSED", 
   "ANDD", 
   "ORR"
  ], 
  "5": [
   "ORR", 
   "ORR", 
   "NOTUSED", 
   "ANDD", 
   "ANDD", 
   "ANDD", 
   "NOTUSED", 
   "ORR", 
   "ANDD", 
   "ANDD", 
   "ORR", 
   "ANDD", 
   "ANDD", 
   "ORR", 
   "ORR"
  ], 
  "4": [
   "NOTUSED", 
   "NOTUSED", 
   "ANDD", 
   "ORR", 
   "ORR", 
   "ANDD", 
   "ANDD", 
   "ANDD", 
   "ORR", 
   "ANDD", 
   "ORR", 
   "NOTUSED", 
   "ANDD", 
   "NOTUSED", 
   "ORR"
  ], 
  "7": [
   "ORR", 
   "NOTUSED", 
   "ORR", 
   "ORR", 
   "ANDD", 
   "ORR", 
   "ANDD", 
   "ORR", 
   "NOTUSED", 
   "ORR", 
   "ANDD", 
   "ORR", 
   "NOTUSED", 
   "ORR", 
   "NOTUSED"
  ], 
  "6": [
   "ORR", 
   "NOTUSED", 
   "ORR", 
   "ANDD", 
   "ANDD", 
   "NOTUSED", 
   "NOTUSED", 
   "ANDD", 
   "ORR", 
   "ANDD", 
   "NOTUSED", 
   "ANDD", 
   "ANDD", 
   "ANDD", 
   "ANDD"
  ], 
  "9": [
   "NOTUSED", 
   "NOTUSED", 
   "NOTUSED", 
   "ORR", 
   "ANDD", 
   "ANDD", 
   "ANDD", 
   "ORR", 
   "ORR", 
   "NOTUSED", 
   "ANDD", 
   "ORR", 
   "ORR", 
   "ANDD", 
   "ANDD"
  ], 
  "8": [
   "ANDD", 
   "NOTUSED", 
   "ORR", 
   "ANDD", 
   "ORR", 
   "ANDD", 
   "ORR", 
   "NOTUSED", 
   "NOTUSED", 
   "ORR", 
   "ANDD", 
   "NOTUSED", 
   "ORR", 
   "NOTUSED", 
   "ANDD"
  ]
 }
}