{
 "random_seed": 2843756296, 
 "PARAMETERS": {
  "RADIUS1": 529438.485, 
  "QUADS": 3, 
  "RADIUS2": 255533.897, 
  "DIST": 118104.806, 
  "F_PTS": 49, 
  "K_PTS": 9, 
  "EPSILON": 1.055, 
  "LENGTH1": 893250.756, 
  "G_PTS": 13, 
  "Q_PTS": 49, 
  "N_PTS": 60, 
  "C_PTS": 45, 
  "AREA2": 517674.38, 
  "LENGTH2": 605001.829, 
  "B_PTS": 22, 
  "D_PTS": 17, 
  "AREA1": 148347.254, 
  "A_PTS": 6, 
  "E_PTS": 7
 }, 
 "NUMPOINTS": 92, 
 "points": [
  [
   -779435.454, 
   450181.095
  ], 
  [
   137418.207, 
   526190.237
  ], 
  [
   -74587.348, 
   790062.991
  ], 
  [
   818836.296, 
   410701.909
  ], 
  [
   -838219.225, 
   -467628.69
  ], 
  [
   591794.737, 
   694462.324
  ], 
  [
   807776.867, 
   -312273.639
  ], 
  [
   -62942.849, 
   -254705.932
  ], 
  [
   -598114.331, 
   156873.243
  ], 
  [
   -211880.692, 
   256961.74
  ], 
  [
   -445868.266, 
   -574091.6
  ], 
  [
   -10956.464, 
   -812289.988
  ], 
  [
   -421044.139, 
   972373.503
  ], 
  [
   -91455.769, 
   753642.8
  ], 
  [
   -463882.15, 
   -288675.939
  ], 
  [
   -185954.252, 
   797745.702
  ], 
  [
   -925736.231, 
   -763452.336
  ], 
  [
   832845.51, 
   654433.998
  ], 
  [
   -124007.204, 
   670735.208
  ], 
  [
   -879003.406, 
   -260227.423
  ], 
  [
   -31830.76, 
   -208635.879
  ], 
  [
   -204329.423, 
   915236.221
  ], 
  [
   783224.658, 
   -211722.465
  ], 
  [
   826806.128, 
   866487.579
  ], 
  [
   581193.975, 
   75061.629
  ], 
  [
   -813171.402, 
   -993423.129
  ], 
  [
   336917.246, 
   -968970.432
  ], 
  [
   -175408.009, 
   -268855.744
  ], 
  [
   -352580.12, 
   503559.334
  ], 
  [
   -81136.306, 
   196548.813
  ], 
  [
   -571701.114, 
   646285.051
  ], 
  [
   102751.051, 
   649516.156
  ], 
  [
   882715.91, 
   -154530.693
  ], 
  [
   -750450.921, 
   -326664.237
  ], 
  [
   -662059.017, 
   -16658.536
  ], 
  [
   528704.101, 
   120551.138
  ], 
  [
   -411565.335, 
   770085.062
  ], 
  [
   -928181.439, 
   948816.116
  ], 
  [
   174196.106, 
   -521816.719
  ], 
  [
   -768275.794, 
   272546.827
  ], 
  [
   -352030.879, 
   402031.485
  ], 
  [
   782549.944, 
   429169.582
  ], 
  [
   847117.591, 
   -871033.151
  ], 
  [
   -143627.551, 
   206904.007
  ], 
  [
   672607.281, 
   490932.523
  ], 
  [
   -322681.073, 
   921062.175
  ], 
  [
   610843.223, 
   -207291.509
  ], 
  [
   711494.47, 
   123765.785
  ], 
  [
   273144.283, 
   -528642.131
  ], 
  [
   955873.499, 
   -304458.414
  ], 
  [
   -969866.465, 
   40100.547
  ], 
  [
   807603.781, 
   400505.615
  ], 
  [
   -718418.398, 
   692132.113
  ], 
  [
   184957.71, 
   596655.88
  ], 
  [
   -474382.079, 
   630209.867
  ], 
  [
   254011.652, 
   712687.807
  ], 
  [
   -769905.528, 
   -30122.69
  ], 
  [
   -983161.171, 
   -256052.194
  ], 
  [
   432140.676, 
   830875.782
  ], 
  [
   382845.051, 
   189095.072
  ], 
  [
   986236.41, 
   484715.824
  ], 
  [
   -561871.624, 
   -885245.636
  ], 
  [
   719365.675, 
   -396676.39
  ], 
  [
   420191.047, 
   -243284.161
  ], 
  [
   202144.155, 
   -612648.188
  ], 
  [
   620253.667, 
   56438.694
  ], 
  [
   193087.022, 
   813918.651
  ], 
  [
   -980292.79, 
   229700.021
  ], 
  [
   -870669.91, 
   23565.537
  ], 
  [
   -555355.613, 
   247551.827
  ], 
  [
   -326373.118, 
   -719466.313
  ], 
  [
   -421063.812, 
   451024.28
  ], 
  [
   157299.517, 
   -112458.782
  ], 
  [
   423569.28, 
   -321552.708
  ], 
  [
   -82347.693, 
   430864.119
  ], 
  [
   -825425.759, 
   -309362.36
  ], 
  [
   -370552.004, 
   916549.495
  ], 
  [
   -648405.672, 
   -846757.603
  ], 
  [
   -901968.72, 
   -876873.458
  ], 
  [
   -291481.87, 
   -628035.913
  ], 
  [
   -134574.612, 
   -120984.717
  ], 
  [
   -254567.134, 
   270292.482
  ], 
  [
   907822.29, 
   155872.893
  ], 
  [
   -961671.575, 
   171206.984
  ], 
  [
   -551949.006, 
   740679.709
  ], 
  [
   244110.406, 
   291567.835
  ], 
  [
   -260586.118, 
   780219.487
  ], 
  [
   942680.658, 
   -622091.222
  ], 
  [
   -769255.615, 
   -906478.69
  ], 
  [
   -779147.383, 
   -464086.845
  ], 
  [
   591468.584, 
   128184.784
  ], 
  [
   552033.279, 
   -299723.562
  ]
 ], 
 "PUV": [
  true, 
  false, 
  false, 
  false, 
  true, 
  false, 
  true, 
  false, 
  true, 
  true, 
  false, 
  true, 
  true, 
  true, 
  false
 ], 
 "LCM": {
  "11": [
   "ORR", 
   "ORR", 
   "NOTUSED", 
   "ANDD", 
   "ANDD", 
   "NOTUSED", 
   "ORR", 
   "NOTUSED", 
   "ORR", 
   "ANDD", 
   "ORR", 
   "NOTUSED", 
   "ANDD", 
   "NOTUSED", 
   "ORR"
  ], 
  "10": [
   "ORR", 
   "ORR", 
   "NOTUSED", 
   "NOTUSED", 
   "ORR", 
   "NOTUSED", 
   "NOTUSED", 
   "ANDD", 
   "ORR", 
   "ANDD", 
   "ORR", 
   "ORR", 
   "ORR", 
   "ORR", 
   "ORR"
  ], 
  "13": [
   "NOTUSED", 
   "ANDD", 
   "NOTUSED", 
   "NOTUSED", 
   "NOTUSED", 
   "ANDD", 
   "ANDD", 
   "ORR", 
   "ANDD", 
   "NOTUSED", 
   "ORR", 
   "NOTUSED", 
   "NOTUSED", 
   "ANDD", 
   "NOTUSED"
  ], 
  "12": [
   "NOTUSED", 
   "ORR", 
   "ORR", 
   "ORR", 
   "ORR", 
   "ORR", 
   "ORR", 
   "ORR", 
   "NOTUSED", 
   "NOTUSED", 
   "ORR", 
   "ANDD", 
   "NOTUSED", 
   "NOTUSED", 
   "NOTUSED"
  ], 
  "14": [
   "ORR", 
   "ORR", 
   "ORR", 
   "ANDD", 
   "ANDD", 
   "NOTUSED", 
   "ORR", 
   "NOTUSED", 
   "ORR", 
   "NOTUSED", 
   "ORR", 
   "ORR", 
   "NOTUSED", 
   "NOTUSED", 
   "NOTUSED"
  ], 
  "1": [
   "ORR", 
   "NOTUSED", 
   "NOTUSED", 
   "NOTUSED", 
   "ORR", 
   "ORR", 
   "ORR", 
   "ANDD", 
   "NOTUSED", 
   "ORR", 
   "ORR", 
   "ORR", 
   "ORR", 
   "ANDD", 
   "ORR"
  ], 
  "0": [
   "ORR", 
   "ORR", 
   "NOTUSED", 
   "NOTUSED", 
   "ANDD", 
   "ANDD", 
   "ANDD", 
   "ORR", 
   "ANDD", 
   "ORR", 
   "ORR", 
   "ORR", 
   "NOTUSED", 
   "NOTUSED", 
   "ORR"
  ], 
  "3": [
   "NOTUSED", 
   "NOTUSED", 
   "ORR", 
   "NOTUSED", 
   "ORR", 
   "ORR", 
   "ANDD", 
   "ORR", 
   "ORR", 
   "ORR", 
   "NOTUSED", 
   "ANDD", 
   "ORR", 
   "NOTUSED", 
   "ANDD"
  ], 
  "2": [
   "NOTUSED", 
   "NOTUSED", 
   "NOTUSED", 
   "ORR", 
   "ORR", 
   "ANDD", 
   "ANDD", 
   "ANDD", 
   "ANDD", 
   "ANDD", 
   "NOTUSED", 
   "NOTUSED", 
   "ORR", 
   "NOTUSED", 
   "ORR"
  ], 
  "5": [
   "ANDD", 
   "ORR", 
   "ANDD", 
   "ORR", 
   "ANDD", 
   "ANDD", 
   "ORR", 
   "NOTUSED", 
   "ANDD", 
   "ORR", 
   "NOTUSED", 
   "NOTUSED", 
   "ORR", 
   "ANDD", 
   "NOTUSED"
  ], 
  "4": [
   "ANDD", 
   "ORR", 
   "ORR", 
   "ORR", 
   "ANDD", 
   "ANDD", 
   "ANDD", 
   "ANDD", 
   "ANDD", 
   "ORR", 
   "ORR", 
   "ANDD", 
   "ORR", 
   "NOTUSED", 
   "ANDD"
  ], 
  "7": [
   "ORR", 
   "ANDD", 
   "ANDD", 
   "ORR", 
   "ANDD", 
   "NOTUSED", 
   "ORR", 
   "NOTUSED", 
   "ORR", 
   "ORR", 
   "ANDD", 
   "NOTUSED", 
   "ORR", 
   "ORR", 
   "NOTUSED"
  ], 
  "6": [
   "ANDD", 
   "ORR", 
   "ANDD", 
   "ANDD", 
   "ANDD", 
   "ORR", 
   "ANDD", 
   "ORR", 
   "NOTUSED", 
   "ANDD", 
   "NOTUSED", 
   "ORR", 
   "ORR", 
   "ANDD", 
   "ORR"
  ], 
  "9": [
   "ORR", 
   "ORR", 
   "ANDD", 
   "ORR", 
   "ORR", 
   "ORR", 
   "ANDD", 
   "ORR", 
   "ORR", 
   "NOTUSED", 
   "ANDD", 
   "ANDD", 
   "NOTUSED", 
   "NOTUSED", 
   "NOTUSED"
  ], 
  "8": [
   "ANDD", 
   "NOTUSED", 
   "ANDD", 
   "ORR", 
   "ANDD", 
   "ANDD", 
   "NOTUSED", 
   "ORR", 
   "ORR", 
   "ORR", 
   "ORR", 
   "ORR", 
   "NOTUSED", 
   "ANDD", 
   "ORR"
  ]
 }
}