{
 "random_seed": 3964478826, 
 "PARAMETERS": {
  "RADIUS1": 845791.689, 
  "QUADS": 1, 
  "RADIUS2": 810940.421, 
  "DIST": 776731.303, 
  "F_PTS": 2, 
  "K_PTS": 61, 
  "EPSILON": 0.705, 
  "LENGTH1": 699725.628, 
  "G_PTS": 37, 
  "Q_PTS": 24, 
  "N_PTS": 24, 
  "C_PTS": 37, 
  "AREA2": 764743.925, 
  "LENGTH2": 48692.802, 
  "B_PTS": 12, 
  "D_PTS": 32, 
  "AREA1": 682314.862, 
  "A_PTS": 19, 
  "E_PTS": 22
 }, 
 "NUMPOINTS": 77, 
 "points": [
  [
   952969.203, 
   478979.756
  ], 
  [
   -251478.583, 
   -791114.654
  ], 
  [
   370125.562, 
   309590.632
  ], 
  [
   231181.193, 
   -610042.104
  ], 
  [
   -217240.37, 
   -919780.005
  ], 
  [
   -363784.4, 
   -686298.286
  ], 
  [
   181117.407, 
   583163.882
  ], 
  [
   -699029.342, 
   -29379.715
  ], 
  [
   713884.906, 
   -520754.602
  ], 
  [
   325416.996, 
   61836.003
  ], 
  [
   -104856.317, 
   96594.608
  ], 
  [
   -846378.753, 
   860961.711
  ], 
  [
   -785781.618, 
   -832138.445
  ], 
  [
   -516984.673, 
   545230.465
  ], 
  [
   -902953.661, 
   -405162.887
  ], 
  [
   -600400.818, 
   964215.943
  ], 
  [
   520580.742, 
   -348654.177
  ], 
  [
   415789.747, 
   -312366.132
  ], 
  [
   381434.102, 
   -89022.251
  ], 
  [
   -696526.881, 
   -126347.449
  ], 
  [
   -453112.986, 
   669873.727
  ], 
  [
   -195751.064, 
   -730798.605
  ], 
  [
   -849278.754, 
   -525220.291
  ], 
  [
   -333137.355, 
   327592.214
  ], 
  [
   287231.574, 
   -1353.103
  ], 
  [
   181921.844, 
   936538.773
  ], 
  [
   -640960.072, 
   588791.347
  ], 
  [
   321706.994, 
   213561.53
  ], 
  [
   209131.521, 
   127248.706
  ], 
  [
   -64786.621, 
   730063.709
  ], 
  [
   346662.231, 
   252146.444
  ], 
  [
   291147.705, 
   -503620.844
  ], 
  [
   747488.503, 
   -951102.484
  ], 
  [
   -950727.675, 
   470195.208
  ], 
  [
   -346532.826, 
   132802.811
  ], 
  [
   474828.684, 
   -685390.57
  ], 
  [
   -128466.06, 
   307365.015
  ], 
  [
   583397.256, 
   -720071.739
  ], 
  [
   -87955.416, 
   -338522.532
  ], 
  [
   554554.47, 
   137382.334
  ], 
  [
   732587.952, 
   915038.986
  ], 
  [
   -191094.245, 
   305807.42
  ], 
  [
   45654.953, 
   -991223.835
  ], 
  [
   -707301.897, 
   -840449.764
  ], 
  [
   -780460.19, 
   -913308.564
  ], 
  [
   242530.578, 
   97789.041
  ], 
  [
   267003.457, 
   -65794.565
  ], 
  [
   920868.681, 
   268997.488
  ], 
  [
   -375769.947, 
   -261409.298
  ], 
  [
   484231.909, 
   -230288.328
  ], 
  [
   763703.356, 
   -693718.936
  ], 
  [
   511208.79, 
   -259828.111
  ], 
  [
   -82035.177, 
   572799.803
  ], 
  [
   -539247.642, 
   790967.369
  ], 
  [
   -34607.743, 
   -98577.686
  ], 
  [
   504209.689, 
   569188.947
  ], 
  [
   -819589.101, 
   -892668.576
  ], 
  [
   814097.965, 
   882084.44
  ], 
  [
   -762143.764, 
   -719819.318
  ], 
  [
   325593.707, 
   737108.319
  ], 
  [
   -136568.217, 
   4379.111
  ], 
  [
   174807.475, 
   -163683.223
  ], 
  [
   261790.171, 
   -305723.182
  ], 
  [
   377103.492, 
   308558.13
  ], 
  [
   -59017.729, 
   -604356.112
  ], 
  [
   599907.128, 
   -921901.549
  ], 
  [
   -267519.739, 
   -414626.736
  ], 
  [
   -931167.111, 
   -41604.066
  ], 
  [
   290016.442, 
   552768.848
  ], 
  [
   -714655.876, 
   -116584.76
  ], 
  [
   985178.733, 
   409842.793
  ], 
  [
   34422.132, 
   172614.708
  ], 
  [
   450165.527, 
   -332269.623
  ], 
  [
   -64330.548, 
   200233.679
  ], 
  [
   -451179.722, 
   95315.33
  ], 
  [
   430478.507, 
   807708.339
  ], 
  [
   -294937.196, 
   577279.141
  ]
 ], 
 "PUV": [
  true, 
  false, 
  true, 
  false, 
  false, 
  false, 
  true, 
  true, 
  true, 
  false, 
  true, 
  true, 
  true, 
  true, 
  true
 ], 
 "LCM": {
  "11": [
   "NOTUSED", 
   "ORR", 
   "NOTUSED", 
   "ORR", 
   "ANDD", 
   "ANDD", 
   "ANDD", 
   "ORR", 
   "NOTUSED", 
   "ANDD", 
   "ORR", 
   "NOTUSED", 
   "NOTUSED", 
   "ANDD", 
   "ORR"
  ], 
  "10": [
   "ORR", 
   "ANDD", 
   "ANDD", 
   "ORR", 
   "NOTUSED", 
   "NOTUSED", 
   "NOTUSED", 
   "ORR", 
   "ORR", 
   "ORR", 
   "ORR", 
   "ORR", 
   "ANDD", 
   "ANDD", 
   "ANDD"
  ], 
  "13": [
   "NOTUSED", 
   "ORR", 
   "NOTUSED", 
   "ANDD", 
   "NOTUSED", 
   "ANDD", 
   "ANDD", 
   "ANDD", 
   "NOTUSED", 
   "ORR", 
   "ANDD", 
   "ANDD", 
   "ANDD", 
   "ANDD", 
   "NOTUSED"
  ], 
  "12": [
   "NOTUSED", 
   "ORR", 
   "ORR", 
   "NOTUSED", 
   "NOTUSED", 
   "ORR", 
   "ANDD", 
   "ORR", 
   "NOTUSED", 
   "ORR", 
   "ANDD", 
   "NOTUSED", 
   "ORR", 
   "ANDD", 
   "NOTUSED"
  ], 
  "14": [
   "ORR", 
   "ANDD", 
   "ORR", 
   "ORR", 
   "ORR", 
   "ORR", 
   "NOTUSED", 
   "ANDD", 
   "NOTUSED", 
   "ORR", 
   "ANDD", 
   "ORR", 
   "NOTUSED", 
   "NOTUSED", 
   "NOTUSED"
  ], 
  "1": [
   "ANDD", 
   "ANDD", 
   "NOTUSED", 
   "ANDD", 
   "ANDD", 
   "ORR", 
   "ORR", 
   "NOTUSED", 
   "ORR", 
   "NOTUSED", 
   "ANDD", 
   "ORR", 
   "ORR", 
   "ORR", 
   "ANDD"
  ], 
  "0": [
   "ORR", 
   "ANDD", 
   "ORR", 
   "ANDD", 
   "NOTUSED", 
   "ORR", 
   "ANDD", 
   "ANDD", 
   "ORR", 
   "NOTUSED", 
   "ORR", 
   "NOTUSED", 
   "NOTUSED", 
   "NOTUSED", 
   "ORR"
  ], 
  "3": [
   "ANDD", 
   "ANDD", 
   "ORR", 
   "ANDD", 
   "ORR", 
   "ORR", 
   "NOTUSED", 
   "NOTUSED", 
   "ORR", 
   "ANDD", 
   "ORR", 
   "ORR", 
   "NOTUSED", 
   "ANDD", 
   "ORR"
  ], 
  "2": [
   "ORR", 
   "NOTUSED", 
   "ANDD", 
   "ORR", 
   "ANDD", 
   "ORR", 
   "ORR", 
   "NOTUSED", 
   "NOTUSED", 
   "ORR", 
   "ANDD", 
   "NOTUSED", 
   "ORR", 
   "NOTUSED", 
   "ORR"
  ], 
  "5": [
   "ORR", 
   "ORR", 
   "ORR", 
   "ORR", 
   "NOTUSED", 
   "NOTUSED", 
   "ORR", 
   "NOTUSED", 
   "NOTUSED", 
   "ORR", 
   "NOTUSED", 
   "ANDD", 
   "ORR", 
   "ANDD", 
   "ORR"
  ], 
  "4": [
   "NOTUSED", 
   "ANDD", 
   "ANDD", 
   "ORR", 
   "NOTUSED", 
   "NOTUSED", 
   "ANDD", 
   "ORR", 
   "NOTUSED", 
   "ORR", 
   "NOTUSED", 
   "ANDD", 
   "NOTUSED", 
   "NOTUSED", 
   "ORR"
  ], 
  "7": [
   "ANDD", 
   "NOTUSED", 
   "NOTUSED", 
   "NOTUSED", 
   "ORR", 
   "NOTUSED", 
   "ANDD", 
   "ANDD", 
   "NOTUSED", 
   "NOTUSED", 
   "ORR", 
   "ORR", 
   "ORR", 
   "ANDD", 
   "ANDD"
  ], 
  "6": [
   "ANDD", 
   "ORR", 
   "ORR", 
   "NOTUSED", 
   "ANDD", 
   "ORR", 
   "NOTUSED", 
   "ANDD", 
   "ORR", 
   "ORR", 
   "NOTUSED", 
   "ANDD", 
   "ANDD", 
   "ANDD", 
   "NOTUSED"
  ], 
  "9": [
   "NOTUSED", 
   "NOTUSED", 
   "ORR", 
   "ANDD", 
   "ORR", 
   "ORR", 
   "ORR", 
   "NOTUSED", 
   "ANDD", 
   "ORR", 
   "ORR", 
   "ANDD", 
   "ORR", 
   "ORR", 
   "ORR"
  ], 
  "8": [
   "ORR", 
   "ORR", 
   "NOTUSED", 
   "ORR", 
   "NOTUSED", 
   "NOTUSED", 
   "ORR", 
   "NOTUSED", 
   "NOTUSED", 
   "ANDD", 
   "ORR", 
   "NOTUSED", 
   "NOTUSED", 
   "NOTUSED", 
   "NOTUSED"
  ]
 }
}