{
 "random_seed": 185333550, 
 "PARAMETERS": {
  "RADIUS1": 175691.317, 
  "QUADS": 3, 
  "RADIUS2": 386128.942, 
  "DIST": 714047.487, 
  "F_PTS": 2, 
  "K_PTS": 63, 
  "EPSILON": 1.999, 
  "LENGTH1": 164487.636, 
  "G_PTS": 73, 
  "Q_PTS": 73, 
  "N_PTS": 4, 
  "C_PTS": 57, 
  "AREA2": 668448.207, 
  "LENGTH2": 96687.693, 
  "B_PTS": 37, 
  "D_PTS": 20, 
  "AREA1": 541542.651, 
  "A_PTS": 25, 
  "E_PTS": 16
 }, 
 "NUMPOINTS": 92, 
 "points": [
  [
   637260.056, 
   678390.973
  ], 
  [
   -573902.767, 
   -866015.792
  ], 
  [
   -893453.963, 
   -391097.891
  ], 
  [
   -252252.709, 
   -153512.913
  ], 
  [
   875092.338, 
   308535.996
  ], 
  [
   -668947.677, 
   -228950.914
  ], 
  [
   -130716.523, 
   802946.934
  ], 
  [
   886791.775, 
   -479961.375
  ], 
  [
   -441849.619, 
   964522.42
  ], 
  [
   686440.845, 
   66274.627
  ], 
  [
   473751.418, 
   -921758.575
  ], 
  [
   -680527.904, 
   -450855.242
  ], 
  [
   -406565.517, 
   -278533.74
  ], 
  [
   167827.473, 
   267616.48
  ], 
  [
   -878586.268, 
   364203.194
  ], 
  [
   -145242.292, 
   -418546.287
  ], 
  [
   -942768.402, 
   -430473.459
  ], 
  [
   890604.072, 
   -122987.227
  ], 
  [
   -578259.23, 
   -571513.702
  ], 
  [
   368535.352, 
   755624.775
  ], 
  [
   -483540.395, 
   -510007.569
  ], 
  [
   -779328.692, 
   -334387.607
  ], 
  [
   -981650.502, 
   647771.321
  ], 
  [
   252860.125, 
   -876140.139
  ], 
  [
   439554.86, 
   -758135.061
  ], 
  [
   668233.389, 
   879944.789
  ], 
  [
   -718695.63, 
   -681578.784
  ], 
  [
   340531.492, 
   861021.18
  ], 
  [
   944879.852, 
   144220.324
  ], 
  [
   237744.221, 
   185299.613
  ], 
  [
   -235050.724, 
   495703.543
  ], 
  [
   -848861.568, 
   -624993.683
  ], 
  [
   -601585.584, 
   -628400.801
  ], 
  [
   525795.964, 
   -340103.963
  ], 
  [
   -688860.331, 
   -494121.151
  ], 
  [
   816606.682, 
   162102.816
  ], 
  [
   697790.38, 
   -484310.853
  ], 
  [
   -111270.172, 
   -204443.906
  ], 
  [
   -25956.085, 
   -144374.811
  ], 
  [
   -511744.231, 
   -318532.089
  ], 
  [
   110283.369, 
   821172.937
  ], 
  [
   859373.511, 
   -478682.99
  ], 
  [
   -132238.267, 
   188248.206
  ], 
  [
   -819354.778, 
   142880.725
  ], 
  [
   890872.729, 
   61708.088
  ], 
  [
   81982.06, 
   -523821.203
  ], 
  [
   -805705.103, 
   295668.162
  ], 
  [
   -552332.835, 
   678199.775
  ], 
  [
   -288334.787, 
   -627184.905
  ], 
  [
   699118.963, 
   425887.528
  ], 
  [
   704885.819, 
   -371833.314
  ], 
  [
   127119.718, 
   114941.135
  ], 
  [
   -867691.504, 
   65378.973
  ], 
  [
   231817.899, 
   716414.961
  ], 
  [
   511834.938, 
   170563.107
  ], 
  [
   796447.642, 
   -670790.946
  ], 
  [
   -161553.399, 
   -564021.012
  ], 
  [
   -983409.774, 
   -50238.83
  ], 
  [
   149739.099, 
   787783.928
  ], 
  [
   -698712.808, 
   -179448.248
  ], 
  [
   -367536.429, 
   -106136.07
  ], 
  [
   733172.825, 
   898928.531
  ], 
  [
   365839.458, 
   -523432.327
  ], 
  [
   783610.423, 
   683445.788
  ], 
  [
   -798686.15, 
   127605.141
  ], 
  [
   238409.288, 
   51365.045
  ], 
  [
   -214759.702, 
   427544.682
  ], 
  [
   -655188.574, 
   -768601.565
  ], 
  [
   -628805.615, 
   -650528.309
  ], 
  [
   150044.024, 
   863548.592
  ], 
  [
   977014.018, 
   -110816.161
  ], 
  [
   121818.531, 
   -520153.265
  ], 
  [
   -538040.134, 
   -873038.343
  ], 
  [
   -208862.868, 
   15222.547
  ], 
  [
   310631.447, 
   -255358.892
  ], 
  [
   16847.023, 
   792518.075
  ], 
  [
   471092.699, 
   18587.861
  ], 
  [
   625994.096, 
   556277.138
  ], 
  [
   -277731.442, 
   635302.93
  ], 
  [
   -971518.403, 
   -590464.194
  ], 
  [
   6093.177, 
   -175947.203
  ], 
  [
   -957057.679, 
   -169398.015
  ], 
  [
   665261.968, 
   368576.605
  ], 
  [
   -463042.568, 
   -867713.58
  ], 
  [
   -623199.615, 
   -626525.496
  ], 
  [
   470965.296, 
   -579433.205
  ], 
  [
   -345595.503, 
   -428095.031
  ], 
  [
   326853.522, 
   -45287.119
  ], 
  [
   37569.466, 
   291495.015
  ], 
  [
   -877790.459, 
   152893.142
  ], 
  [
   -519796.576, 
   336944.343
  ], 
  [
   -978542.443, 
   -106869.775
  ]
 ], 
 "PUV": [
  false, 
  false, 
  true, 
  true, 
  true, 
  false, 
  true, 
  true, 
  false, 
  true, 
  false, 
  false, 
  true, 
  true, 
  false
 ], 
 "LCM": {
  "11": [
   "NOTUSED", 
   "ORR", 
   "ANDD", 
   "NOTUSED", 
   "NOTUSED", 
   "ANDD", 
   "ANDD", 
   "NOTUSED", 
   "NOTUSED", 
   "NOTUSED", 
   "ANDD", 
   "NOTUSED", 
   "ORR", 
   "ORR", 
   "ORR"
  ], 
  "10": [
   "NOTUSED", 
   "ORR", 
   "ANDD", 
   "NOTUSED", 
   "NOTUSED", 
   "ORR", 
   "NOTUSED", 
   "ANDD", 
   "NOTUSED", 
   "ORR", 
   "ORR", 
   "ANDD", 
   "NOTUSED", 
   "NOTUSED", 
   "NOTUSED"
  ], 
  "13": [
   "ANDD", 
   "ANDD", 
   "ORR", 
   "ANDD", 
   "ANDD", 
   "ORR", 
   "NOTUSED", 
   "ANDD", 
   "ORR", 
   "NOTUSED", 
   "NOTUSED", 
   "ORR", 
   "NOTUSED", 
   "ORR", 
   "NOTUSED"
  ], 
  "12": [
   "ORR", 
   "NOTUSED", 
   "NOTUSED", 
   "NOTUSED", 
   "ANDD", 
   "NOTUSED", 
   "ANDD", 
   "ORR", 
   "ANDD", 
   "ORR", 
   "NOTUSED", 
   "ORR", 
   "ANDD", 
   "NOTUSED", 
   "ORR"
  ], 
  "14": [
   "ANDD", 
   "ORR", 
   "ANDD", 
   "ORR", 
   "ORR", 
   "ANDD", 
   "ANDD", 
   "ORR", 
   "NOTUSED", 
   "ORR", 
   "NOTUSED", 
   "ORR", 
   "ORR", 
   "NOTUSED", 
   "ANDD"
  ], 
  "1": [
   "NOTUSED", 
   "ORR", 
   "ANDD", 
   "ANDD", 
   "ANDD", 
   "ANDD", 
   "ORR", 
   "ORR", 
   "ORR", 
   "ORR", 
   "ORR", 
   "ORR", 
   "NOTUSED", 
   "ANDD", 
   "ORR"
  ], 
  "0": [
   "ORR", 
   "NOTUSED", 
   "NOTUSED", 
   "ANDD", 
   "NOTUSED", 
   "ORR", 
   "NOTUSED", 
   "ORR", 
   "NOTUSED", 
   "ANDD", 
   "NOTUSED", 
   "NOTUSED", 
   "ORR", 
   "ANDD", 
   "ANDD"
  ], 
  "3": [
   "ANDD", 
   "ANDD", 
   "NOTUSED", 
   "NOTUSED", 
   "ANDD", 
   "ANDD", 
   "ORR", 
   "ANDD", 
   "ORR", 
   "ORR", 
   "NOTUSED", 
   "NOTUSED", 
   "NOTUSED", 
   "ANDD", 
   "ORR"
  ], 
  "2": [
   "NOTUSED", 
   "ANDD", 
   "NOTUSED", 
   "NOTUSED", 
   "ORR", 
   "NOTUSED", 
   "ORR", 
   "ORR", 
   "ANDD", 
   "ANDD", 
   "ANDD", 
   "ANDD", 
   "NOTUSED", 
   "ORR", 
   "ANDD"
  ], 
  "5": [
   "ORR", 
   "ANDD", 
   "NOTUSED", 
   "ANDD", 
   "NOTUSED", 
   "ORR", 
   "NOTUSED", 
   "ORR", 
   "ORR", 
   "ORR", 
   "ORR", 
   "ANDD", 
   "NOTUSED", 
   "ORR", 
   "ANDD"
  ], 
  "4": [
   "NOTUSED", 
   "ANDD", 
   "ORR", 
   "ANDD", 
   "NOTUSED", 
   "NOTUSED", 
   "NOTUSED", 
   "ORR", 
   "NOTUSED", 
   "NOTUSED", 
   "NOTUSED", 
   "NOTUSED", 
   "ANDD", 
   "ANDD", 
   "ORR"
  ], 
  "7": [
   "ORR", 
   "ORR", 
   "ORR", 
   "ANDD", 
   "ORR", 
   "ORR", 
   "ORR", 
   "NOTUSED", 
   "ANDD", 
   "ORR", 
   "ANDD", 
   "NOTUSED", 
   "ORR", 
   "ANDD", 
   "ORR"
  ], 
  "6": [
   "NOTUSED", 
   "ORR", 
   "ORR", 
   "ORR", 
   "NOTUSED", 
   "NOTUSED", 
   "ORR", 
   "ORR", 
   "ANDD", 
   "ANDD", 
   "NOTUSED", 
   "ANDD", 
   "ANDD", 
   "NOTUSED", 
   "ANDD"
  ], 
  "9": [
   "ANDD", 
   "ORR", 
   "ANDD", 
   "ORR", 
   "NOTUSED", 
   "ORR", 
   "ANDD", 
   "ORR", 
   "ANDD", 
   "NOTUSED", 
   "ORR", 
   "NOTUSED", 
   "ORR", 
   "NOTUSED", 
   "ORR"
  ], 
  "8": [
   "NOTUSED", 
   "ORR", 
   "ANDD", 
   "ORR", 
   "NOTUSED", 
   "ORR", 
   "ANDD", 
   "ANDD", 
   "ORR", 
   "ANDD", 
   "NOTUSED", 
   "NOTUSED", 
   "ANDD", 
   "ORR", 
   "NOTUSED"
  ]
 }
}