{
 "random_seed": 1856864132, 
 "PARAMETERS": {
  "RADIUS1": 889923.918, 
  "QUADS": 1, 
  "RADIUS2": 642039.329, 
  "DIST": 844771.757, 
  "F_PTS": 10, 
  "K_PTS": 27, 
  "EPSILON": 0.186, 
  "LENGTH1": 761039.958, 
  "G_PTS": 11, 
  "Q_PTS": 44, 
  "N_PTS": 14, 
  "C_PTS": 20, 
  "AREA2": 796537.088, 
  "LENGTH2": 730665.191, 
  "B_PTS": 14, 
  "D_PTS": 4, 
  "AREA1": 20913.336, 
  "A_PTS": 1, 
  "E_PTS": 25
 }, 
 "NUMPOINTS": 67, 
 "points": [
  [
   -606717.781, 
   -972197.042
  ], 
  [
   662872.033, 
   366049.866
  ], 
  [
   -87766.043, 
   -785611.418
  ], 
  [
   514935.901, 
   60338.09
  ], 
  [
   237118.801, 
   914642.695
  ], 
  [
   979805.518, 
   186400.164
  ], 
  [
   219107.317, 
   -608228.088
  ], 
  [
   -283126.039, 
   806869.803
  ], 
  [
   -867407.939, 
   -657537.445
  ], 
  [
   667266.028, 
   249006.979
  ], 
  [
   -302690.617, 
   -192338.25
  ], 
  [
   -475426.817, 
   988327.753
  ], 
  [
   -707364.909, 
   924014.046
  ], 
  [
   -986076.914, 
   -255167.78
  ], 
  [
   -125935.554, 
   -558195.823
  ], 
  [
   922336.042, 
   79647.478
  ], 
  [
   384697.942, 
   479177.153
  ], 
  [
   348498.18, 
   -940697.606
  ], 
  [
   -829975.717, 
   -458242.523
  ], 
  [
   -719503.69, 
   -949786.532
  ], 
  [
   24817.087, 
   598902.072
  ], 
  [
   -471106.709, 
   284855.645
  ], 
  [
   -494434.874, 
   -665393.07
  ], 
  [
   203265.72, 
   277863.494
  ], 
  [
   -575797.025, 
   188207.113
  ], 
  [
   -753300.971, 
   -32762.504
  ], 
  [
   745310.853, 
   -600225.602
  ], 
  [
   638702.456, 
   430492.635
  ], 
  [
   788241.013, 
   601364.335
  ], 
  [
   144632.457, 
   500061.319
  ], 
  [
   -734148.511, 
   768539.767
  ], 
  [
   968444.878, 
   -419395.46
  ], 
  [
   -910407.543, 
   409041.192
  ], 
  [
   134925.096, 
   622772.698
  ], 
  [
   -996221.924, 
   -452317.506
  ], 
  [
   95016.63, 
   -244981.334
  ], 
  [
   -45464.175, 
   519534.144
  ], 
  [
   855871.318, 
   -277148.104
  ], 
  [
   -187282.781, 
   -450479.314
  ], 
  [
   -392802.742, 
   102347.407
  ], 
  [
   -338789.981, 
   555686.922
  ], 
  [
   990943.924, 
   120508.266
  ], 
  [
   677166.153, 
   451585.855
  ], 
  [
   579936.664, 
   -819564.833
  ], 
  [
   -763042.038, 
   -143744.792
  ], 
  [
   -173761.275, 
   -982917.291
  ], 
  [
   -137966.453, 
   -721312.623
  ], 
  [
   203216.934, 
   790582.915
  ], 
  [
   330270.794, 
   79868.826
  ], 
  [
   -653189.336, 
   -60669.545
  ], 
  [
   -649904.233, 
   680486.464
  ], 
  [
   -639493.383, 
   -385663.611
  ], 
  [
   -204667.529, 
   -893843.33
  ], 
  [
   139579.067, 
   390470.954
  ], 
  [
   -741467.516, 
   -323362.302
  ], 
  [
   3078.434, 
   857412.948
  ], 
  [
   650563.98, 
   263340.311
  ], 
  [
   -606583.741, 
   -503429.785
  ], 
  [
   374636.407, 
   831081.325
  ], 
  [
   858515.179, 
   -397290.3
  ], 
  [
   -346322.105, 
   -127179.898
  ], 
  [
   475231.883, 
   -157971.708
  ], 
  [
   -234294.939, 
   -375681.59
  ], 
  [
   304539.178, 
   636865.345
  ], 
  [
   -6538.183, 
   -200983.881
  ], 
  [
   996798.562, 
   -729962.162
  ], 
  [
   -524434.205, 
   847439.538
  ]
 ], 
 "PUV": [
  true, 
  false, 
  true, 
  false, 
  false, 
  false, 
  true, 
  true, 
  true, 
  true, 
  false, 
  true, 
  true, 
  false, 
  true
 ], 
 "LCM": {
  "11": [
   "ANDD", 
   "NOTUSED", 
   "ORR", 
   "ORR", 
   "ORR", 
   "NOTUSED", 
   "ORR", 
   "ORR", 
   "ORR", 
   "NOTUSED", 
   "NOTUSED", 
   "ORR", 
   "ORR", 
   "ORR", 
   "ANDD"
  ], 
  "10": [
   "ORR", 
   "ANDD", 
   "NOTUSED", 
   "NOTUSED", 
   "ANDD", 
   "NOTUSED", 
   "ORR", 
   "ORR", 
   "NOTUSED", 
   "ORR", 
   "ANDD", 
   "NOTUSED", 
   "NOTUSED", 
   "NOTUSED", 
   "ANDD"
  ], 
  "13": [
   "NOTUSED", 
   "NOTUSED", 
   "ANDD", 
   "ORR", 
   "NOTUSED", 
   "ORR", 
   "ANDD", 
   "ORR", 
   "ORR", 
   "NOTUSED", 
   "NOTUSED", 
   "ORR", 
   "ANDD", 
   "ANDD", 
   "ORR"
  ], 
  "12": [
   "ORR", 
   "ANDD", 
   "ORR", 
   "ANDD", 
   "ANDD", 
   "NOTUSED", 
   "NOTUSED", 
   "ORR", 
   "ANDD", 
   "ORR", 
   "NOTUSED", 
   "ORR", 
   "ORR", 
   "ANDD", 
   "NOTUSED"
  ], 
  "14": [
   "ANDD", 
   "ORR", 
   "NOTUSED", 
   "ORR", 
   "ORR", 
   "ANDD", 
   "NOTUSED", 
   "NOTUSED", 
   "NOTUSED", 
   "ORR", 
   "ANDD", 
   "ANDD", 
   "NOTUSED", 
   "ORR", 
   "ORR"
  ], 
  "1": [
   "NOTUSED", 
   "ANDD", 
   "ANDD", 
   "ORR", 
   "ORR", 
   "ORR", 
   "ORR", 
   "NOTUSED", 
   "ANDD", 
   "NOTUSED", 
   "ANDD", 
   "NOTUSED", 
   "ANDD", 
   "NOTUSED", 
   "ORR"
  ], 
  "0": [
   "ORR", 
   "NOTUSED", 
   "ORR", 
   "ANDD", 
   "NOTUSED", 
   "ANDD", 
   "ANDD", 
   "NOTUSED", 
   "NOTUSED", 
   "NOTUSED", 
   "ORR", 
   "ANDD", 
   "ORR", 
   "NOTUSED", 
   "ANDD"
  ], 
  "3": [
   "ANDD", 
   "ORR", 
   "ANDD", 
   "NOTUSED", 
   "ANDD", 
   "ORR", 
   "ORR", 
   "NOTUSED", 
   "ANDD", 
   "ANDD", 
   "NOTUSED", 
   "ORR", 
   "ANDD", 
   "ORR", 
   "ORR"
  ], 
  "2": [
   "ORR", 
   "ANDD", 
   "ORR", 
   "ANDD", 
   "NOTUSED", 
   "NOTUSED", 
   "NOTUSED", 
   "NOTUSED", 
   "NOTUSED", 
   "ANDD", 
   "NOTUSED", 
   "ORR", 
   "ORR", 
   "ANDD", 
   "NOTUSED"
  ], 
  "5": [
   "ANDD", 
   "ORR", 
   "NOTUSED", 
   "ORR", 
   "ORR", 
   "ORR", 
   "ORR", 
   "NOTUSED", 
   "NOTUSED", 
   "ANDD", 
   "NOTUSED", 
   "NOTUSED", 
   "NOTUSED", 
   "ORR", 
   "ANDD"
  ], 
  "4": [
   "NOTUSED", 
   "ORR", 
   "NOTUSED", 
   "ANDD", 
   "ANDD", 
   "ORR", 
   "ANDD", 
   "ORR", 
   "ORR", 
   "ANDD", 
   "ANDD", 
   "ORR", 
   "ANDD", 
   "NOTUSED", 
   "ORR"
  ], 
  "7": [
   "NOTUSED", 
   "NOTUSED", 
   "NOTUSED", 
   "NOTUSED", 
   "ORR", 
   "NOTUSED", 
   "NOTUSED", 
   "ORR", 
   "NOTUSED", 
   "ANDD", 
   "ORR", 
   "ORR", 
   "ORR", 
   "ORR", 
   "NOTUSED"
  ], 
  "6": [
   "ANDD", 
   "ORR", 
   "NOTUSED", 
   "ORR", 
   "ANDD", 
   "ORR", 
   "ORR", 
   "NOTUSED", 
   "ORR", 
   "NOTUSED", 
   "ORR", 
   "ORR", 
   "NOTUSED", 
   "ANDD", 
   "NOTUSED"
  ], 
  "9": [
   "NOTUSED", 
   "NOTUSED", 
   "ANDD", 
   "ANDD", 
   "ANDD", 
   "ANDD", 
   "NOTUSED", 
   "ANDD", 
   "ANDD", 
   "NOTUSED", 
   "ORR", 
   "NOTUSED", 
   "ORR", 
   "NOTUSED", 
   "ORR"
  ], 
  "8": [
   "NOTUSED", 
   "ANDD", 
   "NOTUSED", 
   "ANDD", 
   "ORR", 
   "NOTUSED", 
   "ORR", 
   "NOTUSED", 
   "ORR", 
   "ANDD", 
   "NOTUSED", 
   "ORR", 
   "ANDD", 
   "ORR", 
   "NOTUSED"
  ]
 }
}