{
 "random_seed": 2805640624, 
 "PARAMETERS": {
  "RADIUS1": 830725.646, 
  "QUADS": 3, 
  "RADIUS2": 170089.93, 
  "DIST": 912594.695, 
  "F_PTS": 56, 
  "K_PTS": 60, 
  "EPSILON": 1.84, 
  "LENGTH1": 954932.811, 
  "G_PTS": 21, 
  "Q_PTS": 67, 
  "N_PTS": 65, 
  "C_PTS": 6, 
  "AREA2": 896760.764, 
  "LENGTH2": 656540.021, 
  "B_PTS": 63, 
  "D_PTS": 13, 
  "AREA1": 391842.385, 
  "A_PTS": 3, 
  "E_PTS": 1
 }, 
 "NUMPOINTS": 97, 
 "points": [
  [
   -53393.3, 
   -539557.54
  ], 
  [
   751618.745, 
   -963265.218
  ], 
  [
   432509.772, 
   662668.205
  ], 
  [
   371914.377, 
   -664323.501
  ], 
  [
   -501648.752, 
   -899255.809
  ], 
  [
   44814.97, 
   -572973.098
  ], 
  [
   -734050.652, 
   513783.19
  ], 
  [
   -314189.717, 
   -722095.686
  ], 
  [
   535296.827, 
   88271.402
  ], 
  [
   -822995.736, 
   192310.13
  ], 
  [
   -527521.742, 
   361892.125
  ], 
  [
   439684.566, 
   -320856.066
  ], 
  [
   -923867.847, 
   -130995.97
  ], 
  [
   -256048.526, 
   -24439.528
  ], 
  [
   -106721.647, 
   -23447.091
  ], 
  [
   -345376.07, 
   353975.239
  ], 
  [
   -403739.298, 
   -953480.989
  ], 
  [
   418170.445, 
   943159.629
  ], 
  [
   -886839.867, 
   -233720.065
  ], 
  [
   -726937.712, 
   986909.474
  ], 
  [
   -326291.804, 
   59967.759
  ], 
  [
   -199722.543, 
   -560467.473
  ], 
  [
   819848.933, 
   997563.811
  ], 
  [
   459132.139, 
   344636.512
  ], 
  [
   333888.992, 
   -273607.271
  ], 
  [
   -396329.829, 
   -210658.91
  ], 
  [
   726365.119, 
   912755.831
  ], 
  [
   -700492.24, 
   836140.525
  ], 
  [
   -816388.347, 
   740623.55
  ], 
  [
   698479.109, 
   539525.599
  ], 
  [
   7768.737, 
   -405551.625
  ], 
  [
   -533955.822, 
   -255815.663
  ], 
  [
   375330.845, 
   -208023.524
  ], 
  [
   -661598.253, 
   370910.712
  ], 
  [
   -709566.637, 
   -622189.171
  ], 
  [
   -913703.952, 
   174959.167
  ], 
  [
   -588571.051, 
   487195.7
  ], 
  [
   573941.911, 
   -163721.452
  ], 
  [
   -640990.404, 
   -89295.689
  ], 
  [
   -183067.058, 
   -117917.838
  ], 
  [
   836964.462, 
   -972183.086
  ], 
  [
   -475170.786, 
   357744.975
  ], 
  [
   172411.159, 
   497024.798
  ], 
  [
   795512.975, 
   822971.894
  ], 
  [
   617899.36, 
   594877.086
  ], 
  [
   648720.721, 
   -798447.934
  ], 
  [
   247703.505, 
   780559.324
  ], 
  [
   426540.233, 
   951841.998
  ], 
  [
   -606348.913, 
   -467972.266
  ], 
  [
   -705167.703, 
   158597.204
  ], 
  [
   -769939.667, 
   -399114.165
  ], 
  [
   -991280.393, 
   -501151.362
  ], 
  [
   703314.632, 
   -612084.229
  ], 
  [
   818480.912, 
   775668.886
  ], 
  [
   -814725.865, 
   -762052.71
  ], 
  [
   70554.156, 
   -343311.816
  ], 
  [
   -572280.257, 
   -824678.939
  ], 
  [
   123273.493, 
   -382266.644
  ], 
  [
   738650.177, 
   -387837.255
  ], 
  [
   378144.909, 
   480810.813
  ], 
  [
   -872709.634, 
   -461501.512
  ], 
  [
   312899.281, 
   455694.774
  ], 
  [
   569400.601, 
   211368.129
  ], 
  [
   598045.117, 
   974715.063
  ], 
  [
   -479248.045, 
   566855.446
  ], 
  [
   -978737.851, 
   -875721.429
  ], 
  [
   -653062.858, 
   530437.911
  ], 
  [
   -319187.783, 
   919663.706
  ], 
  [
   358980.11, 
   -883274.161
  ], 
  [
   11168.078, 
   -892602.222
  ], 
  [
   663694.9, 
   205486.876
  ], 
  [
   8964.245, 
   569289.95
  ], 
  [
   536038.825, 
   410378.517
  ], 
  [
   436591.414, 
   -269931.96
  ], 
  [
   -162527.386, 
   409628.611
  ], 
  [
   390929.371, 
   319859.943
  ], 
  [
   -378529.532, 
   -718041.949
  ], 
  [
   -842471.443, 
   -88859.856
  ], 
  [
   -695691.059, 
   958576.362
  ], 
  [
   469920.601, 
   -69384.132
  ], 
  [
   112680.874, 
   -544362.41
  ], 
  [
   972884.272, 
   717764.322
  ], 
  [
   -691601.889, 
   -166437.336
  ], 
  [
   207277.437, 
   386895.45
  ], 
  [
   -820142.999, 
   -347085.884
  ], 
  [
   -36221.457, 
   -468414.234
  ], 
  [
   575490.234, 
   905861.635
  ], 
  [
   -280769.401, 
   441043.72
  ], 
  [
   603143.129, 
   -813388.704
  ], 
  [
   59249.756, 
   -802085.643
  ], 
  [
   -49367.401, 
   781061.48
  ], 
  [
   -858254.201, 
   414112.33
  ], 
  [
   710005.822, 
   644707.318
  ], 
  [
   156827.847, 
   329883.283
  ], 
  [
   -626833.438, 
   429153.133
  ], 
  [
   622494.379, 
   -354499.504
  ], 
  [
   -825989.25, 
   -890625.396
  ]
 ], 
 "PUV": [
  true, 
  false, 
  false, 
  false, 
  false, 
  true, 
  false, 
  false, 
  false, 
  true, 
  true, 
  false, 
  true, 
  false, 
  true
 ], 
 "LCM": {
  "11": [
   "ANDD", 
   "ANDD", 
   "ORR", 
   "ORR", 
   "ORR", 
   "ORR", 
   "ORR", 
   "NOTUSED", 
   "ORR", 
   "NOTUSED", 
   "NOTUSED", 
   "ANDD", 
   "ORR", 
   "ORR", 
   "ANDD"
  ], 
  "10": [
   "ORR", 
   "NOTUSED", 
   "NOTUSED", 
   "ORR", 
   "ANDD", 
   "ORR", 
   "NOTUSED", 
   "ANDD", 
   "ORR", 
   "ANDD", 
   "ANDD", 
   "NOTUSED", 
   "NOTUSED", 
   "ANDD", 
   "ANDD"
  ], 
  "13": [
   "ORR", 
   "NOTUSED", 
   "NOTUSED", 
   "NOTUSED", 
   "NOTUSED", 
   "ANDD", 
   "ORR", 
   "ANDD", 
   "ANDD", 
   "ANDD", 
   "ANDD", 
   "ORR", 
   "ANDD", 
   "NOTUSED", 
   "ANDD"
  ], 
  "12": [
   "ANDD", 
   "ORR", 
   "ORR", 
   "ORR", 
   "ORR", 
   "ANDD", 
   "ANDD", 
   "NOTUSED", 
   "NOTUSED", 
   "ANDD", 
   "NOTUSED", 
   "ORR", 
   "ANDD", 
   "ANDD", 
   "ORR"
  ], 
  "14": [
   "ANDD", 
   "ANDD", 
   "NOTUSED", 
   "NOTUSED", 
   "NOTUSED", 
   "NOTUSED", 
   "ORR", 
   "NOTUSED", 
   "ANDD", 
   "ORR", 
   "ANDD", 
   "ANDD", 
   "ORR", 
   "ANDD", 
   "ORR"
  ], 
  "1": [
   "ORR", 
   "ORR", 
   "ORR", 
   "ANDD", 
   "ANDD", 
   "ANDD", 
   "ANDD", 
   "NOTUSED", 
   "ORR", 
   "ORR", 
   "NOTUSED", 
   "ANDD", 
   "ORR", 
   "NOTUSED", 
   "ANDD"
  ], 
  "0": [
   "NOTUSED", 
   "ORR", 
   "ANDD", 
   "ANDD", 
   "NOTUSED", 
   "NOTUSED", 
   "NOTUSED", 
   "ANDD", 
   "NOTUSED", 
   "ANDD", 
   "ORR", 
   "ANDD", 
   "ANDD", 
   "ORR", 
   "ANDD"
  ], 
  "3": [
   "ANDD", 
   "ANDD", 
   "ANDD", 
   "NOTUSED", 
   "NOTUSED", 
   "ORR", 
   "NOTUSED", 
   "NOTUSED", 
   "ORR", 
   "NOTUSED", 
   "ORR", 
   "ORR", 
   "ORR", 
   "NOTUSED", 
   "NOTUSED"
  ], 
  "2": [
   "ANDD", 
   "ORR", 
   "ANDD", 
   "ANDD", 
   "ORR", 
   "NOTUSED", 
   "NOTUSED", 
   "NOTUSED", 
   "ANDD", 
   "ORR", 
   "NOTUSED", 
   "ORR", 
   "ORR", 
   "NOTUSED", 
   "NOTUSED"
  ], 
  "5": [
   "NOTUSED", 
   "ANDD", 
   "NOTUSED", 
   "ORR", 
   "ANDD", 
   "ANDD", 
   "ORR", 
   "NOTUSED", 
   "ANDD", 
   "ORR", 
   "ORR", 
   "ORR", 
   "ANDD", 
   "ANDD", 
   "NOTUSED"
  ], 
  "4": [
   "NOTUSED", 
   "ANDD", 
   "ORR", 
   "NOTUSED", 
   "ANDD", 
   "ANDD", 
   "ORR", 
   "ANDD", 
   "NOTUSED", 
   "ANDD", 
   "ANDD", 
   "ORR", 
   "ORR", 
   "NOTUSED", 
   "NOTUSED"
  ], 
  "7": [
   "ANDD", 
   "NOTUSED", 
   "NOTUSED", 
   "NOTUSED", 
   "ANDD", 
   "NOTUSED", 
   "NOTUSED", 
   "ANDD", 
   "ANDD", 
   "ANDD", 
   "ANDD", 
   "NOTUSED", 
   "NOTUSED", 
   "ANDD", 
   "NOTUSED"
  ], 
  "6": [
   "NOTUSED", 
   "ANDD", 
   "NOTUSED", 
   "NOTUSED", 
   "ORR", 
   "ORR", 
   "ANDD", 
   "NOTUSED", 
   "ORR", 
   "NOTUSED", 
   "NOTUSED", 
   "ORR", 
   "ANDD", 
   "ORR", 
   "ORR"
  ], 
  "9": [
   "ANDD", 
   "ORR", 
   "ORR", 
   "NOTUSED", 
   "ANDD", 
   "ORR", 
   "NOTUSED", 
   "ANDD", 
   "ORR", 
   "NOTUSED", 
   "ANDD", 
   "NOTUSED", 
   "ANDD", 
   "ANDD", 
   "ORR"
  ], 
  "8": [
   "NOTUSED", 
   "ORR", 
   "ANDD", 
   "ORR", 
   "NOTUSED", 
   "ANDD", 
   "ORR", 
   "ANDD", 
   "ANDD", 
   "ORR", 
   "ORR", 
   "ORR", 
   "NOTUSED", 
   "ANDD", 
   "ANDD"
  ]
 }
}