{
 "random_seed": 255354184, 
 "PARAMETERS": {
  "RADIUS1": 553975.832, 
  "QUADS": 3, 
  "RADIUS2": 904569.725, 
  "DIST": 462499.251, 
  "F_PTS": 9, 
  "K_PTS": 46, 
  "EPSILON": 1.569, 
  "LENGTH1": 718707.622, 
  "G_PTS": 31, 
  "Q_PTS": 5, 
  "N_PTS": 23, 
  "C_PTS": 6, 
  "AREA2": 324829.665, 
  "LENGTH2": 994056.256, 
  "B_PTS": 10, 
  "D_PTS": 58, 
  "AREA1": 239175.186, 
  "A_PTS": 6, 
  "E_PTS": 61
 }, 
 "NUMPOINTS": 73, 
 "points": [
  [
   365933.116, 
   -900013.703
  ], 
  [
   -789346.893, 
   -967295.817
  ], 
  [
   -564732.668, 
   598106.028
  ], 
  [
   -243419.084, 
   -624373.304
  ], 
  [
   -757393.634, 
   543926.365
  ], 
  [
   684059.79, 
   -736502.095
  ], 
  [
   676954.472, 
   716901.872
  ], 
  [
   -558217.904, 
   627410.201
  ], 
  [
   -559304.227, 
   396980.641
  ], 
  [
   398143.095, 
   -373535.123
  ], 
  [
   878107.923, 
   -429167.63
  ], 
  [
   284992.904, 
   -61416.444
  ], 
  [
   -38158.757, 
   604322.665
  ], 
  [
   -3407.412, 
   994064.616
  ], 
  [
   -522942.303, 
   -766276.604
  ], 
  [
   -246710.904, 
   566735.452
  ], 
  [
   -251005.876, 
   -884161.034
  ], 
  [
   398934.244, 
   237336.742
  ], 
  [
   79428.211, 
   -672527.35
  ], 
  [
   -733040.902, 
   252310.794
  ], 
  [
   -6270.576, 
   869907.13
  ], 
  [
   42242.999, 
   685463.573
  ], 
  [
   800324.558, 
   696766.404
  ], 
  [
   699771.734, 
   12893.669
  ], 
  [
   933412.382, 
   859152.551
  ], 
  [
   -19304.645, 
   763448.555
  ], 
  [
   -884605.647, 
   -18114.45
  ], 
  [
   440921.583, 
   670902.915
  ], 
  [
   -851117.309, 
   -800189.199
  ], 
  [
   -125822.953, 
   168740.979
  ], 
  [
   -425740.242, 
   -581299.385
  ], 
  [
   123185.751, 
   971539.97
  ], 
  [
   -93907.448, 
   -335233.306
  ], 
  [
   -50252.674, 
   383519.134
  ], 
  [
   416813.849, 
   -287915.599
  ], 
  [
   -503745.348, 
   -547787.401
  ], 
  [
   97860.336, 
   -811767.656
  ], 
  [
   690991.898, 
   -235548.616
  ], 
  [
   -545026.335, 
   -244290.944
  ], 
  [
   886863.685, 
   -198834.453
  ], 
  [
   -507407.283, 
   421750.753
  ], 
  [
   288450.39, 
   -116750.045
  ], 
  [
   -752090.135, 
   664685.472
  ], 
  [
   -963538.067, 
   -720086.476
  ], 
  [
   -351979.522, 
   483775.786
  ], 
  [
   -423278.595, 
   -409749.239
  ], 
  [
   -971925.263, 
   428868.955
  ], 
  [
   -105324.416, 
   -433777.775
  ], 
  [
   -267879.501, 
   -736791.28
  ], 
  [
   -932750.668, 
   107372.263
  ], 
  [
   496281.678, 
   347089.737
  ], 
  [
   589328.168, 
   -570227.127
  ], 
  [
   -915063.917, 
   269616.93
  ], 
  [
   -813624.32, 
   346464.355
  ], 
  [
   502386.668, 
   -32186.935
  ], 
  [
   867518.946, 
   256271.589
  ], 
  [
   343621.495, 
   -910645.462
  ], 
  [
   342696.961, 
   6417.601
  ], 
  [
   12447.618, 
   -243346.107
  ], 
  [
   608701.948, 
   -217733.298
  ], 
  [
   -816896.889, 
   -58881.754
  ], 
  [
   -195199.878, 
   -675671.671
  ], 
  [
   574305.945, 
   -228007.684
  ], 
  [
   158417.047, 
   -511355.486
  ], 
  [
   655582.525, 
   -424077.333
  ], 
  [
   -448135.803, 
   -878220.649
  ], 
  [
   -17874.987, 
   -870057.801
  ], 
  [
   367980.867, 
   -571279.286
  ], 
  [
   955583.471, 
   506076.193
  ], 
  [
   -327442.192, 
   510260.968
  ], 
  [
   669293.157, 
   867528.666
  ], 
  [
   795951.092, 
   271759.433
  ], 
  [
   -46127.832, 
   531850.127
  ]
 ], 
 "PUV": [
  false, 
  true, 
  true, 
  true, 
  true, 
  true, 
  false, 
  false, 
  true, 
  false, 
  false, 
  true, 
  true, 
  true, 
  false
 ], 
 "LCM": {
  "11": [
   "ANDD", 
   "ANDD", 
   "ANDD", 
   "NOTUSED", 
   "ORR", 
   "ANDD", 
   "ANDD", 
   "ANDD", 
   "ANDD", 
   "ANDD", 
   "ANDD", 
   "NOTUSED", 
   "ORR", 
   "ORR", 
   "NOTUSED"
  ], 
  "10": [
   "ORR", 
   "ANDD", 
   "ORR", 
   "ORR", 
   "NOTUSED", 
   "ORR", 
   "ANDD", 
   "ANDD", 
   "ORR", 
   "NOTUSED", 
   "ANDD", 
   "ANDD", 
   "ORR", 
   "NOTUSED", 
   "ANDD"
  ], 
  "13": [
   "ANDD", 
   "ORR", 
   "NOTUSED", 
   "ORR", 
   "ANDD", 
   "NOTUSED", 
   "ORR", 
   "ANDD", 
   "ANDD", 
   "NOTUSED", 
   "NOTUSED", 
   "ORR", 
   "ORR", 
   "NOTUSED", 
   "NOTUSED"
  ], 
  "12": [
   "NOTUSED", 
   "NOTUSED", 
   "ORR", 
   "ANDD", 
   "ANDD", 
   "ANDD", 
   "ORR", 
   "ANDD", 
   "ANDD", 
   "ORR", 
   "ORR", 
   "ORR", 
   "NOTUSED", 
   "ORR", 
   "NOTUSED"
  ], 
  "14": [
   "ORR", 
   "ORR", 
   "ORR", 
   "ORR", 
   "NOTUSED", 
   "NOTUSED", 
   "NOTUSED", 
   "NOTUSED", 
   "ANDD", 
   "ANDD", 
   "ANDD", 
   "NOTUSED", 
   "NOTUSED", 
   "NOTUSED", 
   "NOTUSED"
  ], 
  "1": [
   "NOTUSED", 
   "NOTUSED", 
   "ANDD", 
   "ANDD", 
   "ANDD", 
   "NOTUSED", 
   "ANDD", 
   "NOTUSED", 
   "NOTUSED", 
   "ORR", 
   "ANDD", 
   "ANDD", 
   "NOTUSED", 
   "ORR", 
   "ORR"
  ], 
  "0": [
   "ORR", 
   "NOTUSED", 
   "ORR", 
   "ANDD", 
   "ANDD", 
   "NOTUSED", 
   "ANDD", 
   "ORR", 
   "NOTUSED", 
   "NOTUSED", 
   "ORR", 
   "ANDD", 
   "NOTUSED", 
   "ANDD", 
   "ORR"
  ], 
  "3": [
   "ANDD", 
   "ANDD", 
   "ANDD", 
   "ORR", 
   "ANDD", 
   "ANDD", 
   "NOTUSED", 
   "ANDD", 
   "ORR", 
   "ANDD", 
   "ORR", 
   "NOTUSED", 
   "ANDD", 
   "ORR", 
   "ORR"
  ], 
  "2": [
   "ORR", 
   "ANDD", 
   "NOTUSED", 
   "ANDD", 
   "ORR", 
   "ANDD", 
   "ANDD", 
   "ANDD", 
   "ANDD", 
   "ORR", 
   "ORR", 
   "ANDD", 
   "ORR", 
   "NOTUSED", 
   "ORR"
  ], 
  "5": [
   "NOTUSED", 
   "NOTUSED", 
   "ANDD", 
   "ANDD", 
   "NOTUSED", 
   "NOTUSED", 
   "ORR", 
   "ANDD", 
   "ORR", 
   "ANDD", 
   "ORR", 
   "ANDD", 
   "ANDD", 
   "NOTUSED", 
   "NOTUSED"
  ], 
  "4": [
   "ANDD", 
   "ANDD", 
   "ORR", 
   "ANDD", 
   "NOTUSED", 
   "NOTUSED", 
   "ORR", 
   "ORR", 
   "NOTUSED", 
   "NOTUSED", 
   "NOTUSED", 
   "ORR", 
   "ANDD", 
   "ANDD", 
   "NOTUSED"
  ], 
  "7": [
   "ORR", 
   "NOTUSED", 
   "ANDD", 
   "ANDD", 
   "ORR", 
   "ANDD", 
   "ORR", 
   "NOTUSED", 
   "NOTUSED", 
   "ANDD", 
   "ANDD", 
   "ANDD", 
   "ANDD", 
   "ANDD", 
   "NOTUSED"
  ], 
  "6": [
   "ANDD", 
   "ANDD", 
   "ANDD", 
   "NOTUSED", 
   "ORR", 
   "ORR", 
   "ANDD", 
   "ORR", 
   "NOTUSED", 
   "ANDD", 
   "ANDD", 
   "ANDD", 
   "ORR", 
   "ORR", 
   "NOTUSED"
  ], 
  "9": [
   "NOTUSED", 
   "ORR", 
   "ORR", 
   "ANDD", 
   "NOTUSED", 
   "ANDD", 
   "ANDD", 
   "ANDD", 
   "ORR", 
   "NOTUSED", 
   "NOTUSED", 
   "ANDD", 
   "ORR", 
   "NOTUSED", 
   "ANDD"
  ], 
  "8": [
   "NOTUSED", 
   "NOTUSED", 
   "ANDD", 
   "ORR", 
   "NOTUSED", 
   "ORR", 
   "NOTUSED", 
   "NOTUSED", 
   "ORR", 
   "ORR", 
   "ORR", 
   "ANDD", 
   "ANDD", 
   "ANDD", 
   "ANDD"
  ]
 }
}