{
 "random_seed": 131258118, 
 "PARAMETERS": {
  "RADIUS1": 310239.494, 
  "QUADS": 2, 
  "RADIUS2": 831564.097, 
  "DIST": 772075.629, 
  "F_PTS": 18, 
  "K_PTS": 40, 
  "EPSILON": 0.059, 
  "LENGTH1": 764163.173, 
  "G_PTS": 23, 
  "Q_PTS": 21, 
  "N_PTS": 32, 
  "C_PTS": 41, 
  "AREA2": 491124.501, 
  "LENGTH2": 745035.137, 
  "B_PTS": 5, 
  "D_PTS": 13, 
  "AREA1": 848163.779, 
  "A_PTS": 12, 
  "E_PTS": 23
 }, 
 "NUMPOINTS": 71, 
 "points": [
  [
   79043.862, 
   -120278.707
  ], 
  [
   227049.176, 
   -715579.013
  ], 
  [
   19151.957, 
   -948129.999
  ], 
  [
   885986.021, 
   390385.199
  ], 
  [
   738336.846, 
   -487736.884
  ], 
  [
   787060.816, 
   -903753.427
  ], 
  [
   648716.624, 
   255965.432
  ], 
  [
   -950224.217, 
   815741.239
  ], 
  [
   3298.422, 
   -448529.313
  ], 
  [
   -877590.029, 
   -633709.773
  ], 
  [
   -306206.175, 
   773766.256
  ], 
  [
   -393755.395, 
   45414.702
  ], 
  [
   261413.988, 
   -473597.238
  ], 
  [
   -46164.536, 
   -246903.264
  ], 
  [
   456060.699, 
   427463.276
  ], 
  [
   -646913.519, 
   96150.007
  ], 
  [
   -26780.393, 
   -658359.284
  ], 
  [
   366798.366, 
   979734.771
  ], 
  [
   809935.606, 
   -325932.016
  ], 
  [
   -339230.335, 
   167710.423
  ], 
  [
   487412.366, 
   991029.01
  ], 
  [
   -812770.733, 
   815416.538
  ], 
  [
   337310.707, 
   722704.447
  ], 
  [
   -599824.575, 
   484356.849
  ], 
  [
   635494.699, 
   -768436.183
  ], 
  [
   139414.165, 
   -255223.086
  ], 
  [
   613946.008, 
   240087.701
  ], 
  [
   813874.198, 
   -990436.734
  ], 
  [
   999001.4, 
   -399590.553
  ], 
  [
   11202.314, 
   -765704.655
  ], 
  [
   -896109.242, 
   751428.198
  ], 
  [
   -531941.753, 
   -78763.807
  ], 
  [
   -342317.701, 
   -793690.666
  ], 
  [
   339974.325, 
   984973.254
  ], 
  [
   660103.112, 
   554864.282
  ], 
  [
   -586962.994, 
   -67934.412
  ], 
  [
   -237497.083, 
   -729357.04
  ], 
  [
   65009.748, 
   -669153.28
  ], 
  [
   -880408.929, 
   -930528.653
  ], 
  [
   671571.734, 
   364580.632
  ], 
  [
   -636595.642, 
   161910.388
  ], 
  [
   767420.079, 
   569597.688
  ], 
  [
   433510.254, 
   -746292.141
  ], 
  [
   -328081.644, 
   -892566.108
  ], 
  [
   -963927.725, 
   -13804.353
  ], 
  [
   210726.21, 
   836958.46
  ], 
  [
   -868791.986, 
   -78183.779
  ], 
  [
   16412.411, 
   -14011.921
  ], 
  [
   505419.07, 
   -216027.629
  ], 
  [
   756626.169, 
   -671894.616
  ], 
  [
   661236.098, 
   -268525.806
  ], 
  [
   -600696.711, 
   125951.723
  ], 
  [
   999962.021, 
   -140654.361
  ], 
  [
   834344.56, 
   820634.811
  ], 
  [
   431734.191, 
   475359.334
  ], 
  [
   513877.062, 
   -717576.203
  ], 
  [
   -94357.734, 
   -320012.969
  ], 
  [
   213633.27, 
   635497.419
  ], 
  [
   -772596.889, 
   83269.908
  ], 
  [
   483873.222, 
   -120458.877
  ], 
  [
   33593.19, 
   -238041.208
  ], 
  [
   -146662.111, 
   -435850.976
  ], 
  [
   422338.926, 
   305048.755
  ], 
  [
   -707279.703, 
   974124.82
  ], 
  [
   909999.626, 
   -963680.212
  ], 
  [
   -987699.599, 
   733742.02
  ], 
  [
   -347555.224, 
   -753456.84
  ], 
  [
   -310545.49, 
   348723.26
  ], 
  [
   -969612.696, 
   376530.322
  ], 
  [
   -805013.097, 
   -663112.765
  ], 
  [
   33835.536, 
   568044.355
  ]
 ], 
 "PUV": [
  true, 
  true, 
  false, 
  true, 
  false, 
  true, 
  false, 
  true, 
  false, 
  true, 
  false, 
  true, 
  true, 
  false, 
  true
 ], 
 "LCM": {
  "11": [
   "ANDD", 
   "NOTUSED", 
   "ANDD", 
   "ANDD", 
   "NOTUSED", 
   "ANDD", 
   "ANDD", 
   "ORR", 
   "ORR", 
   "ANDD", 
   "ANDD", 
   "ANDD", 
   "ORR", 
   "ORR", 
   "ANDD"
  ], 
  "10": [
   "ORR", 
   "ORR", 
   "ORR", 
   "NOTUSED", 
   "ORR", 
   "ANDD", 
   "ANDD", 
   "ANDD", 
   "ORR", 
   "ANDD", 
   "NOTUSED", 
   "ANDD", 
   "ORR", 
   "NOTUSED", 
   "ANDD"
  ], 
  "13": [
   "NOTUSED", 
   "ORR", 
   "ORR", 
   "ORR", 
   "NOTUSED", 
   "ORR", 
   "NOTUSED", 
   "ANDD", 
   "NOTUSED", 
   "ANDD", 
   "NOTUSED", 
   "ORR", 
   "ANDD", 
   "ORR", 
   "ORR"
  ], 
  "12": [
   "ANDD", 
   "NOTUSED", 
   "ORR", 
   "ORR", 
   "ANDD", 
   "ORR", 
   "NOTUSED", 
   "ORR", 
   "ORR", 
   "ORR", 
   "ORR", 
   "ORR", 
   "ORR", 
   "ANDD", 
   "ORR"
  ], 
  "14": [
   "NOTUSED", 
   "NOTUSED", 
   "ORR", 
   "NOTUSED", 
   "ORR", 
   "ANDD", 
   "ANDD", 
   "ORR", 
   "ORR", 
   "ORR", 
   "ANDD", 
   "ANDD", 
   "ORR", 
   "ORR", 
   "NOTUSED"
  ], 
  "1": [
   "ANDD", 
   "ORR", 
   "NOTUSED", 
   "ANDD", 
   "ORR", 
   "NOTUSED", 
   "ANDD", 
   "ORR", 
   "ORR", 
   "NOTUSED", 
   "ORR", 
   "NOTUSED", 
   "NOTUSED", 
   "ORR", 
   "NOTUSED"
  ], 
  "0": [
   "ANDD", 
   "ANDD", 
   "NOTUSED", 
   "NOTUSED", 
   "ORR", 
   "ORR", 
   "ORR", 
   "ORR", 
   "NOTUSED", 
   "NOTUSED", 
   "ORR", 
   "ANDD", 
   "ANDD", 
   "NOTUSED", 
   "NOTUSED"
  ], 
  "3": [
   "NOTUSED", 
   "ANDD", 
   "ORR", 
   "NOTUSED", 
   "ANDD", 
   "ANDD", 
   "ANDD", 
   "NOTUSED", 
   "ANDD", 
   "ANDD", 
   "NOTUSED", 
   "ANDD", 
   "ORR", 
   "ORR", 
   "NOTUSED"
  ], 
  "2": [
   "NOTUSED", 
   "NOTUSED", 
   "ORR", 
   "ORR", 
   "ANDD", 
   "NOTUSED", 
   "ANDD", 
   "ANDD", 
   "NOTUSED", 
   "ORR", 
   "ORR", 
   "ANDD", 
   "ORR", 
   "ORR", 
   "ORR"
  ], 
  "5": [
   "ORR", 
   "NOTUSED", 
   "NOTUSED", 
   "ANDD", 
   "ORR", 
   "ANDD", 
   "NOTUSED", 
   "ANDD", 
   "ANDD", 
   "ANDD", 
   "ANDD", 
   "ANDD", 
   "ORR", 
   "ORR", 
   "ANDD"
  ], 
  "4": [
   "ORR", 
   "ORR", 
   "ANDD", 
   "ANDD", 
   "ORR", 
   "ORR", 
   "ANDD", 
   "ORR", 
   "ANDD", 
   "NOTUSED", 
   "ORR", 
   "NOTUSED", 
   "ANDD", 
   "NOTUSED", 
   "ORR"
  ], 
  "7": [
   "ORR", 
   "ORR", 
   "ANDD", 
   "NOTUSED", 
   "ORR", 
   "ANDD", 
   "ORR", 
   "NOTUSED", 
   "ORR", 
   "ORR", 
   "ANDD", 
   "ORR", 
   "ORR", 
   "ANDD", 
   "ORR"
  ], 
  "6": [
   "ORR", 
   "ANDD", 
   "ANDD", 
   "ANDD", 
   "ANDD", 
   "NOTUSED", 
   "ANDD", 
   "ORR", 
   "ORR", 
   "NOTUSED", 
   "ANDD", 
   "ANDD", 
   "NOTUSED", 
   "NOTUSED", 
   "ANDD"
  ], 
  "9": [
   "NOTUSED", 
   "NOTUSED", 
   "ORR", 
   "ANDD", 
   "NOTUSED", 
   "ANDD", 
   "NOTUSED", 
   "ORR", 
   "ORR", 
   "ORR", 
   "ANDD", 
   "ANDD", 
   "ORR", 
   "ANDD", 
   "ORR"
  ], 
  "8": [
   "NOTUSED", 
   "ORR", 
   "NOTUSED", 
   "ANDD", 
   "ANDD", 
   "ANDD", 
   "ORR", 
   "ORR", 
   "ANDD", 
   "ORR", 
   "ORR", 
   "ORR", 
   "ORR", 
   "NOTUSED", 
   "ORR"
  ]
 }
}