{
 "random_seed": 2442707606, 
 "PARAMETERS": {
  "RADIUS1": 85368.483, 
  "QUADS": 3, 
  "RADIUS2": 373620.043, 
  "DIST": 827688.069, 
  "F_PTS": 42, 
  "K_PTS": 48, 
  "EPSILON": 1.439, 
  "LENGTH1": 761839.023, 
  "G_PTS": 72, 
  "Q_PTS": 31, 
  "N_PTS": 76, 
  "C_PTS": 30, 
  "AREA2": 798873.775, 
  "LENGTH2": 451847.829, 
  "B_PTS": 44, 
  "D_PTS": 34, 
  "AREA1": 122082.639, 
  "A_PTS": 16, 
  "E_PTS": 3
 }, 
 "NUMPOINTS": 81, 
 "points": [
  [
   -292969.361, 
   550913.139
  ], 
  [
   648514.355, 
   435918.373
  ], 
  [
   772338.181, 
   474937.659
  ], 
  [
   -703471.806, 
   -479116.622
  ], 
  [
   -204896.433, 
   363102.113
  ], 
  [
   578100.78, 
   259995.505
  ], 
  [
   -705072.804, 
   851398.417
  ], 
  [
   -673165.862, 
   -737832.183
  ], 
  [
   40019.625, 
   36229.104
  ], 
  [
   -285589.5, 
   -843066.819
  ], 
  [
   34654.122, 
   -755531.858
  ], 
  [
   363488.965, 
   978165.818
  ], 
  [
   468124.484, 
   -707396.322
  ], 
  [
   486322.136, 
   51243.274
  ], 
  [
   439797.329, 
   -354059.394
  ], 
  [
   21366.345, 
   -992729.246
  ], 
  [
   198692.758, 
   -821041.413
  ], 
  [
   -567298.25, 
   -455859.273
  ], 
  [
   780436.377, 
   -24661.378
  ], 
  [
   -921219.252, 
   -197511.107
  ], 
  [
   198400.722, 
   -690601.355
  ], 
  [
   -194633.475, 
   671430.413
  ], 
  [
   169671.056, 
   950819.952
  ], 
  [
   368084.263, 
   881386.369
  ], 
  [
   744471.391, 
   393873.103
  ], 
  [
   10914.353, 
   -827066.565
  ], 
  [
   -366088.079, 
   -49752.67
  ], 
  [
   -822860.468, 
   -975782.779
  ], 
  [
   263145.341, 
   -4512.282
  ], 
  [
   919465.771, 
   -278870.341
  ], 
  [
   788792.838, 
   276713.502
  ], 
  [
   705603.593, 
   787214.007
  ], 
  [
   -625928.48, 
   -393283.104
  ], 
  [
   -771133.935, 
   749798.246
  ], 
  [
   -540947.073, 
   -663557.459
  ], 
  [
   -303157.271, 
   794572.95
  ], 
  [
   -431861.189, 
   -262553.212
  ], 
  [
   -904967.046, 
   -765701.958
  ], 
  [
   -694686.082, 
   -88654.126
  ], 
  [
   728787.348, 
   663883.658
  ], 
  [
   -956948.936, 
   -726812.413
  ], 
  [
   127314.02, 
   -139223.816
  ], 
  [
   -225767.699, 
   -132476.398
  ], 
  [
   -134359.135, 
   -169403.64
  ], 
  [
   -119942.49, 
   50968.008
  ], 
  [
   -351764.978, 
   193608.817
  ], 
  [
   -71606.704, 
   913253.613
  ], 
  [
   -690198.26, 
   -524937.262
  ], 
  [
   -761520.652, 
   -708771.386
  ], 
  [
   399185.26, 
   -258050.048
  ], 
  [
   -58189.298, 
   -340787.602
  ], 
  [
   -48643.671, 
   -26052.032
  ], 
  [
   -821227.302, 
   -990512.31
  ], 
  [
   792584.828, 
   -700491.663
  ], 
  [
   332232.602, 
   -960542.582
  ], 
  [
   84018.453, 
   -130327.593
  ], 
  [
   -544444.945, 
   922957.002
  ], 
  [
   -540314.069, 
   -752666.062
  ], 
  [
   958724.055, 
   -735423.601
  ], 
  [
   638925.717, 
   151824.567
  ], 
  [
   416779.893, 
   853268.342
  ], 
  [
   -606249.036, 
   -375960.207
  ], 
  [
   853415.231, 
   660607.115
  ], 
  [
   941428.989, 
   -157213.293
  ], 
  [
   876262.526, 
   144751.404
  ], 
  [
   -619608.447, 
   -992418.004
  ], 
  [
   -520184.264, 
   -89899.252
  ], 
  [
   -632706.914, 
   517837.746
  ], 
  [
   -9875.265, 
   -595948.823
  ], 
  [
   570272.381, 
   -274333.849
  ], 
  [
   295942.981, 
   -293223.858
  ], 
  [
   -911630.157, 
   658098.642
  ], 
  [
   198181.366, 
   914602.503
  ], 
  [
   -45177.187, 
   -340954.524
  ], 
  [
   1525.252, 
   627263.578
  ], 
  [
   361694.766, 
   -828001.939
  ], 
  [
   -281540.909, 
   59651.572
  ], 
  [
   894842.996, 
   90315.373
  ], 
  [
   162864.24, 
   613724.855
  ], 
  [
   609137.626, 
   -422183.565
  ], 
  [
   -35097.13, 
   -926199.309
  ]
 ], 
 "PUV": [
  false, 
  false, 
  true, 
  false, 
  true, 
  false, 
  true, 
  true, 
  true, 
  false, 
  false, 
  true, 
  true, 
  true, 
  true
 ], 
 "LCM": {
  "11": [
   "ORR", 
   "ORR", 
   "ANDD", 
   "NOTUSED", 
   "ORR", 
   "ORR", 
   "ANDD", 
   "NOTUSED", 
   "NOTUSED", 
   "ORR", 
   "ORR", 
   "ANDD", 
   "ANDD", 
   "ORR", 
   "NOTUSED"
  ], 
  "10": [
   "ANDD", 
   "ORR", 
   "NOTUSED", 
   "NOTUSED", 
   "NOTUSED", 
   "ANDD", 
   "ORR", 
   "ANDD", 
   "ANDD", 
   "NOTUSED", 
   "ANDD", 
   "ORR", 
   "ANDD", 
   "NOTUSED", 
   "NOTUSED"
  ], 
  "13": [
   "NOTUSED", 
   "NOTUSED", 
   "ORR", 
   "ANDD", 
   "ANDD", 
   "ANDD", 
   "ANDD", 
   "NOTUSED", 
   "NOTUSED", 
   "ORR", 
   "NOTUSED", 
   "ORR", 
   "ORR", 
   "ANDD", 
   "ORR"
  ], 
  "12": [
   "ANDD", 
   "ANDD", 
   "NOTUSED", 
   "ANDD", 
   "ORR", 
   "ANDD", 
   "ANDD", 
   "ANDD", 
   "NOTUSED", 
   "ANDD", 
   "ANDD", 
   "ANDD", 
   "ORR", 
   "ORR", 
   "ANDD"
  ], 
  "14": [
   "ORR", 
   "NOTUSED", 
   "ORR", 
   "ORR", 
   "NOTUSED", 
   "ORR", 
   "NOTUSED", 
   "NOTUSED", 
   "ORR", 
   "NOTUSED", 
   "NOTUSED", 
   "NOTUSED", 
   "ANDD", 
   "ORR", 
   "ANDD"
  ], 
  "1": [
   "ORR", 
   "ANDD", 
   "ORR", 
   "ORR", 
   "ORR", 
   "ORR", 
   "NOTUSED", 
   "NOTUSED", 
   "ANDD", 
   "ANDD", 
   "ORR", 
   "ORR", 
   "ANDD", 
   "NOTUSED", 
   "NOTUSED"
  ], 
  "0": [
   "ANDD", 
   "ORR", 
   "ANDD", 
   "NOTUSED", 
   "NOTUSED", 
   "ORR", 
   "ORR", 
   "NOTUSED", 
   "ORR", 
   "ORR", 
   "ANDD", 
   "ORR", 
   "ANDD", 
   "NOTUSED", 
   "ORR"
  ], 
  "3": [
   "NOTUSED", 
   "ORR", 
   "ORR", 
   "ANDD", 
   "NOTUSED", 
   "NOTUSED", 
   "ANDD", 
   "ORR", 
   "ANDD", 
   "ORR", 
   "NOTUSED", 
   "NOTUSED", 
   "ANDD", 
   "ANDD", 
   "ORR"
  ], 
  "2": [
   "ANDD", 
   "ORR", 
   "NOTUSED", 
   "ORR", 
   "ANDD", 
   "ORR", 
   "NOTUSED", 
   "ANDD", 
   "NOTUSED", 
   "ORR", 
   "NOTUSED", 
   "ANDD", 
   "NOTUSED", 
   "ORR", 
   "ORR"
  ], 
  "5": [
   "ORR", 
   "ORR", 
   "ORR", 
   "NOTUSED", 
   "ORR", 
   "ORR", 
   "NOTUSED", 
   "ORR", 
   "ORR", 
   "ANDD", 
   "ANDD", 
   "ORR", 
   "ANDD", 
   "ANDD", 
   "ORR"
  ], 
  "4": [
   "NOTUSED", 
   "ORR", 
   "ANDD", 
   "NOTUSED", 
   "NOTUSED", 
   "ORR", 
   "NOTUSED", 
   "NOTUSED", 
   "ORR", 
   "NOTUSED", 
   "NOTUSED", 
   "ORR", 
   "ORR", 
   "ANDD", 
   "NOTUSED"
  ], 
  "7": [
   "NOTUSED", 
   "NOTUSED", 
   "ANDD", 
   "ORR", 
   "NOTUSED", 
   "ORR", 
   "ORR", 
   "NOTUSED", 
   "NOTUSED", 
   "ORR", 
   "ANDD", 
   "NOTUSED", 
   "ANDD", 
   "NOTUSED", 
   "NOTUSED"
  ], 
  "6": [
   "ORR", 
   "NOTUSED", 
   "NOTUSED", 
   "ANDD", 
   "NOTUSED", 
   "NOTUSED", 
   "ORR", 
   "ORR", 
   "ORR", 
   "ANDD", 
   "ORR", 
   "ANDD", 
   "ANDD", 
   "ANDD", 
   "NOTUSED"
  ], 
  "9": [
   "ORR", 
   "ANDD", 
   "ORR", 
   "ORR", 
   "NOTUSED", 
   "ANDD", 
   "ANDD", 
   "ORR", 
   "NOTUSED", 
   "ORR", 
   "NOTUSED", 
   "ORR", 
   "ANDD", 
   "ORR", 
   "NOTUSED"
  ], 
  "8": [
   "ORR", 
   "ANDD", 
   "NOTUSED", 
   "ANDD", 
   "ORR", 
   "ORR", 
   "ORR", 
   "NOTUSED", 
   "ORR", 
   "NOTUSED", 
   "ANDD", 
   "NOTUSED", 
   "NOTUSED", 
   "NOTUSED", 
   "ORR"
  ]
 }
}