{
 "random_seed": 2757791664, 
 "PARAMETERS": {
  "RADIUS1": 113659.079, 
  "QUADS": 2, 
  "RADIUS2": 80706.86, 
  "DIST": 129860.632, 
  "F_PTS": 2, 
  "K_PTS": 38, 
  "EPSILON": 1.582, 
  "LENGTH1": 470652.017, 
  "G_PTS": 35, 
  "Q_PTS": 33, 
  "N_PTS": 53, 
  "C_PTS": 4, 
  "AREA2": 295658.49, 
  "LENGTH2": 483638.22, 
  "B_PTS": 11, 
  "D_PTS": 55, 
  "AREA1": 487756.831, 
  "A_PTS": 46, 
  "E_PTS": 15
 }, 
 "NUMPOINTS": 72, 
 "points": [
  [
   -814007.705, 
   440890.057
  ], 
  [
   -717337.21, 
   -235151.805
  ], 
  [
   -482385.038, 
   520465.17
  ], 
  [
   296036.486, 
   800874.83
  ], 
  [
   378297.013, 
   -515607.804
  ], 
  [
   -476523.444, 
   458520.092
  ], 
  [
   -788735.408, 
   644211.064
  ], 
  [
   -622390.195, 
   -568443.066
  ], 
  [
   -576369.59, 
   -293041.916
  ], 
  [
   340110.766, 
   -459278.595
  ], 
  [
   -932488.719, 
   865720.649
  ], 
  [
   599484.642, 
   136034.526
  ], 
  [
   -686657.515, 
   891536.131
  ], 
  [
   136096.853, 
   250131.404
  ], 
  [
   -123046.867, 
   -438973.198
  ], 
  [
   -340974.208, 
   -847502.59
  ], 
  [
   -231667.674, 
   161178.928
  ], 
  [
   199932.201, 
   886102.319
  ], 
  [
   164075.99, 
   -125113.725
  ], 
  [
   -713929.357, 
   -460095.506
  ], 
  [
   -874065.458, 
   34090.322
  ], 
  [
   740359.756, 
   113728.149
  ], 
  [
   944418.743, 
   -214728.09
  ], 
  [
   703398.769, 
   563306.878
  ], 
  [
   -849329.671, 
   -678544.876
  ], 
  [
   362166.11, 
   -773650.416
  ], 
  [
   958286.492, 
   33323.6
  ], 
  [
   -157442.282, 
   -522047.591
  ], 
  [
   -958385.129, 
   698662.066
  ], 
  [
   356941.702, 
   -343835.891
  ], 
  [
   -439887.673, 
   731186.591
  ], 
  [
   696861.049, 
   60936.154
  ], 
  [
   399258.054, 
   500428.744
  ], 
  [
   -104253.17, 
   -966237.489
  ], 
  [
   840850.505, 
   -349557.27
  ], 
  [
   -906310.318, 
   -681738.693
  ], 
  [
   -56759.3, 
   313903.177
  ], 
  [
   925743.63, 
   607430.93
  ], 
  [
   431423.917, 
   -914694.35
  ], 
  [
   -44319.453, 
   447940.301
  ], 
  [
   -462887.418, 
   838792.688
  ], 
  [
   -359597.895, 
   385888.667
  ], 
  [
   834469.518, 
   -199849.328
  ], 
  [
   357852.218, 
   821250.144
  ], 
  [
   -117664.651, 
   -749923.048
  ], 
  [
   -784517.484, 
   -691687.771
  ], 
  [
   -592181.832, 
   921902.291
  ], 
  [
   -537299.407, 
   32626.947
  ], 
  [
   -548711.53, 
   -33958.331
  ], 
  [
   -933097.061, 
   344769.164
  ], 
  [
   -839845.364, 
   624860.457
  ], 
  [
   -804009.205, 
   423705.303
  ], 
  [
   148641.261, 
   848502.073
  ], 
  [
   -947853.737, 
   -541845.707
  ], 
  [
   -428414.122, 
   154118.293
  ], 
  [
   -26488.222, 
   641176.587
  ], 
  [
   -976670.411, 
   637593.62
  ], 
  [
   327546.306, 
   476952.621
  ], 
  [
   202336.2, 
   -524074.989
  ], 
  [
   -769609.832, 
   545698.007
  ], 
  [
   -347545.408, 
   -918695.154
  ], 
  [
   -944890.744, 
   -150564.525
  ], 
  [
   319724.105, 
   -708215.483
  ], 
  [
   258301.386, 
   164366.409
  ], 
  [
   -354891.831, 
   -616734.182
  ], 
  [
   263019.69, 
   731912.785
  ], 
  [
   482508.909, 
   -700604.715
  ], 
  [
   820168.44, 
   -316306.568
  ], 
  [
   619713.821, 
   -859302.952
  ], 
  [
   696259.32, 
   -259137.289
  ], 
  [
   91452.097, 
   -412247.473
  ], 
  [
   873104.442, 
   -615888.124
  ]
 ], 
 "PUV": [
  false, 
  false, 
  false, 
  true, 
  false, 
  true, 
  true, 
  false, 
  true, 
  true, 
  false, 
  true, 
  false, 
  false, 
  false
 ], 
 "LCM": {
  "11": [
   "NOTUSED", 
   "ORR", 
   "ANDD", 
   "ANDD", 
   "NOTUSED", 
   "ORR", 
   "ORR", 
   "NOTUSED", 
   "NOTUSED", 
   "ORR", 
   "ORR", 
   "ORR", 
   "ORR", 
   "ANDD", 
   "NOTUSED"
  ], 
  "10": [
   "ANDD", 
   "ANDD", 
   "NOTUSED", 
   "ORR", 
   "ANDD", 
   "ANDD", 
   "ORR", 
   "ORR", 
   "ORR", 
   "ORR", 
   "ANDD", 
   "ORR", 
   "NOTUSED", 
   "NOTUSED", 
   "NOTUSED"
  ], 
  "13": [
   "ORR", 
   "ANDD", 
   "NOTUSED", 
   "ORR", 
   "ORR", 
   "ANDD", 
   "ANDD", 
   "ORR", 
   "NOTUSED", 
   "NOTUSED", 
   "NOTUSED", 
   "ANDD", 
   "NOTUSED", 
   "ORR", 
   "ORR"
  ], 
  "12": [
   "ORR", 
   "ORR", 
   "NOTUSED", 
   "ANDD", 
   "ORR", 
   "ANDD", 
   "NOTUSED", 
   "NOTUSED", 
   "ORR", 
   "ANDD", 
   "NOTUSED", 
   "ORR", 
   "ANDD", 
   "NOTUSED", 
   "ORR"
  ], 
  "14": [
   "NOTUSED", 
   "NOTUSED", 
   "NOTUSED", 
   "ORR", 
   "ANDD", 
   "NOTUSED", 
   "ORR", 
   "ORR", 
   "NOTUSED", 
   "ORR", 
   "NOTUSED", 
   "NOTUSED", 
   "ORR", 
   "ORR", 
   "NOTUSED"
  ], 
  "1": [
   "ORR", 
   "ANDD", 
   "ANDD", 
   "NOTUSED", 
   "NOTUSED", 
   "ANDD", 
   "ANDD", 
   "ANDD", 
   "ANDD", 
   "ANDD", 
   "ANDD", 
   "ORR", 
   "ORR", 
   "ANDD", 
   "NOTUSED"
  ], 
  "0": [
   "ORR", 
   "ORR", 
   "ANDD", 
   "NOTUSED", 
   "ANDD", 
   "NOTUSED", 
   "ORR", 
   "ANDD", 
   "NOTUSED", 
   "NOTUSED", 
   "ANDD", 
   "NOTUSED", 
   "ORR", 
   "ORR", 
   "NOTUSED"
  ], 
  "3": [
   "NOTUSED", 
   "NOTUSED", 
   "ORR", 
   "NOTUSED", 
   "ORR", 
   "NOTUSED", 
   "ORR", 
   "NOTUSED", 
   "ORR", 
   "NOTUSED", 
   "ORR", 
   "ANDD", 
   "ANDD", 
   "ORR", 
   "ORR"
  ], 
  "2": [
   "ANDD", 
   "ANDD", 
   "ORR", 
   "ORR", 
   "ORR", 
   "NOTUSED", 
   "ORR", 
   "ORR", 
   "ORR", 
   "NOTUSED", 
   "NOTUSED", 
   "ANDD", 
   "NOTUSED", 
   "NOTUSED", 
   "NOTUSED"
  ], 
  "5": [
   "NOTUSED", 
   "ANDD", 
   "NOTUSED", 
   "NOTUSED", 
   "NOTUSED", 
   "NOTUSED", 
   "NOTUSED", 
   "NOTUSED", 
   "NOTUSED", 
   "ORR", 
   "ANDD", 
   "ORR", 
   "ANDD", 
   "ANDD", 
   "NOTUSED"
  ], 
  "4": [
   "ANDD", 
   "NOTUSED", 
   "ORR", 
   "ORR", 
   "NOTUSED", 
   "NOTUSED", 
   "ORR", 
   "NOTUSED", 
   "ANDD", 
   "ANDD", 
   "ANDD", 
   "NOTUSED", 
   "ORR", 
   "ORR", 
   "ANDD"
  ], 
  "7": [
   "ANDD", 
   "ANDD", 
   "ORR", 
   "NOTUSED", 
   "NOTUSED", 
   "NOTUSED", 
   "NOTUSED", 
   "ORR", 
   "ORR", 
   "ORR", 
   "ORR", 
   "NOTUSED", 
   "NOTUSED", 
   "ORR", 
   "ORR"
  ], 
  "6": [
   "ORR", 
   "ANDD", 
   "ORR", 
   "ORR", 
   "ORR", 
   "NOTUSED", 
   "ORR", 
   "NOTUSED", 
   "ANDD", 
   "ANDD", 
   "ORR", 
   "ORR", 
   "NOTUSED", 
   "ANDD", 
   "ORR"
  ], 
  "9": [
   "NOTUSED", 
   "ANDD", 
   "NOTUSED", 
   "NOTUSED", 
   "ANDD", 
   "ORR", 
   "ANDD", 
   "ORR", 
   "ANDD", 
   "ORR", 
   "ORR", 
   "ORR", 
   "ANDD", 
   "NOTUSED", 
   "ORR"
  ], 
  "8": [
   "NOTUSED", 
   "ANDD", 
   "ORR", 
   "ORR", 
   "ANDD", 
   "NOTUSED", 
   "ANDD", 
   "ORR", 
   "NOTUSED", 
   "ANDD", 
   "ORR", 
   "NOTUSED", 
   "ORR", 
   "NOTUSED", 
   "NOTUSED"
  ]
 }
}