{
 "random_seed": 1099091330, 
 "PARAMETERS": {
  "RADIUS1": 779267.347, 
  "QUADS": 2, 
  "RADIUS2": 723085.414, 
  "DIST": 297474.651, 
  "F_PTS": 17, 
  "K_PTS": 49, 
  "EPSILON": 2.327, 
  "LENGTH1": 917271.024, 
  "G_PTS": 34, 
  "Q_PTS": 31, 
  "N_PTS": 13, 
  "C_PTS": 17, 
  "AREA2": 195768.007, 
  "LENGTH2": 143566.466, 
  "B_PTS": 6, 
  "D_PTS": 23, 
  "AREA1": 549970.454, 
  "A_PTS": 10, 
  "E_PTS": 29
 }, 
 "NUMPOINTS": 53, 
 "points": [
  [
   -479986.23, 
   190608.142
  ], 
  [
   352371.318, 
   -293525.454
  ], 
  [
   744079.207, 
   -606235.5
  ], 
  [
   -849333.941, 
   -837410.143
  ], 
  [
   670657.7, 
   946939.993
  ], 
  [
   245112.299, 
   791006.621
  ], 
  [
   -421345.168, 
   85156.279
  ], 
  [
   98050.107, 
   -157755.48
  ], 
  [
   -684305.402, 
   -331266.953
  ], 
  [
   318198.859, 
   996331.777
  ], 
  [
   -829252.091, 
   -769259.014
  ], 
  [
   -321733.851, 
   -723710.937
  ], 
  [
   -466019.182, 
   690882.173
  ], 
  [
   -209265.968, 
   -64945.925
  ], 
  [
   -992234.35, 
   689808.294
  ], 
  [
   424515.958, 
   957227.108
  ], 
  [
   380344.915, 
   -32749.461
  ], 
  [
   530690.824, 
   -380783.169
  ], 
  [
   -770443.612, 
   -165493.481
  ], 
  [
   -856535.599, 
   -623649.101
  ], 
  [
   516321.976, 
   -467440.906
  ], 
  [
   -926879.401, 
   102960.734
  ], 
  [
   975789.567, 
   290711.109
  ], 
  [
   80499.177, 
   -457179.27
  ], 
  [
   267066.225, 
   -349697.524
  ], 
  [
   -659797.793, 
   282637.798
  ], 
  [
   -281046.147, 
   -194812.095
  ], 
  [
   -718737.861, 
   -954883.266
  ], 
  [
   -462865.73, 
   -487283.883
  ], 
  [
   906964.15, 
   -469829.547
  ], 
  [
   -774166.763, 
   904042.924
  ], 
  [
   -234021.637, 
   256676.272
  ], 
  [
   -924769.361, 
   -254791.55
  ], 
  [
   890684.08, 
   161808.487
  ], 
  [
   -654735.795, 
   231179.47
  ], 
  [
   -16571.154, 
   -451677.916
  ], 
  [
   -843774.324, 
   -312957.237
  ], 
  [
   108714.281, 
   333964.379
  ], 
  [
   497300.181, 
   19962.251
  ], 
  [
   -831390.241, 
   -595218.334
  ], 
  [
   -241446.597, 
   -119680.323
  ], 
  [
   12658.792, 
   732553.631
  ], 
  [
   527820.306, 
   756249.614
  ], 
  [
   699541.255, 
   851948.563
  ], 
  [
   594655.532, 
   -773258.362
  ], 
  [
   -915676.334, 
   -172949.374
  ], 
  [
   637028.815, 
   -410427.712
  ], 
  [
   -854117.832, 
   154897.859
  ], 
  [
   -968743.264, 
   475310.091
  ], 
  [
   630657.423, 
   693061.514
  ], 
  [
   -4967.054, 
   992752.05
  ], 
  [
   -497417.005, 
   204103.49
  ], 
  [
   -261200.961, 
   -614664.276
  ]
 ], 
 "PUV": [
  true, 
  false, 
  false, 
  true, 
  false, 
  true, 
  true, 
  false, 
  true, 
  false, 
  false, 
  false, 
  false, 
  true, 
  false
 ], 
 "LCM": {
  "11": [
   "NOTUSED", 
   "ORR", 
   "ANDD", 
   "ANDD", 
   "ORR", 
   "ANDD", 
   "ORR", 
   "ORR", 
   "NOTUSED", 
   "NOTUSED", 
   "ORR", 
   "ORR", 
   "ORR", 
   "ANDD", 
   "NOTUSED"
  ], 
  "10": [
   "ORR", 
   "ANDD", 
   "ANDD", 
   "NOTUSED", 
   "ORR", 
   "NOTUSED", 
   "ANDD", 
   "NOTUSED", 
   "ANDD", 
   "NOTUSED", 
   "ORR", 
   "ORR", 
   "ANDD", 
   "ANDD", 
   "ORR"
  ], 
  "13": [
   "NOTUSED", 
   "ORR", 
   "ORR", 
   "NOTUSED", 
   "NOTUSED", 
   "NOTUSED", 
   "ORR", 
   "ORR", 
   "ORR", 
   "NOTUSED", 
   "ANDD", 
   "ANDD", 
   "ANDD", 
   "NOTUSED", 
   "NOTUSED"
  ], 
  "12": [
   "ORR", 
   "NOTUSED", 
   "ORR", 
   "ANDD", 
   "ORR", 
   "ORR", 
   "NOTUSED", 
   "NOTUSED", 
   "NOTUSED", 
   "ANDD", 
   "ANDD", 
   "ORR", 
   "ORR", 
   "ANDD", 
   "ORR"
  ], 
  "14": [
   "ORR", 
   "NOTUSED", 
   "NOTUSED", 
   "NOTUSED", 
   "ANDD", 
   "ORR", 
   "ORR", 
   "ANDD", 
   "ORR", 
   "ANDD", 
   "ORR", 
   "NOTUSED", 
   "ORR", 
   "NOTUSED", 
   "ANDD"
  ], 
  "1": [
   "NOTUSED", 
   "ANDD", 
   "ORR", 
   "NOTUSED", 
   "ANDD", 
   "ANDD", 
   "ORR", 
   "ORR", 
   "NOTUSED", 
   "NOTUSED", 
   "ANDD", 
   "ORR", 
   "NOTUSED", 
   "ORR", 
   "NOTUSED"
  ], 
  "0": [
   "ANDD", 
   "NOTUSED", 
   "NOTUSED", 
   "NOTUSED", 
   "ORR", 
   "ORR", 
   "NOTUSED", 
   "ANDD", 
   "ORR", 
   "NOTUSED", 
   "ORR", 
   "NOTUSED", 
   "ORR", 
   "NOTUSED", 
   "ORR"
  ], 
  "3": [
   "NOTUSED", 
   "NOTUSED", 
   "ANDD", 
   "ORR", 
   "ANDD", 
   "ANDD", 
   "ANDD", 
   "ANDD", 
   "NOTUSED", 
   "ORR", 
   "NOTUSED", 
   "ANDD", 
   "ANDD", 
   "NOTUSED", 
   "NOTUSED"
  ], 
  "2": [
   "NOTUSED", 
   "ORR", 
   "NOTUSED", 
   "ANDD", 
   "NOTUSED", 
   "ORR", 
   "ORR", 
   "NOTUSED", 
   "ANDD", 
   "ANDD", 
   "ANDD", 
   "ANDD", 
   "ORR", 
   "ORR", 
   "NOTUSED"
  ], 
  "5": [
   "ORR", 
   "ANDD", 
   "ORR", 
   "ANDD", 
   "NOTUSED", 
   "ORR", 
   "ORR", 
   "ORR", 
   "ORR", 
   "ANDD", 
   "NOTUSED", 
   "ANDD", 
   "ORR", 
   "NOTUSED", 
   "ORR"
  ], 
  "4": [
   "ORR", 
   "ANDD", 
   "NOTUSED", 
   "ANDD", 
   "ANDD", 
   "NOTUSED", 
   "NOTUSED", 
   "NOTUSED", 
   "ANDD", 
   "ANDD", 
   "ORR", 
   "ORR", 
   "ORR", 
   "NOTUSED", 
   "ANDD"
  ], 
  "7": [
   "ANDD", 
   "ORR", 
   "NOTUSED", 
   "ANDD", 
   "NOTUSED", 
   "ORR", 
   "ANDD", 
   "ANDD", 
   "ANDD", 
   "ORR", 
   "NOTUSED", 
   "ORR", 
   "NOTUSED", 
   "ORR", 
   "ANDD"
  ], 
  "6": [
   "NOTUSED", 
   "ORR", 
   "ORR", 
   "ANDD", 
   "NOTUSED", 
   "ORR", 
   "ORR", 
   "ANDD", 
   "NOTUSED", 
   "NOTUSED", 
   "ANDD", 
   "ORR", 
   "NOTUSED", 
   "ORR", 
   "ORR"
  ], 
  "9": [
   "NOTUSED", 
   "NOTUSED", 
   "ANDD", 
   "ORR", 
   "ANDD", 
   "ANDD", 
   "NOTUSED", 
   "ORR", 
   "ANDD", 
   "NOTUSED", 
   "NOTUSED", 
   "NOTUSED", 
   "ANDD", 
   "NOTUSED", 
   "ANDD"
  ], 
  "8": [
   "ORR", 
   "NOTUSED", 
   "ANDD", 
   "NOTUSED", 
   "ANDD", 
   "ORR", 
   "NOTUSED", 
   "ANDD", 
   "ORR", 
   "ANDD", 
   "ANDD", 
   "NOTUSED", 
   "NOTUSED", 
   "ORR", 
   "ORR"
  ]
 }
}