{
 "random_seed": 997165658, 
 "PARAMETERS": {
  "RADIUS1": 977439.917, 
  "QUADS": 3, 
  "RADIUS2": 66903.383, 
  "DIST": 581375.43, 
  "F_PTS": 9, 
  "K_PTS": 47, 
  "EPSILON": 0.01, 
  "LENGTH1": 663189.534, 
  "G_PTS": 14, 
  "Q_PTS": 64, 
  "N_PTS": 42, 
  "C_PTS": 17, 
  "AREA2": 760361.785, 
  "LENGTH2": 618078.868, 
  "B_PTS": 25, 
  "D_PTS": 9, 
  "AREA1": 696986.341, 
  "A_PTS": 11, 
  "E_PTS": 36
 }, 
 "NUMPOINTS": 67, 
 "points": [
  [
   -618476.945, 
   -861984.727
  ], 
  [
   -975772.145, 
   27082.87
  ], 
  [
   -703190.987, 
   937141.06
  ], 
  [
   295265.596, 
   857260.194
  ], 
  [
   -206335.871, 
   532439.157
  ], 
  [
   699811.576, 
   -564319.572
  ], 
  [
   950530.643, 
   906162.795
  ], 
  [
   96891.867, 
   -414326.954
  ], 
  [
   -765795.396, 
   -945088.61
  ], 
  [
   466734.425, 
   747643.161
  ], 
  [
   630188.773, 
   -169356.212
  ], 
  [
   244817.027, 
   -241689.715
  ], 
  [
   495620.023, 
   277093.371
  ], 
  [
   -961803.687, 
   -891838.758
  ], 
  [
   164760.062, 
   212011.116
  ], 
  [
   383710.108, 
   267818.012
  ], 
  [
   742472.765, 
   759286.087
  ], 
  [
   49735.274, 
   -612607.537
  ], 
  [
   -68794.869, 
   68729.901
  ], 
  [
   -575583.572, 
   610918.9
  ], 
  [
   -265435.185, 
   527680.802
  ], 
  [
   -220858.513, 
   -537080.968
  ], 
  [
   242687.864, 
   472426.446
  ], 
  [
   -50175.533, 
   -326266.528
  ], 
  [
   702727.936, 
   -810344.17
  ], 
  [
   -349019.201, 
   967660.895
  ], 
  [
   -591157.058, 
   4300.387
  ], 
  [
   -42894.239, 
   340562.904
  ], 
  [
   93698.999, 
   324580.737
  ], 
  [
   99918.589, 
   904647.095
  ], 
  [
   502433.324, 
   742253.719
  ], 
  [
   592164.317, 
   -624091.446
  ], 
  [
   -967548.955, 
   83865.486
  ], 
  [
   693812.766, 
   -533053.359
  ], 
  [
   755216.627, 
   -156901.436
  ], 
  [
   -747834.566, 
   -409415.037
  ], 
  [
   -827623.306, 
   -626088.921
  ], 
  [
   -974779.451, 
   135110.918
  ], 
  [
   376765.435, 
   926839.563
  ], 
  [
   366293.871, 
   -163655.251
  ], 
  [
   -747073.803, 
   24852.319
  ], 
  [
   946740.46, 
   522046.751
  ], 
  [
   263559.323, 
   605679.094
  ], 
  [
   984021.578, 
   210892.379
  ], 
  [
   510229.953, 
   -30753.835
  ], 
  [
   187140.183, 
   -986109.284
  ], 
  [
   -531052.968, 
   964264.097
  ], 
  [
   162416.533, 
   417606.244
  ], 
  [
   868397.83, 
   -149200.062
  ], 
  [
   -961267.228, 
   40656.576
  ], 
  [
   843631.97, 
   -946140.307
  ], 
  [
   824328.803, 
   -904718.642
  ], 
  [
   -734239.871, 
   -741951.355
  ], 
  [
   742516.069, 
   482168.254
  ], 
  [
   -131918.381, 
   71929.457
  ], 
  [
   -35058.461, 
   -105103.427
  ], 
  [
   144148.873, 
   110520.051
  ], 
  [
   -500816.34, 
   596429.473
  ], 
  [
   -966118.109, 
   562611.474
  ], 
  [
   -101399.931, 
   -639607.888
  ], 
  [
   921833.184, 
   74849.901
  ], 
  [
   842136.432, 
   704001.605
  ], 
  [
   -983467.893, 
   -688559.951
  ], 
  [
   -575163.521, 
   -239918.765
  ], 
  [
   581339.967, 
   -306041.932
  ], 
  [
   127377.41, 
   93425.221
  ], 
  [
   -384929.676, 
   -396995.468
  ]
 ], 
 "PUV": [
  true, 
  false, 
  true, 
  true, 
  true, 
  true, 
  false, 
  false, 
  true, 
  true, 
  true, 
  false, 
  false, 
  true, 
  false
 ], 
 "LCM": {
  "11": [
   "ORR", 
   "NOTUSED", 
   "ORR", 
   "ANDD", 
   "NOTUSED", 
   "NOTUSED", 
   "ANDD", 
   "NOTUSED", 
   "ANDD", 
   "ANDD", 
   "ANDD", 
   "NOTUSED", 
   "ORR", 
   "ANDD", 
   "NOTUSED"
  ], 
  "10": [
   "ANDD", 
   "ANDD", 
   "NOTUSED", 
   "ORR", 
   "ORR", 
   "ORR", 
   "NOTUSED", 
   "NOTUSED", 
   "ANDD", 
   "NOTUSED", 
   "ORR", 
   "ANDD", 
   "ORR", 
   "NOTUSED", 
   "ANDD"
  ], 
  "13": [
   "ORR", 
   "NOTUSED", 
   "NOTUSED", 
   "ANDD", 
   "ANDD", 
   "NOTUSED", 
   "ANDD", 
   "ORR", 
   "ANDD", 
   "ANDD", 
   "NOTUSED", 
   "ANDD", 
   "NOTUSED", 
   "ORR", 
   "ORR"
  ], 
  "12": [
   "ORR", 
   "ORR", 
   "NOTUSED", 
   "ANDD", 
   "NOTUSED", 
   "ORR", 
   "ANDD", 
   "ANDD", 
   "NOTUSED", 
   "ORR", 
   "ORR", 
   "ORR", 
   "ANDD", 
   "NOTUSED", 
   "ANDD"
  ], 
  "14": [
   "ANDD", 
   "ORR", 
   "ORR", 
   "ANDD", 
   "NOTUSED", 
   "ORR", 
   "NOTUSED", 
   "NOTUSED", 
   "NOTUSED", 
   "ORR", 
   "ANDD", 
   "NOTUSED", 
   "ANDD", 
   "ORR", 
   "ORR"
  ], 
  "1": [
   "ANDD", 
   "ANDD", 
   "NOTUSED", 
   "NOTUSED", 
   "NOTUSED", 
   "ANDD", 
   "ORR", 
   "NOTUSED", 
   "ORR", 
   "NOTUSED", 
   "ANDD", 
   "NOTUSED", 
   "ORR", 
   "NOTUSED", 
   "ORR"
  ], 
  "0": [
   "NOTUSED", 
   "ANDD", 
   "ANDD", 
   "NOTUSED", 
   "ANDD", 
   "ANDD", 
   "NOTUSED", 
   "NOTUSED", 
   "NOTUSED", 
   "ORR", 
   "ANDD", 
   "ORR", 
   "ORR", 
   "ORR", 
   "ANDD"
  ], 
  "3": [
   "NOTUSED", 
   "NOTUSED", 
   "ANDD", 
   "NOTUSED", 
   "ORR", 
   "ANDD", 
   "ORR", 
   "ORR", 
   "NOTUSED", 
   "ORR", 
   "ORR", 
   "ANDD", 
   "ANDD", 
   "ANDD", 
   "ANDD"
  ], 
  "2": [
   "ANDD", 
   "NOTUSED", 
   "ANDD", 
   "ANDD", 
   "ANDD", 
   "ORR", 
   "ORR", 
   "ANDD", 
   "ORR", 
   "NOTUSED", 
   "NOTUSED", 
   "ORR", 
   "NOTUSED", 
   "NOTUSED", 
   "ORR"
  ], 
  "5": [
   "ANDD", 
   "ANDD", 
   "ORR", 
   "ANDD", 
   "ANDD", 
   "ANDD", 
   "NOTUSED", 
   "NOTUSED", 
   "NOTUSED", 
   "ANDD", 
   "ORR", 
   "NOTUSED", 
   "ORR", 
   "NOTUSED", 
   "ORR"
  ], 
  "4": [
   "ANDD", 
   "NOTUSED", 
   "ANDD", 
   "ORR", 
   "NOTUSED", 
   "ANDD", 
   "ANDD", 
   "NOTUSED", 
   "ORR", 
   "ORR", 
   "ORR", 
   "NOTUSED", 
   "NOTUSED", 
   "ANDD", 
   "NOTUSED"
  ], 
  "7": [
   "NOTUSED", 
   "NOTUSED", 
   "ANDD", 
   "ORR", 
   "NOTUSED", 
   "NOTUSED", 
   "ORR", 
   "ORR", 
   "ANDD", 
   "ANDD", 
   "NOTUSED", 
   "NOTUSED", 
   "ANDD", 
   "ORR", 
   "NOTUSED"
  ], 
  "6": [
   "NOTUSED", 
   "ORR", 
   "ORR", 
   "ORR", 
   "ANDD", 
   "NOTUSED", 
   "ORR", 
   "ORR", 
   "ORR", 
   "ORR", 
   "NOTUSED", 
   "ANDD", 
   "ANDD", 
   "ANDD", 
   "NOTUSED"
  ], 
  "9": [
   "ORR", 
   "NOTUSED", 
   "NOTUSED", 
   "ORR", 
   "ORR", 
   "ANDD", 
   "ORR", 
   "ANDD", 
   "NOTUSED", 
   "ANDD", 
   "NOTUSED", 
   "ANDD", 
   "ORR", 
   "ANDD", 
   "ORR"
  ], 
  "8": [
   "NOTUSED", 
   "ORR", 
   "ORR", 
   "NOTUSED", 
   "ORR", 
   "NOTUSED", 
   "ORR", 
   "ANDD", 
   "ANDD", 
   "NOTUSED", 
   "ANDD", 
   "ANDD", 
   "NOTUSED", 
   "ANDD", 
   "NOTUSED"
  ]
 }
}