{
 "random_seed": 2445820192, 
 "PARAMETERS": {
  "RADIUS1": 841276.928, 
  "QUADS": 3, 
  "RADIUS2": 686504.715, 
  "DIST": 294423.071, 
  "F_PTS": 7, 
  "K_PTS": 26, 
  "EPSILON": 2.663, 
  "LENGTH1": 507631.519, 
  "G_PTS": 4, 
  "Q_PTS": 4, 
  "N_PTS": 19, 
  "C_PTS": 29, 
  "AREA2": 467230.813, 
  "LENGTH2": 80996.16, 
  "B_PTS": 8, 
  "D_PTS": 27, 
  "AREA1": 228044.091, 
  "A_PTS": 31, 
  "E_PTS": 24
 }, 
 "NUMPOINTS": 64, 
 "points": [
  [
   -501999.972, 
   -912224.399
  ], 
  [
   -856689.032, 
   414307.508
  ], 
  [
   174851.421, 
   -460801.242
  ], 
  [
   -556875.571, 
   -350916.917
  ], 
  [
   490668.455, 
   42079.091
  ], 
  [
   -455194.473, 
   -189103.502
  ], 
  [
   -791036.566, 
   -35475.305
  ], 
  [
   -667646.761, 
   -394707.246
  ], 
  [
   284152.036, 
   -329988.35
  ], 
  [
   -792942.357, 
   514368.256
  ], 
  [
   371142.536, 
   -817680.216
  ], 
  [
   819146.482, 
   583587.365
  ], 
  [
   -11992.028, 
   -783641.191
  ], 
  [
   -191722.031, 
   -463231.517
  ], 
  [
   580129.311, 
   251617.152
  ], 
  [
   273542.766, 
   170817.98
  ], 
  [
   214851.138, 
   41971.252
  ], 
  [
   -297330.818, 
   539255.452
  ], 
  [
   -80421.265, 
   -482535.761
  ], 
  [
   -724824.077, 
   -139597.861
  ], 
  [
   210292.794, 
   130345.206
  ], 
  [
   -456770.799, 
   806411.676
  ], 
  [
   -120385.262, 
   -543743.584
  ], 
  [
   605349.397, 
   355531.826
  ], 
  [
   -66239.985, 
   -347483.258
  ], 
  [
   673009.724, 
   -321167.027
  ], 
  [
   245415.715, 
   -893627.953
  ], 
  [
   -242476.139, 
   -213014.588
  ], 
  [
   610457.816, 
   396917.519
  ], 
  [
   -161024.079, 
   715464.157
  ], 
  [
   -415622.744, 
   635616.154
  ], 
  [
   -687820.314, 
   882447.9
  ], 
  [
   348226.109, 
   605103.549
  ], 
  [
   86912.755, 
   -675735.277
  ], 
  [
   254554.168, 
   -631008.792
  ], 
  [
   -171498.045, 
   823288.3
  ], 
  [
   -724031.19, 
   -167649.189
  ], 
  [
   -361063.468, 
   797905.79
  ], 
  [
   949378.694, 
   501290.113
  ], 
  [
   -712426.365, 
   457627.759
  ], 
  [
   -894985.128, 
   864101.984
  ], 
  [
   390989.39, 
   249125.767
  ], 
  [
   652102.1, 
   -310437.349
  ], 
  [
   865141.353, 
   637890.133
  ], 
  [
   793799.425, 
   601386.375
  ], 
  [
   334714.005, 
   -487260.598
  ], 
  [
   521375.768, 
   789147.083
  ], 
  [
   -368412.749, 
   -262752.669
  ], 
  [
   -280036.878, 
   -629167.564
  ], 
  [
   -39257.27, 
   599783.792
  ], 
  [
   444767.805, 
   -528680.758
  ], 
  [
   -99536.922, 
   152904.964
  ], 
  [
   -968387.533, 
   375200.492
  ], 
  [
   -318736.584, 
   380637.258
  ], 
  [
   -531385.158, 
   -262722.985
  ], 
  [
   -391766.194, 
   -96844.336
  ], 
  [
   457888.274, 
   -35866.64
  ], 
  [
   -121288.198, 
   -186182.698
  ], 
  [
   -102934.275, 
   143371.18
  ], 
  [
   541153.367, 
   -67591.928
  ], 
  [
   723779.804, 
   320549.228
  ], 
  [
   -871373.84, 
   223565.632
  ], 
  [
   51660.017, 
   16758.116
  ], 
  [
   338245.521, 
   -235839.424
  ]
 ], 
 "PUV": [
  false, 
  false, 
  false, 
  true, 
  true, 
  true, 
  false, 
  false, 
  false, 
  true, 
  true, 
  false, 
  true, 
  false, 
  true
 ], 
 "LCM": {
  "11": [
   "ANDD", 
   "NOTUSED", 
   "ORR", 
   "ANDD", 
   "NOTUSED", 
   "NOTUSED", 
   "ORR", 
   "ANDD", 
   "ANDD", 
   "ANDD", 
   "ANDD", 
   "ORR", 
   "NOTUSED", 
   "NOTUSED", 
   "NOTUSED"
  ], 
  "10": [
   "ORR", 
   "ANDD", 
   "NOTUSED", 
   "ORR", 
   "ANDD", 
   "ANDD", 
   "NOTUSED", 
   "ORR", 
   "NOTUSED", 
   "ANDD", 
   "NOTUSED", 
   "ANDD", 
   "NOTUSED", 
   "NOTUSED", 
   "ANDD"
  ], 
  "13": [
   "ANDD", 
   "NOTUSED", 
   "ANDD", 
   "NOTUSED", 
   "ORR", 
   "ORR", 
   "ANDD", 
   "ORR", 
   "NOTUSED", 
   "ANDD", 
   "NOTUSED", 
   "NOTUSED", 
   "ORR", 
   "NOTUSED", 
   "ORR"
  ], 
  "12": [
   "ORR", 
   "NOTUSED", 
   "ANDD", 
   "ORR", 
   "NOTUSED", 
   "NOTUSED", 
   "ANDD", 
   "ORR", 
   "ANDD", 
   "ORR", 
   "NOTUSED", 
   "NOTUSED", 
   "NOTUSED", 
   "ORR", 
   "ORR"
  ], 
  "14": [
   "ORR", 
   "ORR", 
   "ORR", 
   "ANDD", 
   "ANDD", 
   "ORR", 
   "ORR", 
   "ORR", 
   "ANDD", 
   "NOTUSED", 
   "ANDD", 
   "NOTUSED", 
   "ORR", 
   "ORR", 
   "NOTUSED"
  ], 
  "1": [
   "ANDD", 
   "ANDD", 
   "ORR", 
   "NOTUSED", 
   "NOTUSED", 
   "ANDD", 
   "ANDD", 
   "NOTUSED", 
   "NOTUSED", 
   "NOTUSED", 
   "ANDD", 
   "NOTUSED", 
   "NOTUSED", 
   "NOTUSED", 
   "ORR"
  ], 
  "0": [
   "ANDD", 
   "ANDD", 
   "NOTUSED", 
   "ANDD", 
   "ANDD", 
   "ANDD", 
   "ORR", 
   "ORR", 
   "ANDD", 
   "ORR", 
   "ORR", 
   "ANDD", 
   "ORR", 
   "ANDD", 
   "ORR"
  ], 
  "3": [
   "ANDD", 
   "NOTUSED", 
   "NOTUSED", 
   "ANDD", 
   "NOTUSED", 
   "ANDD", 
   "ANDD", 
   "ORR", 
   "ORR", 
   "ANDD", 
   "ORR", 
   "ANDD", 
   "ORR", 
   "NOTUSED", 
   "ANDD"
  ], 
  "2": [
   "NOTUSED", 
   "ORR", 
   "ORR", 
   "NOTUSED", 
   "ANDD", 
   "ORR", 
   "NOTUSED", 
   "ORR", 
   "ANDD", 
   "NOTUSED", 
   "NOTUSED", 
   "ORR", 
   "ANDD", 
   "ANDD", 
   "ORR"
  ], 
  "5": [
   "ANDD", 
   "ANDD", 
   "ORR", 
   "ANDD", 
   "ANDD", 
   "ANDD", 
   "ORR", 
   "ANDD", 
   "NOTUSED", 
   "ANDD", 
   "ANDD", 
   "NOTUSED", 
   "NOTUSED", 
   "ORR", 
   "ORR"
  ], 
  "4": [
   "ANDD", 
   "NOTUSED", 
   "ANDD", 
   "NOTUSED", 
   "ORR", 
   "ANDD", 
   "ORR", 
   "NOTUSED", 
   "ORR", 
   "ANDD", 
   "ANDD", 
   "NOTUSED", 
   "NOTUSED", 
   "ORR", 
   "ANDD"
  ], 
  "7": [
   "ORR", 
   "NOTUSED", 
   "ORR", 
   "ORR", 
   "NOTUSED", 
   "ANDD", 
   "ORR", 
   "ANDD", 
   "ANDD", 
   "ORR", 
   "ORR", 
   "ANDD", 
   "ORR", 
   "ORR", 
   "ORR"
  ], 
  "6": [
   "ORR", 
   "ANDD", 
   "NOTUSED", 
   "ANDD", 
   "ORR", 
   "ORR", 
   "NOTUSED", 
   "ORR", 
   "ANDD", 
   "ORR", 
   "NOTUSED", 
   "ORR", 
   "ANDD", 
   "ANDD", 
   "ORR"
  ], 
  "9": [
   "ORR", 
   "NOTUSED", 
   "NOTUSED", 
   "ANDD", 
   "ANDD", 
   "ANDD", 
   "ORR", 
   "ORR", 
   "ANDD", 
   "ORR", 
   "ANDD", 
   "ANDD", 
   "ORR", 
   "ANDD", 
   "NOTUSED"
  ], 
  "8": [
   "ANDD", 
   "NOTUSED", 
   "ANDD", 
   "ORR", 
   "ORR", 
   "NOTUSED", 
   "ANDD", 
   "ANDD", 
   "NOTUSED", 
   "ANDD", 
   "NOTUSED", 
   "ANDD", 
   "ANDD", 
   "NOTUSED", 
   "ANDD"
  ]
 }
}