{
 "random_seed": 2894718726, 
 "PARAMETERS": {
  "RADIUS1": 373060.143, 
  "QUADS": 1, 
  "RADIUS2": 321447.829, 
  "DIST": 237858.964, 
  "F_PTS": 24, 
  "K_PTS": 77, 
  "EPSILON": 2.199, 
  "LENGTH1": 914148.482, 
  "G_PTS": 74, 
  "Q_PTS": 21, 
  "N_PTS": 22, 
  "C_PTS": 13, 
  "AREA2": 399966.518, 
  "LENGTH2": 581250.264, 
  "B_PTS": 42, 
  "D_PTS": 25, 
  "AREA1": 644689.674, 
  "A_PTS": 29, 
  "E_PTS": 12
 }, 
 "NUMPOINTS": 79, 
 "points": [
  [
   -356518.393, 
   -437182.206
  ], 
  [
   241952.787, 
   416709.544
  ], 
  [
   -892339.534, 
   256897.68
  ], 
  [
   -595286.63, 
   32957.658
  ], 
  [
   606658.378, 
   -610125.312
  ], 
  [
   -228388.244, 
   -738999.133
  ], 
  [
   320864.802, 
   483478.47
  ], 
  [
   -809263.44, 
   -222160.627
  ], 
  [
   -618409.545, 
   -818852.09
  ], 
  [
   479631.593, 
   -473254.351
  ], 
  [
   -236873.758, 
   -273832.369
  ], 
  [
   -899742.341, 
   369417.992
  ], 
  [
   299080.974, 
   284143.386
  ], 
  [
   769408.318, 
   -250681.215
  ], 
  [
   56924.097, 
   -289826.106
  ], 
  [
   -301626.431, 
   -307447.53
  ], 
  [
   845877.93, 
   756818.753
  ], 
  [
   451358.835, 
   417905.806
  ], 
  [
   -831278.523, 
   81824.746
  ], 
  [
   -463879.196, 
   -615214.516
  ], 
  [
   -137576.073, 
   948909.642
  ], 
  [
   -414.283, 
   -813007.019
  ], 
  [
   464076.237, 
   -572585.885
  ], 
  [
   -782048.567, 
   911988.166
  ], 
  [
   538826.233, 
   -890903.001
  ], 
  [
   21584.366, 
   894274.494
  ], 
  [
   -60782.83, 
   -669060.418
  ], 
  [
   -536735.733, 
   172650.779
  ], 
  [
   77642.318, 
   -13142.5
  ], 
  [
   -843152.016, 
   693694.228
  ], 
  [
   772458.793, 
   175634.925
  ], 
  [
   791278.616, 
   58967.451
  ], 
  [
   -145834.163, 
   -248965.853
  ], 
  [
   -563309.882, 
   -288634.621
  ], 
  [
   -106074.504, 
   -56477.43
  ], 
  [
   -905147.946, 
   -188583.352
  ], 
  [
   -83193.807, 
   -234643.493
  ], 
  [
   -209517.848, 
   209022.589
  ], 
  [
   963984.837, 
   315535.668
  ], 
  [
   -32240.559, 
   346007.773
  ], 
  [
   975770.297, 
   -723660.582
  ], 
  [
   -961658.358, 
   -991365.731
  ], 
  [
   -566353.42, 
   553142.489
  ], 
  [
   73449.176, 
   -286764.098
  ], 
  [
   537846.181, 
   -109949.617
  ], 
  [
   181264.148, 
   -691023.128
  ], 
  [
   -543672.728, 
   -322303.636
  ], 
  [
   -69216.805, 
   -970332.685
  ], 
  [
   258275.328, 
   87286.211
  ], 
  [
   -466383.121, 
   -559979.897
  ], 
  [
   356414.044, 
   768843.73
  ], 
  [
   413978.519, 
   -354833.737
  ], 
  [
   -95657.946, 
   -191327.022
  ], 
  [
   595214.991, 
   -154173.227
  ], 
  [
   753832.476, 
   -652569.978
  ], 
  [
   187055.66, 
   -276252.628
  ], 
  [
   558486.403, 
   691710.367
  ], 
  [
   384651.421, 
   -826985.259
  ], 
  [
   -852300.778, 
   322604.215
  ], 
  [
   -818413.744, 
   339481.943
  ], 
  [
   -220123.994, 
   -608531.5
  ], 
  [
   768902.917, 
   -68548.394
  ], 
  [
   107893.694, 
   78504.558
  ], 
  [
   -598608.59, 
   717834.884
  ], 
  [
   -744015.875, 
   -460541.245
  ], 
  [
   -178362.783, 
   -820768.944
  ], 
  [
   352581.327, 
   160642.631
  ], 
  [
   -567294.473, 
   54860.027
  ], 
  [
   -300778.797, 
   544071.758
  ], 
  [
   -285226.415, 
   -71226.853
  ], 
  [
   -279217.831, 
   -931138.373
  ], 
  [
   -172192.223, 
   -91686.922
  ], 
  [
   -734761.201, 
   -257256.637
  ], 
  [
   892497.084, 
   64689.436
  ], 
  [
   -206207.448, 
   -470896.264
  ], 
  [
   -420041.681, 
   584943.922
  ], 
  [
   179933.93, 
   -184732.126
  ], 
  [
   -959488.674, 
   791910.303
  ], 
  [
   58246.304, 
   827017.108
  ]
 ], 
 "PUV": [
  true, 
  false, 
  false, 
  false, 
  true, 
  true, 
  false, 
  true, 
  true, 
  false, 
  false, 
  true, 
  true, 
  false, 
  true
 ], 
 "LCM": {
  "11": [
   "ANDD", 
   "NOTUSED", 
   "ORR", 
   "ORR", 
   "ANDD", 
   "NOTUSED", 
   "NOTUSED", 
   "NOTUSED", 
   "ANDD", 
   "ANDD", 
   "NOTUSED", 
   "ANDD", 
   "NOTUSED", 
   "ORR", 
   "ANDD"
  ], 
  "10": [
   "ORR", 
   "ANDD", 
   "ANDD", 
   "NOTUSED", 
   "ANDD", 
   "ORR", 
   "NOTUSED", 
   "ORR", 
   "NOTUSED", 
   "ORR", 
   "ANDD", 
   "NOTUSED", 
   "ORR", 
   "ANDD", 
   "NOTUSED"
  ], 
  "13": [
   "ORR", 
   "NOTUSED", 
   "ORR", 
   "ORR", 
   "NOTUSED", 
   "ANDD", 
   "NOTUSED", 
   "ANDD", 
   "ANDD", 
   "ORR", 
   "ANDD", 
   "ORR", 
   "ANDD", 
   "ORR", 
   "NOTUSED"
  ], 
  "12": [
   "NOTUSED", 
   "ANDD", 
   "ORR", 
   "ANDD", 
   "ORR", 
   "NOTUSED", 
   "ORR", 
   "ANDD", 
   "ORR", 
   "ORR", 
   "ORR", 
   "NOTUSED", 
   "ANDD", 
   "ANDD", 
   "NOTUSED"
  ], 
  "14": [
   "NOTUSED", 
   "ORR", 
   "ORR", 
   "ANDD", 
   "ORR", 
   "ORR", 
   "ORR", 
   "ANDD", 
   "NOTUSED", 
   "NOTUSED", 
   "NOTUSED", 
   "ANDD", 
   "NOTUSED", 
   "NOTUSED", 
   "ANDD"
  ], 
  "1": [
   "ANDD", 
   "ANDD", 
   "ANDD", 
   "ORR", 
   "ANDD", 
   "ORR", 
   "NOTUSED", 
   "NOTUSED", 
   "NOTUSED", 
   "ANDD", 
   "ANDD", 
   "NOTUSED", 
   "ANDD", 
   "NOTUSED", 
   "ORR"
  ], 
  "0": [
   "ORR", 
   "ANDD", 
   "ANDD", 
   "ORR", 
   "NOTUSED", 
   "ANDD", 
   "ANDD", 
   "NOTUSED", 
   "ANDD", 
   "ANDD", 
   "ORR", 
   "ANDD", 
   "NOTUSED", 
   "ORR", 
   "NOTUSED"
  ], 
  "3": [
   "ORR", 
   "ORR", 
   "ANDD", 
   "NOTUSED", 
   "NOTUSED", 
   "NOTUSED", 
   "ANDD", 
   "NOTUSED", 
   "NOTUSED", 
   "NOTUSED", 
   "NOTUSED", 
   "ORR", 
   "ANDD", 
   "ORR", 
   "ANDD"
  ], 
  "2": [
   "ANDD", 
   "ANDD", 
   "ANDD", 
   "ANDD", 
   "ANDD", 
   "ORR", 
   "ANDD", 
   "ORR", 
   "ORR", 
   "ANDD", 
   "ANDD", 
   "ORR", 
   "ORR", 
   "ORR", 
   "ORR"
  ], 
  "5": [
   "ANDD", 
   "ORR", 
   "ORR", 
   "NOTUSED", 
   "ANDD", 
   "ANDD", 
   "NOTUSED", 
   "ORR", 
   "NOTUSED", 
   "ORR", 
   "ORR", 
   "NOTUSED", 
   "NOTUSED", 
   "ANDD", 
   "ORR"
  ], 
  "4": [
   "NOTUSED", 
   "ANDD", 
   "ANDD", 
   "NOTUSED", 
   "ANDD", 
   "ANDD", 
   "ORR", 
   "ANDD", 
   "ORR", 
   "NOTUSED", 
   "ANDD", 
   "ANDD", 
   "ORR", 
   "NOTUSED", 
   "ORR"
  ], 
  "7": [
   "NOTUSED", 
   "NOTUSED", 
   "ORR", 
   "NOTUSED", 
   "ANDD", 
   "ORR", 
   "ORR", 
   "NOTUSED", 
   "ANDD", 
   "ANDD", 
   "ORR", 
   "NOTUSED", 
   "ANDD", 
   "ANDD", 
   "ANDD"
  ], 
  "6": [
   "ANDD", 
   "NOTUSED", 
   "ANDD", 
   "ANDD", 
   "ORR", 
   "NOTUSED", 
   "NOTUSED", 
   "ORR", 
   "ORR", 
   "NOTUSED", 
   "NOTUSED", 
   "NOTUSED", 
   "ORR", 
   "NOTUSED", 
   "ORR"
  ], 
  "9": [
   "ANDD", 
   "ANDD", 
   "ANDD", 
   "NOTUSED", 
   "NOTUSED", 
   "ORR", 
   "NOTUSED", 
   "ANDD", 
   "NOTUSED", 
   "ANDD", 
   "ORR", 
   "ANDD", 
   "ORR", 
   "ORR", 
   "NOTUSED"
  ], 
  "8": [
   "ANDD", 
   "NOTUSED", 
   "ORR", 
   "NOTUSED", 
   "ORR", 
   "NOTUSED", 
   "ORR", 
   "ANDD", 
   "ANDD", 
   "NOTUSED", 
   "NOTUSED", 
   "ANDD", 
   "ORR", 
   "ANDD", 
   "NOTUSED"
  ]
 }
}