{
 "random_seed": 4203332280, 
 "PARAMETERS": {
  "RADIUS1": 439488.507, 
  "QUADS": 1, 
  "RADIUS2": 721538.062, 
  "DIST": 242705.363, 
  "F_PTS": 7, 
  "K_PTS": 34, 
  "EPSILON": 2.598, 
  "LENGTH1": 704374.168, 
  "G_PTS": 67, 
  "Q_PTS": 19, 
  "N_PTS": 7, 
  "C_PTS": 51, 
  "AREA2": 151424.231, 
  "LENGTH2": 963689.152, 
  "B_PTS": 7, 
  "D_PTS": 16, 
  "AREA1": 663731.469, 
  "A_PTS": 34, 
  "E_PTS": 20
 }, 
 "NUMPOINTS": 71, 
 "points": [
  [
   -781215.544, 
   873330.488
  ], 
  [
   -504057.626, 
   675331.948
  ], 
  [
   92254.751, 
   -342122.885
  ], 
  [
   -150670.107, 
   949575.087
  ], 
  [
   -471818.878, 
   -809693.561
  ], 
  [
   -79818.199, 
   -70272.251
  ], 
  [
   -627424.526, 
   -575794.922
  ], 
  [
   -822486.358, 
   -26673.475
  ], 
  [
   -662864.235, 
   -608420.01
  ], 
  [
   -752610.026, 
   692762.526
  ], 
  [
   -26021.482, 
   -862532.7
  ], 
  [
   240863.687, 
   252658.013
  ], 
  [
   -825451.657, 
   278193.371
  ], 
  [
   82684.221, 
   193210.142
  ], 
  [
   488586.755, 
   995204.757
  ], 
  [
   -737377.148, 
   -357646.389
  ], 
  [
   -659254.003, 
   377322.216
  ], 
  [
   -988766.891, 
   136066.808
  ], 
  [
   211801.778, 
   778081.707
  ], 
  [
   -990531.811, 
   -8577.507
  ], 
  [
   992191.166, 
   -685807.686
  ], 
  [
   -901993.122, 
   501981.472
  ], 
  [
   737357.748, 
   -704254.642
  ], 
  [
   811386.141, 
   -179359.797
  ], 
  [
   -746227.377, 
   -833161.098
  ], 
  [
   444610.242, 
   999104.511
  ], 
  [
   865729.192, 
   185387.497
  ], 
  [
   -712018.591, 
   -209619.167
  ], 
  [
   -202483.687, 
   688408.581
  ], 
  [
   -997838.296, 
   -665343.395
  ], 
  [
   -839820.823, 
   -534512.067
  ], 
  [
   -463076.95, 
   -355128.571
  ], 
  [
   -299155.672, 
   -904151.673
  ], 
  [
   988838.945, 
   -239621.036
  ], 
  [
   659859.852, 
   -484009.161
  ], 
  [
   -804990.077, 
   722682.203
  ], 
  [
   592894.403, 
   -23007.485
  ], 
  [
   59410.81, 
   -520232.754
  ], 
  [
   724651.512, 
   -958510.553
  ], 
  [
   -976071.638, 
   992787.53
  ], 
  [
   338946.843, 
   267178.546
  ], 
  [
   -573308.122, 
   84123.84
  ], 
  [
   -727776.328, 
   608506.219
  ], 
  [
   355727.426, 
   -590051.823
  ], 
  [
   99724.299, 
   518789.886
  ], 
  [
   -23344.317, 
   468521.599
  ], 
  [
   108300.866, 
   -989048.11
  ], 
  [
   -331841.993, 
   998386.31
  ], 
  [
   -678411.517, 
   -61271.011
  ], 
  [
   -548708.661, 
   145173.211
  ], 
  [
   784130.12, 
   84819.528
  ], 
  [
   757045.65, 
   929038.531
  ], 
  [
   -131929.843, 
   295987.102
  ], 
  [
   898433.725, 
   -210741.451
  ], 
  [
   -412612.457, 
   -415137.321
  ], 
  [
   493044.305, 
   624665.29
  ], 
  [
   174943.247, 
   -775647.025
  ], 
  [
   814331.747, 
   628618.184
  ], 
  [
   49242.877, 
   517691.652
  ], 
  [
   -508404.548, 
   -285437.318
  ], 
  [
   -989339.372, 
   -360318.851
  ], 
  [
   -625033.088, 
   283232.263
  ], 
  [
   -254438.232, 
   506744.289
  ], 
  [
   -753970.523, 
   -498148.935
  ], 
  [
   -239705.222, 
   968527.362
  ], 
  [
   819054.126, 
   -583089.834
  ], 
  [
   -258059.175, 
   893762.062
  ], 
  [
   174591.418, 
   450162.558
  ], 
  [
   -177686.268, 
   -94562.698
  ], 
  [
   -437246.226, 
   -526328.704
  ], 
  [
   -584439.354, 
   767830.464
  ]
 ], 
 "PUV": [
  true, 
  true, 
  true, 
  true, 
  false, 
  true, 
  false, 
  true, 
  true, 
  true, 
  true, 
  false, 
  true, 
  true, 
  false
 ], 
 "LCM": {
  "11": [
   "ORR", 
   "ORR", 
   "NOTUSED", 
   "NOTUSED", 
   "ANDD", 
   "NOTUSED", 
   "ANDD", 
   "ORR", 
   "NOTUSED", 
   "ANDD", 
   "ANDD", 
   "ORR", 
   "ORR", 
   "ORR", 
   "NOTUSED"
  ], 
  "10": [
   "NOTUSED", 
   "NOTUSED", 
   "ORR", 
   "NOTUSED", 
   "ANDD", 
   "NOTUSED", 
   "ANDD", 
   "ORR", 
   "NOTUSED", 
   "ORR", 
   "ORR", 
   "ANDD", 
   "NOTUSED", 
   "NOTUSED", 
   "ORR"
  ], 
  "13": [
   "ANDD", 
   "NOTUSED", 
   "ORR", 
   "NOTUSED", 
   "ORR", 
   "NOTUSED", 
   "ORR", 
   "ORR", 
   "NOTUSED", 
   "ORR", 
   "NOTUSED", 
   "ORR", 
   "ORR", 
   "ORR", 
   "ANDD"
  ], 
  "12": [
   "ORR", 
   "ANDD", 
   "NOTUSED", 
   "NOTUSED", 
   "ANDD", 
   "ANDD", 
   "ORR", 
   "NOTUSED", 
   "ANDD", 
   "NOTUSED", 
   "NOTUSED", 
   "ORR", 
   "ORR", 
   "ORR", 
   "NOTUSED"
  ], 
  "14": [
   "NOTUSED", 
   "NOTUSED", 
   "ANDD", 
   "NOTUSED", 
   "ORR", 
   "ORR", 
   "NOTUSED", 
   "NOTUSED", 
   "ANDD", 
   "ANDD", 
   "ORR", 
   "NOTUSED", 
   "NOTUSED", 
   "ANDD", 
   "ORR"
  ], 
  "1": [
   "NOTUSED", 
   "ORR", 
   "ANDD", 
   "ORR", 
   "ANDD", 
   "ORR", 
   "NOTUSED", 
   "NOTUSED", 
   "NOTUSED", 
   "NOTUSED", 
   "NOTUSED", 
   "ORR", 
   "ANDD", 
   "NOTUSED", 
   "NOTUSED"
  ], 
  "0": [
   "NOTUSED", 
   "NOTUSED", 
   "ORR", 
   "NOTUSED", 
   "NOTUSED", 
   "ANDD", 
   "NOTUSED", 
   "ORR", 
   "ANDD", 
   "ANDD", 
   "NOTUSED", 
   "ORR", 
   "ORR", 
   "ANDD", 
   "NOTUSED"
  ], 
  "3": [
   "NOTUSED", 
   "ORR", 
   "ORR", 
   "NOTUSED", 
   "ORR", 
   "ORR", 
   "NOTUSED", 
   "ANDD", 
   "ORR", 
   "ANDD", 
   "NOTUSED", 
   "NOTUSED", 
   "NOTUSED", 
   "NOTUSED", 
   "NOTUSED"
  ], 
  "2": [
   "ORR", 
   "ANDD", 
   "NOTUSED", 
   "ORR", 
   "ANDD", 
   "NOTUSED", 
   "ORR", 
   "NOTUSED", 
   "NOTUSED", 
   "NOTUSED", 
   "ORR", 
   "NOTUSED", 
   "NOTUSED", 
   "ORR", 
   "ANDD"
  ], 
  "5": [
   "ANDD", 
   "ORR", 
   "NOTUSED", 
   "ORR", 
   "NOTUSED", 
   "ANDD", 
   "ORR", 
   "ANDD", 
   "ORR", 
   "ORR", 
   "NOTUSED", 
   "NOTUSED", 
   "ANDD", 
   "NOTUSED", 
   "ORR"
  ], 
  "4": [
   "NOTUSED", 
   "ANDD", 
   "ANDD", 
   "ORR", 
   "NOTUSED", 
   "NOTUSED", 
   "NOTUSED", 
   "ANDD", 
   "ANDD", 
   "ANDD", 
   "ANDD", 
   "ANDD", 
   "ANDD", 
   "ORR", 
   "ORR"
  ], 
  "7": [
   "ORR", 
   "NOTUSED", 
   "NOTUSED", 
   "ANDD", 
   "ANDD", 
   "ANDD", 
   "ORR", 
   "NOTUSED", 
   "NOTUSED", 
   "NOTUSED", 
   "ORR", 
   "ORR", 
   "NOTUSED", 
   "ORR", 
   "NOTUSED"
  ], 
  "6": [
   "NOTUSED", 
   "NOTUSED", 
   "ORR", 
   "NOTUSED", 
   "NOTUSED", 
   "ORR", 
   "ANDD", 
   "ORR", 
   "ORR", 
   "NOTUSED", 
   "ANDD", 
   "ANDD", 
   "ORR", 
   "ORR", 
   "NOTUSED"
  ], 
  "9": [
   "ANDD", 
   "NOTUSED", 
   "NOTUSED", 
   "ANDD", 
   "ANDD", 
   "ORR", 
   "NOTUSED", 
   "NOTUSED", 
   "ORR", 
   "ANDD", 
   "ORR", 
   "ANDD", 
   "NOTUSED", 
   "ORR", 
   "ANDD"
  ], 
  "8": [
   "ANDD", 
   "NOTUSED", 
   "NOTUSED", 
   "ORR", 
   "ANDD", 
   "ORR", 
   "ORR", 
   "NOTUSED", 
   "ORR", 
   "ORR", 
   "NOTUSED", 
   "NOTUSED", 
   "ANDD", 
   "NOTUSED", 
   "ANDD"
  ]
 }
}