{
 "random_seed": 4101406176, 
 "PARAMETERS": {
  "RADIUS1": 183929.326, 
  "QUADS": 3, 
  "RADIUS2": 358003.446, 
  "DIST": 551739.859, 
  "F_PTS": 6, 
  "K_PTS": 25, 
  "EPSILON": 2.128, 
  "LENGTH1": 638528.623, 
  "G_PTS": 57, 
  "Q_PTS": 9, 
  "N_PTS": 40, 
  "C_PTS": 4, 
  "AREA2": 432680.119, 
  "LENGTH2": 713321.955, 
  "B_PTS": 43, 
  "D_PTS": 44, 
  "AREA1": 499256.598, 
  "A_PTS": 4, 
  "E_PTS": 47
 }, 
 "NUMPOINTS": 65, 
 "points": [
  [
   -281714.031, 
   640542.009
  ], 
  [
   -208317.455, 
   491622.307
  ], 
  [
   -838458.401, 
   488029.181
  ], 
  [
   -987582.349, 
   804162.066
  ], 
  [
   985996.866, 
   112492.019
  ], 
  [
   568679.468, 
   -458761.031
  ], 
  [
   -347525.382, 
   -483840.928
  ], 
  [
   -787541.495, 
   441901.416
  ], 
  [
   -75466.31, 
   692758.961
  ], 
  [
   807436.292, 
   -550431.616
  ], 
  [
   883566.239, 
   -702757.793
  ], 
  [
   291799.147, 
   628698.084
  ], 
  [
   -65716.885, 
   197071.853
  ], 
  [
   462868.649, 
   -400431.341
  ], 
  [
   -309665.873, 
   590942.906
  ], 
  [
   880632.52, 
   -76125.221
  ], 
  [
   -877757.931, 
   133353.197
  ], 
  [
   -522021.716, 
   -27532.18
  ], 
  [
   901956.45, 
   424146.001
  ], 
  [
   -685495.713, 
   506278.682
  ], 
  [
   -428716.278, 
   -493065.882
  ], 
  [
   840194.985, 
   -46097.513
  ], 
  [
   416511.522, 
   207001.632
  ], 
  [
   547500.171, 
   -246386.289
  ], 
  [
   624308.25, 
   -875319.179
  ], 
  [
   -874938.688, 
   -255464.216
  ], 
  [
   208008.423, 
   -825440.118
  ], 
  [
   614236.256, 
   -186680.136
  ], 
  [
   -151243.888, 
   -63373.132
  ], 
  [
   -17425.871, 
   793499.747
  ], 
  [
   -393914.879, 
   584053.495
  ], 
  [
   743372.865, 
   424002.407
  ], 
  [
   -693297.544, 
   304858.258
  ], 
  [
   -543624.943, 
   983036.413
  ], 
  [
   -745919.491, 
   184094.507
  ], 
  [
   85951.663, 
   140258.878
  ], 
  [
   807515.022, 
   -899523.541
  ], 
  [
   -83385.036, 
   -600089.951
  ], 
  [
   779799.228, 
   -336197.117
  ], 
  [
   -926416.597, 
   -304158.869
  ], 
  [
   59563.304, 
   539299.604
  ], 
  [
   -429157.203, 
   349515.434
  ], 
  [
   -443488.413, 
   556082.254
  ], 
  [
   288835.495, 
   -597844.554
  ], 
  [
   882523.636, 
   776135.01
  ], 
  [
   420729.173, 
   -362430.365
  ], 
  [
   951215.307, 
   -257804.379
  ], 
  [
   792880.933, 
   644269.962
  ], 
  [
   -997468.747, 
   622306.924
  ], 
  [
   -713522.271, 
   670534.784
  ], 
  [
   -266039.581, 
   -301688.854
  ], 
  [
   355981.506, 
   -868818.977
  ], 
  [
   823281.971, 
   -518996.798
  ], 
  [
   613618.138, 
   -473627.446
  ], 
  [
   -832223.704, 
   105445.717
  ], 
  [
   810903.147, 
   -170110.855
  ], 
  [
   -631742.732, 
   460800.811
  ], 
  [
   -538312.498, 
   811170.47
  ], 
  [
   -114170.021, 
   -922815.142
  ], 
  [
   750562.201, 
   -235848.221
  ], 
  [
   81456.435, 
   -559773.277
  ], 
  [
   751259.497, 
   -607452.441
  ], 
  [
   -725620.748, 
   76358.005
  ], 
  [
   288960.442, 
   295194.92
  ], 
  [
   -541072.08, 
   245184.694
  ]
 ], 
 "PUV": [
  true, 
  false, 
  true, 
  true, 
  false, 
  false, 
  false, 
  true, 
  false, 
  true, 
  true, 
  false, 
  true, 
  true, 
  false
 ], 
 "LCM": {
  "11": [
   "ANDD", 
   "NOTUSED", 
   "ORR", 
   "NOTUSED", 
   "ANDD", 
   "ORR", 
   "ANDD", 
   "ANDD", 
   "ANDD", 
   "NOTUSED", 
   "NOTUSED", 
   "ORR", 
   "NOTUSED", 
   "ANDD", 
   "ANDD"
  ], 
  "10": [
   "ORR", 
   "ANDD", 
   "ANDD", 
   "ANDD", 
   "NOTUSED", 
   "NOTUSED", 
   "ORR", 
   "ANDD", 
   "ANDD", 
   "ANDD", 
   "NOTUSED", 
   "NOTUSED", 
   "NOTUSED", 
   "ANDD", 
   "ORR"
  ], 
  "13": [
   "ANDD", 
   "ORR", 
   "NOTUSED", 
   "ORR", 
   "NOTUSED", 
   "ANDD", 
   "ORR", 
   "NOTUSED", 
   "NOTUSED", 
   "ORR", 
   "ANDD", 
   "ANDD", 
   "ANDD", 
   "NOTUSED", 
   "ORR"
  ], 
  "12": [
   "NOTUSED", 
   "ANDD", 
   "NOTUSED", 
   "NOTUSED", 
   "ORR", 
   "NOTUSED", 
   "NOTUSED", 
   "NOTUSED", 
   "ANDD", 
   "ORR", 
   "NOTUSED", 
   "NOTUSED", 
   "ORR", 
   "ANDD", 
   "ORR"
  ], 
  "14": [
   "NOTUSED", 
   "ORR", 
   "NOTUSED", 
   "ORR", 
   "ORR", 
   "ANDD", 
   "ANDD", 
   "ORR", 
   "NOTUSED", 
   "NOTUSED", 
   "ORR", 
   "ANDD", 
   "ORR", 
   "ORR", 
   "ANDD"
  ], 
  "1": [
   "ANDD", 
   "NOTUSED", 
   "NOTUSED", 
   "NOTUSED", 
   "ORR", 
   "ANDD", 
   "ORR", 
   "ANDD", 
   "NOTUSED", 
   "ANDD", 
   "ANDD", 
   "NOTUSED", 
   "ANDD", 
   "ORR", 
   "ORR"
  ], 
  "0": [
   "ORR", 
   "ANDD", 
   "ORR", 
   "ORR", 
   "NOTUSED", 
   "NOTUSED", 
   "ANDD", 
   "NOTUSED", 
   "NOTUSED", 
   "ORR", 
   "ORR", 
   "ANDD", 
   "NOTUSED", 
   "ANDD", 
   "NOTUSED"
  ], 
  "3": [
   "ORR", 
   "NOTUSED", 
   "ORR", 
   "NOTUSED", 
   "ANDD", 
   "ORR", 
   "NOTUSED", 
   "ORR", 
   "ANDD", 
   "ORR", 
   "ANDD", 
   "NOTUSED", 
   "NOTUSED", 
   "ORR", 
   "ORR"
  ], 
  "2": [
   "ORR", 
   "NOTUSED", 
   "ORR", 
   "ORR", 
   "ANDD", 
   "ANDD", 
   "ORR", 
   "ANDD", 
   "ANDD", 
   "ANDD", 
   "ANDD", 
   "ORR", 
   "NOTUSED", 
   "NOTUSED", 
   "NOTUSED"
  ], 
  "5": [
   "NOTUSED", 
   "ANDD", 
   "ANDD", 
   "ORR", 
   "NOTUSED", 
   "NOTUSED", 
   "ANDD", 
   "NOTUSED", 
   "ANDD", 
   "ORR", 
   "NOTUSED", 
   "ORR", 
   "NOTUSED", 
   "ANDD", 
   "ANDD"
  ], 
  "4": [
   "NOTUSED", 
   "ORR", 
   "ANDD", 
   "ANDD", 
   "NOTUSED", 
   "NOTUSED", 
   "ORR", 
   "NOTUSED", 
   "NOTUSED", 
   "NOTUSED", 
   "NOTUSED", 
   "ANDD", 
   "ORR", 
   "NOTUSED", 
   "ORR"
  ], 
  "7": [
   "NOTUSED", 
   "ANDD", 
   "ANDD", 
   "ORR", 
   "NOTUSED", 
   "NOTUSED", 
   "ANDD", 
   "ORR", 
   "ANDD", 
   "ORR", 
   "ANDD", 
   "ANDD", 
   "NOTUSED", 
   "NOTUSED", 
   "ORR"
  ], 
  "6": [
   "ANDD", 
   "ORR", 
   "ORR", 
   "NOTUSED", 
   "ORR", 
   "ANDD", 
   "NOTUSED", 
   "ANDD", 
   "NOTUSED", 
   "NOTUSED", 
   "ORR", 
   "ANDD", 
   "NOTUSED", 
   "ORR", 
   "ANDD"
  ], 
  "9": [
   "ORR", 
   "ANDD", 
   "ANDD", 
   "ORR", 
   "NOTUSED", 
   "ORR", 
   "NOTUSED", 
   "ORR", 
   "ORR", 
   "ORR", 
   "ANDD", 
   "NOTUSED", 
   "ORR", 
   "ORR", 
   "NOTUSED"
  ], 
  "8": [
   "NOTUSED", 
   "NOTUSED", 
   "ANDD", 
   "ANDD", 
   "NOTUSED", 
   "ANDD", 
   "NOTUSED", 
   "ANDD", 
   "ANDD", 
   "ORR", 
   "ANDD", 
   "ANDD", 
   "ANDD", 
   "NOTUSED", 
   "NOTUSED"
  ]
 }
}