{
 "random_seed": 3340520596, 
 "PARAMETERS": {
  "RADIUS1": 956009.983, 
  "QUADS": 3, 
  "RADIUS2": 11195.679, 
  "DIST": 962268.85, 
  "F_PTS": 35, 
  "K_PTS": 22, 
  "EPSILON": 1.647, 
  "LENGTH1": 174098.956, 
  "G_PTS": 43, 
  "Q_PTS": 48, 
  "N_PTS": 33, 
  "C_PTS": 40, 
  "AREA2": 105421.794, 
  "LENGTH2": 539645.622, 
  "B_PTS": 15, 
  "D_PTS": 19, 
  "AREA1": 932663.153, 
  "A_PTS": 31, 
  "E_PTS": 13
 }, 
 "NUMPOINTS": 68, 
 "points": [
  [
   772884.033, 
   -857178.655
  ], 
  [
   -307212.789, 
   806831.617
  ], 
  [
   889231.962, 
   525705.308
  ], 
  [
   -17917.85, 
   683045.737
  ], 
  [
   -927740.631, 
   385454.97
  ], 
  [
   -597301.395, 
   589037.794
  ], 
  [
   574733.585, 
   -362112.038
  ], 
  [
   454601.086, 
   372108.311
  ], 
  [
   34889.462, 
   804551.963
  ], 
  [
   -329255.935, 
   -914416.061
  ], 
  [
   -440004.149, 
   -543834.207
  ], 
  [
   887221.443, 
   800655.058
  ], 
  [
   546824.579, 
   -354454.541
  ], 
  [
   -422798.392, 
   -411456.894
  ], 
  [
   800962.333, 
   927989.026
  ], 
  [
   268170.186, 
   308692.3
  ], 
  [
   549388.125, 
   -550182.141
  ], 
  [
   -878554.683, 
   -179724.854
  ], 
  [
   853652.527, 
   76513.686
  ], 
  [
   704901.266, 
   -304513.386
  ], 
  [
   637109.819, 
   558218.881
  ], 
  [
   524297.129, 
   -39207.02
  ], 
  [
   -13577.118, 
   -312335.555
  ], 
  [
   -635237.516, 
   273504.76
  ], 
  [
   123308.032, 
   55573.925
  ], 
  [
   564698.149, 
   -424449.108
  ], 
  [
   -67515.904, 
   -189321.787
  ], 
  [
   -780186.859, 
   799739.663
  ], 
  [
   269338.568, 
   662132.207
  ], 
  [
   631358.303, 
   703069.304
  ], 
  [
   310795.022, 
   -752022.63
  ], 
  [
   132463.452, 
   653628.853
  ], 
  [
   -541874.012, 
   -706883.448
  ], 
  [
   -632986.064, 
   -970370.17
  ], 
  [
   905488.679, 
   -970760.817
  ], 
  [
   821533.071, 
   512221.208
  ], 
  [
   61145.499, 
   81344.566
  ], 
  [
   -780816.222, 
   726645.771
  ], 
  [
   453921.122, 
   -452444.22
  ], 
  [
   14159.461, 
   830807.263
  ], 
  [
   -362865.292, 
   394190.392
  ], 
  [
   -803959.338, 
   -872133.862
  ], 
  [
   -522914.209, 
   -552751.984
  ], 
  [
   -466439.93, 
   725190.565
  ], 
  [
   -255703.368, 
   -514118.649
  ], 
  [
   -748974.666, 
   948621.032
  ], 
  [
   -234609.528, 
   849053.815
  ], 
  [
   85408.969, 
   -138432.337
  ], 
  [
   88916.576, 
   646889.623
  ], 
  [
   748069.05, 
   -274868.648
  ], 
  [
   614980.008, 
   49688.284
  ], 
  [
   -733317.715, 
   -168084.153
  ], 
  [
   -336722.373, 
   -547575.394
  ], 
  [
   -379704.508, 
   563539.407
  ], 
  [
   -377326.496, 
   -588436.709
  ], 
  [
   32161.014, 
   -734703.878
  ], 
  [
   524057.266, 
   679455.847
  ], 
  [
   692845.44, 
   889369.506
  ], 
  [
   -491970.176, 
   -308908.034
  ], 
  [
   -550591.88, 
   -106058.048
  ], 
  [
   -654029.278, 
   586518.133
  ], 
  [
   -168535.157, 
   -840318.182
  ], 
  [
   804310.193, 
   16193.146
  ], 
  [
   -139211.643, 
   824945.554
  ], 
  [
   800515.667, 
   -433337.841
  ], 
  [
   323226.279, 
   -677422.958
  ], 
  [
   764896.41, 
   -681669.501
  ], 
  [
   -581679.289, 
   -200480.546
  ]
 ], 
 "PUV": [
  false, 
  true, 
  true, 
  true, 
  true, 
  false, 
  true, 
  false, 
  true, 
  false, 
  true, 
  false, 
  false, 
  true, 
  true
 ], 
 "LCM": {
  "11": [
   "NOTUSED", 
   "ANDD", 
   "NOTUSED", 
   "NOTUSED", 
   "ANDD", 
   "ORR", 
   "ORR", 
   "ANDD", 
   "ANDD", 
   "ORR", 
   "ANDD", 
   "ORR", 
   "NOTUSED", 
   "ORR", 
   "ANDD"
  ], 
  "10": [
   "ORR", 
   "NOTUSED", 
   "ORR", 
   "ORR", 
   "ORR", 
   "NOTUSED", 
   "NOTUSED", 
   "ANDD", 
   "NOTUSED", 
   "ORR", 
   "ORR", 
   "ANDD", 
   "ORR", 
   "NOTUSED", 
   "NOTUSED"
  ], 
  "13": [
   "NOTUSED", 
   "ANDD", 
   "ANDD", 
   "NOTUSED", 
   "ORR", 
   "ANDD", 
   "NOTUSED", 
   "ORR", 
   "NOTUSED", 
   "ORR", 
   "NOTUSED", 
   "ORR", 
   "ORR", 
   "ORR", 
   "ANDD"
  ], 
  "12": [
   "ORR", 
   "NOTUSED", 
   "ORR", 
   "NOTUSED", 
   "ORR", 
   "ORR", 
   "ANDD", 
   "ORR", 
   "NOTUSED", 
   "ORR", 
   "ORR", 
   "NOTUSED", 
   "NOTUSED", 
   "ORR", 
   "ANDD"
  ], 
  "14": [
   "ANDD", 
   "ANDD", 
   "NOTUSED", 
   "NOTUSED", 
   "ORR", 
   "ORR", 
   "NOTUSED", 
   "NOTUSED", 
   "NOTUSED", 
   "ORR", 
   "NOTUSED", 
   "ANDD", 
   "ANDD", 
   "ANDD", 
   "ORR"
  ], 
  "1": [
   "ANDD", 
   "ORR", 
   "ORR", 
   "ORR", 
   "ORR", 
   "ANDD", 
   "ANDD", 
   "ORR", 
   "ORR", 
   "ANDD", 
   "NOTUSED", 
   "ANDD", 
   "NOTUSED", 
   "ANDD", 
   "ANDD"
  ], 
  "0": [
   "ANDD", 
   "ANDD", 
   "NOTUSED", 
   "ANDD", 
   "ANDD", 
   "NOTUSED", 
   "ORR", 
   "ORR", 
   "NOTUSED", 
   "NOTUSED", 
   "ORR", 
   "NOTUSED", 
   "ORR", 
   "NOTUSED", 
   "ANDD"
  ], 
  "3": [
   "ANDD", 
   "ORR", 
   "ORR", 
   "NOTUSED", 
   "ORR", 
   "ANDD", 
   "NOTUSED", 
   "NOTUSED", 
   "ORR", 
   "NOTUSED", 
   "ORR", 
   "NOTUSED", 
   "NOTUSED", 
   "NOTUSED", 
   "NOTUSED"
  ], 
  "2": [
   "NOTUSED", 
   "ORR", 
   "ORR", 
   "ORR", 
   "ANDD", 
   "ANDD", 
   "NOTUSED", 
   "ANDD", 
   "ANDD", 
   "NOTUSED", 
   "ORR", 
   "NOTUSED", 
   "ORR", 
   "ANDD", 
   "NOTUSED"
  ], 
  "5": [
   "NOTUSED", 
   "ANDD", 
   "ANDD", 
   "ANDD", 
   "ORR", 
   "NOTUSED", 
   "NOTUSED", 
   "ANDD", 
   "ANDD", 
   "NOTUSED", 
   "NOTUSED", 
   "ORR", 
   "ORR", 
   "ANDD", 
   "ORR"
  ], 
  "4": [
   "ANDD", 
   "ORR", 
   "ANDD", 
   "ORR", 
   "ORR", 
   "ORR", 
   "NOTUSED", 
   "ORR", 
   "ORR", 
   "ANDD", 
   "ORR", 
   "ANDD", 
   "ORR", 
   "ORR", 
   "ORR"
  ], 
  "7": [
   "ORR", 
   "ORR", 
   "ANDD", 
   "NOTUSED", 
   "ORR", 
   "ANDD", 
   "ANDD", 
   "NOTUSED", 
   "ORR", 
   "ORR", 
   "ANDD", 
   "ANDD", 
   "ORR", 
   "ORR", 
   "NOTUSED"
  ], 
  "6": [
   "ORR", 
   "ANDD", 
   "NOTUSED", 
   "NOTUSED", 
   "NOTUSED", 
   "NOTUSED", 
   "NOTUSED", 
   "ANDD", 
   "NOTUSED", 
   "NOTUSED", 
   "NOTUSED", 
   "ORR", 
   "ANDD", 
   "NOTUSED", 
   "NOTUSED"
  ], 
  "9": [
   "NOTUSED", 
   "ANDD", 
   "NOTUSED", 
   "NOTUSED", 
   "ANDD", 
   "NOTUSED", 
   "NOTUSED", 
   "ORR", 
   "ORR", 
   "NOTUSED", 
   "ORR", 
   "ORR", 
   "ORR", 
   "ORR", 
   "ORR"
  ], 
  "8": [
   "NOTUSED", 
   "ORR", 
   "ANDD", 
   "ORR", 
   "ORR", 
   "ANDD", 
   "NOTUSED", 
   "ORR", 
   "ORR", 
   "ORR", 
   "NOTUSED", 
   "ANDD", 
   "NOTUSED", 
   "NOTUSED", 
   "NOTUSED"
  ]
 }
}