{
 "random_seed": 1961903072, 
 "PARAMETERS": {
  "RADIUS1": 576480.838, 
  "QUADS": 3, 
  "RADIUS2": 893979.185, 
  "DIST": 465484.813, 
  "F_PTS": 10, 
  "K_PTS": 51, 
  "EPSILON": 2.229, 
  "LENGTH1": 806321.333, 
  "G_PTS": 51, 
  "Q_PTS": 13, 
  "N_PTS": 16, 
  "C_PTS": 5, 
  "AREA2": 373318.179, 
  "LENGTH2": 960196.005, 
  "B_PTS": 6, 
  "D_PTS": 6, 
  "AREA1": 791820.42, 
  "A_PTS": 2, 
  "E_PTS": 40
 }, 
 "NUMPOINTS": 54, 
 "points": [
  [
   581513.113, 
   438925.035
  ], 
  [
   -168557.807, 
   804149.082
  ], 
  [
   -792730.586, 
   -883183.807
  ], 
  [
   -15887.372, 
   221802.13
  ], 
  [
   622035.836, 
   639281.363
  ], 
  [
   158412.845, 
   219195.013
  ], 
  [
   -825030.094, 
   -788321.23
  ], 
  [
   -356841.364, 
   669859.881
  ], 
  [
   971306.2, 
   389945.833
  ], 
  [
   933650.702, 
   236764.771
  ], 
  [
   471187.642, 
   -321974.542
  ], 
  [
   808948.386, 
   -414346.455
  ], 
  [
   -161141.967, 
   976147.593
  ], 
  [
   766802.919, 
   -51069.695
  ], 
  [
   -433320.92, 
   -313530.938
  ], 
  [
   488723.078, 
   -702345.819
  ], 
  [
   204164.036, 
   643034.58
  ], 
  [
   -629261.807, 
   11797.192
  ], 
  [
   -266630.777, 
   -776299.48
  ], 
  [
   552390.083, 
   -529608.449
  ], 
  [
   -828775.935, 
   -555520.782
  ], 
  [
   -149141.921, 
   364519.361
  ], 
  [
   -403619.744, 
   682338.799
  ], 
  [
   -603666.129, 
   -44302.556
  ], 
  [
   407487.765, 
   773899.441
  ], 
  [
   -470732.471, 
   478078.559
  ], 
  [
   271618.883, 
   304853.77
  ], 
  [
   982521.602, 
   920271.868
  ], 
  [
   -783483.855, 
   151065.303
  ], 
  [
   -3094.552, 
   -395423.739
  ], 
  [
   -49641.272, 
   -470529.061
  ], 
  [
   871686.762, 
   -812469.633
  ], 
  [
   -243720.89, 
   -871952.12
  ], 
  [
   24868.133, 
   244021.118
  ], 
  [
   -712417.093, 
   276510.912
  ], 
  [
   965336.899, 
   208547.108
  ], 
  [
   442939.774, 
   567209.054
  ], 
  [
   -358294.518, 
   -872548.268
  ], 
  [
   297933.954, 
   271058.314
  ], 
  [
   759671.466, 
   515963.28
  ], 
  [
   896681.559, 
   -172236.944
  ], 
  [
   591000.868, 
   -359068.201
  ], 
  [
   950021.141, 
   294239.358
  ], 
  [
   -513400.612, 
   -481813.258
  ], 
  [
   -227978.241, 
   47088.461
  ], 
  [
   625978.867, 
   30564.582
  ], 
  [
   -140705.414, 
   -2905.183
  ], 
  [
   -806030.321, 
   -724144.536
  ], 
  [
   553953.659, 
   -837802.246
  ], 
  [
   71346.641, 
   -293876.887
  ], 
  [
   -915014.361, 
   -473692.192
  ], 
  [
   -544155.978, 
   166115.694
  ], 
  [
   -718974.5, 
   971708.331
  ], 
  [
   -93864.873, 
   445754.925
  ]
 ], 
 "PUV": [
  false, 
  false, 
  true, 
  true, 
  false, 
  false, 
  true, 
  false, 
  false, 
  false, 
  true, 
  true, 
  true, 
  true, 
  false
 ], 
 "LCM": {
  "11": [
   "ORR", 
   "NOTUSED", 
   "NOTUSED", 
   "ANDD", 
   "NOTUSED", 
   "ANDD", 
   "ORR", 
   "NOTUSED", 
   "NOTUSED", 
   "NOTUSED", 
   "ORR", 
   "ANDD", 
   "ORR", 
   "NOTUSED", 
   "ANDD"
  ], 
  "10": [
   "ANDD", 
   "ANDD", 
   "ANDD", 
   "ANDD", 
   "ANDD", 
   "ORR", 
   "NOTUSED", 
   "NOTUSED", 
   "ORR", 
   "ORR", 
   "ORR", 
   "ORR", 
   "ORR", 
   "ANDD", 
   "NOTUSED"
  ], 
  "13": [
   "ANDD", 
   "ORR", 
   "ORR", 
   "ANDD", 
   "ORR", 
   "NOTUSED", 
   "NOTUSED", 
   "ANDD", 
   "NOTUSED", 
   "ORR", 
   "ANDD", 
   "NOTUSED", 
   "ANDD", 
   "ORR", 
   "ORR"
  ], 
  "12": [
   "ORR", 
   "ORR", 
   "ANDD", 
   "NOTUSED", 
   "ANDD", 
   "NOTUSED", 
   "NOTUSED", 
   "ORR", 
   "ORR", 
   "ORR", 
   "ORR", 
   "ORR", 
   "ANDD", 
   "ANDD", 
   "ORR"
  ], 
  "14": [
   "ANDD", 
   "ANDD", 
   "ANDD", 
   "NOTUSED", 
   "ANDD", 
   "NOTUSED", 
   "ORR", 
   "NOTUSED", 
   "ANDD", 
   "ORR", 
   "NOTUSED", 
   "ANDD", 
   "ORR", 
   "ORR", 
   "NOTUSED"
  ], 
  "1": [
   "NOTUSED", 
   "NOTUSED", 
   "NOTUSED", 
   "ORR", 
   "NOTUSED", 
   "NOTUSED", 
   "NOTUSED", 
   "ANDD", 
   "NOTUSED", 
   "NOTUSED", 
   "ANDD", 
   "NOTUSED", 
   "ORR", 
   "ORR", 
   "ANDD"
  ], 
  "0": [
   "NOTUSED", 
   "NOTUSED", 
   "NOTUSED", 
   "ANDD", 
   "ORR", 
   "NOTUSED", 
   "ORR", 
   "ANDD", 
   "ANDD", 
   "ORR", 
   "ANDD", 
   "ORR", 
   "ORR", 
   "ANDD", 
   "ANDD"
  ], 
  "3": [
   "ANDD", 
   "ORR", 
   "ORR", 
   "NOTUSED", 
   "ORR", 
   "ANDD", 
   "ANDD", 
   "NOTUSED", 
   "ANDD", 
   "ORR", 
   "ANDD", 
   "ANDD", 
   "NOTUSED", 
   "ANDD", 
   "NOTUSED"
  ], 
  "2": [
   "NOTUSED", 
   "NOTUSED", 
   "ANDD", 
   "ORR", 
   "ORR", 
   "ORR", 
   "ANDD", 
   "ORR", 
   "ANDD", 
   "ANDD", 
   "ANDD", 
   "NOTUSED", 
   "ANDD", 
   "ORR", 
   "ANDD"
  ], 
  "5": [
   "NOTUSED", 
   "NOTUSED", 
   "ORR", 
   "ANDD", 
   "ANDD", 
   "NOTUSED", 
   "ANDD", 
   "ANDD", 
   "NOTUSED", 
   "NOTUSED", 
   "ORR", 
   "ANDD", 
   "NOTUSED", 
   "NOTUSED", 
   "NOTUSED"
  ], 
  "4": [
   "ORR", 
   "NOTUSED", 
   "ORR", 
   "ORR", 
   "NOTUSED", 
   "ANDD", 
   "NOTUSED", 
   "NOTUSED", 
   "ANDD", 
   "ORR", 
   "ANDD", 
   "NOTUSED", 
   "ANDD", 
   "ORR", 
   "ANDD"
  ], 
  "7": [
   "ANDD", 
   "ANDD", 
   "ORR", 
   "NOTUSED", 
   "NOTUSED", 
   "ANDD", 
   "ANDD", 
   "NOTUSED", 
   "NOTUSED", 
   "ORR", 
   "NOTUSED", 
   "NOTUSED", 
   "ORR", 
   "ANDD", 
   "NOTUSED"
  ], 
  "6": [
   "ORR", 
   "NOTUSED", 
   "ANDD", 
   "ANDD", 
   "NOTUSED", 
   "ANDD", 
   "NOTUSED", 
   "ANDD", 
   "ORR", 
   "ANDD", 
   "NOTUSED", 
   "ORR", 
   "NOTUSED", 
   "NOTUSED", 
   "ORR"
  ], 
  "9": [
   "ORR", 
   "NOTUSED", 
   "ANDD", 
   "ORR", 
   "ORR", 
   "NOTUSED", 
   "ANDD", 
   "ORR", 
   "NOTUSED", 
   "NOTUSED", 
   "ORR", 
   "NOTUSED", 
   "ORR", 
   "ORR", 
   "ORR"
  ], 
  "8": [
   "ANDD", 
   "NOTUSED", 
   "ANDD", 
   "ANDD", 
   "ANDD", 
   "NOTUSED", 
   "ORR", 
   "NOTUSED", 
   "NOTUSED", 
   "NOTUSED", 
   "ORR", 
   "NOTUSED", 
   "ORR", 
   "NOTUSED", 
   "ANDD"
  ]
 }
}