{
 "random_seed": 2703731324, 
 "PARAMETERS": {
  "RADIUS1": 502900.975, 
  "QUADS": 3, 
  "RADIUS2": 63475.769, 
  "DIST": 773767.648, 
  "F_PTS": 34, 
  "K_PTS": 58, 
  "EPSILON": 1.183, 
  "LENGTH1": 75236.59, 
  "G_PTS": 66, 
  "Q_PTS": 27, 
  "N_PTS": 51, 
  "C_PTS": 12, 
  "AREA2": 506075.543, 
  "LENGTH2": 694021.741, 
  "B_PTS": 13, 
  "D_PTS": 23, 
  "AREA1": 651394.073, 
  "A_PTS": 19, 
  "E_PTS": 17
 }, 
 "NUMPOINTS": 68, 
 "points": [
  [
   -340066.374, 
   199727.621
  ], 
  [
   844518.944, 
   -638024.943
  ], 
  [
   -394590.141, 
   576761.763
  ], 
  [
   -75636.087, 
   916366.962
  ], 
  [
   378996.661, 
   -891104.033
  ], 
  [
   -873332.124, 
   100581.924
  ], 
  [
   -408205.738, 
   -436646.816
  ], 
  [
   -238288.028, 
   -38271.857
  ], 
  [
   -779223.263, 
   -770775.514
  ], 
  [
   -17406.52, 
   -475663.832
  ], 
  [
   -343766.627, 
   -795062.528
  ], 
  [
   -324970.448, 
   581.007
  ], 
  [
   306050.668, 
   147478.628
  ], 
  [
   -187039.835, 
   217343.0
  ], 
  [
   648678.581, 
   874717.644
  ], 
  [
   334020.087, 
   -671568.959
  ], 
  [
   -743499.891, 
   -118995.043
  ], 
  [
   -705599.938, 
   -491402.214
  ], 
  [
   877467.226, 
   302361.404
  ], 
  [
   -497476.135, 
   579901.157
  ], 
  [
   -277446.385, 
   -107466.478
  ], 
  [
   303920.884, 
   -241682.32
  ], 
  [
   366016.51, 
   -984629.787
  ], 
  [
   475511.135, 
   987997.37
  ], 
  [
   -850290.743, 
   766476.385
  ], 
  [
   -59234.555, 
   590668.428
  ], 
  [
   -945372.415, 
   -635506.564
  ], 
  [
   434640.177, 
   191176.836
  ], 
  [
   -13358.742, 
   -717348.658
  ], 
  [
   443644.171, 
   751752.688
  ], 
  [
   -776610.984, 
   137124.419
  ], 
  [
   -138935.799, 
   993409.331
  ], 
  [
   -289803.618, 
   974883.254
  ], 
  [
   -621341.421, 
   57667.047
  ], 
  [
   -999572.628, 
   -731856.812
  ], 
  [
   -301790.858, 
   -321194.509
  ], 
  [
   508558.82, 
   159301.443
  ], 
  [
   -5178.243, 
   -280317.44
  ], 
  [
   738850.567, 
   839167.31
  ], 
  [
   129692.797, 
   557842.778
  ], 
  [
   -625739.629, 
   -987852.748
  ], 
  [
   -123086.551, 
   136146.832
  ], 
  [
   537660.968, 
   469194.719
  ], 
  [
   -933488.144, 
   612350.469
  ], 
  [
   -803418.957, 
   732015.472
  ], 
  [
   -728131.792, 
   904690.091
  ], 
  [
   -447921.954, 
   -465255.634
  ], 
  [
   422297.909, 
   969235.75
  ], 
  [
   -572817.156, 
   -761077.91
  ], 
  [
   -158517.718, 
   -452420.52
  ], 
  [
   -862377.34, 
   -120885.238
  ], 
  [
   500296.425, 
   594728.708
  ], 
  [
   191652.693, 
   -579840.413
  ], 
  [
   26347.722, 
   112561.775
  ], 
  [
   689192.948, 
   129033.491
  ], 
  [
   -246514.645, 
   -408111.226
  ], 
  [
   -337171.924, 
   191131.062
  ], 
  [
   344170.087, 
   -928539.644
  ], 
  [
   750404.032, 
   -428820.873
  ], 
  [
   783870.01, 
   369401.203
  ], 
  [
   940528.827, 
   303039.971
  ], 
  [
   -263779.741, 
   564694.198
  ], 
  [
   -427945.424, 
   197143.524
  ], 
  [
   789631.347, 
   -14535.241
  ], 
  [
   537615.77, 
   -266267.822
  ], 
  [
   526591.284, 
   512458.295
  ], 
  [
   120104.954, 
   -725878.034
  ], 
  [
   141784.796, 
   -18000.789
  ]
 ], 
 "PUV": [
  false, 
  true, 
  true, 
  false, 
  true, 
  true, 
  true, 
  false, 
  false, 
  true, 
  true, 
  false, 
  true, 
  false, 
  false
 ], 
 "LCM": {
  "11": [
   "NOTUSED", 
   "NOTUSED", 
   "ORR", 
   "NOTUSED", 
   "NOTUSED", 
   "NOTUSED", 
   "ANDD", 
   "NOTUSED", 
   "ORR", 
   "NOTUSED", 
   "ORR", 
   "ORR", 
   "NOTUSED", 
   "NOTUSED", 
   "ANDD"
  ], 
  "10": [
   "ORR", 
   "ORR", 
   "ANDD", 
   "ANDD", 
   "NOTUSED", 
   "ORR", 
   "NOTUSED", 
   "NOTUSED", 
   "NOTUSED", 
   "NOTUSED", 
   "NOTUSED", 
   "ORR", 
   "ANDD", 
   "ORR", 
   "ANDD"
  ], 
  "13": [
   "ORR", 
   "ANDD", 
   "ANDD", 
   "ANDD", 
   "ANDD", 
   "NOTUSED", 
   "NOTUSED", 
   "NOTUSED", 
   "NOTUSED", 
   "ORR", 
   "ORR", 
   "NOTUSED", 
   "ORR", 
   "ORR", 
   "ORR"
  ], 
  "12": [
   "ORR", 
   "ANDD", 
   "NOTUSED", 
   "ORR", 
   "NOTUSED", 
   "ORR", 
   "ORR", 
   "ORR", 
   "ORR", 
   "ANDD", 
   "ANDD", 
   "NOTUSED", 
   "ORR", 
   "ORR", 
   "NOTUSED"
  ], 
  "14": [
   "ORR", 
   "NOTUSED", 
   "ANDD", 
   "NOTUSED", 
   "ANDD", 
   "ANDD", 
   "ORR", 
   "NOTUSED", 
   "ORR", 
   "ANDD", 
   "ANDD", 
   "ANDD", 
   "NOTUSED", 
   "ORR", 
   "ANDD"
  ], 
  "1": [
   "ANDD", 
   "NOTUSED", 
   "ORR", 
   "ANDD", 
   "NOTUSED", 
   "ANDD", 
   "ANDD", 
   "NOTUSED", 
   "NOTUSED", 
   "ANDD", 
   "ORR", 
   "NOTUSED", 
   "ANDD", 
   "ANDD", 
   "NOTUSED"
  ], 
  "0": [
   "NOTUSED", 
   "ANDD", 
   "ORR", 
   "NOTUSED", 
   "ORR", 
   "ORR", 
   "ORR", 
   "NOTUSED", 
   "ORR", 
   "ANDD", 
   "ORR", 
   "NOTUSED", 
   "ORR", 
   "ORR", 
   "ORR"
  ], 
  "3": [
   "NOTUSED", 
   "ANDD", 
   "ANDD", 
   "ORR", 
   "ORR", 
   "ANDD", 
   "NOTUSED", 
   "ORR", 
   "NOTUSED", 
   "ANDD", 
   "ANDD", 
   "NOTUSED", 
   "ORR", 
   "ANDD", 
   "NOTUSED"
  ], 
  "2": [
   "ORR", 
   "ORR", 
   "NOTUSED", 
   "ANDD", 
   "ANDD", 
   "ORR", 
   "ORR", 
   "NOTUSED", 
   "ANDD", 
   "ANDD", 
   "ANDD", 
   "ORR", 
   "NOTUSED", 
   "ANDD", 
   "ANDD"
  ], 
  "5": [
   "ORR", 
   "ANDD", 
   "ORR", 
   "ANDD", 
   "ORR", 
   "ORR", 
   "ANDD", 
   "ORR", 
   "ORR", 
   "ANDD", 
   "ORR", 
   "NOTUSED", 
   "ORR", 
   "NOTUSED", 
   "ANDD"
  ], 
  "4": [
   "ORR", 
   "NOTUSED", 
   "ANDD", 
   "ORR", 
   "ORR", 
   "ORR", 
   "ORR", 
   "ANDD", 
   "ANDD", 
   "ORR", 
   "NOTUSED", 
   "NOTUSED", 
   "NOTUSED", 
   "ANDD", 
   "ANDD"
  ], 
  "7": [
   "NOTUSED", 
   "NOTUSED", 
   "NOTUSED", 
   "ORR", 
   "ANDD", 
   "ORR", 
   "ANDD", 
   "NOTUSED", 
   "NOTUSED", 
   "ORR", 
   "NOTUSED", 
   "NOTUSED", 
   "ORR", 
   "NOTUSED", 
   "NOTUSED"
  ], 
  "6": [
   "ORR", 
   "ANDD", 
   "ORR", 
   "NOTUSED", 
   "ORR", 
   "ANDD", 
   "ANDD", 
   "ANDD", 
   "ORR", 
   "NOTUSED", 
   "NOTUSED", 
   "ANDD", 
   "ORR", 
   "NOTUSED", 
   "ORR"
  ], 
  "9": [
   "ANDD", 
   "ANDD", 
   "ANDD", 
   "ANDD", 
   "ORR", 
   "ANDD", 
   "NOTUSED", 
   "ORR", 
   "ANDD", 
   "NOTUSED", 
   "NOTUSED", 
   "NOTUSED", 
   "ANDD", 
   "ORR", 
   "ANDD"
  ], 
  "8": [
   "ORR", 
   "NOTUSED", 
   "ANDD", 
   "NOTUSED", 
   "ANDD", 
   "ORR", 
   "ORR", 
   "NOTUSED", 
   "ANDD", 
   "ANDD", 
   "NOTUSED", 
   "ORR", 
   "ORR", 
   "NOTUSED", 
   "ORR"
  ]
 }
}