{
 "random_seed": 1859977516, 
 "PARAMETERS": {
  "RADIUS1": 721967.155, 
  "QUADS": 2, 
  "RADIUS2": 835665.6, 
  "DIST": 652153.946, 
  "F_PTS": 3, 
  "K_PTS": 21, 
  "EPSILON": 2.531, 
  "LENGTH1": 968020.264, 
  "G_PTS": 27, 
  "Q_PTS": 26, 
  "N_PTS": 10, 
  "C_PTS": 7, 
  "AREA2": 992865.719, 
  "LENGTH2": 526180.451, 
  "B_PTS": 15, 
  "D_PTS": 13, 
  "AREA1": 968137.189, 
  "A_PTS": 3, 
  "E_PTS": 24
 }, 
 "NUMPOINTS": 38, 
 "points": [
  [
   900299.834, 
   -641118.87
  ], 
  [
   86998.7, 
   308153.027
  ], 
  [
   -554873.574, 
   475305.331
  ], 
  [
   -668136.725, 
   -929486.936
  ], 
  [
   672048.174, 
   662977.037
  ], 
  [
   340708.134, 
   415373.58
  ], 
  [
   -318762.755, 
   609842.37
  ], 
  [
   558889.857, 
   -537297.473
  ], 
  [
   806351.152, 
   -379644.374
  ], 
  [
   -681881.438, 
   -440899.954
  ], 
  [
   -585763.843, 
   960706.705
  ], 
  [
   -299679.266, 
   509815.088
  ], 
  [
   -850671.83, 
   575346.427
  ], 
  [
   946651.838, 
   142991.645
  ], 
  [
   679376.033, 
   162206.617
  ], 
  [
   -86643.702, 
   278507.737
  ], 
  [
   737346.122, 
   149767.527
  ], 
  [
   -371646.4, 
   -144869.037
  ], 
  [
   -270627.983, 
   456870.356
  ], 
  [
   906743.925, 
   -152627.206
  ], 
  [
   810302.996, 
   -109916.378
  ], 
  [
   -671152.382, 
   743353.244
  ], 
  [
   -648105.43, 
   601197.622
  ], 
  [
   285670.402, 
   461143.582
  ], 
  [
   954495.254, 
   -46184.529
  ], 
  [
   -924311.97, 
   -980384.215
  ], 
  [
   -981073.406, 
   -60658.718
  ], 
  [
   995193.511, 
   -539535.62
  ], 
  [
   216316.847, 
   -185258.114
  ], 
  [
   -545267.91, 
   64482.909
  ], 
  [
   107762.58, 
   -924640.088
  ], 
  [
   -821232.92, 
   784188.562
  ], 
  [
   568750.975, 
   893273.883
  ], 
  [
   -471440.447, 
   -363842.189
  ], 
  [
   -90237.694, 
   -583139.615
  ], 
  [
   -360569.615, 
   769329.852
  ], 
  [
   236262.331, 
   -921518.66
  ], 
  [
   292835.483, 
   -169783.936
  ]
 ], 
 "PUV": [
  false, 
  true, 
  true, 
  false, 
  true, 
  true, 
  true, 
  false, 
  false, 
  false, 
  false, 
  false, 
  false, 
  true, 
  false
 ], 
 "LCM": {
  "11": [
   "ORR", 
   "ANDD", 
   "ANDD", 
   "ORR", 
   "ORR", 
   "ANDD", 
   "ANDD", 
   "ORR", 
   "NOTUSED", 
   "ORR", 
   "ORR", 
   "NOTUSED", 
   "ANDD", 
   "ORR", 
   "ANDD"
  ], 
  "10": [
   "ANDD", 
   "NOTUSED", 
   "ORR", 
   "ORR", 
   "ORR", 
   "ORR", 
   "ORR", 
   "ANDD", 
   "ORR", 
   "ORR", 
   "NOTUSED", 
   "ORR", 
   "ORR", 
   "ANDD", 
   "ANDD"
  ], 
  "13": [
   "NOTUSED", 
   "NOTUSED", 
   "ORR", 
   "ORR", 
   "ORR", 
   "ORR", 
   "NOTUSED", 
   "ORR", 
   "NOTUSED", 
   "ORR", 
   "ANDD", 
   "ORR", 
   "ANDD", 
   "ORR", 
   "ORR"
  ], 
  "12": [
   "NOTUSED", 
   "ANDD", 
   "ORR", 
   "ANDD", 
   "ORR", 
   "ANDD", 
   "NOTUSED", 
   "ORR", 
   "ANDD", 
   "NOTUSED", 
   "ORR", 
   "ANDD", 
   "ORR", 
   "ANDD", 
   "NOTUSED"
  ], 
  "14": [
   "NOTUSED", 
   "NOTUSED", 
   "ANDD", 
   "ANDD", 
   "NOTUSED", 
   "NOTUSED", 
   "NOTUSED", 
   "ANDD", 
   "ORR", 
   "ANDD", 
   "ANDD", 
   "ANDD", 
   "NOTUSED", 
   "ORR", 
   "NOTUSED"
  ], 
  "1": [
   "NOTUSED", 
   "NOTUSED", 
   "ANDD", 
   "ANDD", 
   "NOTUSED", 
   "ORR", 
   "ANDD", 
   "NOTUSED", 
   "NOTUSED", 
   "ANDD", 
   "NOTUSED", 
   "ANDD", 
   "ANDD", 
   "NOTUSED", 
   "NOTUSED"
  ], 
  "0": [
   "ANDD", 
   "NOTUSED", 
   "ORR", 
   "ANDD", 
   "ANDD", 
   "NOTUSED", 
   "ORR", 
   "NOTUSED", 
   "NOTUSED", 
   "ORR", 
   "ANDD", 
   "ORR", 
   "NOTUSED", 
   "NOTUSED", 
   "NOTUSED"
  ], 
  "3": [
   "ANDD", 
   "ANDD", 
   "NOTUSED", 
   "NOTUSED", 
   "ORR", 
   "ORR", 
   "ANDD", 
   "NOTUSED", 
   "NOTUSED", 
   "ORR", 
   "ORR", 
   "ORR", 
   "ANDD", 
   "ORR", 
   "ANDD"
  ], 
  "2": [
   "ORR", 
   "ANDD", 
   "NOTUSED", 
   "NOTUSED", 
   "ANDD", 
   "NOTUSED", 
   "ANDD", 
   "ORR", 
   "NOTUSED", 
   "ANDD", 
   "ORR", 
   "ANDD", 
   "ORR", 
   "ORR", 
   "ANDD"
  ], 
  "5": [
   "NOTUSED", 
   "ORR", 
   "NOTUSED", 
   "ORR", 
   "ANDD", 
   "ANDD", 
   "ORR", 
   "NOTUSED", 
   "ORR", 
   "ORR", 
   "ORR", 
   "ANDD", 
   "ANDD", 
   "ORR", 
   "NOTUSED"
  ], 
  "4": [
   "ANDD", 
   "NOTUSED", 
   "ANDD", 
   "ORR", 
   "NOTUSED", 
   "ANDD", 
   "ANDD", 
   "ANDD", 
   "ORR", 
   "NOTUSED", 
   "ORR", 
   "ORR", 
   "ORR", 
   "ORR", 
   "NOTUSED"
  ], 
  "7": [
   "NOTUSED", 
   "NOTUSED", 
   "ORR", 
   "NOTUSED", 
   "ANDD", 
   "NOTUSED", 
   "ANDD", 
   "ORR", 
   "ANDD", 
   "NOTUSED", 
   "ANDD", 
   "ORR", 
   "ORR", 
   "ORR", 
   "ANDD"
  ], 
  "6": [
   "ORR", 
   "ANDD", 
   "ANDD", 
   "ANDD", 
   "ANDD", 
   "ORR", 
   "ORR", 
   "ANDD", 
   "NOTUSED", 
   "NOTUSED", 
   "ORR", 
   "ANDD", 
   "NOTUSED", 
   "NOTUSED", 
   "NOTUSED"
  ], 
  "9": [
   "ORR", 
   "ANDD", 
   "ANDD", 
   "ORR", 
   "NOTUSED", 
   "ORR", 
   "NOTUSED", 
   "NOTUSED", 
   "NOTUSED", 
   "ORR", 
   "ORR", 
   "ORR", 
   "NOTUSED", 
   "ORR", 
   "ANDD"
  ], 
  "8": [
   "NOTUSED", 
   "NOTUSED", 
   "NOTUSED", 
   "NOTUSED", 
   "ORR", 
   "ORR", 
   "NOTUSED", 
   "ANDD", 
   "NOTUSED", 
   "NOTUSED", 
   "ORR", 
   "NOTUSED", 
   "ANDD", 
   "NOTUSED", 
   "ORR"
  ]
 }
}