{
 "random_seed": 1290095424, 
 "PARAMETERS": {
  "RADIUS1": 770875.835, 
  "QUADS": 3, 
  "RADIUS2": 108237.61, 
  "DIST": 815591.025, 
  "F_PTS": 16, 
  "K_PTS": 59, 
  "EPSILON": 0.165, 
  "LENGTH1": 120768.855, 
  "G_PTS": 28, 
  "Q_PTS": 6, 
  "N_PTS": 55, 
  "C_PTS": 45, 
  "AREA2": 554173.057, 
  "LENGTH2": 206244.089, 
  "B_PTS": 33, 
  "D_PTS": 14, 
  "AREA1": 587656.653, 
  "A_PTS": 17, 
  "E_PTS": 52
 }, 
 "NUMPOINTS": 78, 
 "points": [
  [
   -518333.733, 
   769784.465
  ], 
  [
   482449.31, 
   438491.389
  ], 
  [
   878736.982, 
   -150606.565
  ], 
  [
   352051.055, 
   -653788.94
  ], 
  [
   -275922.32, 
   452337.605
  ], 
  [
   -911559.271, 
   67722.977
  ], 
  [
   162575.743, 
   -601309.002
  ], 
  [
   760898.055, 
   -491481.713
  ], 
  [
   -392888.168, 
   957796.854
  ], 
  [
   -651702.981, 
   -998183.854
  ], 
  [
   911596.666, 
   862881.692
  ], 
  [
   -999080.36, 
   487566.764
  ], 
  [
   -772672.792, 
   -580430.489
  ], 
  [
   -138026.205, 
   -869819.082
  ], 
  [
   -471086.008, 
   -595392.295
  ], 
  [
   360527.647, 
   -583352.183
  ], 
  [
   239577.72, 
   -142592.857
  ], 
  [
   905751.62, 
   25650.019
  ], 
  [
   539731.408, 
   835350.917
  ], 
  [
   -211394.287, 
   -296099.734
  ], 
  [
   852896.137, 
   -755595.296
  ], 
  [
   863468.85, 
   -633420.08
  ], 
  [
   187695.932, 
   -390055.307
  ], 
  [
   -309610.499, 
   943174.19
  ], 
  [
   506958.929, 
   810126.733
  ], 
  [
   198861.668, 
   706809.821
  ], 
  [
   -249051.857, 
   450922.703
  ], 
  [
   -870205.4, 
   86222.436
  ], 
  [
   -669458.49, 
   524232.974
  ], 
  [
   329706.843, 
   -27289.624
  ], 
  [
   -668712.602, 
   -867570.41
  ], 
  [
   220288.172, 
   328816.783
  ], 
  [
   209741.971, 
   -80534.535
  ], 
  [
   -996226.112, 
   -195115.379
  ], 
  [
   -688899.411, 
   -554964.797
  ], 
  [
   -717177.176, 
   194349.865
  ], 
  [
   297868.588, 
   -150470.924
  ], 
  [
   -330259.155, 
   357793.832
  ], 
  [
   723778.915, 
   -236263.132
  ], 
  [
   -367431.039, 
   -206339.975
  ], 
  [
   734770.436, 
   -395437.06
  ], 
  [
   722407.196, 
   409230.994
  ], 
  [
   -467359.501, 
   -111471.696
  ], 
  [
   894632.368, 
   386717.054
  ], 
  [
   -31530.923, 
   -512060.961
  ], 
  [
   -468863.037, 
   -516769.998
  ], 
  [
   486622.61, 
   -359500.378
  ], 
  [
   32580.163, 
   367593.443
  ], 
  [
   -575278.638, 
   652408.159
  ], 
  [
   681259.908, 
   -630507.967
  ], 
  [
   -253841.189, 
   -91074.036
  ], 
  [
   -854602.986, 
   -161460.568
  ], 
  [
   -948226.886, 
   -968275.333
  ], 
  [
   -264089.123, 
   25313.352
  ], 
  [
   92218.936, 
   -601515.269
  ], 
  [
   -242553.794, 
   -894885.258
  ], 
  [
   925572.929, 
   -88890.29
  ], 
  [
   510423.28, 
   -943443.244
  ], 
  [
   -75628.691, 
   113508.044
  ], 
  [
   -32061.626, 
   -857068.331
  ], 
  [
   -418612.828, 
   7602.62
  ], 
  [
   332573.635, 
   -398510.272
  ], 
  [
   452886.065, 
   -211440.291
  ], 
  [
   -663539.819, 
   -153794.839
  ], 
  [
   -705864.117, 
   -182919.399
  ], 
  [
   753153.731, 
   450788.181
  ], 
  [
   820917.532, 
   -254521.519
  ], 
  [
   -994898.809, 
   740065.419
  ], 
  [
   -941732.133, 
   350137.153
  ], 
  [
   -156361.636, 
   -623778.983
  ], 
  [
   -580017.663, 
   268220.517
  ], 
  [
   194375.676, 
   537555.5
  ], 
  [
   667998.655, 
   129482.35
  ], 
  [
   510278.187, 
   625959.909
  ], 
  [
   554105.142, 
   520495.1
  ], 
  [
   -674631.043, 
   779843.804
  ], 
  [
   980078.633, 
   372061.165
  ], 
  [
   -828029.046, 
   -93942.168
  ]
 ], 
 "PUV": [
  false, 
  true, 
  false, 
  true, 
  false, 
  true, 
  false, 
  true, 
  false, 
  true, 
  true, 
  false, 
  true, 
  true, 
  true
 ], 
 "LCM": {
  "11": [
   "ORR", 
   "ORR", 
   "NOTUSED", 
   "NOTUSED", 
   "ANDD", 
   "ORR", 
   "ANDD", 
   "ORR", 
   "ORR", 
   "NOTUSED", 
   "NOTUSED", 
   "ANDD", 
   "ANDD", 
   "ORR", 
   "ANDD"
  ], 
  "10": [
   "NOTUSED", 
   "NOTUSED", 
   "ANDD", 
   "ORR", 
   "ANDD", 
   "ANDD", 
   "NOTUSED", 
   "ORR", 
   "NOTUSED", 
   "NOTUSED", 
   "NOTUSED", 
   "NOTUSED", 
   "ANDD", 
   "NOTUSED", 
   "ORR"
  ], 
  "13": [
   "NOTUSED", 
   "ANDD", 
   "ANDD", 
   "ANDD", 
   "ORR", 
   "ORR", 
   "ORR", 
   "NOTUSED", 
   "ORR", 
   "ANDD", 
   "NOTUSED", 
   "ORR", 
   "ANDD", 
   "ORR", 
   "NOTUSED"
  ], 
  "12": [
   "NOTUSED", 
   "ORR", 
   "ANDD", 
   "ANDD", 
   "ORR", 
   "NOTUSED", 
   "ANDD", 
   "ORR", 
   "NOTUSED", 
   "NOTUSED", 
   "ANDD", 
   "ANDD", 
   "ANDD", 
   "ANDD", 
   "NOTUSED"
  ], 
  "14": [
   "NOTUSED", 
   "ANDD", 
   "NOTUSED", 
   "ANDD", 
   "ANDD", 
   "ANDD", 
   "ORR", 
   "NOTUSED", 
   "ANDD", 
   "ORR", 
   "ORR", 
   "ANDD", 
   "NOTUSED", 
   "NOTUSED", 
   "NOTUSED"
  ], 
  "1": [
   "ORR", 
   "NOTUSED", 
   "ANDD", 
   "ORR", 
   "ANDD", 
   "ORR", 
   "ANDD", 
   "NOTUSED", 
   "NOTUSED", 
   "ORR", 
   "NOTUSED", 
   "ORR", 
   "ORR", 
   "ANDD", 
   "ANDD"
  ], 
  "0": [
   "NOTUSED", 
   "ORR", 
   "ANDD", 
   "ORR", 
   "ANDD", 
   "ORR", 
   "ORR", 
   "ORR", 
   "NOTUSED", 
   "ORR", 
   "NOTUSED", 
   "ORR", 
   "NOTUSED", 
   "NOTUSED", 
   "NOTUSED"
  ], 
  "3": [
   "ORR", 
   "ORR", 
   "ANDD", 
   "NOTUSED", 
   "ANDD", 
   "ANDD", 
   "ANDD", 
   "ORR", 
   "ORR", 
   "ANDD", 
   "ORR", 
   "NOTUSED", 
   "ANDD", 
   "ANDD", 
   "ANDD"
  ], 
  "2": [
   "ANDD", 
   "ANDD", 
   "NOTUSED", 
   "ANDD", 
   "ORR", 
   "NOTUSED", 
   "ANDD", 
   "ANDD", 
   "ANDD", 
   "NOTUSED", 
   "ANDD", 
   "NOTUSED", 
   "ANDD", 
   "ANDD", 
   "NOTUSED"
  ], 
  "5": [
   "ORR", 
   "ORR", 
   "NOTUSED", 
   "ANDD", 
   "ANDD", 
   "ANDD", 
   "ORR", 
   "NOTUSED", 
   "ANDD", 
   "NOTUSED", 
   "ANDD", 
   "ORR", 
   "NOTUSED", 
   "ORR", 
   "ANDD"
  ], 
  "4": [
   "ANDD", 
   "ANDD", 
   "ORR", 
   "ANDD", 
   "ORR", 
   "ANDD", 
   "NOTUSED", 
   "ANDD", 
   "ORR", 
   "ANDD", 
   "ANDD", 
   "ANDD", 
   "ORR", 
   "ORR", 
   "ANDD"
  ], 
  "7": [
   "ORR", 
   "NOTUSED", 
   "ANDD", 
   "ORR", 
   "ANDD", 
   "NOTUSED", 
   "NOTUSED", 
   "ORR", 
   "ORR", 
   "NOTUSED", 
   "ORR", 
   "ORR", 
   "ORR", 
   "NOTUSED", 
   "NOTUSED"
  ], 
  "6": [
   "ORR", 
   "ANDD", 
   "ANDD", 
   "ANDD", 
   "NOTUSED", 
   "ORR", 
   "ORR", 
   "NOTUSED", 
   "ANDD", 
   "NOTUSED", 
   "NOTUSED", 
   "ANDD", 
   "ANDD", 
   "ORR", 
   "ORR"
  ], 
  "9": [
   "ORR", 
   "ORR", 
   "NOTUSED", 
   "ANDD", 
   "ANDD", 
   "NOTUSED", 
   "NOTUSED", 
   "NOTUSED", 
   "ANDD", 
   "NOTUSED", 
   "NOTUSED", 
   "NOTUSED", 
   "NOTUSED", 
   "ANDD", 
   "ORR"
  ], 
  "8": [
   "NOTUSED", 
   "NOTUSED", 
   "ANDD", 
   "ORR", 
   "ORR", 
   "ANDD", 
   "ANDD", 
   "ORR", 
   "ANDD", 
   "ANDD", 
   "NOTUSED", 
   "ORR", 
   "NOTUSED", 
   "ORR", 
   "ANDD"
  ]
 }
}