{
 "random_seed": 1396668736, 
 "PARAMETERS": {
  "RADIUS1": 846882.642, 
  "QUADS": 3, 
  "RADIUS2": 142853.528, 
  "DIST": 382424.537, 
  "F_PTS": 24, 
  "K_PTS": 24, 
  "EPSILON": 3.053, 
  "LENGTH1": 620085.903, 
  "G_PTS": 26, 
  "Q_PTS": 10, 
  "N_PTS": 15, 
  "C_PTS": 1, 
  "AREA2": 367219.255, 
  "LENGTH2": 627507.261, 
  "B_PTS": 1, 
  "D_PTS": 22, 
  "AREA1": 633412.676, 
  "A_PTS": 35, 
  "E_PTS": 19
 }, 
 "NUMPOINTS": 46, 
 "points": [
  [
   650024.862, 
   -365560.915
  ], 
  [
   585740.028, 
   -208062.118
  ], 
  [
   564014.588, 
   -6456.474
  ], 
  [
   482358.761, 
   -392115.75
  ], 
  [
   617387.613, 
   -118547.961
  ], 
  [
   -49503.261, 
   224855.6
  ], 
  [
   259555.427, 
   630855.24
  ], 
  [
   113468.336, 
   -908971.157
  ], 
  [
   679101.659, 
   23115.902
  ], 
  [
   823882.713, 
   -801503.015
  ], 
  [
   -283375.975, 
   686766.037
  ], 
  [
   24865.112, 
   -93452.24
  ], 
  [
   -652176.862, 
   747666.923
  ], 
  [
   -34422.859, 
   359855.512
  ], 
  [
   -580185.627, 
   -39787.772
  ], 
  [
   140120.13, 
   144169.368
  ], 
  [
   -143269.271, 
   -974800.249
  ], 
  [
   722746.062, 
   -101510.293
  ], 
  [
   780283.459, 
   -673685.966
  ], 
  [
   -608599.817, 
   522509.06
  ], 
  [
   659619.78, 
   -615969.13
  ], 
  [
   611178.061, 
   301182.68
  ], 
  [
   120691.821, 
   -378620.038
  ], 
  [
   -612644.613, 
   -963712.794
  ], 
  [
   86677.833, 
   148156.437
  ], 
  [
   -634145.722, 
   -170484.402
  ], 
  [
   703588.204, 
   771488.648
  ], 
  [
   -499381.842, 
   821718.078
  ], 
  [
   -264225.453, 
   499371.465
  ], 
  [
   698016.468, 
   55714.944
  ], 
  [
   929808.802, 
   -786802.395
  ], 
  [
   -332636.636, 
   -498066.748
  ], 
  [
   -754808.273, 
   387926.034
  ], 
  [
   712719.31, 
   376225.217
  ], 
  [
   536727.99, 
   -410657.491
  ], 
  [
   41196.768, 
   797831.816
  ], 
  [
   -358074.393, 
   821510.515
  ], 
  [
   448373.392, 
   412526.89
  ], 
  [
   -324760.51, 
   -492366.838
  ], 
  [
   -813975.544, 
   975127.373
  ], 
  [
   -310314.921, 
   -770588.092
  ], 
  [
   332585.847, 
   -313990.268
  ], 
  [
   -985331.799, 
   750181.402
  ], 
  [
   -509708.331, 
   -25511.521
  ], 
  [
   -119380.372, 
   274899.452
  ], 
  [
   299632.86, 
   -972209.988
  ]
 ], 
 "PUV": [
  false, 
  true, 
  false, 
  false, 
  true, 
  true, 
  false, 
  true, 
  false, 
  true, 
  true, 
  false, 
  false, 
  false, 
  true
 ], 
 "LCM": {
  "11": [
   "ANDD", 
   "ANDD", 
   "ORR", 
   "ANDD", 
   "NOTUSED", 
   "NOTUSED", 
   "ORR", 
   "NOTUSED", 
   "ORR", 
   "NOTUSED", 
   "ANDD", 
   "NOTUSED", 
   "NOTUSED", 
   "ANDD", 
   "NOTUSED"
  ], 
  "10": [
   "ANDD", 
   "ANDD", 
   "ANDD", 
   "NOTUSED", 
   "NOTUSED", 
   "NOTUSED", 
   "NOTUSED", 
   "ORR", 
   "ORR", 
   "ORR", 
   "ORR", 
   "ANDD", 
   "NOTUSED", 
   "ANDD", 
   "ORR"
  ], 
  "13": [
   "ANDD", 
   "ANDD", 
   "NOTUSED", 
   "NOTUSED", 
   "ANDD", 
   "ORR", 
   "NOTUSED", 
   "ORR", 
   "ANDD", 
   "NOTUSED", 
   "ANDD", 
   "ANDD", 
   "ORR", 
   "ORR", 
   "ANDD"
  ], 
  "12": [
   "NOTUSED", 
   "ORR", 
   "NOTUSED", 
   "ORR", 
   "ORR", 
   "ORR", 
   "ANDD", 
   "ORR", 
   "NOTUSED", 
   "ORR", 
   "NOTUSED", 
   "NOTUSED", 
   "NOTUSED", 
   "ORR", 
   "ANDD"
  ], 
  "14": [
   "NOTUSED", 
   "NOTUSED", 
   "ORR", 
   "ORR", 
   "ANDD", 
   "ORR", 
   "NOTUSED", 
   "NOTUSED", 
   "ANDD", 
   "ORR", 
   "ORR", 
   "NOTUSED", 
   "ANDD", 
   "ANDD", 
   "ORR"
  ], 
  "1": [
   "ANDD", 
   "ORR", 
   "ANDD", 
   "ORR", 
   "ANDD", 
   "ANDD", 
   "ANDD", 
   "NOTUSED", 
   "ANDD", 
   "ORR", 
   "ANDD", 
   "ANDD", 
   "ORR", 
   "ANDD", 
   "NOTUSED"
  ], 
  "0": [
   "NOTUSED", 
   "ANDD", 
   "ANDD", 
   "ANDD", 
   "ORR", 
   "ANDD", 
   "ORR", 
   "ANDD", 
   "ORR", 
   "ANDD", 
   "ANDD", 
   "ANDD", 
   "NOTUSED", 
   "ANDD", 
   "NOTUSED"
  ], 
  "3": [
   "ANDD", 
   "ORR", 
   "NOTUSED", 
   "ORR", 
   "ORR", 
   "ORR", 
   "ORR", 
   "ORR", 
   "NOTUSED", 
   "ORR", 
   "NOTUSED", 
   "ANDD", 
   "ORR", 
   "NOTUSED", 
   "ORR"
  ], 
  "2": [
   "ANDD", 
   "ANDD", 
   "NOTUSED", 
   "NOTUSED", 
   "ORR", 
   "ANDD", 
   "NOTUSED", 
   "NOTUSED", 
   "ORR", 
   "ORR", 
   "ANDD", 
   "ORR", 
   "NOTUSED", 
   "NOTUSED", 
   "ORR"
  ], 
  "5": [
   "ANDD", 
   "ANDD", 
   "ANDD", 
   "ORR", 
   "ORR", 
   "ORR", 
   "NOTUSED", 
   "ORR", 
   "ANDD", 
   "ORR", 
   "NOTUSED", 
   "NOTUSED", 
   "ORR", 
   "ORR", 
   "ORR"
  ], 
  "4": [
   "ORR", 
   "ANDD", 
   "ORR", 
   "ORR", 
   "ANDD", 
   "ORR", 
   "ORR", 
   "ANDD", 
   "ORR", 
   "ANDD", 
   "NOTUSED", 
   "NOTUSED", 
   "ORR", 
   "ANDD", 
   "ANDD"
  ], 
  "7": [
   "ANDD", 
   "NOTUSED", 
   "NOTUSED", 
   "ORR", 
   "ANDD", 
   "ORR", 
   "ANDD", 
   "ANDD", 
   "ANDD", 
   "NOTUSED", 
   "ORR", 
   "NOTUSED", 
   "ORR", 
   "ORR", 
   "NOTUSED"
  ], 
  "6": [
   "ORR", 
   "ANDD", 
   "NOTUSED", 
   "ORR", 
   "ORR", 
   "NOTUSED", 
   "ORR", 
   "ANDD", 
   "ORR", 
   "ORR", 
   "NOTUSED", 
   "ORR", 
   "ANDD", 
   "NOTUSED", 
   "NOTUSED"
  ], 
  "9": [
   "ANDD", 
   "ORR", 
   "ORR", 
   "ORR", 
   "ANDD", 
   "ORR", 
   "ORR", 
   "NOTUSED", 
   "ORR", 
   "ORR", 
   "ORR", 
   "NOTUSED", 
   "ORR", 
   "NOTUSED", 
   "ORR"
  ], 
  "8": [
   "ORR", 
   "ANDD", 
   "ORR", 
   "NOTUSED", 
   "ORR", 
   "ANDD", 
   "ORR", 
   "ANDD", 
   "ORR", 
   "ORR", 
   "ORR", 
   "ORR", 
   "NOTUSED", 
   "ANDD", 
   "ANDD"
  ]
 }
}