{
 "random_seed": 150314824, 
 "PARAMETERS": {
  "RADIUS1": 197354.28, 
  "QUADS": 3, 
  "RADIUS2": 907027.07, 
  "DIST": 657278.923, 
  "F_PTS": 10, 
  "K_PTS": 65, 
  "EPSILON": 0.173, 
  "LENGTH1": 908987.627, 
  "G_PTS": 17, 
  "Q_PTS": 9, 
  "N_PTS": 32, 
  "C_PTS": 11, 
  "AREA2": 502187.282, 
  "LENGTH2": 756558.024, 
  "B_PTS": 28, 
  "D_PTS": 29, 
  "AREA1": 309891.9, 
  "A_PTS": 1, 
  "E_PTS": 20
 }, 
 "NUMPOINTS": 84, 
 "points": [
  [
   -18720.447, 
   -698345.252
  ], 
  [
   124536.338, 
   -24664.353
  ], 
  [
   -723257.7, 
   535957.646
  ], 
  [
   -302274.729, 
   -117692.28
  ], 
  [
   -751991.13, 
   -49653.542
  ], 
  [
   935501.692, 
   252056.214
  ], 
  [
   789002.854, 
   431358.783
  ], 
  [
   -643934.064, 
   -418351.619
  ], 
  [
   -630216.512, 
   387821.676
  ], 
  [
   -275558.772, 
   -458886.568
  ], 
  [
   -120959.424, 
   919774.552
  ], 
  [
   -721135.12, 
   -926649.516
  ], 
  [
   -668551.666, 
   994108.982
  ], 
  [
   164922.078, 
   569960.592
  ], 
  [
   -155361.786, 
   59538.646
  ], 
  [
   -610237.884, 
   547645.818
  ], 
  [
   -764247.46, 
   -608852.748
  ], 
  [
   -777955.599, 
   -565945.723
  ], 
  [
   739527.214, 
   -659827.322
  ], 
  [
   -181856.708, 
   -492479.472
  ], 
  [
   -281119.296, 
   -988729.076
  ], 
  [
   -274014.326, 
   -672660.665
  ], 
  [
   394723.345, 
   -896483.742
  ], 
  [
   -753212.784, 
   -217299.857
  ], 
  [
   -353758.071, 
   -401742.463
  ], 
  [
   508156.621, 
   488150.224
  ], 
  [
   -22395.11, 
   932693.708
  ], 
  [
   851773.103, 
   -367352.743
  ], 
  [
   -977074.141, 
   612440.397
  ], 
  [
   -574783.691, 
   -251134.389
  ], 
  [
   -719766.337, 
   280207.641
  ], 
  [
   -394785.873, 
   174012.234
  ], 
  [
   367319.797, 
   958687.008
  ], 
  [
   -757303.037, 
   389876.846
  ], 
  [
   -145713.563, 
   -997845.945
  ], 
  [
   893639.403, 
   794883.799
  ], 
  [
   689170.733, 
   -961833.313
  ], 
  [
   -395265.392, 
   -687593.889
  ], 
  [
   745376.022, 
   -548908.978
  ], 
  [
   -476852.502, 
   148712.532
  ], 
  [
   -958617.294, 
   -658264.038
  ], 
  [
   -384509.561, 
   27814.73
  ], 
  [
   494754.324, 
   826320.231
  ], 
  [
   35675.062, 
   -43525.17
  ], 
  [
   -273176.756, 
   -726422.775
  ], 
  [
   526453.983, 
   -784366.921
  ], 
  [
   -725070.617, 
   -355155.583
  ], 
  [
   892.51, 
   732160.875
  ], 
  [
   -913435.516, 
   777451.989
  ], 
  [
   -199083.536, 
   9797.734
  ], 
  [
   403732.652, 
   158470.359
  ], 
  [
   202454.729, 
   53261.228
  ], 
  [
   -581914.359, 
   418735.273
  ], 
  [
   -912160.571, 
   288141.236
  ], 
  [
   597780.928, 
   -763804.62
  ], 
  [
   -195964.635, 
   -374342.825
  ], 
  [
   -890521.017, 
   -921558.204
  ], 
  [
   -959840.095, 
   160764.13
  ], 
  [
   938925.929, 
   206515.711
  ], 
  [
   22715.709, 
   124565.148
  ], 
  [
   720622.015, 
   157499.847
  ], 
  [
   697089.243, 
   -771288.947
  ], 
  [
   -149030.838, 
   753322.46
  ], 
  [
   -26630.843, 
   -487354.806
  ], 
  [
   112137.7, 
   -863604.541
  ], 
  [
   128639.172, 
   -428627.217
  ], 
  [
   309214.009, 
   164938.991
  ], 
  [
   290240.374, 
   969175.58
  ], 
  [
   -557499.415, 
   743449.558
  ], 
  [
   -714389.329, 
   -829794.068
  ], 
  [
   -75448.986, 
   -389792.663
  ], 
  [
   -909936.571, 
   810940.819
  ], 
  [
   -528520.513, 
   834437.621
  ], 
  [
   439683.465, 
   390695.359
  ], 
  [
   -828183.253, 
   -913644.934
  ], 
  [
   -515719.738, 
   -533345.711
  ], 
  [
   -549190.862, 
   -356521.865
  ], 
  [
   -785959.88, 
   -962717.582
  ], 
  [
   924514.201, 
   21119.382
  ], 
  [
   -364479.05, 
   738930.261
  ], 
  [
   -783231.878, 
   930633.728
  ], 
  [
   230220.743, 
   -328214.207
  ], 
  [
   46961.103, 
   784536.559
  ], 
  [
   554658.464, 
   761831.204
  ]
 ], 
 "PUV": [
  false, 
  false, 
  true, 
  false, 
  false, 
  true, 
  true, 
  true, 
  true, 
  false, 
  false, 
  false, 
  false, 
  false, 
  false
 ], 
 "LCM": {
  "11": [
   "ORR", 
   "ANDD", 
   "NOTUSED", 
   "ORR", 
   "NOTUSED", 
   "ANDD", 
   "ORR", 
   "NOTUSED", 
   "ORR", 
   "ANDD", 
   "ORR", 
   "NOTUSED", 
   "ORR", 
   "ORR", 
   "ORR"
  ], 
  "10": [
   "ANDD", 
   "ANDD", 
   "ANDD", 
   "NOTUSED", 
   "NOTUSED", 
   "ORR", 
   "ANDD", 
   "ANDD", 
   "ANDD", 
   "NOTUSED", 
   "NOTUSED", 
   "ORR", 
   "ORR", 
   "ANDD", 
   "ORR"
  ], 
  "13": [
   "NOTUSED", 
   "ANDD", 
   "ANDD", 
   "ORR", 
   "ORR", 
   "NOTUSED", 
   "ORR", 
   "ORR", 
   "NOTUSED", 
   "ORR", 
   "ANDD", 
   "ORR", 
   "ORR", 
   "ORR", 
   "NOTUSED"
  ], 
  "12": [
   "ANDD", 
   "ANDD", 
   "ORR", 
   "ANDD", 
   "ORR", 
   "ORR", 
   "ORR", 
   "ANDD", 
   "ANDD", 
   "ANDD", 
   "ORR", 
   "ORR", 
   "NOTUSED", 
   "ORR", 
   "ANDD"
  ], 
  "14": [
   "ORR", 
   "NOTUSED", 
   "ORR", 
   "NOTUSED", 
   "ANDD", 
   "NOTUSED", 
   "ANDD", 
   "ANDD", 
   "NOTUSED", 
   "ORR", 
   "ORR", 
   "ORR", 
   "ANDD", 
   "NOTUSED", 
   "ORR"
  ], 
  "1": [
   "ANDD", 
   "ORR", 
   "NOTUSED", 
   "ORR", 
   "ANDD", 
   "ANDD", 
   "ORR", 
   "NOTUSED", 
   "ANDD", 
   "NOTUSED", 
   "ANDD", 
   "ANDD", 
   "ANDD", 
   "ANDD", 
   "NOTUSED"
  ], 
  "0": [
   "ORR", 
   "ANDD", 
   "ANDD", 
   "ANDD", 
   "ANDD", 
   "ORR", 
   "ANDD", 
   "NOTUSED", 
   "NOTUSED", 
   "ORR", 
   "ANDD", 
   "ORR", 
   "ANDD", 
   "NOTUSED", 
   "ORR"
  ], 
  "3": [
   "ANDD", 
   "ORR", 
   "ORR", 
   "ORR", 
   "ANDD", 
   "ANDD", 
   "ANDD", 
   "NOTUSED", 
   "ANDD", 
   "ANDD", 
   "NOTUSED", 
   "ORR", 
   "ANDD", 
   "ORR", 
   "NOTUSED"
  ], 
  "2": [
   "ANDD", 
   "NOTUSED", 
   "ORR", 
   "ORR", 
   "ORR", 
   "ANDD", 
   "ANDD", 
   "NOTUSED", 
   "ANDD", 
   "NOTUSED", 
   "ANDD", 
   "NOTUSED", 
   "ORR", 
   "ANDD", 
   "ORR"
  ], 
  "5": [
   "ORR", 
   "ANDD", 
   "ANDD", 
   "ANDD", 
   "NOTUSED", 
   "ANDD", 
   "ORR", 
   "ANDD", 
   "ANDD", 
   "NOTUSED", 
   "ORR", 
   "ANDD", 
   "ORR", 
   "NOTUSED", 
   "NOTUSED"
  ], 
  "4": [
   "ANDD", 
   "ANDD", 
   "ORR", 
   "ANDD", 
   "ANDD", 
   "NOTUSED", 
   "ORR", 
   "NOTUSED", 
   "ORR", 
   "NOTUSED", 
   "NOTUSED", 
   "NOTUSED", 
   "ORR", 
   "ORR", 
   "ANDD"
  ], 
  "7": [
   "NOTUSED", 
   "NOTUSED", 
   "NOTUSED", 
   "NOTUSED", 
   "NOTUSED", 
   "ANDD", 
   "NOTUSED", 
   "ANDD", 
   "ORR", 
   "ANDD", 
   "ANDD", 
   "NOTUSED", 
   "ANDD", 
   "ORR", 
   "ANDD"
  ], 
  "6": [
   "ANDD", 
   "ORR", 
   "ANDD", 
   "ANDD", 
   "ORR", 
   "ORR", 
   "NOTUSED", 
   "NOTUSED", 
   "ANDD", 
   "ORR", 
   "ANDD", 
   "ORR", 
   "ORR", 
   "ORR", 
   "ANDD"
  ], 
  "9": [
   "ORR", 
   "NOTUSED", 
   "NOTUSED", 
   "ANDD", 
   "NOTUSED", 
   "NOTUSED", 
   "ORR", 
   "ANDD", 
   "NOTUSED", 
   "ANDD", 
   "NOTUSED", 
   "ANDD", 
   "ANDD", 
   "ORR", 
   "ORR"
  ], 
  "8": [
   "NOTUSED", 
   "ANDD", 
   "ANDD", 
   "ANDD", 
   "ORR", 
   "ANDD", 
   "ANDD", 
   "ORR", 
   "ORR", 
   "NOTUSED", 
   "ANDD", 
   "ORR", 
   "ANDD", 
   "NOTUSED", 
   "NOTUSED"
  ]
 }
}