{
 "random_seed": 1134110056, 
 "PARAMETERS": {
  "RADIUS1": 815644.644, 
  "QUADS": 3, 
  "RADIUS2": 13071.042, 
  "DIST": 919602.486, 
  "F_PTS": 30, 
  "K_PTS": 10, 
  "EPSILON": 1.795, 
  "LENGTH1": 312016.396, 
  "G_PTS": 32, 
  "Q_PTS": 75, 
  "N_PTS": 5, 
  "C_PTS": 72, 
  "AREA2": 205790.329, 
  "LENGTH2": 292842.197, 
  "B_PTS": 2, 
  "D_PTS": 5, 
  "AREA1": 12195.931, 
  "A_PTS": 20, 
  "E_PTS": 27
 }, 
 "NUMPOINTS": 80, 
 "points": [
  [
   -429603.945, 
   -150459.855
  ], 
  [
   -556888.82, 
   25180.005
  ], 
  [
   -63828.628, 
   -306431.949
  ], 
  [
   488304.888, 
   -437169.722
  ], 
  [
   -498546.398, 
   -768531.249
  ], 
  [
   -795757.601, 
   -423491.464
  ], 
  [
   35636.301, 
   -613375.636
  ], 
  [
   921026.709, 
   404688.215
  ], 
  [
   577660.984, 
   -675937.698
  ], 
  [
   18165.053, 
   -437294.017
  ], 
  [
   -329222.251, 
   562825.757
  ], 
  [
   -403055.999, 
   -145011.495
  ], 
  [
   280622.948, 
   -675011.512
  ], 
  [
   238358.312, 
   -266025.728
  ], 
  [
   651594.332, 
   655401.204
  ], 
  [
   764042.191, 
   -440937.477
  ], 
  [
   -489467.884, 
   -252228.211
  ], 
  [
   -358597.635, 
   -250495.817
  ], 
  [
   -325170.939, 
   -935571.712
  ], 
  [
   41873.383, 
   865670.259
  ], 
  [
   -599594.801, 
   326104.882
  ], 
  [
   584933.805, 
   -58400.012
  ], 
  [
   -654502.297, 
   2609.442
  ], 
  [
   681746.129, 
   402324.897
  ], 
  [
   -23303.69, 
   24784.239
  ], 
  [
   -577881.332, 
   17541.931
  ], 
  [
   706774.754, 
   -170074.74
  ], 
  [
   372444.141, 
   191100.4
  ], 
  [
   -345093.447, 
   -530469.581
  ], 
  [
   -565190.619, 
   659404.641
  ], 
  [
   -574722.231, 
   -256111.274
  ], 
  [
   -329377.061, 
   -56573.304
  ], 
  [
   -755307.256, 
   543040.899
  ], 
  [
   22617.147, 
   -838202.507
  ], 
  [
   -441565.836, 
   625708.52
  ], 
  [
   -782528.886, 
   611385.856
  ], 
  [
   675143.528, 
   269841.171
  ], 
  [
   533423.937, 
   15341.427
  ], 
  [
   511466.008, 
   232936.48
  ], 
  [
   499142.208, 
   211555.06
  ], 
  [
   657998.112, 
   552675.852
  ], 
  [
   129694.584, 
   -978323.791
  ], 
  [
   860374.253, 
   -44431.584
  ], 
  [
   225521.758, 
   -937061.427
  ], 
  [
   837859.324, 
   17433.139
  ], 
  [
   962857.552, 
   71772.737
  ], 
  [
   573161.576, 
   239146.235
  ], 
  [
   472829.358, 
   -153896.712
  ], 
  [
   736295.477, 
   -234961.24
  ], 
  [
   177260.099, 
   595118.726
  ], 
  [
   -139078.715, 
   268917.451
  ], 
  [
   -782116.215, 
   -867705.529
  ], 
  [
   512302.635, 
   -761067.93
  ], 
  [
   525306.739, 
   146722.848
  ], 
  [
   -720885.335, 
   -203347.911
  ], 
  [
   -574446.656, 
   98431.765
  ], 
  [
   415683.029, 
   145477.31
  ], 
  [
   -340403.272, 
   966871.44
  ], 
  [
   -257583.544, 
   633329.039
  ], 
  [
   796533.283, 
   -674747.091
  ], 
  [
   716387.13, 
   -817876.262
  ], 
  [
   -81963.513, 
   -295876.775
  ], 
  [
   -59458.656, 
   294533.212
  ], 
  [
   275171.246, 
   -238369.732
  ], 
  [
   -370809.638, 
   525841.877
  ], 
  [
   654802.094, 
   597442.946
  ], 
  [
   523481.961, 
   609778.514
  ], 
  [
   768431.089, 
   982263.342
  ], 
  [
   249735.681, 
   898986.323
  ], 
  [
   228762.846, 
   -267168.956
  ], 
  [
   -725649.637, 
   219055.783
  ], 
  [
   923917.673, 
   665908.806
  ], 
  [
   686708.299, 
   894773.263
  ], 
  [
   629709.409, 
   -216615.082
  ], 
  [
   742806.907, 
   -670011.692
  ], 
  [
   -133020.522, 
   120209.213
  ], 
  [
   -270003.616, 
   -688723.043
  ], 
  [
   -335572.583, 
   447227.299
  ], 
  [
   70624.283, 
   -311477.399
  ], 
  [
   -972901.964, 
   49772.042
  ]
 ], 
 "PUV": [
  true, 
  true, 
  false, 
  true, 
  false, 
  true, 
  true, 
  false, 
  true, 
  true, 
  false, 
  true, 
  true, 
  true, 
  false
 ], 
 "LCM": {
  "11": [
   "ANDD", 
   "NOTUSED", 
   "ORR", 
   "ANDD", 
   "ANDD", 
   "ANDD", 
   "ORR", 
   "ANDD", 
   "NOTUSED", 
   "ANDD", 
   "NOTUSED", 
   "ANDD", 
   "ORR", 
   "ANDD", 
   "NOTUSED"
  ], 
  "10": [
   "NOTUSED", 
   "ANDD", 
   "ANDD", 
   "ANDD", 
   "ANDD", 
   "ORR", 
   "ORR", 
   "NOTUSED", 
   "ANDD", 
   "ORR", 
   "NOTUSED", 
   "NOTUSED", 
   "NOTUSED", 
   "ANDD", 
   "NOTUSED"
  ], 
  "13": [
   "ANDD", 
   "ORR", 
   "ORR", 
   "NOTUSED", 
   "ORR", 
   "ORR", 
   "ANDD", 
   "ORR", 
   "NOTUSED", 
   "ANDD", 
   "ANDD", 
   "ANDD", 
   "ORR", 
   "ANDD", 
   "ORR"
  ], 
  "12": [
   "ORR", 
   "ANDD", 
   "ANDD", 
   "ORR", 
   "NOTUSED", 
   "ORR", 
   "ANDD", 
   "NOTUSED", 
   "NOTUSED", 
   "ANDD", 
   "NOTUSED", 
   "ORR", 
   "ORR", 
   "ORR", 
   "ORR"
  ], 
  "14": [
   "ORR", 
   "ANDD", 
   "ANDD", 
   "NOTUSED", 
   "NOTUSED", 
   "ORR", 
   "NOTUSED", 
   "ORR", 
   "ORR", 
   "ORR", 
   "NOTUSED", 
   "NOTUSED", 
   "ORR", 
   "ORR", 
   "NOTUSED"
  ], 
  "1": [
   "NOTUSED", 
   "ANDD", 
   "ORR", 
   "ANDD", 
   "ANDD", 
   "ANDD", 
   "ORR", 
   "ANDD", 
   "NOTUSED", 
   "NOTUSED", 
   "ANDD", 
   "NOTUSED", 
   "ANDD", 
   "ORR", 
   "ANDD"
  ], 
  "0": [
   "ANDD", 
   "NOTUSED", 
   "ORR", 
   "ORR", 
   "NOTUSED", 
   "ANDD", 
   "NOTUSED", 
   "NOTUSED", 
   "NOTUSED", 
   "ANDD", 
   "NOTUSED", 
   "ANDD", 
   "ORR", 
   "ANDD", 
   "ORR"
  ], 
  "3": [
   "ORR", 
   "ANDD", 
   "ORR", 
   "NOTUSED", 
   "NOTUSED", 
   "ANDD", 
   "ORR", 
   "NOTUSED", 
   "ANDD", 
   "NOTUSED", 
   "ANDD", 
   "ANDD", 
   "ORR", 
   "NOTUSED", 
   "NOTUSED"
  ], 
  "2": [
   "ORR", 
   "ORR", 
   "ANDD", 
   "ORR", 
   "NOTUSED", 
   "ANDD", 
   "ORR", 
   "ORR", 
   "NOTUSED", 
   "NOTUSED", 
   "ANDD", 
   "ORR", 
   "ANDD", 
   "ORR", 
   "ANDD"
  ], 
  "5": [
   "ANDD", 
   "ANDD", 
   "ANDD", 
   "ANDD", 
   "NOTUSED", 
   "ORR", 
   "NOTUSED", 
   "ORR", 
   "ANDD", 
   "ANDD", 
   "ORR", 
   "ANDD", 
   "ORR", 
   "ORR", 
   "ORR"
  ], 
  "4": [
   "NOTUSED", 
   "ANDD", 
   "NOTUSED", 
   "NOTUSED", 
   "ORR", 
   "NOTUSED", 
   "ANDD", 
   "NOTUSED", 
   "NOTUSED", 
   "ORR", 
   "ANDD", 
   "ANDD", 
   "NOTUSED", 
   "ORR", 
   "NOTUSED"
  ], 
  "7": [
   "NOTUSED", 
   "ANDD", 
   "ORR", 
   "NOTUSED", 
   "NOTUSED", 
   "ORR", 
   "ANDD", 
   "NOTUSED", 
   "ANDD", 
   "ANDD", 
   "NOTUSED", 
   "ANDD", 
   "NOTUSED", 
   "ORR", 
   "ORR"
  ], 
  "6": [
   "NOTUSED", 
   "ORR", 
   "ORR", 
   "ORR", 
   "ANDD", 
   "NOTUSED", 
   "ORR", 
   "ANDD", 
   "ORR", 
   "NOTUSED", 
   "ORR", 
   "ORR", 
   "ANDD", 
   "ANDD", 
   "NOTUSED"
  ], 
  "9": [
   "ANDD", 
   "NOTUSED", 
   "NOTUSED", 
   "NOTUSED", 
   "ORR", 
   "ANDD", 
   "NOTUSED", 
   "ANDD", 
   "ANDD", 
   "ORR", 
   "ORR", 
   "ANDD", 
   "ANDD", 
   "ANDD", 
   "ORR"
  ], 
  "8": [
   "NOTUSED", 
   "NOTUSED", 
   "NOTUSED", 
   "ANDD", 
   "NOTUSED", 
   "ANDD", 
   "ORR", 
   "ANDD", 
   "NOTUSED", 
   "ANDD", 
   "ANDD", 
   "NOTUSED", 
   "NOTUSED", 
   "NOTUSED", 
   "ORR"
  ]
 }
}