{
 "random_seed": 2891622700, 
 "PARAMETERS": {
  "RADIUS1": 498876.439, 
  "QUADS": 3, 
  "RADIUS2": 99461.883, 
  "DIST": 2904.427, 
  "F_PTS": 34, 
  "K_PTS": 2, 
  "EPSILON": 1.342, 
  "LENGTH1": 965917.804, 
  "G_PTS": 23, 
  "Q_PTS": 33, 
  "N_PTS": 31, 
  "C_PTS": 20, 
  "AREA2": 88137.337, 
  "LENGTH2": 981471.605, 
  "B_PTS": 21, 
  "D_PTS": 26, 
  "AREA1": 581368.131, 
  "A_PTS": 20, 
  "E_PTS": 8
 }, 
 "NUMPOINTS": 55, 
 "points": [
  [
   -978965.095, 
   125251.085
  ], 
  [
   -735272.062, 
   -707013.357
  ], 
  [
   861655.374, 
   -922902.606
  ], 
  [
   -948054.139, 
   -782577.969
  ], 
  [
   389175.97, 
   -145916.483
  ], 
  [
   -570329.438, 
   480296.007
  ], 
  [
   608887.919, 
   -748618.839
  ], 
  [
   284977.055, 
   661655.718
  ], 
  [
   -934255.672, 
   990868.143
  ], 
  [
   -773968.684, 
   635244.242
  ], 
  [
   -120709.217, 
   777832.576
  ], 
  [
   345477.679, 
   914201.916
  ], 
  [
   126262.72, 
   876789.13
  ], 
  [
   863176.902, 
   -944643.511
  ], 
  [
   -913899.229, 
   -312526.192
  ], 
  [
   158549.05, 
   -741784.956
  ], 
  [
   258163.11, 
   275460.73
  ], 
  [
   -888123.959, 
   727064.52
  ], 
  [
   -219619.452, 
   478140.869
  ], 
  [
   788101.263, 
   -284943.768
  ], 
  [
   471751.584, 
   -103331.748
  ], 
  [
   119557.822, 
   925038.363
  ], 
  [
   -759471.446, 
   415527.121
  ], 
  [
   -333328.377, 
   -112255.918
  ], 
  [
   346371.824, 
   536148.685
  ], 
  [
   724260.119, 
   -10993.507
  ], 
  [
   43736.164, 
   952573.664
  ], 
  [
   -516532.005, 
   -330628.805
  ], 
  [
   -903466.039, 
   -319243.427
  ], 
  [
   342935.493, 
   -163314.55
  ], 
  [
   -488134.458, 
   194410.763
  ], 
  [
   590250.274, 
   317426.867
  ], 
  [
   -551211.458, 
   -750481.126
  ], 
  [
   -278144.467, 
   46611.982
  ], 
  [
   912541.675, 
   -331155.928
  ], 
  [
   -105216.592, 
   -714957.083
  ], 
  [
   -329551.084, 
   553325.912
  ], 
  [
   -490224.101, 
   -211166.529
  ], 
  [
   -813652.887, 
   -174897.936
  ], 
  [
   -470853.22, 
   -203740.122
  ], 
  [
   988125.3, 
   -446199.663
  ], 
  [
   -30940.754, 
   -875611.44
  ], 
  [
   539142.338, 
   -330537.211
  ], 
  [
   3376.282, 
   -486211.286
  ], 
  [
   836759.096, 
   373231.854
  ], 
  [
   -119492.389, 
   -180047.56
  ], 
  [
   643554.425, 
   -737148.162
  ], 
  [
   -749423.791, 
   358323.35
  ], 
  [
   738824.968, 
   -385630.674
  ], 
  [
   -555640.643, 
   -391651.334
  ], 
  [
   -28095.762, 
   -465706.081
  ], 
  [
   -106738.739, 
   357523.095
  ], 
  [
   666877.66, 
   -356001.775
  ], 
  [
   -117595.102, 
   -682330.94
  ], 
  [
   721754.603, 
   253423.777
  ]
 ], 
 "PUV": [
  false, 
  false, 
  false, 
  false, 
  true, 
  false, 
  true, 
  false, 
  true, 
  true, 
  false, 
  false, 
  false, 
  true, 
  false
 ], 
 "LCM": {
  "11": [
   "NOTUSED", 
   "ANDD", 
   "ORR", 
   "ANDD", 
   "NOTUSED", 
   "ANDD", 
   "ANDD", 
   "ANDD", 
   "NOTUSED", 
   "NOTUSED", 
   "ORR", 
   "ANDD", 
   "ANDD", 
   "ORR", 
   "NOTUSED"
  ], 
  "10": [
   "NOTUSED", 
   "ORR", 
   "NOTUSED", 
   "ANDD", 
   "NOTUSED", 
   "NOTUSED", 
   "ANDD", 
   "NOTUSED", 
   "ORR", 
   "ORR", 
   "ANDD", 
   "ORR", 
   "ANDD", 
   "ANDD", 
   "ANDD"
  ], 
  "13": [
   "ORR", 
   "ANDD", 
   "ORR", 
   "ORR", 
   "NOTUSED", 
   "NOTUSED", 
   "NOTUSED", 
   "NOTUSED", 
   "ANDD", 
   "NOTUSED", 
   "ANDD", 
   "ORR", 
   "ANDD", 
   "ANDD", 
   "ORR"
  ], 
  "12": [
   "NOTUSED", 
   "ORR", 
   "ANDD", 
   "ORR", 
   "ANDD", 
   "ANDD", 
   "ORR", 
   "ORR", 
   "ORR", 
   "ORR", 
   "ANDD", 
   "ANDD", 
   "ORR", 
   "ANDD", 
   "ANDD"
  ], 
  "14": [
   "ORR", 
   "ORR", 
   "NOTUSED", 
   "ORR", 
   "NOTUSED", 
   "ANDD", 
   "ANDD", 
   "ORR", 
   "ORR", 
   "ORR", 
   "ANDD", 
   "NOTUSED", 
   "ANDD", 
   "ORR", 
   "ORR"
  ], 
  "1": [
   "NOTUSED", 
   "NOTUSED", 
   "ORR", 
   "ORR", 
   "ANDD", 
   "ANDD", 
   "ANDD", 
   "ANDD", 
   "ANDD", 
   "NOTUSED", 
   "ORR", 
   "ANDD", 
   "ORR", 
   "ANDD", 
   "ORR"
  ], 
  "0": [
   "NOTUSED", 
   "NOTUSED", 
   "ANDD", 
   "ANDD", 
   "ORR", 
   "ORR", 
   "ORR", 
   "NOTUSED", 
   "ANDD", 
   "ANDD", 
   "NOTUSED", 
   "NOTUSED", 
   "NOTUSED", 
   "ORR", 
   "ORR"
  ], 
  "3": [
   "ANDD", 
   "ORR", 
   "ORR", 
   "ORR", 
   "NOTUSED", 
   "ORR", 
   "ANDD", 
   "ANDD", 
   "ANDD", 
   "NOTUSED", 
   "ANDD", 
   "ANDD", 
   "ORR", 
   "ORR", 
   "ORR"
  ], 
  "2": [
   "ANDD", 
   "ORR", 
   "ORR", 
   "ORR", 
   "ANDD", 
   "ANDD", 
   "ANDD", 
   "ANDD", 
   "ORR", 
   "NOTUSED", 
   "NOTUSED", 
   "ORR", 
   "ANDD", 
   "ORR", 
   "NOTUSED"
  ], 
  "5": [
   "ORR", 
   "ANDD", 
   "ANDD", 
   "ORR", 
   "ORR", 
   "ANDD", 
   "ANDD", 
   "ANDD", 
   "ORR", 
   "NOTUSED", 
   "NOTUSED", 
   "ANDD", 
   "ANDD", 
   "NOTUSED", 
   "ANDD"
  ], 
  "4": [
   "ORR", 
   "ANDD", 
   "ANDD", 
   "NOTUSED", 
   "NOTUSED", 
   "ORR", 
   "NOTUSED", 
   "NOTUSED", 
   "ORR", 
   "ANDD", 
   "NOTUSED", 
   "NOTUSED", 
   "ANDD", 
   "NOTUSED", 
   "NOTUSED"
  ], 
  "7": [
   "NOTUSED", 
   "ANDD", 
   "ANDD", 
   "ANDD", 
   "NOTUSED", 
   "ANDD", 
   "ANDD", 
   "ORR", 
   "ANDD", 
   "ANDD", 
   "NOTUSED", 
   "ANDD", 
   "ORR", 
   "NOTUSED", 
   "ORR"
  ], 
  "6": [
   "ORR", 
   "ANDD", 
   "ANDD", 
   "ANDD", 
   "NOTUSED", 
   "ANDD", 
   "ANDD", 
   "ANDD", 
   "ANDD", 
   "ORR", 
   "ANDD", 
   "ANDD", 
   "ORR", 
   "NOTUSED", 
   "ANDD"
  ], 
  "9": [
   "ANDD", 
   "NOTUSED", 
   "NOTUSED", 
   "NOTUSED", 
   "ANDD", 
   "NOTUSED", 
   "ORR", 
   "ANDD", 
   "ORR", 
   "NOTUSED", 
   "ORR", 
   "NOTUSED", 
   "ORR", 
   "NOTUSED", 
   "ORR"
  ], 
  "8": [
   "ANDD", 
   "ANDD", 
   "ORR", 
   "ANDD", 
   "ORR", 
   "ORR", 
   "ANDD", 
   "ANDD", 
   "NOTUSED", 
   "ORR", 
   "ORR", 
   "NOTUSED", 
   "ORR", 
   "ANDD", 
   "ORR"
  ]
 }
}