{
 "random_seed": 2633711008, 
 "PARAMETERS": {
  "RADIUS1": 382487.405, 
  "QUADS": 3, 
  "RADIUS2": 885175.56, 
  "DIST": 516817.555, 
  "F_PTS": 20, 
  "K_PTS": 24, 
  "EPSILON": 0.141, 
  "LENGTH1": 750364.535, 
  "G_PTS": 41, 
  "Q_PTS": 23, 
  "N_PTS": 11, 
  "C_PTS": 9, 
  "AREA2": 229691.523, 
  "LENGTH2": 459233.407, 
  "B_PTS": 31, 
  "D_PTS": 22, 
  "AREA1": 544765.638, 
  "A_PTS": 3, 
  "E_PTS": 5
 }, 
 "NUMPOINTS": 46, 
 "points": [
  [
   -562404.509, 
   433140.303
  ], 
  [
   370813.581, 
   324825.988
  ], 
  [
   91930.932, 
   6030.642
  ], 
  [
   93412.507, 
   -210710.536
  ], 
  [
   382412.753, 
   -67680.672
  ], 
  [
   304145.386, 
   631837.725
  ], 
  [
   -909262.876, 
   61844.94
  ], 
  [
   -877680.806, 
   -958276.651
  ], 
  [
   336916.794, 
   955140.987
  ], 
  [
   600535.236, 
   -272179.683
  ], 
  [
   969349.393, 
   -368105.612
  ], 
  [
   -351259.303, 
   546584.314
  ], 
  [
   -711568.805, 
   352607.257
  ], 
  [
   -114987.263, 
   -436261.634
  ], 
  [
   -394927.316, 
   -325568.104
  ], 
  [
   740979.563, 
   141393.841
  ], 
  [
   -918803.002, 
   714028.187
  ], 
  [
   -792304.396, 
   -161362.766
  ], 
  [
   -834603.854, 
   -953769.095
  ], 
  [
   -426301.784, 
   917504.8
  ], 
  [
   -279622.474, 
   -432943.696
  ], 
  [
   929146.1, 
   799564.758
  ], 
  [
   698302.226, 
   391081.937
  ], 
  [
   323402.543, 
   676727.125
  ], 
  [
   -660195.555, 
   214281.873
  ], 
  [
   27683.924, 
   -799843.363
  ], 
  [
   983115.875, 
   679260.454
  ], 
  [
   -756276.587, 
   -878157.086
  ], 
  [
   143031.868, 
   -384663.698
  ], 
  [
   -370696.219, 
   973513.199
  ], 
  [
   -686916.907, 
   286596.067
  ], 
  [
   797175.088, 
   -785405.376
  ], 
  [
   -336425.365, 
   -631439.192
  ], 
  [
   559682.445, 
   -17092.157
  ], 
  [
   -510697.677, 
   -145348.069
  ], 
  [
   -30084.363, 
   -220334.078
  ], 
  [
   910123.443, 
   -903245.278
  ], 
  [
   592606.92, 
   -868660.904
  ], 
  [
   -750229.792, 
   845243.209
  ], 
  [
   579346.489, 
   707203.747
  ], 
  [
   -111778.824, 
   636408.338
  ], 
  [
   -386127.396, 
   998673.213
  ], 
  [
   -88019.851, 
   -6315.185
  ], 
  [
   932061.862, 
   770570.334
  ], 
  [
   785571.797, 
   -851720.89
  ], 
  [
   -414902.75, 
   -397392.497
  ]
 ], 
 "PUV": [
  false, 
  false, 
  false, 
  false, 
  false, 
  false, 
  false, 
  false, 
  true, 
  true, 
  false, 
  true, 
  true, 
  false, 
  false
 ], 
 "LCM": {
  "11": [
   "NOTUSED", 
   "ORR", 
   "ANDD", 
   "NOTUSED", 
   "ANDD", 
   "ORR", 
   "ORR", 
   "ANDD", 
   "ORR", 
   "ANDD", 
   "NOTUSED", 
   "ORR", 
   "ANDD", 
   "NOTUSED", 
   "NOTUSED"
  ], 
  "10": [
   "ANDD", 
   "NOTUSED", 
   "NOTUSED", 
   "NOTUSED", 
   "ANDD", 
   "ORR", 
   "ORR", 
   "ANDD", 
   "ORR", 
   "ORR", 
   "ANDD", 
   "NOTUSED", 
   "ORR", 
   "ANDD", 
   "ORR"
  ], 
  "13": [
   "NOTUSED", 
   "ORR", 
   "ANDD", 
   "ORR", 
   "ANDD", 
   "ORR", 
   "NOTUSED", 
   "ORR", 
   "ORR", 
   "ORR", 
   "ANDD", 
   "NOTUSED", 
   "NOTUSED", 
   "ANDD", 
   "NOTUSED"
  ], 
  "12": [
   "ANDD", 
   "NOTUSED", 
   "ANDD", 
   "ANDD", 
   "ORR", 
   "ORR", 
   "ANDD", 
   "NOTUSED", 
   "ANDD", 
   "ORR", 
   "ORR", 
   "ANDD", 
   "NOTUSED", 
   "NOTUSED", 
   "ANDD"
  ], 
  "14": [
   "ORR", 
   "ANDD", 
   "NOTUSED", 
   "NOTUSED", 
   "NOTUSED", 
   "ANDD", 
   "ORR", 
   "NOTUSED", 
   "ANDD", 
   "NOTUSED", 
   "ORR", 
   "NOTUSED", 
   "ANDD", 
   "NOTUSED", 
   "NOTUSED"
  ], 
  "1": [
   "ORR", 
   "NOTUSED", 
   "ANDD", 
   "ANDD", 
   "NOTUSED", 
   "ORR", 
   "ANDD", 
   "ORR", 
   "ANDD", 
   "ORR", 
   "NOTUSED", 
   "ORR", 
   "NOTUSED", 
   "ORR", 
   "ANDD"
  ], 
  "0": [
   "ORR", 
   "ORR", 
   "ORR", 
   "NOTUSED", 
   "NOTUSED", 
   "ANDD", 
   "ORR", 
   "NOTUSED", 
   "NOTUSED", 
   "ORR", 
   "ANDD", 
   "NOTUSED", 
   "ANDD", 
   "NOTUSED", 
   "ORR"
  ], 
  "3": [
   "NOTUSED", 
   "ANDD", 
   "ORR", 
   "ORR", 
   "ORR", 
   "ANDD", 
   "NOTUSED", 
   "ORR", 
   "ANDD", 
   "ANDD", 
   "NOTUSED", 
   "NOTUSED", 
   "ANDD", 
   "ORR", 
   "NOTUSED"
  ], 
  "2": [
   "ORR", 
   "ANDD", 
   "ORR", 
   "ORR", 
   "ANDD", 
   "ORR", 
   "ORR", 
   "ORR", 
   "NOTUSED", 
   "ANDD", 
   "NOTUSED", 
   "ANDD", 
   "ANDD", 
   "ANDD", 
   "NOTUSED"
  ], 
  "5": [
   "ANDD", 
   "ORR", 
   "ORR", 
   "ANDD", 
   "NOTUSED", 
   "NOTUSED", 
   "NOTUSED", 
   "ORR", 
   "ORR", 
   "ORR", 
   "ORR", 
   "ORR", 
   "ORR", 
   "ORR", 
   "ANDD"
  ], 
  "4": [
   "NOTUSED", 
   "NOTUSED", 
   "ANDD", 
   "ORR", 
   "ANDD", 
   "NOTUSED", 
   "ORR", 
   "ORR", 
   "ORR", 
   "NOTUSED", 
   "ANDD", 
   "ANDD", 
   "ORR", 
   "ANDD", 
   "NOTUSED"
  ], 
  "7": [
   "NOTUSED", 
   "ORR", 
   "ORR", 
   "ORR", 
   "ORR", 
   "ORR", 
   "ANDD", 
   "ORR", 
   "NOTUSED", 
   "NOTUSED", 
   "ANDD", 
   "ANDD", 
   "NOTUSED", 
   "ORR", 
   "NOTUSED"
  ], 
  "6": [
   "ORR", 
   "ANDD", 
   "ORR", 
   "NOTUSED", 
   "ORR", 
   "NOTUSED", 
   "NOTUSED", 
   "ANDD", 
   "NOTUSED", 
   "ANDD", 
   "ORR", 
   "ORR", 
   "ANDD", 
   "NOTUSED", 
   "ORR"
  ], 
  "9": [
   "ORR", 
   "ORR", 
   "ANDD", 
   "ANDD", 
   "NOTUSED", 
   "ORR", 
   "ANDD", 
   "NOTUSED", 
   "ANDD", 
   "ANDD", 
   "ORR", 
   "ANDD", 
   "ORR", 
   "ORR", 
   "NOTUSED"
  ], 
  "8": [
   "NOTUSED", 
   "ANDD", 
   "NOTUSED", 
   "ANDD", 
   "ORR", 
   "ORR", 
   "NOTUSED", 
   "NOTUSED", 
   "ANDD", 
   "ANDD", 
   "ORR", 
   "ORR", 
   "ANDD", 
   "ORR", 
   "ANDD"
  ]
 }
}