{
 "random_seed": 1793072022, 
 "PARAMETERS": {
  "RADIUS1": 146957.113, 
  "QUADS": 2, 
  "RADIUS2": 532305.462, 
  "DIST": 277781.48, 
  "F_PTS": 14, 
  "K_PTS": 67, 
  "EPSILON": 0.065, 
  "LENGTH1": 733195.339, 
  "G_PTS": 31, 
  "Q_PTS": 47, 
  "N_PTS": 16, 
  "C_PTS": 51, 
  "AREA2": 109695.807, 
  "LENGTH2": 633860.906, 
  "B_PTS": 9, 
  "D_PTS": 34, 
  "AREA1": 719323.935, 
  "A_PTS": 73, 
  "E_PTS": 23
 }, 
 "NUMPOINTS": 94, 
 "points": [
  [
   696351.934, 
   804354.823
  ], 
  [
   -162961.651, 
   866021.103
  ], 
  [
   -811647.855, 
   -203711.513
  ], 
  [
   -301102.278, 
   736977.268
  ], 
  [
   -852484.595, 
   347413.23
  ], 
  [
   998193.343, 
   -125171.014
  ], 
  [
   43555.696, 
   405449.177
  ], 
  [
   636760.237, 
   984136.872
  ], 
  [
   -471756.322, 
   562471.006
  ], 
  [
   -247605.77, 
   -58526.964
  ], 
  [
   326162.932, 
   -296611.763
  ], 
  [
   197441.358, 
   638259.943
  ], 
  [
   -38367.221, 
   583356.372
  ], 
  [
   561984.93, 
   -529908.233
  ], 
  [
   -45113.234, 
   -298952.862
  ], 
  [
   -631435.947, 
   -800440.435
  ], 
  [
   -568321.766, 
   -721103.26
  ], 
  [
   452828.882, 
   587951.383
  ], 
  [
   139377.771, 
   599869.586
  ], 
  [
   -532357.207, 
   943824.701
  ], 
  [
   -372156.583, 
   32248.722
  ], 
  [
   195335.66, 
   -285980.324
  ], 
  [
   865394.837, 
   943183.892
  ], 
  [
   132038.788, 
   -813207.737
  ], 
  [
   415540.875, 
   -636019.459
  ], 
  [
   208562.016, 
   -159024.846
  ], 
  [
   830382.238, 
   -622050.054
  ], 
  [
   989873.003, 
   465047.553
  ], 
  [
   -24412.311, 
   -423980.416
  ], 
  [
   -285088.441, 
   -38092.482
  ], 
  [
   267605.205, 
   -423328.327
  ], 
  [
   843699.572, 
   -929371.925
  ], 
  [
   386071.552, 
   -298411.54
  ], 
  [
   -918247.966, 
   -334953.814
  ], 
  [
   -742155.071, 
   875008.623
  ], 
  [
   -845831.056, 
   -757667.387
  ], 
  [
   847641.126, 
   -330908.884
  ], 
  [
   -802689.353, 
   -862316.528
  ], 
  [
   537529.008, 
   354952.183
  ], 
  [
   673928.602, 
   -26153.748
  ], 
  [
   412592.884, 
   661484.299
  ], 
  [
   -329162.541, 
   494380.521
  ], 
  [
   -245907.016, 
   806648.288
  ], 
  [
   -95041.831, 
   543035.912
  ], 
  [
   353972.696, 
   -711578.871
  ], 
  [
   -472907.216, 
   855837.106
  ], 
  [
   -956223.415, 
   671556.051
  ], 
  [
   -859564.106, 
   602989.236
  ], 
  [
   -865862.911, 
   -512282.69
  ], 
  [
   667045.842, 
   -453005.245
  ], 
  [
   969545.269, 
   -462707.2
  ], 
  [
   78474.52, 
   664630.82
  ], 
  [
   -681789.748, 
   23382.775
  ], 
  [
   964044.124, 
   -990394.845
  ], 
  [
   -785493.097, 
   -319738.889
  ], 
  [
   -433803.542, 
   -549171.046
  ], 
  [
   -592237.717, 
   -832886.725
  ], 
  [
   -795866.209, 
   706781.28
  ], 
  [
   -349220.906, 
   274346.946
  ], 
  [
   -758403.327, 
   171610.247
  ], 
  [
   -520017.858, 
   22561.942
  ], 
  [
   -506788.982, 
   897201.677
  ], 
  [
   -888238.928, 
   263153.093
  ], 
  [
   -749527.353, 
   -652771.108
  ], 
  [
   28812.994, 
   -211897.196
  ], 
  [
   152677.45, 
   -693546.828
  ], 
  [
   782808.285, 
   532393.869
  ], 
  [
   -115284.586, 
   42215.457
  ], 
  [
   369772.322, 
   905411.633
  ], 
  [
   876725.792, 
   444534.295
  ], 
  [
   63162.044, 
   349406.861
  ], 
  [
   304803.349, 
   -630384.237
  ], 
  [
   46578.079, 
   54630.768
  ], 
  [
   136830.609, 
   286781.274
  ], 
  [
   -313846.431, 
   -127645.226
  ], 
  [
   -460813.208, 
   -634546.232
  ], 
  [
   -464102.193, 
   357522.998
  ], 
  [
   814072.683, 
   -244179.843
  ], 
  [
   110393.992, 
   -835671.08
  ], 
  [
   -206517.766, 
   -885060.747
  ], 
  [
   -752174.848, 
   464644.342
  ], 
  [
   648735.154, 
   -386042.417
  ], 
  [
   -242818.604, 
   117947.562
  ], 
  [
   -115669.042, 
   -224545.451
  ], 
  [
   -444058.536, 
   309442.898
  ], 
  [
   -968132.83, 
   -934694.53
  ], 
  [
   472091.924, 
   93809.468
  ], 
  [
   676325.724, 
   -374794.204
  ], 
  [
   459936.788, 
   539688.07
  ], 
  [
   175930.855, 
   -235590.778
  ], 
  [
   145074.889, 
   -846579.24
  ], 
  [
   -368282.901, 
   4109.758
  ], 
  [
   -970907.747, 
   395807.317
  ], 
  [
   642851.054, 
   486628.308
  ]
 ], 
 "PUV": [
  true, 
  true, 
  true, 
  true, 
  true, 
  true, 
  false, 
  false, 
  true, 
  true, 
  false, 
  false, 
  true, 
  false, 
  true
 ], 
 "LCM": {
  "11": [
   "NOTUSED", 
   "ANDD", 
   "NOTUSED", 
   "NOTUSED", 
   "NOTUSED", 
   "ORR", 
   "NOTUSED", 
   "ORR", 
   "ORR", 
   "ANDD", 
   "ANDD", 
   "NOTUSED", 
   "ORR", 
   "ANDD", 
   "ANDD"
  ], 
  "10": [
   "ANDD", 
   "NOTUSED", 
   "ANDD", 
   "ORR", 
   "NOTUSED", 
   "NOTUSED", 
   "ANDD", 
   "NOTUSED", 
   "ANDD", 
   "ANDD", 
   "ORR", 
   "ANDD", 
   "ORR", 
   "ORR", 
   "ANDD"
  ], 
  "13": [
   "NOTUSED", 
   "ORR", 
   "ORR", 
   "NOTUSED", 
   "ANDD", 
   "ANDD", 
   "ANDD", 
   "ORR", 
   "ANDD", 
   "ANDD", 
   "ORR", 
   "ANDD", 
   "ORR", 
   "ORR", 
   "NOTUSED"
  ], 
  "12": [
   "ANDD", 
   "ANDD", 
   "ANDD", 
   "NOTUSED", 
   "ANDD", 
   "ORR", 
   "ORR", 
   "ANDD", 
   "ORR", 
   "ANDD", 
   "ORR", 
   "ORR", 
   "ORR", 
   "ORR", 
   "ANDD"
  ], 
  "14": [
   "NOTUSED", 
   "ORR", 
   "ORR", 
   "ORR", 
   "NOTUSED", 
   "ORR", 
   "NOTUSED", 
   "NOTUSED", 
   "NOTUSED", 
   "ORR", 
   "ANDD", 
   "ANDD", 
   "ANDD", 
   "NOTUSED", 
   "ORR"
  ], 
  "1": [
   "NOTUSED", 
   "NOTUSED", 
   "ANDD", 
   "NOTUSED", 
   "ORR", 
   "NOTUSED", 
   "ANDD", 
   "NOTUSED", 
   "NOTUSED", 
   "ORR", 
   "NOTUSED", 
   "ANDD", 
   "ANDD", 
   "ORR", 
   "ORR"
  ], 
  "0": [
   "ANDD", 
   "NOTUSED", 
   "NOTUSED", 
   "NOTUSED", 
   "NOTUSED", 
   "ORR", 
   "ANDD", 
   "ORR", 
   "NOTUSED", 
   "ORR", 
   "ANDD", 
   "NOTUSED", 
   "ANDD", 
   "NOTUSED", 
   "NOTUSED"
  ], 
  "3": [
   "NOTUSED", 
   "NOTUSED", 
   "ANDD", 
   "NOTUSED", 
   "NOTUSED", 
   "NOTUSED", 
   "ORR", 
   "ANDD", 
   "NOTUSED", 
   "ORR", 
   "ORR", 
   "NOTUSED", 
   "NOTUSED", 
   "NOTUSED", 
   "ORR"
  ], 
  "2": [
   "NOTUSED", 
   "ANDD", 
   "ORR", 
   "ANDD", 
   "NOTUSED", 
   "NOTUSED", 
   "ANDD", 
   "ORR", 
   "NOTUSED", 
   "NOTUSED", 
   "ANDD", 
   "NOTUSED", 
   "ANDD", 
   "ORR", 
   "ORR"
  ], 
  "5": [
   "ORR", 
   "NOTUSED", 
   "NOTUSED", 
   "NOTUSED", 
   "ORR", 
   "ORR", 
   "NOTUSED", 
   "ORR", 
   "ANDD", 
   "ORR", 
   "NOTUSED", 
   "ORR", 
   "ORR", 
   "ANDD", 
   "ORR"
  ], 
  "4": [
   "NOTUSED", 
   "ORR", 
   "NOTUSED", 
   "NOTUSED", 
   "ANDD", 
   "ORR", 
   "ANDD", 
   "NOTUSED", 
   "ORR", 
   "NOTUSED", 
   "NOTUSED", 
   "NOTUSED", 
   "ANDD", 
   "ANDD", 
   "NOTUSED"
  ], 
  "7": [
   "ORR", 
   "NOTUSED", 
   "ORR", 
   "ANDD", 
   "NOTUSED", 
   "ORR", 
   "ORR", 
   "ANDD", 
   "ORR", 
   "NOTUSED", 
   "NOTUSED", 
   "ORR", 
   "ANDD", 
   "ORR", 
   "NOTUSED"
  ], 
  "6": [
   "ANDD", 
   "ANDD", 
   "ANDD", 
   "ORR", 
   "ANDD", 
   "NOTUSED", 
   "ORR", 
   "ORR", 
   "ORR", 
   "NOTUSED", 
   "ANDD", 
   "NOTUSED", 
   "ORR", 
   "ANDD", 
   "NOTUSED"
  ], 
  "9": [
   "ORR", 
   "ORR", 
   "NOTUSED", 
   "ORR", 
   "NOTUSED", 
   "ORR", 
   "NOTUSED", 
   "NOTUSED", 
   "ORR", 
   "ANDD", 
   "ANDD", 
   "ANDD", 
   "ANDD", 
   "ANDD", 
   "ORR"
  ], 
  "8": [
   "NOTUSED", 
   "NOTUSED", 
   "NOTUSED", 
   "NOTUSED", 
   "ORR", 
   "ANDD", 
   "ORR", 
   "ORR", 
   "NOTUSED", 
   "ORR", 
   "ANDD", 
   "ORR", 
   "ORR", 
   "ANDD", 
   "NOTUSED"
  ]
 }
}