{
 "random_seed": 580173212, 
 "PARAMETERS": {
  "RADIUS1": 594188.607, 
  "QUADS": 1, 
  "RADIUS2": 238124.39, 
  "DIST": 907485.932, 
  "F_PTS": 6, 
  "K_PTS": 18, 
  "EPSILON": 0.613, 
  "LENGTH1": 611929.176, 
  "G_PTS": 20, 
  "Q_PTS": 36, 
  "N_PTS": 21, 
  "C_PTS": 8, 
  "AREA2": 867261.128, 
  "LENGTH2": 349226.134, 
  "B_PTS": 9, 
  "D_PTS": 37, 
  "AREA1": 312856.845, 
  "A_PTS": 38, 
  "E_PTS": 42
 }, 
 "NUMPOINTS": 65, 
 "points": [
  [
   838161.877, 
   -223056.697
  ], 
  [
   134384.288, 
   -943910.952
  ], 
  [
   -387611.249, 
   875899.102
  ], 
  [
   -58308.28, 
   166856.355
  ], 
  [
   238063.116, 
   341958.755
  ], 
  [
   -651007.803, 
   149396.403
  ], 
  [
   -472867.267, 
   604930.189
  ], 
  [
   317776.152, 
   980840.266
  ], 
  [
   -106459.358, 
   652752.839
  ], 
  [
   -26456.012, 
   479435.832
  ], 
  [
   -83887.553, 
   547914.05
  ], 
  [
   921922.212, 
   -875151.942
  ], 
  [
   488581.895, 
   -465664.301
  ], 
  [
   -678919.089, 
   686925.681
  ], 
  [
   159736.737, 
   -375666.458
  ], 
  [
   13948.932, 
   75924.48
  ], 
  [
   27158.642, 
   559388.07
  ], 
  [
   879773.788, 
   550207.355
  ], 
  [
   451360.457, 
   260035.077
  ], 
  [
   -279116.562, 
   203221.226
  ], 
  [
   868686.729, 
   988600.142
  ], 
  [
   -381267.128, 
   120738.591
  ], 
  [
   -181110.366, 
   -912826.019
  ], 
  [
   193931.145, 
   919422.627
  ], 
  [
   271912.305, 
   -321632.876
  ], 
  [
   499816.139, 
   609233.406
  ], 
  [
   -962411.314, 
   -291751.807
  ], 
  [
   167373.716, 
   -597736.814
  ], 
  [
   499625.384, 
   -775846.71
  ], 
  [
   559000.982, 
   -102900.684
  ], 
  [
   -847723.623, 
   -410043.353
  ], 
  [
   -298694.466, 
   212055.359
  ], 
  [
   144984.955, 
   -922863.098
  ], 
  [
   455189.507, 
   947539.817
  ], 
  [
   -9146.654, 
   147261.137
  ], 
  [
   293913.038, 
   -152169.817
  ], 
  [
   137276.58, 
   -858664.172
  ], 
  [
   756689.307, 
   -752867.845
  ], 
  [
   -144931.59, 
   324701.907
  ], 
  [
   -138345.958, 
   303057.429
  ], 
  [
   -787110.176, 
   -827157.672
  ], 
  [
   874445.156, 
   650544.279
  ], 
  [
   968547.101, 
   -465750.706
  ], 
  [
   -815331.407, 
   173831.316
  ], 
  [
   -549340.095, 
   352572.075
  ], 
  [
   115981.845, 
   656002.271
  ], 
  [
   779782.201, 
   -871136.839
  ], 
  [
   -537624.795, 
   -253630.753
  ], 
  [
   -177022.704, 
   866081.367
  ], 
  [
   -842469.164, 
   361667.365
  ], 
  [
   60165.523, 
   -310069.225
  ], 
  [
   295523.752, 
   -47680.906
  ], 
  [
   255097.541, 
   -360885.765
  ], 
  [
   862389.888, 
   548686.686
  ], 
  [
   -609985.336, 
   163120.188
  ], 
  [
   -920102.012, 
   -456192.506
  ], 
  [
   -583797.829, 
   -503370.189
  ], 
  [
   816067.646, 
   493645.192
  ], 
  [
   384465.394, 
   -508069.525
  ], 
  [
   296944.503, 
   327577.493
  ], 
  [
   342561.177, 
   -371633.382
  ], 
  [
   400834.082, 
   200037.39
  ], 
  [
   747207.383, 
   32354.577
  ], 
  [
   -68354.284, 
   -355278.636
  ], 
  [
   811317.365, 
   953380.028
  ]
 ], 
 "PUV": [
  true, 
  true, 
  true, 
  false, 
  true, 
  true, 
  true, 
  true, 
  true, 
  false, 
  true, 
  false, 
  false, 
  false, 
  true
 ], 
 "LCM": {
  "11": [
   "ORR", 
   "NOTUSED", 
   "ANDD", 
   "ANDD", 
   "NOTUSED", 
   "ORR", 
   "NOTUSED", 
   "ANDD", 
   "ORR", 
   "NOTUSED", 
   "ANDD", 
   "ORR", 
   "NOTUSED", 
   "ANDD", 
   "NOTUSED"
  ], 
  "10": [
   "ORR", 
   "ANDD", 
   "ANDD", 
   "NOTUSED", 
   "ORR", 
   "NOTUSED", 
   "ANDD", 
   "ANDD", 
   "ANDD", 
   "NOTUSED", 
   "ORR", 
   "ANDD", 
   "ANDD", 
   "NOTUSED", 
   "ANDD"
  ], 
  "13": [
   "ORR", 
   "ORR", 
   "ANDD", 
   "ANDD", 
   "ANDD", 
   "NOTUSED", 
   "NOTUSED", 
   "ANDD", 
   "NOTUSED", 
   "ANDD", 
   "NOTUSED", 
   "ANDD", 
   "ORR", 
   "ANDD", 
   "ORR"
  ], 
  "12": [
   "NOTUSED", 
   "ORR", 
   "NOTUSED", 
   "NOTUSED", 
   "ANDD", 
   "NOTUSED", 
   "ANDD", 
   "ORR", 
   "ORR", 
   "ANDD", 
   "ANDD", 
   "NOTUSED", 
   "NOTUSED", 
   "ORR", 
   "NOTUSED"
  ], 
  "14": [
   "ORR", 
   "ORR", 
   "ANDD", 
   "NOTUSED", 
   "NOTUSED", 
   "ANDD", 
   "ANDD", 
   "ANDD", 
   "ANDD", 
   "ORR", 
   "ANDD", 
   "NOTUSED", 
   "NOTUSED", 
   "ORR", 
   "NOTUSED"
  ], 
  "1": [
   "ORR", 
   "NOTUSED", 
   "ANDD", 
   "ORR", 
   "ANDD", 
   "ORR", 
   "ORR", 
   "NOTUSED", 
   "ORR", 
   "NOTUSED", 
   "ANDD", 
   "NOTUSED", 
   "ORR", 
   "ORR", 
   "ORR"
  ], 
  "0": [
   "ANDD", 
   "ORR", 
   "NOTUSED", 
   "ORR", 
   "ORR", 
   "ORR", 
   "ORR", 
   "ORR", 
   "NOTUSED", 
   "ANDD", 
   "ORR", 
   "ORR", 
   "NOTUSED", 
   "ORR", 
   "ORR"
  ], 
  "3": [
   "ORR", 
   "ORR", 
   "ANDD", 
   "NOTUSED", 
   "ORR", 
   "NOTUSED", 
   "ORR", 
   "NOTUSED", 
   "ANDD", 
   "ORR", 
   "NOTUSED", 
   "ANDD", 
   "NOTUSED", 
   "ANDD", 
   "NOTUSED"
  ], 
  "2": [
   "NOTUSED", 
   "ANDD", 
   "ANDD", 
   "ANDD", 
   "NOTUSED", 
   "NOTUSED", 
   "ORR", 
   "NOTUSED", 
   "NOTUSED", 
   "ORR", 
   "ANDD", 
   "ANDD", 
   "NOTUSED", 
   "ANDD", 
   "ANDD"
  ], 
  "5": [
   "ORR", 
   "ORR", 
   "NOTUSED", 
   "NOTUSED", 
   "ANDD", 
   "ANDD", 
   "NOTUSED", 
   "ORR", 
   "ANDD", 
   "NOTUSED", 
   "NOTUSED", 
   "ORR", 
   "NOTUSED", 
   "NOTUSED", 
   "ANDD"
  ], 
  "4": [
   "ORR", 
   "ANDD", 
   "NOTUSED", 
   "ORR", 
   "NOTUSED", 
   "ANDD", 
   "ANDD", 
   "ANDD", 
   "ANDD", 
   "ANDD", 
   "ORR", 
   "NOTUSED", 
   "ANDD", 
   "ANDD", 
   "NOTUSED"
  ], 
  "7": [
   "ORR", 
   "NOTUSED", 
   "NOTUSED", 
   "NOTUSED", 
   "ANDD", 
   "ORR", 
   "ANDD", 
   "ORR", 
   "ANDD", 
   "ORR", 
   "ANDD", 
   "ANDD", 
   "ORR", 
   "ANDD", 
   "ANDD"
  ], 
  "6": [
   "ORR", 
   "ORR", 
   "ORR", 
   "ORR", 
   "ANDD", 
   "NOTUSED", 
   "ORR", 
   "ANDD", 
   "NOTUSED", 
   "NOTUSED", 
   "ANDD", 
   "NOTUSED", 
   "ANDD", 
   "NOTUSED", 
   "ANDD"
  ], 
  "9": [
   "ANDD", 
   "NOTUSED", 
   "ORR", 
   "ORR", 
   "ANDD", 
   "NOTUSED", 
   "NOTUSED", 
   "ORR", 
   "ORR", 
   "NOTUSED", 
   "NOTUSED", 
   "NOTUSED", 
   "ANDD", 
   "ANDD", 
   "ORR"
  ], 
  "8": [
   "NOTUSED", 
   "ORR", 
   "NOTUSED", 
   "ANDD", 
   "ANDD", 
   "ANDD", 
   "NOTUSED", 
   "ANDD", 
   "ORR", 
   "ORR", 
   "ANDD", 
   "ORR", 
   "ORR", 
   "NOTUSED", 
   "ANDD"
  ]
 }
}