{
 "random_seed": 204391580, 
 "PARAMETERS": {
  "RADIUS1": 820830.786, 
  "QUADS": 2, 
  "RADIUS2": 771453.157, 
  "DIST": 246768.91, 
  "F_PTS": 4, 
  "K_PTS": 56, 
  "EPSILON": 2.023, 
  "LENGTH1": 387842.532, 
  "G_PTS": 35, 
  "Q_PTS": 90, 
  "N_PTS": 15, 
  "C_PTS": 10, 
  "AREA2": 727444.129, 
  "LENGTH2": 585965.856, 
  "B_PTS": 31, 
  "D_PTS": 5, 
  "AREA1": 965507.226, 
  "A_PTS": 42, 
  "E_PTS": 4
 }, 
 "NUMPOINTS": 91, 
 "points": [
  [
   -387724.069, 
   -447804.77
  ], 
  [
   -448589.547, 
   -128108.144
  ], 
  [
   350796.865, 
   217621.731
  ], 
  [
   -536761.962, 
   482123.017
  ], 
  [
   -349415.081, 
   995533.978
  ], 
  [
   635691.733, 
   -316615.189
  ], 
  [
   666240.721, 
   44295.078
  ], 
  [
   628517.433, 
   -267383.722
  ], 
  [
   -745027.1, 
   -453089.739
  ], 
  [
   669635.148, 
   -781728.028
  ], 
  [
   520806.081, 
   975243.537
  ], 
  [
   317061.264, 
   -620449.964
  ], 
  [
   -184327.243, 
   721784.94
  ], 
  [
   569698.242, 
   -865657.738
  ], 
  [
   -729387.268, 
   -834033.698
  ], 
  [
   -569462.392, 
   -180485.099
  ], 
  [
   -210096.134, 
   837075.236
  ], 
  [
   10054.273, 
   885461.18
  ], 
  [
   185608.913, 
   528626.262
  ], 
  [
   -508828.308, 
   916478.253
  ], 
  [
   79620.604, 
   -645766.605
  ], 
  [
   -522431.495, 
   -680244.732
  ], 
  [
   378321.884, 
   257835.069
  ], 
  [
   23782.616, 
   153370.084
  ], 
  [
   169882.36, 
   -432357.887
  ], 
  [
   345852.75, 
   883447.774
  ], 
  [
   -981435.912, 
   74272.729
  ], 
  [
   665075.118, 
   -110449.089
  ], 
  [
   -385863.671, 
   822755.929
  ], 
  [
   574524.233, 
   -907201.697
  ], 
  [
   -147496.04, 
   930522.252
  ], 
  [
   778102.041, 
   -576460.414
  ], 
  [
   97786.796, 
   102772.638
  ], 
  [
   -14416.314, 
   67079.479
  ], 
  [
   903916.67, 
   -238336.056
  ], 
  [
   376287.8, 
   -694037.063
  ], 
  [
   -785232.15, 
   -320001.624
  ], 
  [
   985155.698, 
   -51215.416
  ], 
  [
   -310238.745, 
   -162198.411
  ], 
  [
   986130.363, 
   590027.246
  ], 
  [
   -935425.058, 
   -165425.729
  ], 
  [
   -896901.645, 
   401730.484
  ], 
  [
   520231.021, 
   858120.214
  ], 
  [
   -414189.322, 
   466744.578
  ], 
  [
   -371334.062, 
   973619.595
  ], 
  [
   -962621.776, 
   745842.124
  ], 
  [
   659268.722, 
   -197471.277
  ], 
  [
   812777.916, 
   81120.089
  ], 
  [
   127208.507, 
   -900811.925
  ], 
  [
   -381294.146, 
   160751.832
  ], 
  [
   975805.156, 
   624832.81
  ], 
  [
   -435133.835, 
   601474.079
  ], 
  [
   -908163.998, 
   -917608.747
  ], 
  [
   219921.949, 
   -501794.654
  ], 
  [
   132875.988, 
   -749099.18
  ], 
  [
   -316829.308, 
   -976142.061
  ], 
  [
   711372.954, 
   -869976.782
  ], 
  [
   -592684.811, 
   -389595.405
  ], 
  [
   744223.481, 
   -843174.035
  ], 
  [
   67131.775, 
   -263447.077
  ], 
  [
   781607.333, 
   4240.517
  ], 
  [
   -394674.057, 
   102033.659
  ], 
  [
   -80039.408, 
   68990.293
  ], 
  [
   -625855.059, 
   12318.129
  ], 
  [
   -261625.12, 
   268389.712
  ], 
  [
   -424862.944, 
   867705.545
  ], 
  [
   232806.582, 
   82760.631
  ], 
  [
   -905748.938, 
   899797.164
  ], 
  [
   -422724.219, 
   -43742.811
  ], 
  [
   -812454.826, 
   -695919.283
  ], 
  [
   598599.755, 
   572041.553
  ], 
  [
   -670321.291, 
   888248.464
  ], 
  [
   366524.558, 
   -909388.324
  ], 
  [
   -240378.14, 
   186898.926
  ], 
  [
   773410.669, 
   747577.377
  ], 
  [
   -147816.177, 
   453139.008
  ], 
  [
   124338.331, 
   699034.569
  ], 
  [
   658872.225, 
   -583742.667
  ], 
  [
   -804682.461, 
   -33213.689
  ], 
  [
   -934546.904, 
   634438.981
  ], 
  [
   -514627.271, 
   -834217.673
  ], 
  [
   -197258.832, 
   519304.746
  ], 
  [
   -283892.637, 
   -129972.822
  ], 
  [
   202422.731, 
   -979702.891
  ], 
  [
   -754874.219, 
   -127136.007
  ], 
  [
   629414.193, 
   376780.615
  ], 
  [
   -922484.457, 
   -664313.281
  ], 
  [
   554346.505, 
   426784.337
  ], 
  [
   -302569.993, 
   732604.574
  ], 
  [
   302744.19, 
   -25791.071
  ], 
  [
   245186.552, 
   732934.505
  ]
 ], 
 "PUV": [
  false, 
  false, 
  false, 
  false, 
  false, 
  true, 
  false, 
  true, 
  true, 
  false, 
  false, 
  false, 
  true, 
  true, 
  false
 ], 
 "LCM": {
  "11": [
   "ANDD", 
   "NOTUSED", 
   "NOTUSED", 
   "ANDD", 
   "ANDD", 
   "ANDD", 
   "ORR", 
   "ORR", 
   "NOTUSED", 
   "ANDD", 
   "ANDD", 
   "ORR", 
   "ORR", 
   "ANDD", 
   "ORR"
  ], 
  "10": [
   "NOTUSED", 
   "ANDD", 
   "ANDD", 
   "ANDD", 
   "ORR", 
   "ORR", 
   "NOTUSED", 
   "ANDD", 
   "NOTUSED", 
   "ORR", 
   "ORR", 
   "ANDD", 
   "ORR", 
   "NOTUSED", 
   "ORR"
  ], 
  "13": [
   "NOTUSED", 
   "ORR", 
   "ORR", 
   "NOTUSED", 
   "ORR", 
   "ANDD", 
   "ORR", 
   "ORR", 
   "NOTUSED", 
   "ORR", 
   "NOTUSED", 
   "ANDD", 
   "ORR", 
   "ANDD", 
   "ORR"
  ], 
  "12": [
   "ANDD", 
   "ORR", 
   "ANDD", 
   "ORR", 
   "NOTUSED", 
   "NOTUSED", 
   "NOTUSED", 
   "ORR", 
   "ANDD", 
   "ANDD", 
   "ORR", 
   "ORR", 
   "ANDD", 
   "ORR", 
   "ANDD"
  ], 
  "14": [
   "ORR", 
   "ANDD", 
   "NOTUSED", 
   "ANDD", 
   "NOTUSED", 
   "ORR", 
   "NOTUSED", 
   "ANDD", 
   "ANDD", 
   "ORR", 
   "ORR", 
   "ORR", 
   "ANDD", 
   "ORR", 
   "ANDD"
  ], 
  "1": [
   "ORR", 
   "ORR", 
   "ORR", 
   "ORR", 
   "ORR", 
   "NOTUSED", 
   "ANDD", 
   "ORR", 
   "ORR", 
   "NOTUSED", 
   "ANDD", 
   "NOTUSED", 
   "ORR", 
   "ORR", 
   "ANDD"
  ], 
  "0": [
   "NOTUSED", 
   "ORR", 
   "ORR", 
   "NOTUSED", 
   "ANDD", 
   "ANDD", 
   "ORR", 
   "ANDD", 
   "ANDD", 
   "ANDD", 
   "NOTUSED", 
   "ANDD", 
   "ANDD", 
   "NOTUSED", 
   "ORR"
  ], 
  "3": [
   "NOTUSED", 
   "ORR", 
   "ANDD", 
   "ANDD", 
   "NOTUSED", 
   "ANDD", 
   "NOTUSED", 
   "ORR", 
   "NOTUSED", 
   "ORR", 
   "ANDD", 
   "ANDD", 
   "ORR", 
   "NOTUSED", 
   "ANDD"
  ], 
  "2": [
   "ORR", 
   "ORR", 
   "ANDD", 
   "ANDD", 
   "ANDD", 
   "ANDD", 
   "ORR", 
   "NOTUSED", 
   "ANDD", 
   "ANDD", 
   "ANDD", 
   "NOTUSED", 
   "ANDD", 
   "ORR", 
   "NOTUSED"
  ], 
  "5": [
   "ANDD", 
   "NOTUSED", 
   "ANDD", 
   "ANDD", 
   "ANDD", 
   "ORR", 
   "NOTUSED", 
   "ANDD", 
   "ANDD", 
   "ORR", 
   "ORR", 
   "ANDD", 
   "NOTUSED", 
   "ANDD", 
   "ORR"
  ], 
  "4": [
   "ANDD", 
   "ORR", 
   "ANDD", 
   "NOTUSED", 
   "ORR", 
   "ANDD", 
   "ORR", 
   "ANDD", 
   "ORR", 
   "NOTUSED", 
   "ORR", 
   "ANDD", 
   "NOTUSED", 
   "ORR", 
   "NOTUSED"
  ], 
  "7": [
   "ANDD", 
   "ORR", 
   "NOTUSED", 
   "ORR", 
   "ANDD", 
   "ANDD", 
   "ORR", 
   "ORR", 
   "NOTUSED", 
   "ORR", 
   "ANDD", 
   "ORR", 
   "ORR", 
   "ORR", 
   "ANDD"
  ], 
  "6": [
   "ORR", 
   "ANDD", 
   "ORR", 
   "NOTUSED", 
   "ORR", 
   "NOTUSED", 
   "ANDD", 
   "ORR", 
   "NOTUSED", 
   "ORR", 
   "NOTUSED", 
   "ORR", 
   "NOTUSED", 
   "ORR", 
   "NOTUSED"
  ], 
  "9": [
   "ANDD", 
   "NOTUSED", 
   "ANDD", 
   "ORR", 
   "NOTUSED", 
   "ORR", 
   "ORR", 
   "ORR", 
   "ORR", 
   "ANDD", 
   "ORR", 
   "ANDD", 
   "ANDD", 
   "ORR", 
   "ORR"
  ], 
  "8": [
   "ANDD", 
   "ORR", 
   "ANDD", 
   "NOTUSED", 
   "ORR", 
   "ANDD", 
   "NOTUSED", 
   "NOTUSED", 
   "NOTUSED", 
   "ORR", 
   "NOTUSED", 
   "NOTUSED", 
   "ANDD", 
   "NOTUSED", 
   "ANDD"
  ]
 }
}