{
 "random_seed": 1251981728, 
 "PARAMETERS": {
  "RADIUS1": 416212.34, 
  "QUADS": 2, 
  "RADIUS2": 294724.242, 
  "DIST": 901272.585, 
  "F_PTS": 7, 
  "K_PTS": 58, 
  "EPSILON": 0.269, 
  "LENGTH1": 998048.17, 
  "G_PTS": 14, 
  "Q_PTS": 63, 
  "N_PTS": 63, 
  "C_PTS": 28, 
  "AREA2": 960382.662, 
  "LENGTH2": 699101.55, 
  "B_PTS": 36, 
  "D_PTS": 1, 
  "AREA1": 912415.029, 
  "A_PTS": 22, 
  "E_PTS": 29
 }, 
 "NUMPOINTS": 69, 
 "points": [
  [
   -880712.167, 
   792184.621
  ], 
  [
   529203.281, 
   -859116.418
  ], 
  [
   -876620.763, 
   114519.443
  ], 
  [
   168155.019, 
   -65179.64
  ], 
  [
   432769.576, 
   -972270.717
  ], 
  [
   841986.452, 
   329718.157
  ], 
  [
   -480194.482, 
   205757.821
  ], 
  [
   -562920.059, 
   -909221.826
  ], 
  [
   227295.499, 
   -148568.682
  ], 
  [
   -9142.861, 
   -225930.918
  ], 
  [
   -558571.585, 
   840665.278
  ], 
  [
   895062.129, 
   -997893.062
  ], 
  [
   -588488.914, 
   280471.351
  ], 
  [
   529389.128, 
   498538.896
  ], 
  [
   -745897.727, 
   627768.731
  ], 
  [
   633007.509, 
   812776.672
  ], 
  [
   -610693.125, 
   -979451.94
  ], 
  [
   890784.945, 
   -771778.736
  ], 
  [
   -940321.511, 
   55644.723
  ], 
  [
   373599.742, 
   932960.624
  ], 
  [
   -466006.575, 
   597602.81
  ], 
  [
   -573719.331, 
   996447.328
  ], 
  [
   -105952.226, 
   595784.34
  ], 
  [
   196106.913, 
   559929.499
  ], 
  [
   621163.975, 
   870225.11
  ], 
  [
   677762.178, 
   -779668.783
  ], 
  [
   -540737.423, 
   -316906.164
  ], 
  [
   -754101.194, 
   684427.339
  ], 
  [
   -521408.831, 
   505866.43
  ], 
  [
   -671823.265, 
   -793864.642
  ], 
  [
   -279456.541, 
   696865.251
  ], 
  [
   816644.609, 
   -855915.723
  ], 
  [
   -904.67, 
   -321709.512
  ], 
  [
   -96508.719, 
   763918.3
  ], 
  [
   193304.276, 
   -481859.372
  ], 
  [
   -13723.075, 
   -121481.766
  ], 
  [
   353674.968, 
   -889293.532
  ], 
  [
   426153.532, 
   580168.109
  ], 
  [
   814976.513, 
   -692760.978
  ], 
  [
   528700.317, 
   906967.263
  ], 
  [
   -410264.054, 
   -72362.261
  ], 
  [
   357100.349, 
   663971.327
  ], 
  [
   621376.198, 
   222299.508
  ], 
  [
   196270.508, 
   392736.157
  ], 
  [
   583614.251, 
   13572.945
  ], 
  [
   -791761.224, 
   -799012.579
  ], 
  [
   -139110.307, 
   -211080.104
  ], 
  [
   836242.363, 
   132776.094
  ], 
  [
   -733636.473, 
   -91624.893
  ], 
  [
   -204279.755, 
   -27858.01
  ], 
  [
   815257.895, 
   -725147.032
  ], 
  [
   170853.5, 
   -899662.196
  ], 
  [
   865372.579, 
   -490600.686
  ], 
  [
   -969067.506, 
   731872.062
  ], 
  [
   -660677.885, 
   554759.859
  ], 
  [
   390378.656, 
   540318.983
  ], 
  [
   -530661.82, 
   853339.362
  ], 
  [
   821475.463, 
   477355.888
  ], 
  [
   -848550.79, 
   -687345.302
  ], 
  [
   -453859.714, 
   61421.378
  ], 
  [
   -430695.983, 
   765861.205
  ], 
  [
   803668.739, 
   -477563.371
  ], 
  [
   -141041.318, 
   12452.41
  ], 
  [
   -193128.224, 
   -754057.522
  ], 
  [
   -453884.297, 
   -416094.419
  ], 
  [
   744781.09, 
   394555.354
  ], 
  [
   -245931.522, 
   -316048.415
  ], 
  [
   909323.838, 
   13764.56
  ], 
  [
   687198.042, 
   -286487.775
  ]
 ], 
 "PUV": [
  true, 
  false, 
  true, 
  false, 
  true, 
  false, 
  true, 
  true, 
  true, 
  true, 
  true, 
  true, 
  true, 
  true, 
  true
 ], 
 "LCM": {
  "11": [
   "ANDD", 
   "NOTUSED", 
   "ANDD", 
   "ANDD", 
   "NOTUSED", 
   "ORR", 
   "ORR", 
   "ORR", 
   "ANDD", 
   "ANDD", 
   "ORR", 
   "ANDD", 
   "NOTUSED", 
   "ORR", 
   "ORR"
  ], 
  "10": [
   "NOTUSED", 
   "ORR", 
   "NOTUSED", 
   "ORR", 
   "NOTUSED", 
   "NOTUSED", 
   "NOTUSED", 
   "NOTUSED", 
   "ANDD", 
   "NOTUSED", 
   "ORR", 
   "ORR", 
   "ORR", 
   "ANDD", 
   "ANDD"
  ], 
  "13": [
   "ANDD", 
   "ANDD", 
   "ANDD", 
   "ANDD", 
   "NOTUSED", 
   "ORR", 
   "ORR", 
   "NOTUSED", 
   "NOTUSED", 
   "ANDD", 
   "ANDD", 
   "ORR", 
   "NOTUSED", 
   "ORR", 
   "ORR"
  ], 
  "12": [
   "ANDD", 
   "ANDD", 
   "NOTUSED", 
   "NOTUSED", 
   "ANDD", 
   "ANDD", 
   "ORR", 
   "ANDD", 
   "ANDD", 
   "ANDD", 
   "ORR", 
   "NOTUSED", 
   "NOTUSED", 
   "NOTUSED", 
   "ORR"
  ], 
  "14": [
   "NOTUSED", 
   "ANDD", 
   "ORR", 
   "NOTUSED", 
   "ANDD", 
   "ANDD", 
   "ANDD", 
   "ANDD", 
   "NOTUSED", 
   "ANDD", 
   "ANDD", 
   "ORR", 
   "ORR", 
   "ORR", 
   "ANDD"
  ], 
  "1": [
   "ORR", 
   "ANDD", 
   "NOTUSED", 
   "ORR", 
   "ORR", 
   "ANDD", 
   "ORR", 
   "ANDD", 
   "NOTUSED", 
   "ORR", 
   "ORR", 
   "NOTUSED", 
   "ANDD", 
   "ANDD", 
   "ANDD"
  ], 
  "0": [
   "ORR", 
   "ORR", 
   "ANDD", 
   "ORR", 
   "ANDD", 
   "ANDD", 
   "ORR", 
   "ORR", 
   "NOTUSED", 
   "ANDD", 
   "NOTUSED", 
   "ANDD", 
   "ANDD", 
   "ANDD", 
   "NOTUSED"
  ], 
  "3": [
   "ORR", 
   "ORR", 
   "ORR", 
   "ANDD", 
   "ORR", 
   "ORR", 
   "NOTUSED", 
   "NOTUSED", 
   "NOTUSED", 
   "ORR", 
   "ORR", 
   "ANDD", 
   "NOTUSED", 
   "ANDD", 
   "NOTUSED"
  ], 
  "2": [
   "ANDD", 
   "NOTUSED", 
   "ANDD", 
   "ORR", 
   "ORR", 
   "ORR", 
   "ORR", 
   "ORR", 
   "ANDD", 
   "NOTUSED", 
   "NOTUSED", 
   "ANDD", 
   "NOTUSED", 
   "ANDD", 
   "ORR"
  ], 
  "5": [
   "ANDD", 
   "ANDD", 
   "ORR", 
   "ORR", 
   "ANDD", 
   "ANDD", 
   "NOTUSED", 
   "NOTUSED", 
   "ORR", 
   "ANDD", 
   "NOTUSED", 
   "ORR", 
   "ANDD", 
   "ORR", 
   "ANDD"
  ], 
  "4": [
   "ANDD", 
   "ORR", 
   "ORR", 
   "ORR", 
   "NOTUSED", 
   "ANDD", 
   "ORR", 
   "ORR", 
   "ORR", 
   "ANDD", 
   "NOTUSED", 
   "NOTUSED", 
   "ANDD", 
   "NOTUSED", 
   "ANDD"
  ], 
  "7": [
   "ORR", 
   "ANDD", 
   "ORR", 
   "NOTUSED", 
   "ORR", 
   "NOTUSED", 
   "NOTUSED", 
   "NOTUSED", 
   "ANDD", 
   "ANDD", 
   "NOTUSED", 
   "ORR", 
   "ANDD", 
   "NOTUSED", 
   "ANDD"
  ], 
  "6": [
   "ORR", 
   "ORR", 
   "ORR", 
   "NOTUSED", 
   "ORR", 
   "NOTUSED", 
   "ORR", 
   "NOTUSED", 
   "ORR", 
   "ORR", 
   "NOTUSED", 
   "ORR", 
   "ORR", 
   "ORR", 
   "ANDD"
  ], 
  "9": [
   "ANDD", 
   "ORR", 
   "NOTUSED", 
   "ORR", 
   "ANDD", 
   "ANDD", 
   "ORR", 
   "ANDD", 
   "ORR", 
   "ORR", 
   "NOTUSED", 
   "ANDD", 
   "ANDD", 
   "ANDD", 
   "ANDD"
  ], 
  "8": [
   "NOTUSED", 
   "NOTUSED", 
   "ANDD", 
   "NOTUSED", 
   "ORR", 
   "ORR", 
   "ORR", 
   "ANDD", 
   "ANDD", 
   "ORR", 
   "ANDD", 
   "ANDD", 
   "ANDD", 
   "NOTUSED", 
   "NOTUSED"
  ]
 }
}