{
 "random_seed": 3034761402, 
 "PARAMETERS": {
  "RADIUS1": 466089.163, 
  "QUADS": 3, 
  "RADIUS2": 84538.11, 
  "DIST": 717541.036, 
  "F_PTS": 13, 
  "K_PTS": 17, 
  "EPSILON": 1.855, 
  "LENGTH1": 871231.237, 
  "G_PTS": 14, 
  "Q_PTS": 21, 
  "N_PTS": 8, 
  "C_PTS": 2, 
  "AREA2": 336141.133, 
  "LENGTH2": 683600.518, 
  "B_PTS": 18, 
  "D_PTS": 17, 
  "AREA1": 170136.904, 
  "A_PTS": 2, 
  "E_PTS": 8
 }, 
 "NUMPOINTS": 24, 
 "points": [
  [
   817409.65, 
   7680.491
  ], 
  [
   754808.991, 
   -517389.082
  ], 
  [
   -816981.392, 
   835708.637
  ], 
  [
   331112.701, 
   603906.676
  ], 
  [
   -550205.317, 
   -199271.571
  ], 
  [
   -728775.996, 
   -493205.122
  ], 
  [
   128892.889, 
   901561.193
  ], 
  [
   218742.743, 
   410022.179
  ], 
  [
   551874.67, 
   -453694.698
  ], 
  [
   589267.546, 
   331386.768
  ], 
  [
   463514.752, 
   -260396.556
  ], 
  [
   59518.171, 
   499037.079
  ], 
  [
   514531.603, 
   -108069.962
  ], 
  [
   708051.424, 
   940582.588
  ], 
  [
   289579.374, 
   -370087.135
  ], 
  [
   -679319.276, 
   38765.765
  ], 
  [
   969737.688, 
   373488.474
  ], 
  [
   -589296.471, 
   591521.899
  ], 
  [
   190261.39, 
   590672.926
  ], 
  [
   23332.679, 
   101251.33
  ], 
  [
   -846548.893, 
   532464.681
  ], 
  [
   -137033.607, 
   -961246.602
  ], 
  [
   -957593.498, 
   794502.646
  ], 
  [
   574769.51, 
   -518487.039
  ]
 ], 
 "PUV": [
  false, 
  false, 
  true, 
  true, 
  false, 
  true, 
  false, 
  false, 
  true, 
  true, 
  true, 
  false, 
  true, 
  true, 
  true
 ], 
 "LCM": {
  "11": [
   "ORR", 
   "ORR", 
   "ORR", 
   "NOTUSED", 
   "ANDD", 
   "ORR", 
   "ANDD", 
   "NOTUSED", 
   "ORR", 
   "ANDD", 
   "NOTUSED", 
   "ORR", 
   "ORR", 
   "ANDD", 
   "ORR"
  ], 
  "10": [
   "ORR", 
   "ANDD", 
   "ORR", 
   "NOTUSED", 
   "NOTUSED", 
   "NOTUSED", 
   "ANDD", 
   "ORR", 
   "NOTUSED", 
   "ORR", 
   "ANDD", 
   "NOTUSED", 
   "ANDD", 
   "NOTUSED", 
   "ANDD"
  ], 
  "13": [
   "NOTUSED", 
   "NOTUSED", 
   "ORR", 
   "NOTUSED", 
   "ANDD", 
   "ORR", 
   "NOTUSED", 
   "ANDD", 
   "ANDD", 
   "ORR", 
   "NOTUSED", 
   "ANDD", 
   "NOTUSED", 
   "ANDD", 
   "ANDD"
  ], 
  "12": [
   "NOTUSED", 
   "ANDD", 
   "ORR", 
   "NOTUSED", 
   "ORR", 
   "ORR", 
   "NOTUSED", 
   "ORR", 
   "NOTUSED", 
   "ANDD", 
   "ANDD", 
   "ORR", 
   "ANDD", 
   "NOTUSED", 
   "NOTUSED"
  ], 
  "14": [
   "ORR", 
   "NOTUSED", 
   "ORR", 
   "ANDD", 
   "ORR", 
   "ANDD", 
   "ANDD", 
   "ORR", 
   "ORR", 
   "ANDD", 
   "ANDD", 
   "ORR", 
   "NOTUSED", 
   "ANDD", 
   "ANDD"
  ], 
  "1": [
   "ORR", 
   "NOTUSED", 
   "ORR", 
   "ORR", 
   "NOTUSED", 
   "ORR", 
   "ORR", 
   "ORR", 
   "NOTUSED", 
   "ORR", 
   "ANDD", 
   "ORR", 
   "ANDD", 
   "NOTUSED", 
   "NOTUSED"
  ], 
  "0": [
   "ANDD", 
   "ORR", 
   "ANDD", 
   "NOTUSED", 
   "ORR", 
   "NOTUSED", 
   "ORR", 
   "NOTUSED", 
   "NOTUSED", 
   "ORR", 
   "ORR", 
   "ORR", 
   "NOTUSED", 
   "NOTUSED", 
   "ORR"
  ], 
  "3": [
   "NOTUSED", 
   "ORR", 
   "ANDD", 
   "NOTUSED", 
   "NOTUSED", 
   "ANDD", 
   "NOTUSED", 
   "ORR", 
   "ORR", 
   "ANDD", 
   "NOTUSED", 
   "NOTUSED", 
   "NOTUSED", 
   "NOTUSED", 
   "ANDD"
  ], 
  "2": [
   "ANDD", 
   "ORR", 
   "ANDD", 
   "ANDD", 
   "ANDD", 
   "NOTUSED", 
   "ANDD", 
   "NOTUSED", 
   "ANDD", 
   "NOTUSED", 
   "ORR", 
   "ORR", 
   "ORR", 
   "ORR", 
   "ORR"
  ], 
  "5": [
   "NOTUSED", 
   "ORR", 
   "NOTUSED", 
   "ANDD", 
   "ANDD", 
   "ANDD", 
   "NOTUSED", 
   "NOTUSED", 
   "NOTUSED", 
   "ORR", 
   "NOTUSED", 
   "ORR", 
   "ORR", 
   "ORR", 
   "ANDD"
  ], 
  "4": [
   "ORR", 
   "NOTUSED", 
   "ANDD", 
   "NOTUSED", 
   "ORR", 
   "ANDD", 
   "NOTUSED", 
   "NOTUSED", 
   "ANDD", 
   "ORR", 
   "NOTUSED", 
   "ANDD", 
   "ORR", 
   "ANDD", 
   "ORR"
  ], 
  "7": [
   "NOTUSED", 
   "ORR", 
   "NOTUSED", 
   "ORR", 
   "NOTUSED", 
   "NOTUSED", 
   "NOTUSED", 
   "NOTUSED", 
   "ANDD", 
   "ORR", 
   "ORR", 
   "NOTUSED", 
   "ORR", 
   "ANDD", 
   "ORR"
  ], 
  "6": [
   "ORR", 
   "ORR", 
   "ANDD", 
   "NOTUSED", 
   "NOTUSED", 
   "NOTUSED", 
   "ANDD", 
   "NOTUSED", 
   "ANDD", 
   "NOTUSED", 
   "ANDD", 
   "ANDD", 
   "NOTUSED", 
   "NOTUSED", 
   "ANDD"
  ], 
  "9": [
   "ORR", 
   "ORR", 
   "NOTUSED", 
   "ANDD", 
   "ORR", 
   "ORR", 
   "NOTUSED", 
   "ORR", 
   "NOTUSED", 
   "ANDD", 
   "ORR", 
   "ANDD", 
   "ANDD", 
   "ORR", 
   "ANDD"
  ], 
  "8": [
   "NOTUSED", 
   "NOTUSED", 
   "ANDD", 
   "ORR", 
   "ANDD", 
   "NOTUSED", 
   "ANDD", 
   "ANDD", 
   "ORR", 
   "NOTUSED", 
   "NOTUSED", 
   "ORR", 
   "NOTUSED", 
   "ANDD", 
   "ORR"
  ]
 }
}