{
 "random_seed": 4206429316, 
 "PARAMETERS": {
  "RADIUS1": 825945.156, 
  "QUADS": 3, 
  "RADIUS2": 213852.768, 
  "DIST": 789413.494, 
  "F_PTS": 42, 
  "K_PTS": 29, 
  "EPSILON": 1.475, 
  "LENGTH1": 503354.09, 
  "G_PTS": 70, 
  "Q_PTS": 12, 
  "N_PTS": 23, 
  "C_PTS": 42, 
  "AREA2": 229932.637, 
  "LENGTH2": 834479.865, 
  "B_PTS": 53, 
  "D_PTS": 26, 
  "AREA1": 102667.57, 
  "A_PTS": 20, 
  "E_PTS": 4
 }, 
 "NUMPOINTS": 79, 
 "points": [
  [
   -349196.433, 
   256753.939
  ], 
  [
   373902.456, 
   772127.845
  ], 
  [
   546473.795, 
   317806.218
  ], 
  [
   -455902.879, 
   609832.742
  ], 
  [
   389954.766, 
   430801.906
  ], 
  [
   -307336.243, 
   -396460.542
  ], 
  [
   501331.086, 
   -221061.729
  ], 
  [
   -89739.864, 
   737551.987
  ], 
  [
   768966.03, 
   385278.156
  ], 
  [
   957023.831, 
   -346477.014
  ], 
  [
   -554662.364, 
   -409133.902
  ], 
  [
   845013.789, 
   365225.151
  ], 
  [
   -785081.892, 
   820768.401
  ], 
  [
   -971741.27, 
   518890.886
  ], 
  [
   69456.723, 
   709252.053
  ], 
  [
   -89505.57, 
   446316.443
  ], 
  [
   5703.875, 
   425879.423
  ], 
  [
   191891.383, 
   -813156.835
  ], 
  [
   252161.263, 
   -939920.358
  ], 
  [
   643460.879, 
   -155778.76
  ], 
  [
   -888972.41, 
   -173389.868
  ], 
  [
   -19119.126, 
   893312.642
  ], 
  [
   207800.734, 
   -665976.407
  ], 
  [
   379019.992, 
   -674442.159
  ], 
  [
   801530.561, 
   -508788.142
  ], 
  [
   875977.043, 
   -993665.645
  ], 
  [
   676175.874, 
   -989280.568
  ], 
  [
   509487.226, 
   33834.974
  ], 
  [
   -768929.889, 
   316249.624
  ], 
  [
   540326.23, 
   192126.76
  ], 
  [
   -240705.737, 
   -726257.761
  ], 
  [
   947164.254, 
   396990.715
  ], 
  [
   -594608.616, 
   -516467.276
  ], 
  [
   -239018.47, 
   -310592.13
  ], 
  [
   -786920.821, 
   -708162.213
  ], 
  [
   913101.825, 
   -273343.189
  ], 
  [
   -435946.489, 
   612830.166
  ], 
  [
   -875530.245, 
   -937810.194
  ], 
  [
   -261858.323, 
   480495.476
  ], 
  [
   897015.412, 
   -448006.277
  ], 
  [
   -475354.286, 
   -270447.469
  ], 
  [
   753912.458, 
   -766784.84
  ], 
  [
   949636.127, 
   643749.319
  ], 
  [
   660976.032, 
   -644138.702
  ], 
  [
   -692370.597, 
   925600.235
  ], 
  [
   581060.297, 
   -661085.565
  ], 
  [
   28779.877, 
   -177556.854
  ], 
  [
   204006.096, 
   737756.603
  ], 
  [
   424156.678, 
   -770766.651
  ], 
  [
   -921495.002, 
   -694393.569
  ], 
  [
   546638.997, 
   -989560.119
  ], 
  [
   395149.725, 
   147847.915
  ], 
  [
   664193.8, 
   -943969.663
  ], 
  [
   136604.335, 
   -260275.783
  ], 
  [
   -811445.237, 
   -621649.789
  ], 
  [
   -767960.106, 
   -297059.426
  ], 
  [
   -680456.174, 
   59099.706
  ], 
  [
   -410690.637, 
   -649966.865
  ], 
  [
   -787340.539, 
   122689.795
  ], 
  [
   356226.172, 
   -273796.276
  ], 
  [
   923951.595, 
   137355.654
  ], 
  [
   -811125.712, 
   -823338.186
  ], 
  [
   -21024.356, 
   -201205.64
  ], 
  [
   150974.088, 
   -133285.305
  ], 
  [
   301028.236, 
   -644270.598
  ], 
  [
   -480133.445, 
   809565.192
  ], 
  [
   536396.4, 
   564866.933
  ], 
  [
   -110865.594, 
   563411.018
  ], 
  [
   189702.988, 
   -500776.22
  ], 
  [
   209138.1, 
   104766.753
  ], 
  [
   951393.216, 
   -482793.389
  ], 
  [
   -129224.573, 
   -966204.605
  ], 
  [
   -302335.259, 
   -361358.098
  ], 
  [
   -964116.349, 
   -679425.753
  ], 
  [
   -9817.448, 
   844003.065
  ], 
  [
   96498.67, 
   464948.351
  ], 
  [
   548267.017, 
   961227.814
  ], 
  [
   -416560.306, 
   190086.139
  ], 
  [
   -338201.857, 
   -998200.228
  ]
 ], 
 "PUV": [
  false, 
  true, 
  false, 
  true, 
  false, 
  true, 
  false, 
  true, 
  true, 
  true, 
  false, 
  false, 
  false, 
  false, 
  false
 ], 
 "LCM": {
  "11": [
   "ORR", 
   "ANDD", 
   "ORR", 
   "NOTUSED", 
   "ANDD", 
   "NOTUSED", 
   "ANDD", 
   "ANDD", 
   "NOTUSED", 
   "NOTUSED", 
   "NOTUSED", 
   "NOTUSED", 
   "ANDD", 
   "ANDD", 
   "ANDD"
  ], 
  "10": [
   "ORR", 
   "ORR", 
   "ORR", 
   "ORR", 
   "NOTUSED", 
   "ANDD", 
   "NOTUSED", 
   "ORR", 
   "ANDD", 
   "NOTUSED", 
   "ORR", 
   "NOTUSED", 
   "ORR", 
   "ANDD", 
   "NOTUSED"
  ], 
  "13": [
   "ANDD", 
   "ORR", 
   "ORR", 
   "ORR", 
   "ANDD", 
   "ORR", 
   "ORR", 
   "ANDD", 
   "ANDD", 
   "ORR", 
   "ANDD", 
   "ANDD", 
   "ANDD", 
   "ANDD", 
   "ORR"
  ], 
  "12": [
   "ANDD", 
   "NOTUSED", 
   "ANDD", 
   "NOTUSED", 
   "NOTUSED", 
   "NOTUSED", 
   "ORR", 
   "ANDD", 
   "NOTUSED", 
   "ORR", 
   "ORR", 
   "ANDD", 
   "ANDD", 
   "ANDD", 
   "ANDD"
  ], 
  "14": [
   "NOTUSED", 
   "ANDD", 
   "ANDD", 
   "ORR", 
   "ANDD", 
   "ORR", 
   "NOTUSED", 
   "NOTUSED", 
   "NOTUSED", 
   "ANDD", 
   "NOTUSED", 
   "ANDD", 
   "ANDD", 
   "ORR", 
   "NOTUSED"
  ], 
  "1": [
   "ANDD", 
   "ANDD", 
   "NOTUSED", 
   "ANDD", 
   "ORR", 
   "ORR", 
   "ANDD", 
   "ANDD", 
   "ANDD", 
   "NOTUSED", 
   "ORR", 
   "ANDD", 
   "NOTUSED", 
   "ORR", 
   "ANDD"
  ], 
  "0": [
   "NOTUSED", 
   "ANDD", 
   "ORR", 
   "ANDD", 
   "NOTUSED", 
   "ANDD", 
   "NOTUSED", 
   "NOTUSED", 
   "ORR", 
   "NOTUSED", 
   "ORR", 
   "ORR", 
   "ANDD", 
   "ANDD", 
   "NOTUSED"
  ], 
  "3": [
   "ANDD", 
   "ANDD", 
   "ORR", 
   "ORR", 
   "ANDD", 
   "ORR", 
   "ORR", 
   "ORR", 
   "ANDD", 
   "ANDD", 
   "ORR", 
   "NOTUSED", 
   "NOTUSED", 
   "ORR", 
   "ORR"
  ], 
  "2": [
   "ORR", 
   "NOTUSED", 
   "ANDD", 
   "ORR", 
   "ANDD", 
   "NOTUSED", 
   "NOTUSED", 
   "ANDD", 
   "ORR", 
   "ORR", 
   "ORR", 
   "ORR", 
   "ANDD", 
   "ORR", 
   "ANDD"
  ], 
  "5": [
   "ANDD", 
   "ORR", 
   "NOTUSED", 
   "ORR", 
   "ANDD", 
   "ORR", 
   "ANDD", 
   "ORR", 
   "NOTUSED", 
   "ANDD", 
   "ANDD", 
   "NOTUSED", 
   "NOTUSED", 
   "ORR", 
   "ORR"
  ], 
  "4": [
   "NOTUSED", 
   "ORR", 
   "ANDD", 
   "ANDD", 
   "ORR", 
   "ANDD", 
   "ORR", 
   "ORR", 
   "NOTUSED", 
   "ANDD", 
   "NOTUSED", 
   "ANDD", 
   "NOTUSED", 
   "ANDD", 
   "ANDD"
  ], 
  "7": [
   "NOTUSED", 
   "ANDD", 
   "ANDD", 
   "ORR", 
   "ORR", 
   "ORR", 
   "ORR", 
   "NOTUSED", 
   "ORR", 
   "ANDD", 
   "ORR", 
   "ANDD", 
   "ANDD", 
   "ANDD", 
   "NOTUSED"
  ], 
  "6": [
   "NOTUSED", 
   "ANDD", 
   "NOTUSED", 
   "ORR", 
   "ORR", 
   "ANDD", 
   "ANDD", 
   "ORR", 
   "NOTUSED", 
   "NOTUSED", 
   "NOTUSED", 
   "ANDD", 
   "ORR", 
   "ORR", 
   "NOTUSED"
  ], 
  "9": [
   "NOTUSED", 
   "NOTUSED", 
   "ORR", 
   "ANDD", 
   "ANDD", 
   "ANDD", 
   "NOTUSED", 
   "ANDD", 
   "NOTUSED", 
   "ANDD", 
   "NOTUSED", 
   "NOTUSED", 
   "ORR", 
   "ORR", 
   "ANDD"
  ], 
  "8": [
   "ORR", 
   "ANDD", 
   "ORR", 
   "ANDD", 
   "NOTUSED", 
   "NOTUSED", 
   "NOTUSED", 
   "ORR", 
   "NOTUSED", 
   "NOTUSED", 
   "ANDD", 
   "NOTUSED", 
   "NOTUSED", 
   "ANDD", 
   "NOTUSED"
  ]
 }
}