{
 "random_seed": 685194822, 
 "PARAMETERS": {
  "RADIUS1": 393593.947, 
  "QUADS": 3, 
  "RADIUS2": 205606.364, 
  "DIST": 168122.025, 
  "F_PTS": 4, 
  "K_PTS": 63, 
  "EPSILON": 2.525, 
  "LENGTH1": 656801.366, 
  "G_PTS": 43, 
  "Q_PTS": 5, 
  "N_PTS": 49, 
  "C_PTS": 53, 
  "AREA2": 962717.923, 
  "LENGTH2": 603941.479, 
  "B_PTS": 13, 
  "D_PTS": 3, 
  "AREA1": 788706.198, 
  "A_PTS": 29, 
  "E_PTS": 43
 }, 
 "NUMPOINTS": 66, 
 "points": [
  [
   349404.523, 
   275572.963
  ], 
  [
   77112.649, 
   893649.366
  ], 
  [
   635652.583, 
   608300.984
  ], 
  [
   -826001.586, 
   542704.765
  ], 
  [
   104188.888, 
   398444.735
  ], 
  [
   -514826.254, 
   -550709.556
  ], 
  [
   -190141.745, 
   809064.335
  ], 
  [
   -147957.983, 
   -505086.014
  ], 
  [
   893637.643, 
   418498.219
  ], 
  [
   227308.893, 
   -583226.285
  ], 
  [
   -81423.386, 
   857627.961
  ], 
  [
   837957.212, 
   -604081.975
  ], 
  [
   -160673.481, 
   25897.218
  ], 
  [
   831640.609, 
   -673277.788
  ], 
  [
   -352437.691, 
   -837024.341
  ], 
  [
   243291.444, 
   64040.744
  ], 
  [
   -803727.348, 
   -120246.942
  ], 
  [
   985185.487, 
   112524.579
  ], 
  [
   -167077.598, 
   -369971.145
  ], 
  [
   -113521.431, 
   -802150.049
  ], 
  [
   207818.391, 
   -567969.375
  ], 
  [
   -468988.781, 
   328986.993
  ], 
  [
   266422.412, 
   -8850.65
  ], 
  [
   -997635.399, 
   408030.816
  ], 
  [
   -523524.487, 
   360923.936
  ], 
  [
   -395550.022, 
   -921068.172
  ], 
  [
   995927.702, 
   261755.863
  ], 
  [
   832333.048, 
   189026.393
  ], 
  [
   554637.88, 
   -950680.812
  ], 
  [
   -415890.256, 
   640057.247
  ], 
  [
   64018.597, 
   -344220.426
  ], 
  [
   489716.239, 
   -109935.558
  ], 
  [
   -994654.837, 
   -715925.038
  ], 
  [
   776766.331, 
   -365958.442
  ], 
  [
   765852.429, 
   -646672.368
  ], 
  [
   -338206.801, 
   -769943.5
  ], 
  [
   -172327.45, 
   -322398.314
  ], 
  [
   -985792.155, 
   -900933.382
  ], 
  [
   230140.812, 
   -277269.374
  ], 
  [
   -809124.458, 
   -398635.563
  ], 
  [
   495095.21, 
   -777336.292
  ], 
  [
   827788.318, 
   -310988.831
  ], 
  [
   -286760.43, 
   613944.964
  ], 
  [
   -279219.085, 
   -412974.288
  ], 
  [
   -410539.67, 
   -703174.364
  ], 
  [
   -478029.074, 
   -514307.734
  ], 
  [
   -320788.78, 
   -192345.987
  ], 
  [
   -466090.161, 
   511320.576
  ], 
  [
   -489045.855, 
   -633795.849
  ], 
  [
   -105745.66, 
   -659934.205
  ], 
  [
   -627238.812, 
   995372.465
  ], 
  [
   183475.191, 
   944535.292
  ], 
  [
   897638.975, 
   848062.417
  ], 
  [
   645734.517, 
   60974.77
  ], 
  [
   194668.353, 
   -247774.763
  ], 
  [
   -910849.437, 
   638655.432
  ], 
  [
   3016.09, 
   -639902.968
  ], 
  [
   894194.425, 
   -472636.648
  ], 
  [
   -351351.762, 
   -269418.891
  ], 
  [
   -520557.702, 
   -804241.304
  ], 
  [
   304356.304, 
   -744946.48
  ], 
  [
   850980.627, 
   -788075.679
  ], 
  [
   297973.081, 
   -450950.777
  ], 
  [
   -322061.85, 
   584032.047
  ], 
  [
   -90432.858, 
   331619.134
  ], 
  [
   -94414.479, 
   -548881.964
  ]
 ], 
 "PUV": [
  false, 
  false, 
  true, 
  true, 
  false, 
  false, 
  true, 
  false, 
  false, 
  true, 
  false, 
  true, 
  false, 
  true, 
  false
 ], 
 "LCM": {
  "11": [
   "ORR", 
   "ANDD", 
   "NOTUSED", 
   "ORR", 
   "NOTUSED", 
   "NOTUSED", 
   "ANDD", 
   "ANDD", 
   "NOTUSED", 
   "ORR", 
   "ORR", 
   "ANDD", 
   "NOTUSED", 
   "ANDD", 
   "NOTUSED"
  ], 
  "10": [
   "NOTUSED", 
   "NOTUSED", 
   "ORR", 
   "ANDD", 
   "ANDD", 
   "NOTUSED", 
   "NOTUSED", 
   "ANDD", 
   "ORR", 
   "ANDD", 
   "NOTUSED", 
   "ORR", 
   "NOTUSED", 
   "ORR", 
   "ANDD"
  ], 
  "13": [
   "ANDD", 
   "NOTUSED", 
   "ANDD", 
   "NOTUSED", 
   "ORR", 
   "ORR", 
   "ANDD", 
   "ORR", 
   "ANDD", 
   "ORR", 
   "ORR", 
   "ANDD", 
   "ORR", 
   "NOTUSED", 
   "ANDD"
  ], 
  "12": [
   "ORR", 
   "NOTUSED", 
   "NOTUSED", 
   "NOTUSED", 
   "ORR", 
   "NOTUSED", 
   "NOTUSED", 
   "ANDD", 
   "NOTUSED", 
   "NOTUSED", 
   "NOTUSED", 
   "NOTUSED", 
   "ORR", 
   "ORR", 
   "NOTUSED"
  ], 
  "14": [
   "NOTUSED", 
   "ORR", 
   "ANDD", 
   "ORR", 
   "ORR", 
   "NOTUSED", 
   "ANDD", 
   "ANDD", 
   "ORR", 
   "NOTUSED", 
   "ANDD", 
   "NOTUSED", 
   "NOTUSED", 
   "ANDD", 
   "NOTUSED"
  ], 
  "1": [
   "ORR", 
   "NOTUSED", 
   "NOTUSED", 
   "ANDD", 
   "ORR", 
   "NOTUSED", 
   "ANDD", 
   "NOTUSED", 
   "NOTUSED", 
   "ORR", 
   "NOTUSED", 
   "ANDD", 
   "NOTUSED", 
   "NOTUSED", 
   "ORR"
  ], 
  "0": [
   "ANDD", 
   "ORR", 
   "NOTUSED", 
   "ORR", 
   "ORR", 
   "ORR", 
   "ORR", 
   "ORR", 
   "ANDD", 
   "ANDD", 
   "NOTUSED", 
   "ORR", 
   "ORR", 
   "ANDD", 
   "NOTUSED"
  ], 
  "3": [
   "ORR", 
   "ANDD", 
   "NOTUSED", 
   "ANDD", 
   "ANDD", 
   "ANDD", 
   "ORR", 
   "NOTUSED", 
   "NOTUSED", 
   "ORR", 
   "ANDD", 
   "ORR", 
   "NOTUSED", 
   "NOTUSED", 
   "ORR"
  ], 
  "2": [
   "NOTUSED", 
   "NOTUSED", 
   "ORR", 
   "NOTUSED", 
   "ANDD", 
   "ANDD", 
   "NOTUSED", 
   "ORR", 
   "ORR", 
   "NOTUSED", 
   "ORR", 
   "NOTUSED", 
   "NOTUSED", 
   "ANDD", 
   "ANDD"
  ], 
  "5": [
   "ORR", 
   "NOTUSED", 
   "ANDD", 
   "ANDD", 
   "NOTUSED", 
   "NOTUSED", 
   "ORR", 
   "ORR", 
   "ORR", 
   "ORR", 
   "NOTUSED", 
   "NOTUSED", 
   "NOTUSED", 
   "ORR", 
   "NOTUSED"
  ], 
  "4": [
   "ORR", 
   "ORR", 
   "ANDD", 
   "ANDD", 
   "ANDD", 
   "NOTUSED", 
   "NOTUSED", 
   "ORR", 
   "ANDD", 
   "ANDD", 
   "ANDD", 
   "NOTUSED", 
   "ORR", 
   "ORR", 
   "ORR"
  ], 
  "7": [
   "ORR", 
   "NOTUSED", 
   "ORR", 
   "NOTUSED", 
   "ORR", 
   "ORR", 
   "ANDD", 
   "ORR", 
   "ANDD", 
   "ANDD", 
   "ANDD", 
   "ANDD", 
   "ANDD", 
   "ORR", 
   "ANDD"
  ], 
  "6": [
   "ORR", 
   "ANDD", 
   "NOTUSED", 
   "ORR", 
   "NOTUSED", 
   "ORR", 
   "NOTUSED", 
   "ANDD", 
   "ORR", 
   "ANDD", 
   "NOTUSED", 
   "ANDD", 
   "NOTUSED", 
   "ANDD", 
   "ANDD"
  ], 
  "9": [
   "ANDD", 
   "ORR", 
   "NOTUSED", 
   "ORR", 
   "ANDD", 
   "ORR", 
   "ANDD", 
   "ANDD", 
   "ORR", 
   "ANDD", 
   "ANDD", 
   "ORR", 
   "NOTUSED", 
   "ORR", 
   "NOTUSED"
  ], 
  "8": [
   "ANDD", 
   "NOTUSED", 
   "ORR", 
   "NOTUSED", 
   "ANDD", 
   "ORR", 
   "ORR", 
   "ANDD", 
   "ANDD", 
   "ORR", 
   "ORR", 
   "NOTUSED", 
   "NOTUSED", 
   "ANDD", 
   "ORR"
  ]
 }
}